ISO-10303-21;
HEADER;
FILE_DESCRIPTION (( 'STEP AP214' ),
    '1' );
FILE_NAME ('6x6 mesh.STEP',
    '2026-02-19T12:18:46',
    ( '' ),
    ( '' ),
    'SwSTEP 2.0',
    'SolidWorks 2026',
    '' );
FILE_SCHEMA (( 'AUTOMOTIVE_DESIGN' ));
ENDSEC;

DATA;
#1 = DIRECTION ( 'NONE',  ( 0.000000000000000000, 0.000000000000000000, 1.000000000000000000 ) ) ;
#2 = LINE ( 'NONE', #702, #4005 ) ;
#3 = CARTESIAN_POINT ( 'NONE',  ( 1288.826600409047614, 664.7814939935515213, 871.5428517890160265 ) ) ;
#4 = CARTESIAN_POINT ( 'NONE',  ( 1336.826600409047614, 664.7814939935515213, 883.5428517890160265 ) ) ;
#5 = CONTEXT_DEPENDENT_SHAPE_REPRESENTATION ( #4211, #1671 ) ;
#6 = DIRECTION ( 'NONE',  ( 0.000000000000000000, 0.000000000000000000, 1.000000000000000000 ) ) ;
#7 = DIRECTION ( 'NONE',  ( 0.7071067811865431318, 0.7071067811865517916, -2.467798507769603133E-16 ) ) ;
#8 = CONTEXT_DEPENDENT_SHAPE_REPRESENTATION ( #1818, #782 ) ;
#9 = DIRECTION ( 'NONE',  ( 1.000000000000000000, 2.755258514914609750E-16, 1.442375401961795716E-31 ) ) ;
#10 = ORIENTED_EDGE ( 'NONE', *, *, #977, .T. ) ;
#11 = VERTEX_POINT ( 'NONE', #1300 ) ;
#12 = ORIENTED_EDGE ( 'NONE', *, *, #2288, .T. ) ;
#13 = CARTESIAN_POINT ( 'NONE',  ( 3.800000000000022915, -6.000000000000019540, 1.574011537017762308 ) ) ;
#14 = AXIS2_PLACEMENT_3D ( 'NONE', #3683, #2335, #4066 ) ;
#15 = PRODUCT_DEFINITION_SHAPE ( 'NONE', 'NONE',  #4434 ) ;
#16 = AXIS2_PLACEMENT_3D ( 'NONE', #3175, #1453, #1725 ) ;
#17 = CARTESIAN_POINT ( 'NONE',  ( 1300.826600409047614, 688.7814939935515213, 919.5428517890160265 ) ) ;
#18 = CARTESIAN_POINT ( 'NONE',  ( 1.574011537017761864, 3.800000000000000711, 5.999999999999999112 ) ) ;
#19 = CARTESIAN_POINT ( 'NONE',  ( -1.574011537017740991, -6.000000000000034639, -3.800000000000006928 ) ) ;
#20 = FACE_OUTER_BOUND ( 'NONE', #2054, .T. ) ;
#21 = CONTEXT_DEPENDENT_SHAPE_REPRESENTATION ( #3453, #2633 ) ;
#22 = ADVANCED_FACE ( 'NONE', ( #3083, #1714 ), #2742, .T. ) ;
#23 = DIRECTION ( 'NONE',  ( 1.000000000000000000, 0.000000000000000000, 0.000000000000000000 ) ) ;
#24 = VECTOR ( 'NONE', #3585, 1000.000000000000000 ) ;
#25 = CARTESIAN_POINT ( 'NONE',  ( -1.574011537017760975, 6.000000000000000000, -3.800000000000022471 ) ) ;
#26 = FACE_BOUND ( 'NONE', #1784, .T. ) ;
#27 =( REPRESENTATION_RELATIONSHIP ('NONE','NONE', #3899, #2875 ) REPRESENTATION_RELATIONSHIP_WITH_TRANSFORMATION ( #2463 )SHAPE_REPRESENTATION_RELATIONSHIP( ) );
#28 = CARTESIAN_POINT ( 'NONE',  ( 1336.826600409047614, 640.7814939935514076, 907.5428517890160265 ) ) ;
#29 = CARTESIAN_POINT ( 'NONE',  ( 5.570423279073609457, -3.344434816091356399, -5.570423279073613898 ) ) ;
#30 = CARTESIAN_POINT ( 'NONE',  ( 1312.826600409047614, 664.7814939935515213, 919.5428517890160265 ) ) ;
#31 = LINE ( 'NONE', #1070, #24 ) ;
#32 = CARTESIAN_POINT ( 'NONE',  ( -6.000000000000065725, -3.800000000000002487, 1.574011537017763418 ) ) ;
#33 = DIRECTION ( 'NONE',  ( 0.000000000000000000, -0.7071067811865475727, 0.7071067811865475727 ) ) ;
#34 = PLANE ( 'NONE',  #3293 ) ;
#35 = ORIENTED_EDGE ( 'NONE', *, *, #2062, .T. ) ;
#36 = COLOUR_RGB ( '',0.8941176470588234615, 0.8941176470588234615, 0.8941176470588234615 ) ;
#37 = PRODUCT_DEFINITION_SHAPE ( 'NONE', 'NONE',  #4452 ) ;
#38 = EDGE_LOOP ( 'NONE', ( #3761, #3155, #3931 ) ) ;
#39 = VERTEX_POINT ( 'NONE', #4112 ) ;
#40 = AXIS2_PLACEMENT_3D ( 'NONE', #4011, #2299, #2009 ) ;
#41 = CARTESIAN_POINT ( 'NONE',  ( -3.799999999999981615, -6.000000000000043521, -1.574011537017766749 ) ) ;
#42 = EDGE_CURVE ( 'NONE', #451, #3185, #2023, .T. ) ;
#43 = DIRECTION ( 'NONE',  ( 1.000000000000000000, 0.000000000000000000, 0.000000000000000000 ) ) ;
#44 = CARTESIAN_POINT ( 'NONE',  ( 3.800000000000024691, -6.000000000000017764, -1.574011537017764306 ) ) ;
#45 = CARTESIAN_POINT ( 'NONE',  ( -1.574011537017759421, -3.800000000000001155, -6.000000000000007994 ) ) ;
#46 = CARTESIAN_POINT ( 'NONE',  ( -3.799999999999995381, -1.574011537017767415, -3.800000000000002043 ) ) ;
#47 = AXIS2_PLACEMENT_3D ( 'NONE', #1738, #1843, #3838 ) ;
#48 = VECTOR ( 'NONE', #2838, 1000.000000000000114 ) ;
#49 = DIRECTION ( 'NONE',  ( 1.000000000000000000, 0.000000000000000000, 0.000000000000000000 ) ) ;
#50 = CARTESIAN_POINT ( 'NONE',  ( 1.574011537017761198, 3.800000000000002043, -3.799999999999990052 ) ) ;
#51 = EDGE_CURVE ( 'NONE', #1051, #2520, #1626, .T. ) ;
#52 = DIRECTION ( 'NONE',  ( 0.000000000000000000, 0.000000000000000000, 1.000000000000000000 ) ) ;
#53 = PRODUCT_DEFINITION_SHAPE ( 'NONE', 'NONE',  #4314 ) ;
#54 = CONTEXT_DEPENDENT_SHAPE_REPRESENTATION ( #3518, #235 ) ;
#55 = DIRECTION ( 'NONE',  ( 1.000000000000000000, 0.000000000000000000, 0.000000000000000000 ) ) ;
#56 = CARTESIAN_POINT ( 'NONE',  ( -6.000000000000017764, 6.000000000000003553, 2.485281374238538454 ) ) ;
#57 = DIRECTION ( 'NONE',  ( 0.5773502691896262862, -0.5773502691896231775, 0.5773502691896279515 ) ) ;
#58 = PRODUCT_DEFINITION_SHAPE ( 'NONE', 'NONE',  #4484 ) ;
#59 = FACE_OUTER_BOUND ( 'NONE', #668, .T. ) ;
#60 =( REPRESENTATION_RELATIONSHIP ('NONE','NONE', #3899, #2875 ) REPRESENTATION_RELATIONSHIP_WITH_TRANSFORMATION ( #2549 )SHAPE_REPRESENTATION_RELATIONSHIP( ) );
#61 = ORIENTED_EDGE ( 'NONE', *, *, #712, .T. ) ;
#62 = ORIENTED_EDGE ( 'NONE', *, *, #1499, .F. ) ;
#63 = FACE_OUTER_BOUND ( 'NONE', #2126, .T. ) ;
#64 = AXIS2_PLACEMENT_3D ( 'NONE', #3868, #2112, #776 ) ;
#65 = FACE_OUTER_BOUND ( 'NONE', #2811, .T. ) ;
#66 = CARTESIAN_POINT ( 'NONE',  ( 6.000000000000000000, 6.000000000000000000, -2.485281374238569541 ) ) ;
#67 = CARTESIAN_POINT ( 'NONE',  ( 2.485281374238515806, 6.000000000000025757, 5.999999999999999112 ) ) ;
#68 = EDGE_CURVE ( 'NONE', #878, #2060, #943, .T. ) ;
#69 = CARTESIAN_POINT ( 'NONE',  ( 1276.826600409047614, 700.7814939935515213, 895.5428517890160265 ) ) ;
#70 = CARTESIAN_POINT ( 'NONE',  ( -3.799999999999990052, -3.799999999999978062, -1.574011537017739437 ) ) ;
#71 =( REPRESENTATION_RELATIONSHIP ('NONE','NONE', #3899, #2875 ) REPRESENTATION_RELATIONSHIP_WITH_TRANSFORMATION ( #1875 )SHAPE_REPRESENTATION_RELATIONSHIP( ) );
#72 = DIRECTION ( 'NONE',  ( 0.000000000000000000, 0.000000000000000000, 1.000000000000000000 ) ) ;
#73 = FACE_OUTER_BOUND ( 'NONE', #3712, .T. ) ;
#74 = LINE ( 'NONE', #32, #328 ) ;
#75 = ORIENTED_EDGE ( 'NONE', *, *, #2442, .F. ) ;
#76 = ITEM_DEFINED_TRANSFORMATION ( 'NONE', 'NONE', #1801,  #3602 ) ;
#77 = VECTOR ( 'NONE', #654, 1000.000000000000000 ) ;
#78 = CONTEXT_DEPENDENT_SHAPE_REPRESENTATION ( #2738, #4012 ) ;
#79 = ORIENTED_EDGE ( 'NONE', *, *, #4154, .F. ) ;
#80 = EDGE_LOOP ( 'NONE', ( #342, #103, #1584, #1097 ) ) ;
#81 = DIRECTION ( 'NONE',  ( 0.5773502691896262862, 0.5773502691896231775, 0.5773502691896279515 ) ) ;
#82 = ORIENTED_EDGE ( 'NONE', *, *, #385, .T. ) ;
#83 = EDGE_LOOP ( 'NONE', ( #2373, #1831, #1837, #436 ) ) ;
#84 = EDGE_CURVE ( 'NONE', #631, #3100, #3886, .T. ) ;
#85 = DIRECTION ( 'NONE',  ( 1.000000000000000000, -0.000000000000000000, -0.000000000000000000 ) ) ;
#86 = DIRECTION ( 'NONE',  ( 0.7071067811865473507, 0.7071067811865476838, 3.701697761654380541E-16 ) ) ;
#87 = CARTESIAN_POINT ( 'NONE',  ( -3.799999999999999378, 1.574011537017760975, -3.800000000000002931 ) ) ;
#88 =( REPRESENTATION_RELATIONSHIP ('NONE','NONE', #3899, #2875 ) REPRESENTATION_RELATIONSHIP_WITH_TRANSFORMATION ( #3048 )SHAPE_REPRESENTATION_RELATIONSHIP( ) );
#89 = AXIS2_PLACEMENT_3D ( 'NONE', #1135, #3639, #3576 ) ;
#90 = LINE ( 'NONE', #2793, #4271 ) ;
#91 = ITEM_DEFINED_TRANSFORMATION ( 'NONE', 'NONE', #553,  #3602 ) ;
#92 = PRODUCT_DEFINITION_SHAPE ( 'NONE', 'NONE',  #4491 ) ;
#93 = CARTESIAN_POINT ( 'NONE',  ( 1288.826600409047614, 652.7814939935514076, 919.5428517890160265 ) ) ;
#94 = CARTESIAN_POINT ( 'NONE',  ( -3.799999999999982947, -6.000000000000045297, 1.574011537017758977 ) ) ;
#95 =( NAMED_UNIT ( * ) PLANE_ANGLE_UNIT ( ) SI_UNIT ( $, .RADIAN. ) );
#96 = CONTEXT_DEPENDENT_SHAPE_REPRESENTATION ( #913, #2262 ) ;
#97 = CARTESIAN_POINT ( 'NONE',  ( 1324.826600409047614, 640.7814939935514076, 895.5428517890160265 ) ) ;
#98 = FACE_OUTER_BOUND ( 'NONE', #2312, .T. ) ;
#99 = PLANE ( 'NONE',  #111 ) ;
#100 = EDGE_LOOP ( 'NONE', ( #3076, #2440, #2809, #3962 ) ) ;
#101 = DIRECTION ( 'NONE',  ( 0.000000000000000000, 0.000000000000000000, 1.000000000000000000 ) ) ;
#102 = ITEM_DEFINED_TRANSFORMATION ( 'NONE', 'NONE', #2269,  #3602 ) ;
#103 = ORIENTED_EDGE ( 'NONE', *, *, #42, .T. ) ;
#104 = ORIENTED_EDGE ( 'NONE', *, *, #3970, .T. ) ;
#105 = CARTESIAN_POINT ( 'NONE',  ( 3.800000000000001155, -1.574011537017760087, -6.000000000000007994 ) ) ;
#106 = CARTESIAN_POINT ( 'NONE',  ( -4.457429047582508019, -4.457429047582463610, 5.570423279073621892 ) ) ;
#107 = EDGE_CURVE ( 'NONE', #3225, #2246, #3497, .T. ) ;
#108 = VERTEX_POINT ( 'NONE', #3914 ) ;
#109 = EDGE_CURVE ( 'NONE', #3207, #3567, #411, .T. ) ;
#110 = ORIENTED_EDGE ( 'NONE', *, *, #3588, .F. ) ;
#111 = AXIS2_PLACEMENT_3D ( 'NONE', #3848, #1481, #781 ) ;
#112 = ORIENTED_EDGE ( 'NONE', *, *, #2544, .F. ) ;
#113 = PLANE ( 'NONE',  #1485 ) ;
#114 = DIRECTION ( 'NONE',  ( 1.000000000000000000, -0.000000000000000000, -0.000000000000000000 ) ) ;
#115 = LINE ( 'NONE', #1493, #487 ) ;
#116 = DIRECTION ( 'NONE',  ( 0.000000000000000000, 0.000000000000000000, 1.000000000000000000 ) ) ;
#117 =( REPRESENTATION_RELATIONSHIP ('NONE','NONE', #3899, #2875 ) REPRESENTATION_RELATIONSHIP_WITH_TRANSFORMATION ( #1940 )SHAPE_REPRESENTATION_RELATIONSHIP( ) );
#118 = VECTOR ( 'NONE', #3452, 1000.000000000000000 ) ;
#119 = DIRECTION ( 'NONE',  ( 0.4082482904638627952, 0.4082482904638662924, -0.8164965809277245912 ) ) ;
#120 = APPLICATION_PROTOCOL_DEFINITION ( 'draft international standard', 'automotive_design', 1998, #1454 ) ;
#121 = DIRECTION ( 'NONE',  ( 0.000000000000000000, 0.000000000000000000, 1.000000000000000000 ) ) ;
#122 = PLANE ( 'NONE',  #2207 ) ;
#123 = CARTESIAN_POINT ( 'NONE',  ( -3.799999999999999822, 1.574011537017761198, -6.000000000000007994 ) ) ;
#124 = ADVANCED_FACE ( 'NONE', ( #797 ), #3550, .F. ) ;
#125 = VECTOR ( 'NONE', #832, 1000.000000000000000 ) ;
#126 = ADVANCED_FACE ( 'NONE', ( #2103 ), #2815, .F. ) ;
#127 = CONTEXT_DEPENDENT_SHAPE_REPRESENTATION ( #368, #3168 ) ;
#128 = PRODUCT_DEFINITION_SHAPE ( 'NONE', 'NONE',  #4292 ) ;
#129 = VERTEX_POINT ( 'NONE', #1736 ) ;
#130 = DIRECTION ( 'NONE',  ( -0.4472135954999600371, 0.8944271909999149672, 0.000000000000000000 ) ) ;
#131 = ORIENTED_EDGE ( 'NONE', *, *, #2101, .T. ) ;
#132 = UNCERTAINTY_MEASURE_WITH_UNIT (LENGTH_MEASURE( 1.000000000000000082E-05 ), #1990, 'distance_accuracy_value', 'NONE');
#133 = ORIENTED_EDGE ( 'NONE', *, *, #2288, .F. ) ;
#134 = AXIS2_PLACEMENT_3D ( 'NONE', #2646, #2663, #4060 ) ;
#135 =( REPRESENTATION_RELATIONSHIP ('NONE','NONE', #3899, #2875 ) REPRESENTATION_RELATIONSHIP_WITH_TRANSFORMATION ( #1682 )SHAPE_REPRESENTATION_RELATIONSHIP( ) );
#136 = ORIENTED_EDGE ( 'NONE', *, *, #907, .F. ) ;
#137 = LINE ( 'NONE', #3985, #1342 ) ;
#138 = DIRECTION ( 'NONE',  ( -0.8164965809277255904, 0.4082482904638651822, 0.4082482904638616850 ) ) ;
#139 = ORIENTED_EDGE ( 'NONE', *, *, #68, .F. ) ;
#140 = PRODUCT_DEFINITION_SHAPE ( 'NONE', 'NONE',  #4443 ) ;
#141 = CONTEXT_DEPENDENT_SHAPE_REPRESENTATION ( #2991, #3755 ) ;
#142 = CARTESIAN_POINT ( 'NONE',  ( 1288.826600409047614, 640.7814939935514076, 919.5428517890160265 ) ) ;
#143 = CARTESIAN_POINT ( 'NONE',  ( -6.000000000000065725, 1.574011537017761642, 3.800000000000004263 ) ) ;
#144 = CARTESIAN_POINT ( 'NONE',  ( -6.000000000000065725, -1.574011537017763640, 3.800000000000002043 ) ) ;
#145 = DIRECTION ( 'NONE',  ( 1.000000000000000000, 0.000000000000000000, 0.000000000000000000 ) ) ;
#146 = DIRECTION ( 'NONE',  ( 0.000000000000000000, 0.000000000000000000, 1.000000000000000000 ) ) ;
#147 = CARTESIAN_POINT ( 'NONE',  ( 6.000000000000000000, -2.485281374238568652, -6.000000000000000000 ) ) ;
#148 = CARTESIAN_POINT ( 'NONE',  ( -6.000000000000000000, -1.574011537017762752, 3.800000000000002931 ) ) ;
#149 = CONTEXT_DEPENDENT_SHAPE_REPRESENTATION ( #3883, #1165 ) ;
#150 = CARTESIAN_POINT ( 'NONE',  ( 3.800000000000002043, 3.799999999999990052, 1.574011537017752982 ) ) ;
#151 = ORIENTED_EDGE ( 'NONE', *, *, #2621, .F. ) ;
#152 = AXIS2_PLACEMENT_3D ( 'NONE', #1101, #2082, #2855 ) ;
#153 = ORIENTED_EDGE ( 'NONE', *, *, #3678, .T. ) ;
#154 = ORIENTED_EDGE ( 'NONE', *, *, #2673, .T. ) ;
#155 = CARTESIAN_POINT ( 'NONE',  ( -6.000000000000065725, -3.800000000000002487, 1.574011537017763418 ) ) ;
#156 =( REPRESENTATION_RELATIONSHIP ('NONE','NONE', #3899, #2875 ) REPRESENTATION_RELATIONSHIP_WITH_TRANSFORMATION ( #395 )SHAPE_REPRESENTATION_RELATIONSHIP( ) );
#157 = PRODUCT_DEFINITION_SHAPE ( 'NONE', 'NONE',  #4364 ) ;
#158 = CARTESIAN_POINT ( 'NONE',  ( 1288.826600409047614, 652.7814939935514076, 883.5428517890160265 ) ) ;
#159 = LINE ( 'NONE', #143, #4260 ) ;
#160 = PLANE ( 'NONE',  #2886 ) ;
#161 = AXIS2_PLACEMENT_3D ( 'NONE', #2675, #275, #341 ) ;
#162 = ORIENTED_EDGE ( 'NONE', *, *, #4021, .T. ) ;
#163 = ADVANCED_FACE ( 'NONE', ( #4225 ), #4205, .F. ) ;
#164 = PRODUCT_DEFINITION_SHAPE ( 'NONE', 'NONE',  #4296 ) ;
#165 = ITEM_DEFINED_TRANSFORMATION ( 'NONE', 'NONE', #241,  #3602 ) ;
#166 = CARTESIAN_POINT ( 'NONE',  ( 1324.826600409047614, 640.7814939935514076, 883.5428517890160265 ) ) ;
#167 = AXIS2_PLACEMENT_3D ( 'NONE', #728, #3309, #472 ) ;
#168 = CARTESIAN_POINT ( 'NONE',  ( 3.800000000000001155, 1.574011537017761642, 3.800000000000004263 ) ) ;
#169 = CARTESIAN_POINT ( 'NONE',  ( -6.000000000000000000, -1.574011537017763640, 3.800000000000002043 ) ) ;
#170 = PRODUCT_DEFINITION_SHAPE ( 'NONE', 'NONE',  #4485 ) ;
#171 = CARTESIAN_POINT ( 'NONE',  ( 1324.826600409047614, 664.7814939935515213, 883.5428517890160265 ) ) ;
#172 = ITEM_DEFINED_TRANSFORMATION ( 'NONE', 'NONE', #2924,  #3602 ) ;
#173 = LINE ( 'NONE', #3317, #652 ) ;
#174 = AXIS2_PLACEMENT_3D ( 'NONE', #2190, #4215, #2218 ) ;
#175 = PRODUCT_DEFINITION_SHAPE ( 'NONE', 'NONE',  #4457 ) ;
#176 = ORIENTED_EDGE ( 'NONE', *, *, #2310, .T. ) ;
#177 = UNCERTAINTY_MEASURE_WITH_UNIT (LENGTH_MEASURE( 1.000000000000000082E-05 ), #1873, 'distance_accuracy_value', 'NONE');
#178 =( REPRESENTATION_RELATIONSHIP ('NONE','NONE', #3899, #2875 ) REPRESENTATION_RELATIONSHIP_WITH_TRANSFORMATION ( #1744 )SHAPE_REPRESENTATION_RELATIONSHIP( ) );
#179 = ORIENTED_EDGE ( 'NONE', *, *, #2998, .F. ) ;
#180 = AXIS2_PLACEMENT_3D ( 'NONE', #2084, #1106, #2763 ) ;
#181 = ORIENTED_EDGE ( 'NONE', *, *, #527, .T. ) ;
#182 = FACE_OUTER_BOUND ( 'NONE', #738, .T. ) ;
#183 = EDGE_CURVE ( 'NONE', #1487, #39, #717, .T. ) ;
#184 = ADVANCED_FACE ( 'NONE', ( #3570 ), #1032, .T. ) ;
#185 = VECTOR ( 'NONE', #767, 1000.000000000000000 ) ;
#186 = AXIS2_PLACEMENT_3D ( 'NONE', #708, #4102, #686 ) ;
#187 = DIRECTION ( 'NONE',  ( 1.000000000000000000, 0.000000000000000000, 0.000000000000000000 ) ) ;
#188 = CARTESIAN_POINT ( 'NONE',  ( -4.828427124746242249, 4.828427124746182741, -4.828427124746161425 ) ) ;
#189 = DIRECTION ( 'NONE',  ( 1.000000000000000000, 3.491481338843132961E-15, 5.234991178337768977E-16 ) ) ;
#190 = AXIS2_PLACEMENT_3D ( 'NONE', #2087, #3456, #2404 ) ;
#191 = CONTEXT_DEPENDENT_SHAPE_REPRESENTATION ( #2007, #164 ) ;
#192 = VECTOR ( 'NONE', #2890, 1000.000000000000000 ) ;
#193 = DIRECTION ( 'NONE',  ( 1.000000000000000000, 0.000000000000000000, 0.000000000000000000 ) ) ;
#194 = CARTESIAN_POINT ( 'NONE',  ( -5.570423279073611234, 4.457429047582491144, -4.457429047582473380 ) ) ;
#195 = DIRECTION ( 'NONE',  ( 0.000000000000000000, 0.000000000000000000, 1.000000000000000000 ) ) ;
#196 = VECTOR ( 'NONE', #1983, 1000.000000000000000 ) ;
#197 = CARTESIAN_POINT ( 'NONE',  ( 1324.826600409047614, 688.7814939935515213, 919.5428517890160265 ) ) ;
#198 =( REPRESENTATION_RELATIONSHIP ('NONE','NONE', #3899, #2875 ) REPRESENTATION_RELATIONSHIP_WITH_TRANSFORMATION ( #885 )SHAPE_REPRESENTATION_RELATIONSHIP( ) );
#199 = CARTESIAN_POINT ( 'NONE',  ( 6.000000000000000000, -2.485281374238574870, 5.999999999999997335 ) ) ;
#200 = PRODUCT_DEFINITION_SHAPE ( 'NONE', 'NONE',  #4382 ) ;
#201 = VECTOR ( 'NONE', #2605, 1000.000000000000000 ) ;
#202 = ORIENTED_EDGE ( 'NONE', *, *, #1117, .T. ) ;
#203 = ORIENTED_EDGE ( 'NONE', *, *, #1937, .T. ) ;
#204 = ORIENTED_EDGE ( 'NONE', *, *, #4241, .T. ) ;
#205 = CARTESIAN_POINT ( 'NONE',  ( 6.741996154327441815, 4.516007691345182984, 6.741996154327449808 ) ) ;
#206 = PRODUCT_DEFINITION_SHAPE ( 'NONE', 'NONE',  #4293 ) ;
#207 =( REPRESENTATION_RELATIONSHIP ('NONE','NONE', #3899, #2875 ) REPRESENTATION_RELATIONSHIP_WITH_TRANSFORMATION ( #3575 )SHAPE_REPRESENTATION_RELATIONSHIP( ) );
#208 = AXIS2_PLACEMENT_3D ( 'NONE', #1555, #220, #1992 ) ;
#209 = ITEM_DEFINED_TRANSFORMATION ( 'NONE', 'NONE', #1538,  #3602 ) ;
#210 = DIRECTION ( 'NONE',  ( 0.000000000000000000, 0.000000000000000000, 1.000000000000000000 ) ) ;
#211 = ADVANCED_FACE ( 'NONE', ( #65 ), #3836, .F. ) ;
#212 = CARTESIAN_POINT ( 'NONE',  ( 6.741996154327460467, -6.741996154327432045, 4.516007691345217623 ) ) ;
#213 = CARTESIAN_POINT ( 'NONE',  ( 6.000000000000000000, 6.000000000000000000, -2.485281374238569541 ) ) ;
#214 = CONTEXT_DEPENDENT_SHAPE_REPRESENTATION ( #3087, #1361 ) ;
#215 = VECTOR ( 'NONE', #3407, 1000.000000000000000 ) ;
#216 = CONTEXT_DEPENDENT_SHAPE_REPRESENTATION ( #2668, #3581 ) ;
#217 = DIRECTION ( 'NONE',  ( 1.000000000000000000, 0.000000000000000000, 0.000000000000000000 ) ) ;
#218 = CARTESIAN_POINT ( 'NONE',  ( -6.000000000000000000, 3.800000000000003375, 1.574011537017764084 ) ) ;
#219 = LINE ( 'NONE', #2580, #2649 ) ;
#220 = DIRECTION ( 'NONE',  ( 0.000000000000000000, 0.000000000000000000, 1.000000000000000000 ) ) ;
#221 = ITEM_DEFINED_TRANSFORMATION ( 'NONE', 'NONE', #1307,  #3602 ) ;
#222 = ITEM_DEFINED_TRANSFORMATION ( 'NONE', 'NONE', #502,  #3602 ) ;
#223 = DIRECTION ( 'NONE',  ( 0.000000000000000000, -0.4472135954999554297, -0.8944271909999170767 ) ) ;
#224 = ORIENTED_EDGE ( 'NONE', *, *, #4136, .T. ) ;
#225 =( REPRESENTATION_RELATIONSHIP ('NONE','NONE', #3899, #2875 ) REPRESENTATION_RELATIONSHIP_WITH_TRANSFORMATION ( #1720 )SHAPE_REPRESENTATION_RELATIONSHIP( ) );
#226 = EDGE_LOOP ( 'NONE', ( #3564, #834, #307, #1812, #3054, #3595, #2266, #2853 ) ) ;
#227 = EDGE_CURVE ( 'NONE', #3489, #4243, #1841, .T. ) ;
#228 = CONTEXT_DEPENDENT_SHAPE_REPRESENTATION ( #2748, #1612 ) ;
#229 = VECTOR ( 'NONE', #2559, 1000.000000000000000 ) ;
#230 = DIRECTION ( 'NONE',  ( 0.000000000000000000, 0.000000000000000000, 1.000000000000000000 ) ) ;
#231 = CARTESIAN_POINT ( 'NONE',  ( -6.000000000000065725, -3.800000000000002487, -1.574011537017763418 ) ) ;
#232 = CARTESIAN_POINT ( 'NONE',  ( 3.800000000000001155, -1.574011537017760087, -6.000000000000007994 ) ) ;
#233 = CONTEXT_DEPENDENT_SHAPE_REPRESENTATION ( #4151, #206 ) ;
#234 = DIRECTION ( 'NONE',  ( 0.000000000000000000, 0.000000000000000000, 1.000000000000000000 ) ) ;
#235 = PRODUCT_DEFINITION_SHAPE ( 'NONE', 'NONE',  #4398 ) ;
#236 = LINE ( 'NONE', #3690, #1821 ) ;
#237 = CARTESIAN_POINT ( 'NONE',  ( 4.516007691345208741, -6.741996154327429380, 6.741996154327465796 ) ) ;
#238 = AXIS2_PLACEMENT_3D ( 'NONE', #1625, #2694, #3039 ) ;
#239 = EDGE_LOOP ( 'NONE', ( #3450, #3383, #289, #3017 ) ) ;
#240 = DIRECTION ( 'NONE',  ( 1.000000000000000000, 0.000000000000000000, 0.000000000000000000 ) ) ;
#241 = AXIS2_PLACEMENT_3D ( 'NONE', #30, #2410, #1044 ) ;
#242 = PRODUCT_DEFINITION_SHAPE ( 'NONE', 'NONE',  #4345 ) ;
#243 = ITEM_DEFINED_TRANSFORMATION ( 'NONE', 'NONE', #4274,  #3602 ) ;
#244 = DIRECTION ( 'NONE',  ( 0.7071067811865474617, -2.467798507769587356E-16, 0.7071067811865474617 ) ) ;
#245 = ORIENTED_EDGE ( 'NONE', *, *, #3214, .F. ) ;
#246 = AXIS2_PLACEMENT_3D ( 'NONE', #4050, #2318, #588 ) ;
#247 = EDGE_LOOP ( 'NONE', ( #830, #2929, #3519, #1411 ) ) ;
#248 = VECTOR ( 'NONE', #2662, 999.9999999999998863 ) ;
#249 = EDGE_CURVE ( 'NONE', #897, #2588, #388, .T. ) ;
#250 = EDGE_CURVE ( 'NONE', #3829, #2330, #3189, .T. ) ;
#251 = CONTEXT_DEPENDENT_SHAPE_REPRESENTATION ( #2969, #604 ) ;
#252 = FACE_OUTER_BOUND ( 'NONE', #2887, .T. ) ;
#253 = DIRECTION ( 'NONE',  ( 0.000000000000000000, 0.000000000000000000, 1.000000000000000000 ) ) ;
#254 = DIRECTION ( 'NONE',  ( -0.7071067811865475727, -6.798699777552550467E-17, 0.7071067811865474617 ) ) ;
#255 = LINE ( 'NONE', #1628, #559 ) ;
#256 = CARTESIAN_POINT ( 'NONE',  ( 3.800000000000022915, -6.000000000000019540, 1.574011537017762308 ) ) ;
#257 = PRODUCT_DEFINITION_SHAPE ( 'NONE', 'NONE',  #4433 ) ;
#258 = ITEM_DEFINED_TRANSFORMATION ( 'NONE', 'NONE', #706,  #3602 ) ;
#259 = ITEM_DEFINED_TRANSFORMATION ( 'NONE', 'NONE', #2713,  #3602 ) ;
#260 = CARTESIAN_POINT ( 'NONE',  ( 1336.826600409047614, 700.7814939935515213, 871.5428517890160265 ) ) ;
#261 = STYLED_ITEM ( 'NONE', ( #598 ), #1598 ) ;
#262 = CARTESIAN_POINT ( 'NONE',  ( 1.574011537017757201, -3.800000000000005151, -3.800000000000012257 ) ) ;
#263 = DIRECTION ( 'NONE',  ( 0.000000000000000000, 0.000000000000000000, 1.000000000000000000 ) ) ;
#264 = CARTESIAN_POINT ( 'NONE',  ( 1324.826600409047614, 700.7814939935515213, 883.5428517890160265 ) ) ;
#265 = DIRECTION ( 'NONE',  ( 0.000000000000000000, -0.8944271909999141901, -0.4472135954999614249 ) ) ;
#266 =( REPRESENTATION_RELATIONSHIP ('NONE','NONE', #3899, #2875 ) REPRESENTATION_RELATIONSHIP_WITH_TRANSFORMATION ( #3610 )SHAPE_REPRESENTATION_RELATIONSHIP( ) );
#267 = EDGE_CURVE ( 'NONE', #966, #3382, #696, .T. ) ;
#268 = VECTOR ( 'NONE', #3172, 1000.000000000000000 ) ;
#269 = VECTOR ( 'NONE', #570, 1000.000000000000114 ) ;
#270 = EDGE_CURVE ( 'NONE', #1561, #897, #90, .T. ) ;
#271 = ORIENTED_EDGE ( 'NONE', *, *, #1117, .F. ) ;
#272 = VERTEX_POINT ( 'NONE', #766 ) ;
#273 = PRODUCT_DEFINITION_SHAPE ( 'NONE', 'NONE',  #4413 ) ;
#274 = CONTEXT_DEPENDENT_SHAPE_REPRESENTATION ( #3204, #2377 ) ;
#275 = DIRECTION ( 'NONE',  ( 0.000000000000000000, 0.000000000000000000, 1.000000000000000000 ) ) ;
#276 = ORIENTED_EDGE ( 'NONE', *, *, #3298, .F. ) ;
#277 = CARTESIAN_POINT ( 'NONE',  ( -4.828427124746232479, -4.828427124746191623, -4.828427124746163202 ) ) ;
#278 = CARTESIAN_POINT ( 'NONE',  ( -6.000000000000065725, -3.800000000000002487, -1.574011537017763418 ) ) ;
#279 = PRODUCT_DEFINITION_SHAPE ( 'NONE', 'NONE',  #4341 ) ;
#280 = DIRECTION ( 'NONE',  ( 0.000000000000000000, 0.000000000000000000, 1.000000000000000000 ) ) ;
#281 = AXIS2_PLACEMENT_3D ( 'NONE', #3285, #804, #1160 ) ;
#282 = CARTESIAN_POINT ( 'NONE',  ( -1.574011537017764084, -3.800000000000002043, 3.800000000000015365 ) ) ;
#283 =( REPRESENTATION_RELATIONSHIP ('NONE','NONE', #3899, #2875 ) REPRESENTATION_RELATIONSHIP_WITH_TRANSFORMATION ( #4217 )SHAPE_REPRESENTATION_RELATIONSHIP( ) );
#284 = DIRECTION ( 'NONE',  ( 0.000000000000000000, 0.000000000000000000, 1.000000000000000000 ) ) ;
#285 = DIRECTION ( 'NONE',  ( 1.000000000000000000, 0.000000000000000000, 0.000000000000000000 ) ) ;
#286 = LINE ( 'NONE', #3418, #3313 ) ;
#287 = ITEM_DEFINED_TRANSFORMATION ( 'NONE', 'NONE', #2311,  #3602 ) ;
#288 = LINE ( 'NONE', #1293, #3180 ) ;
#289 = ORIENTED_EDGE ( 'NONE', *, *, #2865, .F. ) ;
#290 = ORIENTED_EDGE ( 'NONE', *, *, #3014, .T. ) ;
#291 =( REPRESENTATION_RELATIONSHIP ('NONE','NONE', #3899, #2875 ) REPRESENTATION_RELATIONSHIP_WITH_TRANSFORMATION ( #615 )SHAPE_REPRESENTATION_RELATIONSHIP( ) );
#292 = DIRECTION ( 'NONE',  ( 0.000000000000000000, 0.000000000000000000, 1.000000000000000000 ) ) ;
#293 = ORIENTED_EDGE ( 'NONE', *, *, #1059, .F. ) ;
#294 = DIRECTION ( 'NONE',  ( -0.8164965809277257014, -0.4082482904638651822, -0.4082482904638615739 ) ) ;
#295 = DIRECTION ( 'NONE',  ( 0.000000000000000000, 0.7071067811865479058, -0.7071067811865472397 ) ) ;
#296 = VECTOR ( 'NONE', #2443, 999.9999999999998863 ) ;
#297 = CONTEXT_DEPENDENT_SHAPE_REPRESENTATION ( #3171, #421 ) ;
#298 = DIRECTION ( 'NONE',  ( 0.000000000000000000, 0.000000000000000000, 1.000000000000000000 ) ) ;
#299 = LINE ( 'NONE', #3091, #1662 ) ;
#300 = DIRECTION ( 'NONE',  ( 0.000000000000000000, 0.000000000000000000, 1.000000000000000000 ) ) ;
#301 = ADVANCED_FACE ( 'NONE', ( #1442 ), #3165, .T. ) ;
#302 = DIRECTION ( 'NONE',  ( 0.000000000000000000, 0.000000000000000000, 1.000000000000000000 ) ) ;
#303 = CONTEXT_DEPENDENT_SHAPE_REPRESENTATION ( #178, #3217 ) ;
#304 =( REPRESENTATION_RELATIONSHIP ('NONE','NONE', #3899, #2875 ) REPRESENTATION_RELATIONSHIP_WITH_TRANSFORMATION ( #822 )SHAPE_REPRESENTATION_RELATIONSHIP( ) );
#305 = CARTESIAN_POINT ( 'NONE',  ( 1.574011537017763196, 3.800000000000000711, 3.800000000000014033 ) ) ;
#306 = DIRECTION ( 'NONE',  ( 0.7071067811865479058, -0.7071067811865472397, 0.000000000000000000 ) ) ;
#307 = ORIENTED_EDGE ( 'NONE', *, *, #1798, .T. ) ;
#308 = AXIS2_PLACEMENT_3D ( 'NONE', #3367, #1608, #904 ) ;
#309 = CARTESIAN_POINT ( 'NONE',  ( -6.000000000000000000, 1.574011537017763640, -3.800000000000002931 ) ) ;
#310 = CONTEXT_DEPENDENT_SHAPE_REPRESENTATION ( #1685, #140 ) ;
#311 = EDGE_LOOP ( 'NONE', ( #1489, #659, #1278, #3884, #4273, #644, #1640, #813 ) ) ;
#312 = PRODUCT_DEFINITION_SHAPE ( 'NONE', 'NONE',  #4357 ) ;
#313 = DIRECTION ( 'NONE',  ( 0.000000000000000000, 0.000000000000000000, 1.000000000000000000 ) ) ;
#314 = ORIENTED_EDGE ( 'NONE', *, *, #317, .T. ) ;
#315 = LINE ( 'NONE', #944, #845 ) ;
#316 =( NAMED_UNIT ( * ) SI_UNIT ( $, .STERADIAN. ) SOLID_ANGLE_UNIT ( ) );
#317 = EDGE_CURVE ( 'NONE', #754, #897, #1131, .T. ) ;
#318 = ADVANCED_FACE ( 'NONE', ( #3523 ), #814, .T. ) ;
#319 = CARTESIAN_POINT ( 'NONE',  ( 1312.826600409047614, 652.7814939935514076, 907.5428517890160265 ) ) ;
#320 = CONTEXT_DEPENDENT_SHAPE_REPRESENTATION ( #291, #818 ) ;
#321 =( REPRESENTATION_RELATIONSHIP ('NONE','NONE', #3899, #2875 ) REPRESENTATION_RELATIONSHIP_WITH_TRANSFORMATION ( #3694 )SHAPE_REPRESENTATION_RELATIONSHIP( ) );
#322 = DIRECTION ( 'NONE',  ( 1.000000000000000000, 0.000000000000000000, 0.000000000000000000 ) ) ;
#323 =( REPRESENTATION_RELATIONSHIP ('NONE','NONE', #3899, #2875 ) REPRESENTATION_RELATIONSHIP_WITH_TRANSFORMATION ( #3955 )SHAPE_REPRESENTATION_RELATIONSHIP( ) );
#324 = DIRECTION ( 'NONE',  ( -1.377629257457303889E-16, 1.000000000000000000, 4.132887772371912653E-16 ) ) ;
#325 = CARTESIAN_POINT ( 'NONE',  ( 1276.826600409047614, 676.7814939935515213, 871.5428517890160265 ) ) ;
#326 = CARTESIAN_POINT ( 'NONE',  ( 1336.826600409047614, 664.7814939935515213, 931.5428517890160265 ) ) ;
#327 = CONTEXT_DEPENDENT_SHAPE_REPRESENTATION ( #1475, #2918 ) ;
#328 = VECTOR ( 'NONE', #2556, 1000.000000000000000 ) ;
#329 = DIRECTION ( 'NONE',  ( 0.000000000000000000, 0.000000000000000000, 1.000000000000000000 ) ) ;
#330 = AXIS2_PLACEMENT_3D ( 'NONE', #1351, #1045, #2706 ) ;
#331 = FACE_BOUND ( 'NONE', #1659, .T. ) ;
#332 = CONTEXT_DEPENDENT_SHAPE_REPRESENTATION ( #1660, #1879 ) ;
#333 = FACE_OUTER_BOUND ( 'NONE', #480, .T. ) ;
#334 = AXIS2_PLACEMENT_3D ( 'NONE', #3667, #1967, #1631 ) ;
#335 = ORIENTED_EDGE ( 'NONE', *, *, #469, .T. ) ;
#336 = CONTEXT_DEPENDENT_SHAPE_REPRESENTATION ( #3942, #2976 ) ;
#337 = ORIENTED_EDGE ( 'NONE', *, *, #592, .T. ) ;
#338 = VECTOR ( 'NONE', #1792, 1000.000000000000114 ) ;
#339 = DIRECTION ( 'NONE',  ( 0.000000000000000000, -1.000000000000000000, -0.000000000000000000 ) ) ;
#340 = AXIS2_PLACEMENT_3D ( 'NONE', #3684, #1916, #3661 ) ;
#341 = DIRECTION ( 'NONE',  ( 1.000000000000000000, 0.000000000000000000, 0.000000000000000000 ) ) ;
#342 = ORIENTED_EDGE ( 'NONE', *, *, #3815, .T. ) ;
#343 = CARTESIAN_POINT ( 'NONE',  ( -6.000000000000000000, -1.574011537017759865, -3.800000000000003819 ) ) ;
#344 = FACE_OUTER_BOUND ( 'NONE', #2543, .T. ) ;
#345 = VECTOR ( 'NONE', #3350, 999.9999999999998863 ) ;
#346 = ITEM_DEFINED_TRANSFORMATION ( 'NONE', 'NONE', #2506,  #3602 ) ;
#347 = CARTESIAN_POINT ( 'NONE',  ( 1276.826600409047614, 664.7814939935515213, 919.5428517890160265 ) ) ;
#348 = FACE_OUTER_BOUND ( 'NONE', #3102, .T. ) ;
#349 =( REPRESENTATION_RELATIONSHIP ('NONE','NONE', #3899, #2875 ) REPRESENTATION_RELATIONSHIP_WITH_TRANSFORMATION ( #2699 )SHAPE_REPRESENTATION_RELATIONSHIP( ) );
#350 = DIRECTION ( 'NONE',  ( 1.000000000000000000, 0.000000000000000000, 0.000000000000000000 ) ) ;
#351 = AXIS2_PLACEMENT_3D ( 'NONE', #2168, #3558, #193 ) ;
#352 = DIRECTION ( 'NONE',  ( 1.000000000000000000, 0.000000000000000000, 0.000000000000000000 ) ) ;
#353 = FACE_BOUND ( 'NONE', #711, .T. ) ;
#354 = DIRECTION ( 'NONE',  ( 0.8164965809277257014, 0.4082482904638651822, -0.4082482904638615739 ) ) ;
#355 = AXIS2_PLACEMENT_3D ( 'NONE', #2134, #2306, #560 ) ;
#356 = ORIENTED_EDGE ( 'NONE', *, *, #2934, .F. ) ;
#357 = CONTEXT_DEPENDENT_SHAPE_REPRESENTATION ( #2681, #2097 ) ;
#358 = CONTEXT_DEPENDENT_SHAPE_REPRESENTATION ( #1188, #1643 ) ;
#359 = VERTEX_POINT ( 'NONE', #524 ) ;
#360 = ORIENTED_EDGE ( 'NONE', *, *, #3200, .F. ) ;
#361 = LINE ( 'NONE', #4202, #941 ) ;
#362 = EDGE_CURVE ( 'NONE', #3827, #631, #137, .T. ) ;
#363 = DIRECTION ( 'NONE',  ( 0.000000000000000000, 0.000000000000000000, 1.000000000000000000 ) ) ;
#364 = CARTESIAN_POINT ( 'NONE',  ( 3.800000000000001155, -1.574011537017760087, -6.000000000000007994 ) ) ;
#365 = CARTESIAN_POINT ( 'NONE',  ( 6.741996154327442703, -4.516007691345182984, -6.741996154327449808 ) ) ;
#366 = FACE_OUTER_BOUND ( 'NONE', #100, .T. ) ;
#367 = ADVANCED_FACE ( 'NONE', ( #839 ), #622, .F. ) ;
#368 =( REPRESENTATION_RELATIONSHIP ('NONE','NONE', #3899, #2875 ) REPRESENTATION_RELATIONSHIP_WITH_TRANSFORMATION ( #2512 )SHAPE_REPRESENTATION_RELATIONSHIP( ) );
#369 = CONTEXT_DEPENDENT_SHAPE_REPRESENTATION ( #2933, #1249 ) ;
#370 = DIRECTION ( 'NONE',  ( 0.000000000000000000, 0.000000000000000000, 1.000000000000000000 ) ) ;
#371 = DIRECTION ( 'NONE',  ( -0.7071067811865475727, -2.467798507769587356E-16, 0.7071067811865474617 ) ) ;
#372 = CARTESIAN_POINT ( 'NONE',  ( -3.800000000000002487, 3.800000000000002931, 1.574011537017778739 ) ) ;
#373 = VECTOR ( 'NONE', #912, 1000.000000000000000 ) ;
#374 = DIRECTION ( 'NONE',  ( 0.000000000000000000, 0.000000000000000000, 1.000000000000000000 ) ) ;
#375 = DIRECTION ( 'NONE',  ( 1.000000000000000000, 0.000000000000000000, 0.000000000000000000 ) ) ;
#376 = DIRECTION ( 'NONE',  ( -3.491481338843133750E-15, 1.000000000000000000, 5.234991178337752214E-16 ) ) ;
#377 = CARTESIAN_POINT ( 'NONE',  ( -3.344434816091374607, 5.570423279073603240, -5.570423279073629885 ) ) ;
#378 = CARTESIAN_POINT ( 'NONE',  ( -5.999999999999982236, 5.999999999999998224, 2.485281374238615726 ) ) ;
#379 = ORIENTED_EDGE ( 'NONE', *, *, #1388, .F. ) ;
#380 = ITEM_DEFINED_TRANSFORMATION ( 'NONE', 'NONE', #1717,  #3602 ) ;
#381 = VERTEX_POINT ( 'NONE', #3617 ) ;
#382 = ORIENTED_EDGE ( 'NONE', *, *, #1239, .T. ) ;
#383 = DIRECTION ( 'NONE',  ( -1.000000000000000000, -5.510517029829215555E-16, 0.000000000000000000 ) ) ;
#384 = AXIS2_PLACEMENT_3D ( 'NONE', #3473, #4204, #1079 ) ;
#385 = EDGE_CURVE ( 'NONE', #1144, #3346, #2279, .T. ) ;
#386 = AXIS2_PLACEMENT_3D ( 'NONE', #4171, #1699, #1378 ) ;
#387 = CARTESIAN_POINT ( 'NONE',  ( 1300.826600409047614, 688.7814939935515213, 883.5428517890160265 ) ) ;
#388 = LINE ( 'NONE', #18, #3910 ) ;
#389 = EDGE_CURVE ( 'NONE', #2246, #3300, #1199, .T. ) ;
#390 = LINE ( 'NONE', #3166, #3019 ) ;
#391 = PLANE ( 'NONE',  #3319 ) ;
#392 = DIRECTION ( 'NONE',  ( 1.000000000000000000, 0.000000000000000000, 0.000000000000000000 ) ) ;
#393 = VECTOR ( 'NONE', #3245, 1000.000000000000000 ) ;
#394 = CARTESIAN_POINT ( 'NONE',  ( -1.574011537017742990, -6.000000000000000000, -3.800000000000006484 ) ) ;
#395 = ITEM_DEFINED_TRANSFORMATION ( 'NONE', 'NONE', #3379,  #3602 ) ;
#396 = CONTEXT_DEPENDENT_SHAPE_REPRESENTATION ( #721, #2690 ) ;
#397 = DIRECTION ( 'NONE',  ( 0.000000000000000000, 0.000000000000000000, 1.000000000000000000 ) ) ;
#398 = DIRECTION ( 'NONE',  ( -3.491481338843133750E-15, 1.000000000000000000, 5.234991178337752214E-16 ) ) ;
#399 = LINE ( 'NONE', #1750, #833 ) ;
#400 = DIRECTION ( 'NONE',  ( 0.4082482904638612964, 0.8164965809277279218, -0.4082482904638612409 ) ) ;
#401 = ORIENTED_EDGE ( 'NONE', *, *, #1159, .T. ) ;
#402 = VECTOR ( 'NONE', #1116, 1000.000000000000000 ) ;
#403 = ITEM_DEFINED_TRANSFORMATION ( 'NONE', 'NONE', #3470,  #3602 ) ;
#404 = ITEM_DEFINED_TRANSFORMATION ( 'NONE', 'NONE', #3943,  #3602 ) ;
#405 = ORIENTED_EDGE ( 'NONE', *, *, #1769, .F. ) ;
#406 = EDGE_CURVE ( 'NONE', #1219, #1051, #3301, .T. ) ;
#407 = ORIENTED_EDGE ( 'NONE', *, *, #3114, .F. ) ;
#408 = AXIS2_PLACEMENT_3D ( 'NONE', #2576, #280, #555 ) ;
#409 = DIRECTION ( 'NONE',  ( 3.857361920880489247E-16, -9.092353099218201525E-16, 1.000000000000000000 ) ) ;
#410 = CARTESIAN_POINT ( 'NONE',  ( 1300.826600409047614, 700.7814939935515213, 895.5428517890160265 ) ) ;
#411 = LINE ( 'NONE', #4161, #792 ) ;
#412 = DIRECTION ( 'NONE',  ( 0.000000000000000000, 0.8944271909999141901, -0.4472135954999614249 ) ) ;
#413 = DIRECTION ( 'NONE',  ( 0.000000000000000000, -1.000000000000000000, -6.888146287286515500E-16 ) ) ;
#414 =( REPRESENTATION_RELATIONSHIP ('NONE','NONE', #3899, #2875 ) REPRESENTATION_RELATIONSHIP_WITH_TRANSFORMATION ( #404 )SHAPE_REPRESENTATION_RELATIONSHIP( ) );
#415 = AXIS2_PLACEMENT_3D ( 'NONE', #864, #2252, #3640 ) ;
#416 = ITEM_DEFINED_TRANSFORMATION ( 'NONE', 'NONE', #2715,  #3602 ) ;
#417 = DIRECTION ( 'NONE',  ( 1.000000000000000000, 0.000000000000000000, 0.000000000000000000 ) ) ;
#418 = LINE ( 'NONE', #4167, #4107 ) ;
#419 = AXIS2_PLACEMENT_3D ( 'NONE', #2095, #3151, #662 ) ;
#420 = APPLICATION_PROTOCOL_DEFINITION ( 'draft international standard', 'automotive_design', 1998, #2704 ) ;
#421 = PRODUCT_DEFINITION_SHAPE ( 'NONE', 'NONE',  #4302 ) ;
#422 = CARTESIAN_POINT ( 'NONE',  ( 1300.826600409047614, 700.7814939935515213, 907.5428517890160265 ) ) ;
#423 = CARTESIAN_POINT ( 'NONE',  ( 6.000000000000000000, -6.000000000000000000, -2.485281374238569541 ) ) ;
#424 = LINE ( 'NONE', #2483, #1120 ) ;
#425 = PRODUCT_DEFINITION_SHAPE ( 'NONE', 'NONE',  #4473 ) ;
#426 = CARTESIAN_POINT ( 'NONE',  ( -6.741996154327437374, 4.516007691345177655, -6.741996154327445367 ) ) ;
#427 = ORIENTED_EDGE ( 'NONE', *, *, #1518, .F. ) ;
#428 = EDGE_CURVE ( 'NONE', #2831, #878, #2205, .T. ) ;
#429 = AXIS2_PLACEMENT_3D ( 'NONE', #444, #803, #1180 ) ;
#430 = ITEM_DEFINED_TRANSFORMATION ( 'NONE', 'NONE', #3056,  #3602 ) ;
#431 = VERTEX_POINT ( 'NONE', #3637 ) ;
#432 = EDGE_LOOP ( 'NONE', ( #2695, #1999, #2334, #929 ) ) ;
#433 = DIRECTION ( 'NONE',  ( 0.000000000000000000, 0.000000000000000000, -1.000000000000000000 ) ) ;
#434 = AXIS2_PLACEMENT_3D ( 'NONE', #1523, #52, #145 ) ;
#435 = ORIENTED_EDGE ( 'NONE', *, *, #749, .T. ) ;
#436 = ORIENTED_EDGE ( 'NONE', *, *, #1937, .F. ) ;
#437 = CARTESIAN_POINT ( 'NONE',  ( -6.000000000000065725, 3.800000000000003819, -1.574011537017761642 ) ) ;
#438 = CARTESIAN_POINT ( 'NONE',  ( -3.799999999999964739, -3.800000000000002043, -1.574011537017760309 ) ) ;
#439 = LINE ( 'NONE', #743, #2070 ) ;
#440 = ITEM_DEFINED_TRANSFORMATION ( 'NONE', 'NONE', #1776,  #3602 ) ;
#441 = CARTESIAN_POINT ( 'NONE',  ( 1288.826600409047614, 652.7814939935514076, 931.5428517890160265 ) ) ;
#442 =( REPRESENTATION_RELATIONSHIP ('NONE','NONE', #3899, #2875 ) REPRESENTATION_RELATIONSHIP_WITH_TRANSFORMATION ( #1691 )SHAPE_REPRESENTATION_RELATIONSHIP( ) );
#443 = DIRECTION ( 'NONE',  ( -0.4472135954999600371, -0.8944271909999148562, 0.000000000000000000 ) ) ;
#444 = CARTESIAN_POINT ( 'NONE',  ( 1336.826600409047614, 700.7814939935515213, 919.5428517890160265 ) ) ;
#445 = CONTEXT_DEPENDENT_SHAPE_REPRESENTATION ( #71, #3644 ) ;
#446 = DIRECTION ( 'NONE',  ( 0.000000000000000000, 0.000000000000000000, 1.000000000000000000 ) ) ;
#447 = EDGE_CURVE ( 'NONE', #2687, #1487, #987, .T. ) ;
#448 = DIRECTION ( 'NONE',  ( 0.000000000000000000, -3.489994118891837274E-16, 1.000000000000000000 ) ) ;
#449 = DIRECTION ( 'NONE',  ( 0.000000000000000000, 1.000000000000000000, 1.744997059445918884E-16 ) ) ;
#450 = ADVANCED_FACE ( 'NONE', ( #182 ), #113, .F. ) ;
#451 = VERTEX_POINT ( 'NONE', #1588 ) ;
#452 = VECTOR ( 'NONE', #2243, 1000.000000000000114 ) ;
#453 = CONTEXT_DEPENDENT_SHAPE_REPRESENTATION ( #3423, #1275 ) ;
#454 = ORIENTED_EDGE ( 'NONE', *, *, #907, .T. ) ;
#455 = ORIENTED_EDGE ( 'NONE', *, *, #1476, .F. ) ;
#456 = LINE ( 'NONE', #874, #452 ) ;
#457 = ORIENTED_EDGE ( 'NONE', *, *, #693, .T. ) ;
#458 = ORIENTED_EDGE ( 'NONE', *, *, #3234, .T. ) ;
#459 =( REPRESENTATION_RELATIONSHIP ('NONE','NONE', #3899, #2875 ) REPRESENTATION_RELATIONSHIP_WITH_TRANSFORMATION ( #3154 )SHAPE_REPRESENTATION_RELATIONSHIP( ) );
#460 = ORIENTED_EDGE ( 'NONE', *, *, #2858, .T. ) ;
#461 = DIRECTION ( 'NONE',  ( -0.8164965809277257014, -0.4082482904638651267, -0.4082482904638616295 ) ) ;
#462 = DIRECTION ( 'NONE',  ( 0.000000000000000000, 0.000000000000000000, 1.000000000000000000 ) ) ;
#463 = CARTESIAN_POINT ( 'NONE',  ( -6.000000000000065725, -5.999999999999954703, 2.485281374238540675 ) ) ;
#464 = PLANE ( 'NONE',  #47 ) ;
#465 = PRODUCT_DEFINITION_SHAPE ( 'NONE', 'NONE',  #4283 ) ;
#466 = AXIS2_PLACEMENT_3D ( 'NONE', #1424, #1328, #322 ) ;
#467 = CONTEXT_DEPENDENT_SHAPE_REPRESENTATION ( #60, #2271 ) ;
#468 = DIRECTION ( 'NONE',  ( 0.000000000000000000, 0.000000000000000000, 1.000000000000000000 ) ) ;
#469 = EDGE_CURVE ( 'NONE', #2193, #431, #1866, .T. ) ;
#470 = DIRECTION ( 'NONE',  ( 0.5773502691896262862, 0.5773502691896295058, -0.5773502691896216232 ) ) ;
#471 = ADVANCED_FACE ( 'NONE', ( #4002 ), #2979, .F. ) ;
#472 = DIRECTION ( 'NONE',  ( 1.000000000000000000, 0.000000000000000000, 0.000000000000000000 ) ) ;
#473 = FACE_BOUND ( 'NONE', #758, .T. ) ;
#474 = DIRECTION ( 'NONE',  ( -1.165734175856414367E-15, 0.7071067811865455743, -0.7071067811865493491 ) ) ;
#475 = ADVANCED_FACE ( 'NONE', ( #2241 ), #891, .F. ) ;
#476 = ORIENTED_EDGE ( 'NONE', *, *, #527, .F. ) ;
#477 = LINE ( 'NONE', #2905, #1060 ) ;
#478 = DIRECTION ( 'NONE',  ( 1.000000000000000000, 0.000000000000000000, 0.000000000000000000 ) ) ;
#479 = ORIENTED_EDGE ( 'NONE', *, *, #2394, .F. ) ;
#480 = EDGE_LOOP ( 'NONE', ( #2851, #2395, #139, #2374 ) ) ;
#481 = VECTOR ( 'NONE', #1107, 1000.000000000000000 ) ;
#482 = VERTEX_POINT ( 'NONE', #879 ) ;
#483 = DIRECTION ( 'NONE',  ( 0.7071067811865479058, -0.7071067811865472397, 2.766116869920824636E-15 ) ) ;
#484 = FACE_OUTER_BOUND ( 'NONE', #3984, .T. ) ;
#485 = CONTEXT_DEPENDENT_SHAPE_REPRESENTATION ( #1592, #2964 ) ;
#486 = CARTESIAN_POINT ( 'NONE',  ( 1288.826600409047614, 640.7814939935514076, 895.5428517890160265 ) ) ;
#487 = VECTOR ( 'NONE', #4277, 1000.000000000000000 ) ;
#488 = CARTESIAN_POINT ( 'NONE',  ( 1.574011537017762974, -3.800000000000000266, 3.800000000000011813 ) ) ;
#489 = VECTOR ( 'NONE', #1715, 1000.000000000000000 ) ;
#490 = DIRECTION ( 'NONE',  ( 0.000000000000000000, 0.000000000000000000, 1.000000000000000000 ) ) ;
#491 = CARTESIAN_POINT ( 'NONE',  ( 1324.826600409047614, 640.7814939935514076, 931.5428517890160265 ) ) ;
#492 = PRODUCT_DEFINITION_SHAPE ( 'NONE', 'NONE',  #4365 ) ;
#493 = DIRECTION ( 'NONE',  ( 0.7071067811865479058, 0.000000000000000000, -0.7071067811865472397 ) ) ;
#494 = DIRECTION ( 'NONE',  ( 1.000000000000000000, 0.000000000000000000, 0.000000000000000000 ) ) ;
#495 = VECTOR ( 'NONE', #4218, 999.9999999999998863 ) ;
#496 = PRODUCT_DEFINITION_SHAPE ( 'NONE', 'NONE',  #4279 ) ;
#497 = DIRECTION ( 'NONE',  ( 0.7071067811865456854, -1.846348279169846200E-15, -0.7071067811865493491 ) ) ;
#498 = ORIENTED_EDGE ( 'NONE', *, *, #1494, .F. ) ;
#499 = PRODUCT_DEFINITION_CONTEXT ( 'detailed design', #2949, 'design' ) ;
#500 =( REPRESENTATION_RELATIONSHIP ('NONE','NONE', #3899, #2875 ) REPRESENTATION_RELATIONSHIP_WITH_TRANSFORMATION ( #853 )SHAPE_REPRESENTATION_RELATIONSHIP( ) );
#501 = ORIENTED_EDGE ( 'NONE', *, *, #2674, .T. ) ;
#502 = AXIS2_PLACEMENT_3D ( 'NONE', #2387, #374, #2802 ) ;
#503 = ORIENTED_EDGE ( 'NONE', *, *, #2771, .T. ) ;
#504 = LINE ( 'NONE', #2032, #1326 ) ;
#505 = EDGE_CURVE ( 'NONE', #431, #3228, #3657, .T. ) ;
#506 = PRODUCT_DEFINITION_SHAPE ( 'NONE', 'NONE',  #4450 ) ;
#507 = ITEM_DEFINED_TRANSFORMATION ( 'NONE', 'NONE', #3221,  #3602 ) ;
#508 = DIRECTION ( 'NONE',  ( 1.000000000000000000, 0.000000000000000000, 0.000000000000000000 ) ) ;
#509 = LINE ( 'NONE', #1520, #2803 ) ;
#510 = DIRECTION ( 'NONE',  ( 0.000000000000000000, 0.000000000000000000, -1.000000000000000000 ) ) ;
#511 = ITEM_DEFINED_TRANSFORMATION ( 'NONE', 'NONE', #4084,  #3602 ) ;
#512 = DIRECTION ( 'NONE',  ( 0.000000000000000000, 0.000000000000000000, 1.000000000000000000 ) ) ;
#513 = LINE ( 'NONE', #168, #3049 ) ;
#514 = PLANE ( 'NONE',  #1855 ) ;
#515 = CONTEXT_DEPENDENT_SHAPE_REPRESENTATION ( #1941, #1083 ) ;
#516 = ITEM_DEFINED_TRANSFORMATION ( 'NONE', 'NONE', #951,  #3602 ) ;
#517 = VECTOR ( 'NONE', #254, 1000.000000000000000 ) ;
#518 = PLANE ( 'NONE',  #2368 ) ;
#519 = ADVANCED_FACE ( 'NONE', ( #547 ), #3325, .T. ) ;
#520 = ORIENTED_EDGE ( 'NONE', *, *, #1119, .T. ) ;
#521 = AXIS2_PLACEMENT_3D ( 'NONE', #3909, #1811, #383 ) ;
#522 = VERTEX_POINT ( 'NONE', #2672 ) ;
#523 = ORIENTED_EDGE ( 'NONE', *, *, #1289, .F. ) ;
#524 = CARTESIAN_POINT ( 'NONE',  ( 3.800000000000022915, -6.000000000000023981, 1.574011537017762086 ) ) ;
#525 =( REPRESENTATION_RELATIONSHIP ('NONE','NONE', #3899, #2875 ) REPRESENTATION_RELATIONSHIP_WITH_TRANSFORMATION ( #3839 )SHAPE_REPRESENTATION_RELATIONSHIP( ) );
#526 = PRODUCT_DEFINITION_SHAPE ( 'NONE', 'NONE',  #4400 ) ;
#527 = EDGE_CURVE ( 'NONE', #3228, #1076, #1237, .T. ) ;
#528 = CARTESIAN_POINT ( 'NONE',  ( 1288.826600409047614, 688.7814939935515213, 895.5428517890160265 ) ) ;
#529 = DIRECTION ( 'NONE',  ( -0.7071067811865431318, -0.7071067811865517916, 0.000000000000000000 ) ) ;
#530 = CARTESIAN_POINT ( 'NONE',  ( 5.999999999999984013, 2.485281374238619723, 6.000000000000004441 ) ) ;
#531 = AXIS2_PLACEMENT_3D ( 'NONE', #1055, #292, #3427 ) ;
#532 = LINE ( 'NONE', #1374, #3571 ) ;
#533 = CONTEXT_DEPENDENT_SHAPE_REPRESENTATION ( #2147, #2595 ) ;
#534 = PRODUCT_DEFINITION_SHAPE ( 'NONE', 'NONE',  #4315 ) ;
#535 = DIRECTION ( 'NONE',  ( 1.000000000000000000, 0.000000000000000000, 0.000000000000000000 ) ) ;
#536 = AXIS2_PLACEMENT_3D ( 'NONE', #3437, #1069, #1090 ) ;
#537 = CARTESIAN_POINT ( 'NONE',  ( 1.574011537017761864, 3.800000000000000711, -6.000000000000007994 ) ) ;
#538 = CARTESIAN_POINT ( 'NONE',  ( 1324.826600409047614, 676.7814939935515213, 919.5428517890160265 ) ) ;
#539 = CONTEXT_DEPENDENT_SHAPE_REPRESENTATION ( #3580, #1208 ) ;
#540 = CARTESIAN_POINT ( 'NONE',  ( 3.800000000000005151, 3.799999999999989164, -1.574011537017744766 ) ) ;
#541 = ORIENTED_EDGE ( 'NONE', *, *, #1851, .T. ) ;
#542 =( REPRESENTATION_RELATIONSHIP ('NONE','NONE', #3899, #2875 ) REPRESENTATION_RELATIONSHIP_WITH_TRANSFORMATION ( #3973 )SHAPE_REPRESENTATION_RELATIONSHIP( ) );
#543 = EDGE_CURVE ( 'NONE', #4000, #2588, #2349, .T. ) ;
#544 = ORIENTED_EDGE ( 'NONE', *, *, #2107, .T. ) ;
#545 = VECTOR ( 'NONE', #2589, 1000.000000000000000 ) ;
#546 = VERTEX_POINT ( 'NONE', #2889 ) ;
#547 = FACE_OUTER_BOUND ( 'NONE', #1277, .T. ) ;
#548 = AXIS2_PLACEMENT_3D ( 'NONE', #1288, #2069, #1635 ) ;
#549 = AXIS2_PLACEMENT_3D ( 'NONE', #2390, #999, #3072 ) ;
#550 = DIRECTION ( 'NONE',  ( 0.000000000000000000, 0.000000000000000000, 1.000000000000000000 ) ) ;
#551 = DIRECTION ( 'NONE',  ( 1.000000000000000000, -0.000000000000000000, -0.000000000000000000 ) ) ;
#552 = LINE ( 'NONE', #4052, #2301 ) ;
#553 = AXIS2_PLACEMENT_3D ( 'NONE', #347, #370, #3116 ) ;
#554 = VECTOR ( 'NONE', #3525, 1000.000000000000000 ) ;
#555 = DIRECTION ( 'NONE',  ( 1.000000000000000000, 0.000000000000000000, 0.000000000000000000 ) ) ;
#556 = DIRECTION ( 'NONE',  ( -0.7071067811865474617, -0.7071067811865475727, 0.000000000000000000 ) ) ;
#557 = PRODUCT_DEFINITION ( 'UNKNOWN', '', #2532, #1905 ) ;
#558 =( REPRESENTATION_RELATIONSHIP ('NONE','NONE', #3899, #2875 ) REPRESENTATION_RELATIONSHIP_WITH_TRANSFORMATION ( #873 )SHAPE_REPRESENTATION_RELATIONSHIP( ) );
#559 = VECTOR ( 'NONE', #1926, 1000.000000000000000 ) ;
#560 = DIRECTION ( 'NONE',  ( 1.000000000000000000, 0.000000000000000000, 0.000000000000000000 ) ) ;
#561 = ITEM_DEFINED_TRANSFORMATION ( 'NONE', 'NONE', #531,  #3602 ) ;
#562 = LINE ( 'NONE', #2667, #3903 ) ;
#563 = PRODUCT_DEFINITION_SHAPE ( 'NONE', 'NONE',  #4381 ) ;
#564 = VECTOR ( 'NONE', #731, 999.9999999999998863 ) ;
#565 = VERTEX_POINT ( 'NONE', #4276 ) ;
#566 = EDGE_LOOP ( 'NONE', ( #3911, #1491, #503, #2717 ) ) ;
#567 = VECTOR ( 'NONE', #3236, 1000.000000000000114 ) ;
#568 = PRODUCT_DEFINITION_SHAPE ( 'NONE', 'NONE',  #4301 ) ;
#569 = DIRECTION ( 'NONE',  ( 1.000000000000000000, 0.000000000000000000, 0.000000000000000000 ) ) ;
#570 = DIRECTION ( 'NONE',  ( 6.837029043431488695E-16, 0.7071067811865451302, 0.7071067811865500152 ) ) ;
#571 = PLANE ( 'NONE',  #2801 ) ;
#572 = PRODUCT_DEFINITION_FORMATION_WITH_SPECIFIED_SOURCE ( 'ANY', '', #1793, .NOT_KNOWN. ) ;
#573 =( REPRESENTATION_RELATIONSHIP ('NONE','NONE', #3899, #2875 ) REPRESENTATION_RELATIONSHIP_WITH_TRANSFORMATION ( #4126 )SHAPE_REPRESENTATION_RELATIONSHIP( ) );
#574 = VECTOR ( 'NONE', #2157, 1000.000000000000000 ) ;
#575 = CARTESIAN_POINT ( 'NONE',  ( 1324.826600409047614, 640.7814939935514076, 871.5428517890160265 ) ) ;
#576 = DIRECTION ( 'NONE',  ( 0.7071067811865473507, 0.7071067811865477948, 0.000000000000000000 ) ) ;
#577 = CARTESIAN_POINT ( 'NONE',  ( 2.485281374238559327, -5.999999999999999112, -6.000000000000007994 ) ) ;
#578 = DIRECTION ( 'NONE',  ( 0.000000000000000000, 0.000000000000000000, 1.000000000000000000 ) ) ;
#579 = ITEM_DEFINED_TRANSFORMATION ( 'NONE', 'NONE', #3360,  #3602 ) ;
#580 = ADVANCED_FACE ( 'NONE', ( #3951 ), #1154, .F. ) ;
#581 = EDGE_CURVE ( 'NONE', #2060, #3228, #504, .T. ) ;
#582 = ITEM_DEFINED_TRANSFORMATION ( 'NONE', 'NONE', #3689,  #3602 ) ;
#583 = LINE ( 'NONE', #1972, #2441 ) ;
#584 =( REPRESENTATION_RELATIONSHIP ('NONE','NONE', #3899, #2875 ) REPRESENTATION_RELATIONSHIP_WITH_TRANSFORMATION ( #3972 )SHAPE_REPRESENTATION_RELATIONSHIP( ) );
#585 = ORIENTED_EDGE ( 'NONE', *, *, #4021, .F. ) ;
#586 = ORIENTED_EDGE ( 'NONE', *, *, #3742, .T. ) ;
#587 = DIRECTION ( 'NONE',  ( 0.000000000000000000, 0.000000000000000000, 1.000000000000000000 ) ) ;
#588 = DIRECTION ( 'NONE',  ( 0.7071067811865443531, -0.7071067811865506814, -2.218671295934095265E-31 ) ) ;
#589 = CARTESIAN_POINT ( 'NONE',  ( -3.799999999999999378, -1.574011537017763196, 5.999999999999997335 ) ) ;
#590 = FACE_OUTER_BOUND ( 'NONE', #2289, .T. ) ;
#591 = ITEM_DEFINED_TRANSFORMATION ( 'NONE', 'NONE', #971,  #3602 ) ;
#592 = EDGE_CURVE ( 'NONE', #2392, #1258, #3096, .T. ) ;
#593 = CARTESIAN_POINT ( 'NONE',  ( 1336.826600409047614, 688.7814939935515213, 871.5428517890160265 ) ) ;
#594 = PRODUCT_DEFINITION_SHAPE ( 'NONE', 'NONE',  #4415 ) ;
#595 = ADVANCED_FACE ( 'NONE', ( #4125 ), #641, .F. ) ;
#596 = LINE ( 'NONE', #935, #3958 ) ;
#597 =( REPRESENTATION_RELATIONSHIP ('NONE','NONE', #3899, #2875 ) REPRESENTATION_RELATIONSHIP_WITH_TRANSFORMATION ( #3718 )SHAPE_REPRESENTATION_RELATIONSHIP( ) );
#598 = PRESENTATION_STYLE_ASSIGNMENT (( #2323 ) ) ;
#599 = AXIS2_PLACEMENT_3D ( 'NONE', #3620, #841, #1519 ) ;
#600 = CARTESIAN_POINT ( 'NONE',  ( 1276.826600409047614, 640.7814939935514076, 883.5428517890160265 ) ) ;
#601 = CARTESIAN_POINT ( 'NONE',  ( 1324.826600409047614, 664.7814939935515213, 931.5428517890160265 ) ) ;
#602 = AXIS2_PLACEMENT_3D ( 'NONE', #2845, #3823, #3461 ) ;
#603 = VECTOR ( 'NONE', #3590, 1000.000000000000000 ) ;
#604 = PRODUCT_DEFINITION_SHAPE ( 'NONE', 'NONE',  #4356 ) ;
#605 = CARTESIAN_POINT ( 'NONE',  ( -4.457429047582530224, -5.570423279073595246, 4.457429047582460946 ) ) ;
#606 = VERTEX_POINT ( 'NONE', #1335 ) ;
#607 = ORIENTED_EDGE ( 'NONE', *, *, #1303, .T. ) ;
#608 = AXIS2_PLACEMENT_3D ( 'NONE', #2167, #1270, #1989 ) ;
#609 = LINE ( 'NONE', #2422, #2720 ) ;
#610 = CARTESIAN_POINT ( 'NONE',  ( 1288.826600409047614, 688.7814939935515213, 907.5428517890160265 ) ) ;
#611 = EDGE_LOOP ( 'NONE', ( #2149, #1887, #3594, #3229 ) ) ;
#612 = CARTESIAN_POINT ( 'NONE',  ( 3.800000000000001155, 3.799999999999989164, -1.574011537017750317 ) ) ;
#613 = CARTESIAN_POINT ( 'NONE',  ( 6.741996154327442703, -4.516007691345182984, -6.741996154327449808 ) ) ;
#614 = VECTOR ( 'NONE', #2944, 1000.000000000000000 ) ;
#615 = ITEM_DEFINED_TRANSFORMATION ( 'NONE', 'NONE', #2946,  #3602 ) ;
#616 = DIRECTION ( 'NONE',  ( 1.000000000000000000, 0.000000000000000000, 0.000000000000000000 ) ) ;
#617 = AXIS2_PLACEMENT_3D ( 'NONE', #260, #4054, #722 ) ;
#618 = CARTESIAN_POINT ( 'NONE',  ( -6.000000000000068390, 3.799999999999996270, -3.800000000000002043 ) ) ;
#619 = DIRECTION ( 'NONE',  ( 0.000000000000000000, 0.000000000000000000, 1.000000000000000000 ) ) ;
#620 = CARTESIAN_POINT ( 'NONE',  ( 1324.826600409047614, 688.7814939935515213, 895.5428517890160265 ) ) ;
#621 = CONTEXT_DEPENDENT_SHAPE_REPRESENTATION ( #3606, #200 ) ;
#622 = PLANE ( 'NONE',  #1712 ) ;
#623 = PLANE ( 'NONE',  #3821 ) ;
#624 = VECTOR ( 'NONE', #2614, 1000.000000000000114 ) ;
#625 = ORIENTED_EDGE ( 'NONE', *, *, #1221, .T. ) ;
#626 = UNCERTAINTY_MEASURE_WITH_UNIT (LENGTH_MEASURE( 1.000000000000000082E-05 ), #3288, 'distance_accuracy_value', 'NONE');
#627 = EDGE_LOOP ( 'NONE', ( #794, #1783, #3111, #1931 ) ) ;
#628 = VECTOR ( 'NONE', #753, 1000.000000000000000 ) ;
#629 = PRODUCT_DEFINITION_SHAPE ( 'NONE', 'NONE',  #4397 ) ;
#630 = CARTESIAN_POINT ( 'NONE',  ( 1300.826600409047614, 676.7814939935515213, 907.5428517890160265 ) ) ;
#631 = VERTEX_POINT ( 'NONE', #3438 ) ;
#632 = ADVANCED_FACE ( 'NONE', ( #2093 ), #1656, .F. ) ;
#633 = DIRECTION ( 'NONE',  ( 0.7071067811865443531, -0.7071067811865506814, 2.218671295934095265E-31 ) ) ;
#634 = PRESENTATION_STYLE_ASSIGNMENT (( #651 ) ) ;
#635 = PRODUCT_DEFINITION_SHAPE ( 'NONE', 'NONE',  #4333 ) ;
#636 =( REPRESENTATION_RELATIONSHIP ('NONE','NONE', #3899, #2875 ) REPRESENTATION_RELATIONSHIP_WITH_TRANSFORMATION ( #2684 )SHAPE_REPRESENTATION_RELATIONSHIP( ) );
#637 = DIRECTION ( 'NONE',  ( 0.000000000000000000, 0.000000000000000000, 1.000000000000000000 ) ) ;
#638 = AXIS2_PLACEMENT_3D ( 'NONE', #2418, #1253, #3693 ) ;
#639 = PLANE ( 'NONE',  #3638 ) ;
#640 = DIRECTION ( 'NONE',  ( 1.000000000000000000, 0.000000000000000000, 0.000000000000000000 ) ) ;
#641 = PLANE ( 'NONE',  #549 ) ;
#642 = CONTEXT_DEPENDENT_SHAPE_REPRESENTATION ( #573, #170 ) ;
#643 = PLANE ( 'NONE',  #1996 ) ;
#644 = ORIENTED_EDGE ( 'NONE', *, *, #3794, .F. ) ;
#645 = EDGE_LOOP ( 'NONE', ( #1665, #10, #2227, #1236, #3442, #1167, #1753, #2712 ) ) ;
#646 = ADVANCED_FACE ( 'NONE', ( #331, #896 ), #1749, .T. ) ;
#647 = ADVANCED_FACE ( 'NONE', ( #2781 ), #1700, .F. ) ;
#648 = DIRECTION ( 'NONE',  ( 1.000000000000000000, 0.000000000000000000, 0.000000000000000000 ) ) ;
#649 = EDGE_LOOP ( 'NONE', ( #3323, #435, #796, #1888 ) ) ;
#650 = DIRECTION ( 'NONE',  ( -0.000000000000000000, -1.000000000000000000, -0.000000000000000000 ) ) ;
#651 = SURFACE_STYLE_USAGE ( .BOTH. , #3430 ) ;
#652 = VECTOR ( 'NONE', #2260, 1000.000000000000000 ) ;
#653 = CARTESIAN_POINT ( 'NONE',  ( 1276.826600409047614, 640.7814939935514076, 907.5428517890160265 ) ) ;
#654 = DIRECTION ( 'NONE',  ( 1.000000000000000000, -0.000000000000000000, -0.000000000000000000 ) ) ;
#655 = SURFACE_STYLE_FILL_AREA ( #4141 ) ;
#656 =( REPRESENTATION_RELATIONSHIP ('NONE','NONE', #3899, #2875 ) REPRESENTATION_RELATIONSHIP_WITH_TRANSFORMATION ( #3308 )SHAPE_REPRESENTATION_RELATIONSHIP( ) );
#657 = DIRECTION ( 'NONE',  ( 1.000000000000000000, 0.000000000000000000, 0.000000000000000000 ) ) ;
#658 = DIRECTION ( 'NONE',  ( 1.000000000000000000, 0.000000000000000000, 0.000000000000000000 ) ) ;
#659 = ORIENTED_EDGE ( 'NONE', *, *, #1239, .F. ) ;
#660 = LINE ( 'NONE', #3400, #2714 ) ;
#661 = ITEM_DEFINED_TRANSFORMATION ( 'NONE', 'NONE', #434,  #3602 ) ;
#662 = DIRECTION ( 'NONE',  ( 0.000000000000000000, -1.000000000000000000, -6.888146287286515500E-16 ) ) ;
#663 = ORIENTED_EDGE ( 'NONE', *, *, #3390, .F. ) ;
#664 = AXIS2_PLACEMENT_3D ( 'NONE', #1845, #3213, #2162 ) ;
#665 = DIRECTION ( 'NONE',  ( 0.000000000000000000, 0.000000000000000000, 1.000000000000000000 ) ) ;
#666 = ITEM_DEFINED_TRANSFORMATION ( 'NONE', 'NONE', #1145,  #3602 ) ;
#667 = ORIENTED_EDGE ( 'NONE', *, *, #4062, .F. ) ;
#668 = EDGE_LOOP ( 'NONE', ( #692, #4064, #3059, #1904 ) ) ;
#669 = EDGE_CURVE ( 'NONE', #3982, #4130, #3824, .T. ) ;
#670 = DIRECTION ( 'NONE',  ( 0.000000000000000000, 0.000000000000000000, 1.000000000000000000 ) ) ;
#671 = ORIENTED_EDGE ( 'NONE', *, *, #2961, .T. ) ;
#672 = LINE ( 'NONE', #4068, #2226 ) ;
#673 = FILL_AREA_STYLE ('',( #3767 ) ) ;
#674 = VECTOR ( 'NONE', #2895, 1000.000000000000000 ) ;
#675 =( REPRESENTATION_RELATIONSHIP ('NONE','NONE', #3899, #2875 ) REPRESENTATION_RELATIONSHIP_WITH_TRANSFORMATION ( #1121 )SHAPE_REPRESENTATION_RELATIONSHIP( ) );
#676 = CONTEXT_DEPENDENT_SHAPE_REPRESENTATION ( #2375, #4228 ) ;
#677 = DIRECTION ( 'NONE',  ( 0.000000000000000000, 0.000000000000000000, 1.000000000000000000 ) ) ;
#678 = VECTOR ( 'NONE', #4227, 1000.000000000000114 ) ;
#679 = CARTESIAN_POINT ( 'NONE',  ( 1.574011537017763418, -3.800000000000000266, -3.800000000000012257 ) ) ;
#680 = DIRECTION ( 'NONE',  ( 1.000000000000000000, 0.000000000000000000, 0.000000000000000000 ) ) ;
#681 = DIRECTION ( 'NONE',  ( 1.000000000000000000, 0.000000000000000000, 0.000000000000000000 ) ) ;
#682 = ITEM_DEFINED_TRANSFORMATION ( 'NONE', 'NONE', #1189,  #3602 ) ;
#683 = VECTOR ( 'NONE', #2849, 1000.000000000000000 ) ;
#684 = DIRECTION ( 'NONE',  ( 0.000000000000000000, 0.000000000000000000, 1.000000000000000000 ) ) ;
#685 = EDGE_CURVE ( 'NONE', #2812, #4045, #660, .T. ) ;
#686 = DIRECTION ( 'NONE',  ( 3.491481338843133750E-15, -1.000000000000000000, 0.000000000000000000 ) ) ;
#687 = LINE ( 'NONE', #3801, #628 ) ;
#688 = EDGE_CURVE ( 'NONE', #2246, #1316, #2433, .T. ) ;
#689 = ORIENTED_EDGE ( 'NONE', *, *, #1119, .F. ) ;
#690 = ORIENTED_EDGE ( 'NONE', *, *, #3593, .F. ) ;
#691 = AXIS2_PLACEMENT_3D ( 'NONE', #3937, #2206, #2817 ) ;
#692 = ORIENTED_EDGE ( 'NONE', *, *, #2608, .F. ) ;
#693 = EDGE_CURVE ( 'NONE', #1709, #4240, #286, .T. ) ;
#694 = PLANE ( 'NONE',  #152 ) ;
#695 = CARTESIAN_POINT ( 'NONE',  ( 1300.826600409047614, 688.7814939935515213, 931.5428517890160265 ) ) ;
#696 = LINE ( 'NONE', #3474, #2525 ) ;
#697 = CARTESIAN_POINT ( 'NONE',  ( 1.574011537017759199, -3.800000000000003375, 5.999999999999995559 ) ) ;
#698 = CARTESIAN_POINT ( 'NONE',  ( -1.574011537017740991, -6.000000000000034639, -3.800000000000006928 ) ) ;
#699 = VECTOR ( 'NONE', #2754, 999.9999999999998863 ) ;
#700 = CONTEXT_DEPENDENT_SHAPE_REPRESENTATION ( #2210, #3986 ) ;
#701 = DIRECTION ( 'NONE',  ( 1.000000000000000000, 0.000000000000000000, 0.000000000000000000 ) ) ;
#702 = CARTESIAN_POINT ( 'NONE',  ( 6.741996154327454249, 6.741996154327425828, 4.516007691345212294 ) ) ;
#703 = LINE ( 'NONE', #1086, #1785 ) ;
#704 = CARTESIAN_POINT ( 'NONE',  ( 1336.826600409047614, 688.7814939935515213, 907.5428517890160265 ) ) ;
#705 = CONTEXT_DEPENDENT_SHAPE_REPRESENTATION ( #1799, #4078 ) ;
#706 = AXIS2_PLACEMENT_3D ( 'NONE', #326, #462, #657 ) ;
#707 = CARTESIAN_POINT ( 'NONE',  ( 1312.826600409047614, 664.7814939935515213, 907.5428517890160265 ) ) ;
#708 = CARTESIAN_POINT ( 'NONE',  ( -3.799999999999981615, -6.000000000000043521, -1.574011537017766749 ) ) ;
#709 = CARTESIAN_POINT ( 'NONE',  ( -1.574011537017759421, -3.800000000000001155, 5.999999999999995559 ) ) ;
#710 =( REPRESENTATION_RELATIONSHIP ('NONE','NONE', #3899, #2875 ) REPRESENTATION_RELATIONSHIP_WITH_TRANSFORMATION ( #1794 )SHAPE_REPRESENTATION_RELATIONSHIP( ) );
#711 = EDGE_LOOP ( 'NONE', ( #2177, #1148, #2314 ) ) ;
#712 = EDGE_CURVE ( 'NONE', #3592, #3636, #2805, .T. ) ;
#713 = ORIENTED_EDGE ( 'NONE', *, *, #3731, .F. ) ;
#714 = ORIENTED_EDGE ( 'NONE', *, *, #1059, .T. ) ;
#715 = CARTESIAN_POINT ( 'NONE',  ( -1.574011537017742768, 5.999999999999998224, 3.800000000000006484 ) ) ;
#716 = DIRECTION ( 'NONE',  ( 1.000000000000000000, 0.000000000000000000, 0.000000000000000000 ) ) ;
#717 = LINE ( 'NONE', #1790, #3341 ) ;
#718 = DIRECTION ( 'NONE',  ( 1.000000000000000000, -0.000000000000000000, -0.000000000000000000 ) ) ;
#719 = CARTESIAN_POINT ( 'NONE',  ( 6.000000000000000000, -6.000000000000000000, -2.485281374238573981 ) ) ;
#720 = PRODUCT_DEFINITION_SHAPE ( 'NONE', 'NONE',  #4440 ) ;
#721 =( REPRESENTATION_RELATIONSHIP ('NONE','NONE', #3899, #2875 ) REPRESENTATION_RELATIONSHIP_WITH_TRANSFORMATION ( #3483 )SHAPE_REPRESENTATION_RELATIONSHIP( ) );
#722 = DIRECTION ( 'NONE',  ( 1.000000000000000000, 0.000000000000000000, 0.000000000000000000 ) ) ;
#723 = PLANE ( 'NONE',  #1268 ) ;
#724 = VECTOR ( 'NONE', #1053, 999.9999999999998863 ) ;
#725 = EDGE_CURVE ( 'NONE', #3615, #1144, #1726, .T. ) ;
#726 = PRODUCT_CONTEXT ( 'NONE', #2704, 'mechanical' ) ;
#727 = CONTEXT_DEPENDENT_SHAPE_REPRESENTATION ( #4044, #2017 ) ;
#728 = CARTESIAN_POINT ( 'NONE',  ( 1312.826600409047614, 676.7814939935515213, 919.5428517890160265 ) ) ;
#729 = FACE_OUTER_BOUND ( 'NONE', #1415, .T. ) ;
#730 = CARTESIAN_POINT ( 'NONE',  ( 2.485281374238633934, 5.999999999999997335, 5.999999999999975131 ) ) ;
#731 = DIRECTION ( 'NONE',  ( 0.7071067811865531239, -1.744997059445915679E-16, 0.7071067811865420216 ) ) ;
#732 = ORIENTED_EDGE ( 'NONE', *, *, #2304, .T. ) ;
#733 = ITEM_DEFINED_TRANSFORMATION ( 'NONE', 'NONE', #3803,  #3602 ) ;
#734 = ORIENTED_EDGE ( 'NONE', *, *, #362, .T. ) ;
#735 = PRODUCT_DEFINITION_SHAPE ( 'NONE', 'NONE',  #4306 ) ;
#736 = FACE_OUTER_BOUND ( 'NONE', #2736, .T. ) ;
#737 = AXIS2_PLACEMENT_3D ( 'NONE', #1156, #1177, #3966 ) ;
#738 = EDGE_LOOP ( 'NONE', ( #2056, #4001, #61, #1585 ) ) ;
#739 = AXIS2_PLACEMENT_3D ( 'NONE', #1573, #2553, #2188 ) ;
#740 = DIRECTION ( 'NONE',  ( 1.000000000000000000, 0.000000000000000000, 0.000000000000000000 ) ) ;
#741 = CARTESIAN_POINT ( 'NONE',  ( -6.000000000000065725, -1.574011537017759421, -3.800000000000004263 ) ) ;
#742 = PLANE ( 'NONE',  #2010 ) ;
#743 = CARTESIAN_POINT ( 'NONE',  ( -3.799999999999982947, -6.000000000000045297, 1.574011537017758977 ) ) ;
#744 = CONTEXT_DEPENDENT_SHAPE_REPRESENTATION ( #2842, #3862 ) ;
#745 = DIRECTION ( 'NONE',  ( 0.000000000000000000, 0.000000000000000000, 1.000000000000000000 ) ) ;
#746 =( REPRESENTATION_RELATIONSHIP ('NONE','NONE', #3899, #2875 ) REPRESENTATION_RELATIONSHIP_WITH_TRANSFORMATION ( #2272 )SHAPE_REPRESENTATION_RELATIONSHIP( ) );
#747 = LINE ( 'NONE', #3330, #2364 ) ;
#748 = EDGE_CURVE ( 'NONE', #875, #3983, #4145, .T. ) ;
#749 = EDGE_CURVE ( 'NONE', #855, #3765, #1951, .T. ) ;
#750 = DIRECTION ( 'NONE',  ( 0.000000000000000000, 0.000000000000000000, 1.000000000000000000 ) ) ;
#751 = LINE ( 'NONE', #1480, #3152 ) ;
#752 = LINE ( 'NONE', #730, #1624 ) ;
#753 = DIRECTION ( 'NONE',  ( 0.5773502691896262862, -0.5773502691896231775, 0.5773502691896279515 ) ) ;
#754 = VERTEX_POINT ( 'NONE', #305 ) ;
#755 = VECTOR ( 'NONE', #114, 1000.000000000000000 ) ;
#756 = ITEM_DEFINED_TRANSFORMATION ( 'NONE', 'NONE', #4016,  #3602 ) ;
#757 = VECTOR ( 'NONE', #2630, 1000.000000000000000 ) ;
#758 = EDGE_LOOP ( 'NONE', ( #3297, #501, #816, #4198, #714, #3908, #2786, #1833 ) ) ;
#759 = ORIENTED_EDGE ( 'NONE', *, *, #4116, .T. ) ;
#760 = AXIS2_PLACEMENT_3D ( 'NONE', #2109, #1770, #1350 ) ;
#761 = LINE ( 'NONE', #3495, #724 ) ;
#762 = ORIENTED_EDGE ( 'NONE', *, *, #2916, .F. ) ;
#763 = VECTOR ( 'NONE', #3023, 1000.000000000000000 ) ;
#764 = EDGE_LOOP ( 'NONE', ( #2610, #961, #1641, #807 ) ) ;
#765 =( REPRESENTATION_RELATIONSHIP ('NONE','NONE', #3899, #2875 ) REPRESENTATION_RELATIONSHIP_WITH_TRANSFORMATION ( #1452 )SHAPE_REPRESENTATION_RELATIONSHIP( ) );
#766 = CARTESIAN_POINT ( 'NONE',  ( 6.000000000000000000, 1.574011537017762086, 3.800000000000004707 ) ) ;
#767 = DIRECTION ( 'NONE',  ( -0.000000000000000000, -0.000000000000000000, 1.000000000000000000 ) ) ;
#768 = DIRECTION ( 'NONE',  ( 0.000000000000000000, -6.888146287286515500E-16, 1.000000000000000000 ) ) ;
#769 = AXIS2_PLACEMENT_3D ( 'NONE', #1039, #119, #3819 ) ;
#770 = EDGE_CURVE ( 'NONE', #3961, #1709, #1679, .T. ) ;
#771 = ADVANCED_FACE ( 'NONE', ( #353, #1381 ), #4172, .T. ) ;
#772 = CARTESIAN_POINT ( 'NONE',  ( 1276.826600409047614, 700.7814939935515213, 919.5428517890160265 ) ) ;
#773 = DIRECTION ( 'NONE',  ( -0.7071067811865493491, 0.7071067811865456854, 2.467798507769592779E-16 ) ) ;
#774 = AXIS2_PLACEMENT_3D ( 'NONE', #918, #1315, #223 ) ;
#775 =( REPRESENTATION_RELATIONSHIP ('NONE','NONE', #3899, #2875 ) REPRESENTATION_RELATIONSHIP_WITH_TRANSFORMATION ( #2485 )SHAPE_REPRESENTATION_RELATIONSHIP( ) );
#776 = DIRECTION ( 'NONE',  ( 1.000000000000000000, 0.000000000000000000, 0.000000000000000000 ) ) ;
#777 = PRODUCT_DEFINITION_SHAPE ( 'NONE', 'NONE',  #4318 ) ;
#778 = CONTEXT_DEPENDENT_SHAPE_REPRESENTATION ( #2313, #1240 ) ;
#779 = CARTESIAN_POINT ( 'NONE',  ( 1312.826600409047614, 700.7814939935515213, 907.5428517890160265 ) ) ;
#780 = LINE ( 'NONE', #3732, #2346 ) ;
#781 = DIRECTION ( 'NONE',  ( 0.000000000000000000, -1.000000000000000000, -6.888146287286515500E-16 ) ) ;
#782 = PRODUCT_DEFINITION_SHAPE ( 'NONE', 'NONE',  #4488 ) ;
#783 = ORIENTED_EDGE ( 'NONE', *, *, #3130, .T. ) ;
#784 = AXIS2_PLACEMENT_3D ( 'NONE', #3415, #2049, #1042 ) ;
#785 = ITEM_DEFINED_TRANSFORMATION ( 'NONE', 'NONE', #161,  #3602 ) ;
#786 = ORIENTED_EDGE ( 'NONE', *, *, #42, .F. ) ;
#787 =( REPRESENTATION_RELATIONSHIP ('NONE','NONE', #3899, #2875 ) REPRESENTATION_RELATIONSHIP_WITH_TRANSFORMATION ( #1273 )SHAPE_REPRESENTATION_RELATIONSHIP( ) );
#788 = ORIENTED_EDGE ( 'NONE', *, *, #1255, .F. ) ;
#789 = CARTESIAN_POINT ( 'NONE',  ( -2.485281374238634822, -5.999999999999975131, -6.000000000000002665 ) ) ;
#790 = ADVANCED_FACE ( 'NONE', ( #4014 ), #514, .F. ) ;
#791 = ORIENTED_EDGE ( 'NONE', *, *, #1880, .F. ) ;
#792 = VECTOR ( 'NONE', #1419, 1000.000000000000000 ) ;
#793 = EDGE_CURVE ( 'NONE', #754, #4083, #3486, .T. ) ;
#794 = ORIENTED_EDGE ( 'NONE', *, *, #447, .F. ) ;
#795 = EDGE_CURVE ( 'NONE', #2880, #1219, #31, .T. ) ;
#796 = ORIENTED_EDGE ( 'NONE', *, *, #2945, .F. ) ;
#797 = FACE_OUTER_BOUND ( 'NONE', #2587, .T. ) ;
#798 = CARTESIAN_POINT ( 'NONE',  ( -5.570423279073613898, 5.570423279073589917, -3.344434816091367502 ) ) ;
#799 = LINE ( 'NONE', #3552, #192 ) ;
#800 = ITEM_DEFINED_TRANSFORMATION ( 'NONE', 'NONE', #1562,  #3602 ) ;
#801 = DIRECTION ( 'NONE',  ( 1.000000000000000000, 0.000000000000000000, 0.000000000000000000 ) ) ;
#802 = DIRECTION ( 'NONE',  ( -3.857361920880454734E-16, -3.489994118891836781E-16, 1.000000000000000000 ) ) ;
#803 = DIRECTION ( 'NONE',  ( 0.000000000000000000, 0.000000000000000000, 1.000000000000000000 ) ) ;
#804 = DIRECTION ( 'NONE',  ( 0.000000000000000000, 0.000000000000000000, 1.000000000000000000 ) ) ;
#805 = DIRECTION ( 'NONE',  ( 0.000000000000000000, -1.744997059445918884E-16, 1.000000000000000000 ) ) ;
#806 = CARTESIAN_POINT ( 'NONE',  ( -6.000000000000014211, -6.000000000000000000, -2.485281374238540675 ) ) ;
#807 = ORIENTED_EDGE ( 'NONE', *, *, #68, .T. ) ;
#808 = ORIENTED_EDGE ( 'NONE', *, *, #428, .T. ) ;
#809 = CARTESIAN_POINT ( 'NONE',  ( -6.000000000000001776, 2.485281374238572649, -6.000000000000000888 ) ) ;
#810 = VERTEX_POINT ( 'NONE', #56 ) ;
#811 =( REPRESENTATION_RELATIONSHIP ('NONE','NONE', #3899, #2875 ) REPRESENTATION_RELATIONSHIP_WITH_TRANSFORMATION ( #1423 )SHAPE_REPRESENTATION_RELATIONSHIP( ) );
#812 = VERTEX_POINT ( 'NONE', #1853 ) ;
#813 = ORIENTED_EDGE ( 'NONE', *, *, #1787, .F. ) ;
#814 = PLANE ( 'NONE',  #2305 ) ;
#815 = AXIS2_PLACEMENT_3D ( 'NONE', #610, #253, #2960 ) ;
#816 = ORIENTED_EDGE ( 'NONE', *, *, #1595, .T. ) ;
#817 = LINE ( 'NONE', #4185, #338 ) ;
#818 = PRODUCT_DEFINITION_SHAPE ( 'NONE', 'NONE',  #4309 ) ;
#819 = AXIS2_PLACEMENT_3D ( 'NONE', #2762, #4160, #1031 ) ;
#820 = DIRECTION ( 'NONE',  ( 1.000000000000000000, 0.000000000000000000, 0.000000000000000000 ) ) ;
#821 = FACE_BOUND ( 'NONE', #3699, .T. ) ;
#822 = ITEM_DEFINED_TRANSFORMATION ( 'NONE', 'NONE', #2488,  #3602 ) ;
#823 = VECTOR ( 'NONE', #2256, 1000.000000000000000 ) ;
#824 = PRODUCT_DEFINITION_SHAPE ( 'NONE', 'NONE',  #4455 ) ;
#825 = DIRECTION ( 'NONE',  ( 0.000000000000000000, 0.000000000000000000, 1.000000000000000000 ) ) ;
#826 = DIRECTION ( 'NONE',  ( 0.7071067811865472397, 2.098680354916826402E-15, 0.7071067811865479058 ) ) ;
#827 = AXIS2_PLACEMENT_3D ( 'NONE', #3005, #2201, #3705 ) ;
#828 =( REPRESENTATION_RELATIONSHIP ('NONE','NONE', #3899, #2875 ) REPRESENTATION_RELATIONSHIP_WITH_TRANSFORMATION ( #2902 )SHAPE_REPRESENTATION_RELATIONSHIP( ) );
#829 = EDGE_CURVE ( 'NONE', #4017, #3963, #751, .T. ) ;
#830 = ORIENTED_EDGE ( 'NONE', *, *, #84, .F. ) ;
#831 = LINE ( 'NONE', #2176, #3852 ) ;
#832 = DIRECTION ( 'NONE',  ( -0.000000000000000000, -1.377629257457303149E-16, 1.000000000000000000 ) ) ;
#833 = VECTOR ( 'NONE', #474, 1000.000000000000114 ) ;
#834 = ORIENTED_EDGE ( 'NONE', *, *, #924, .T. ) ;
#835 = ORIENTED_EDGE ( 'NONE', *, *, #3742, .F. ) ;
#836 = ADVANCED_FACE ( 'NONE', ( #2555 ), #1091, .T. ) ;
#837 = VECTOR ( 'NONE', #2847, 1000.000000000000114 ) ;
#838 = ORIENTED_EDGE ( 'NONE', *, *, #3629, .T. ) ;
#839 = FACE_OUTER_BOUND ( 'NONE', #247, .T. ) ;
#840 = ITEM_DEFINED_TRANSFORMATION ( 'NONE', 'NONE', #2407,  #3602 ) ;
#841 = DIRECTION ( 'NONE',  ( 0.000000000000000000, 0.000000000000000000, 1.000000000000000000 ) ) ;
#842 = VECTOR ( 'NONE', #2799, 1000.000000000000000 ) ;
#843 = CARTESIAN_POINT ( 'NONE',  ( -4.457429047582517789, 4.457429047582453840, 5.570423279073622780 ) ) ;
#844 = DIRECTION ( 'NONE',  ( 0.000000000000000000, 0.7071067811865477948, -0.7071067811865473507 ) ) ;
#845 = VECTOR ( 'NONE', #967, 1000.000000000000000 ) ;
#846 = CONTEXT_DEPENDENT_SHAPE_REPRESENTATION ( #304, #273 ) ;
#847 = ADVANCED_FACE ( 'NONE', ( #729 ), #1455, .F. ) ;
#848 = CARTESIAN_POINT ( 'NONE',  ( 1312.826600409047614, 688.7814939935515213, 931.5428517890160265 ) ) ;
#849 = PRODUCT_DEFINITION_SHAPE ( 'NONE', 'NONE',  #4394 ) ;
#850 = CARTESIAN_POINT ( 'NONE',  ( -1.574011537017759421, -3.800000000000001155, -6.000000000000007994 ) ) ;
#851 = DIRECTION ( 'NONE',  ( -0.4082482904638627952, 0.4082482904638664034, 0.8164965809277245912 ) ) ;
#852 = ITEM_DEFINED_TRANSFORMATION ( 'NONE', 'NONE', #134,  #3602 ) ;
#853 = ITEM_DEFINED_TRANSFORMATION ( 'NONE', 'NONE', #3292,  #3602 ) ;
#854 = CARTESIAN_POINT ( 'NONE',  ( 1.574011537017782514, -6.000000000000032863, 3.799999999999999822 ) ) ;
#855 = VERTEX_POINT ( 'NONE', #2848 ) ;
#856 = EDGE_CURVE ( 'NONE', #2150, #875, #3900, .T. ) ;
#857 = ORIENTED_EDGE ( 'NONE', *, *, #1881, .F. ) ;
#858 = AXIS2_PLACEMENT_3D ( 'NONE', #3733, #4015, #1290 ) ;
#859 = ORIENTED_EDGE ( 'NONE', *, *, #3588, .T. ) ;
#860 = DIRECTION ( 'NONE',  ( 0.8164965809277258124, -0.4082482904638651822, 0.4082482904638616295 ) ) ;
#861 = PRODUCT_DEFINITION_SHAPE ( 'NONE', 'NONE',  #4454 ) ;
#862 = CONTEXT_DEPENDENT_SHAPE_REPRESENTATION ( #1215, #1847 ) ;
#863 = DIRECTION ( 'NONE',  ( 0.000000000000000000, 0.000000000000000000, 1.000000000000000000 ) ) ;
#864 = CARTESIAN_POINT ( 'NONE',  ( -3.799999999999999378, -1.574011537017763196, -6.000000000000007994 ) ) ;
#865 = CARTESIAN_POINT ( 'NONE',  ( -6.000000000000065725, -1.574011537017763640, 3.800000000000002043 ) ) ;
#866 = CONTEXT_DEPENDENT_SHAPE_REPRESENTATION ( #3008, #3077 ) ;
#867 = DIRECTION ( 'NONE',  ( 1.000000000000000000, 0.000000000000000000, 0.000000000000000000 ) ) ;
#868 = LINE ( 'NONE', #218, #248 ) ;
#869 = CARTESIAN_POINT ( 'NONE',  ( 6.741996154327448920, 6.741996154327420498, -4.516007691345206965 ) ) ;
#870 =( REPRESENTATION_RELATIONSHIP ('NONE','NONE', #3899, #2875 ) REPRESENTATION_RELATIONSHIP_WITH_TRANSFORMATION ( #1438 )SHAPE_REPRESENTATION_RELATIONSHIP( ) );
#871 = ADVANCED_FACE ( 'NONE', ( #473, #73 ), #1778, .F. ) ;
#872 = DIRECTION ( 'NONE',  ( 0.000000000000000000, 0.000000000000000000, 1.000000000000000000 ) ) ;
#873 = ITEM_DEFINED_TRANSFORMATION ( 'NONE', 'NONE', #1241,  #3602 ) ;
#874 = CARTESIAN_POINT ( 'NONE',  ( -4.457429047582517789, 4.457429047582453840, -5.570423279073622780 ) ) ;
#875 = VERTEX_POINT ( 'NONE', #2144 ) ;
#876 = VECTOR ( 'NONE', #409, 1000.000000000000000 ) ;
#877 = ORIENTED_EDGE ( 'NONE', *, *, #1201, .F. ) ;
#878 = VERTEX_POINT ( 'NONE', #3509 ) ;
#879 = CARTESIAN_POINT ( 'NONE',  ( 2.485281374238594854, -5.999999999999990230, -6.000000000000000888 ) ) ;
#880 = PRODUCT_DEFINITION_SHAPE ( 'NONE', 'NONE',  #4380 ) ;
#881 = DIRECTION ( 'NONE',  ( 0.000000000000000000, 0.000000000000000000, 1.000000000000000000 ) ) ;
#882 = FACE_OUTER_BOUND ( 'NONE', #2688, .T. ) ;
#883 = CARTESIAN_POINT ( 'NONE',  ( 3.799999999999980727, 5.999999999999997335, 1.574011537017768081 ) ) ;
#884 = AXIS2_PLACEMENT_3D ( 'NONE', #3020, #1981, #1980 ) ;
#885 = ITEM_DEFINED_TRANSFORMATION ( 'NONE', 'NONE', #2021,  #3602 ) ;
#886 = CONTEXT_DEPENDENT_SHAPE_REPRESENTATION ( #895, #1099 ) ;
#887 = PRODUCT_DEFINITION_SHAPE ( 'NONE', 'NONE',  #4329 ) ;
#888 = DIRECTION ( 'NONE',  ( 1.000000000000000000, 0.000000000000000000, 0.000000000000000000 ) ) ;
#889 = EDGE_CURVE ( 'NONE', #3636, #3982, #780, .T. ) ;
#890 = DIRECTION ( 'NONE',  ( -0.5773502691896262862, 0.5773502691896230665, -0.5773502691896279515 ) ) ;
#891 = PLANE ( 'NONE',  #901 ) ;
#892 = DIRECTION ( 'NONE',  ( 0.000000000000000000, 0.000000000000000000, 1.000000000000000000 ) ) ;
#893 = CONTEXT_DEPENDENT_SHAPE_REPRESENTATION ( #4065, #3253 ) ;
#894 = FACE_OUTER_BOUND ( 'NONE', #3257, .T. ) ;
#895 =( REPRESENTATION_RELATIONSHIP ('NONE','NONE', #3899, #2875 ) REPRESENTATION_RELATIONSHIP_WITH_TRANSFORMATION ( #1572 )SHAPE_REPRESENTATION_RELATIONSHIP( ) );
#896 = FACE_OUTER_BOUND ( 'NONE', #3591, .T. ) ;
#897 = VERTEX_POINT ( 'NONE', #2873 ) ;
#898 = ORIENTED_EDGE ( 'NONE', *, *, #2452, .F. ) ;
#899 = VECTOR ( 'NONE', #900, 999.9999999999998863 ) ;
#900 = DIRECTION ( 'NONE',  ( 0.000000000000000000, 0.7071067811865479058, -0.7071067811865472397 ) ) ;
#901 = AXIS2_PLACEMENT_3D ( 'NONE', #1271, #4037, #3691 ) ;
#902 = ITEM_DEFINED_TRANSFORMATION ( 'NONE', 'NONE', #2692,  #3602 ) ;
#903 = VECTOR ( 'NONE', #376, 1000.000000000000000 ) ;
#904 = DIRECTION ( 'NONE',  ( 1.000000000000000000, 0.000000000000000000, 0.000000000000000000 ) ) ;
#905 = CARTESIAN_POINT ( 'NONE',  ( -5.570423279073612122, -4.457429047582495585, 4.457429047582469828 ) ) ;
#906 = FACE_OUTER_BOUND ( 'NONE', #1864, .T. ) ;
#907 = EDGE_CURVE ( 'NONE', #3225, #2060, #2534, .T. ) ;
#908 = ITEM_DEFINED_TRANSFORMATION ( 'NONE', 'NONE', #1930,  #3602 ) ;
#909 = ADVANCED_FACE ( 'NONE', ( #3534 ), #2824, .F. ) ;
#910 = MECHANICAL_DESIGN_GEOMETRIC_PRESENTATION_REPRESENTATION (  '', ( #2877 ), #1697 ) ;
#911 = DIRECTION ( 'NONE',  ( 0.000000000000000000, 0.000000000000000000, 1.000000000000000000 ) ) ;
#912 = DIRECTION ( 'NONE',  ( -0.7071067811865474617, -0.7071067811865476838, -3.701697761654380541E-16 ) ) ;
#913 =( REPRESENTATION_RELATIONSHIP ('NONE','NONE', #3899, #2875 ) REPRESENTATION_RELATIONSHIP_WITH_TRANSFORMATION ( #1896 )SHAPE_REPRESENTATION_RELATIONSHIP( ) );
#914 = LINE ( 'NONE', #169, #837 ) ;
#915 = VECTOR ( 'NONE', #3451, 1000.000000000000000 ) ;
#916 = DIRECTION ( 'NONE',  ( 1.000000000000000000, 0.000000000000000000, 0.000000000000000000 ) ) ;
#917 = CONTEXT_DEPENDENT_SHAPE_REPRESENTATION ( #3677, #1022 ) ;
#918 = CARTESIAN_POINT ( 'NONE',  ( -6.741996154327466684, -6.741996154327438262, -4.516007691345223840 ) ) ;
#919 = PRODUCT_DEFINITION_SHAPE ( 'NONE', 'NONE',  #4385 ) ;
#920 = VECTOR ( 'NONE', #2776, 1000.000000000000114 ) ;
#921 = EDGE_LOOP ( 'NONE', ( #808, #3804, #2035 ) ) ;
#922 = ORIENTED_EDGE ( 'NONE', *, *, #2999, .F. ) ;
#923 = PRODUCT_DEFINITION_SHAPE ( 'NONE', 'NONE',  #4337 ) ;
#924 = EDGE_CURVE ( 'NONE', #2178, #1827, #3223, .T. ) ;
#925 = EDGE_CURVE ( 'NONE', #3053, #2150, #3872, .T. ) ;
#926 = AXIS2_PLACEMENT_3D ( 'NONE', #3844, #3434, #3070 ) ;
#927 = CONTEXT_DEPENDENT_SHAPE_REPRESENTATION ( #1267, #1174 ) ;
#928 = DIRECTION ( 'NONE',  ( 1.000000000000000000, 0.000000000000000000, 0.000000000000000000 ) ) ;
#929 = ORIENTED_EDGE ( 'NONE', *, *, #2856, .F. ) ;
#930 = CARTESIAN_POINT ( 'NONE',  ( 3.799999999999982947, 5.999999999999999112, -1.574011537017757645 ) ) ;
#931 = DIRECTION ( 'NONE',  ( -0.7071067811865479058, 0.7071067811865472397, 2.738361294305195722E-15 ) ) ;
#932 = VECTOR ( 'NONE', #1552, 1000.000000000000000 ) ;
#933 = CONTEXT_DEPENDENT_SHAPE_REPRESENTATION ( #656, #2113 ) ;
#934 = DIRECTION ( 'NONE',  ( 0.000000000000000000, 0.000000000000000000, 1.000000000000000000 ) ) ;
#935 = CARTESIAN_POINT ( 'NONE',  ( -1.574011537017762530, 3.799999999999998934, -6.000000000000007994 ) ) ;
#936 = DIRECTION ( 'NONE',  ( 0.000000000000000000, 0.000000000000000000, 1.000000000000000000 ) ) ;
#937 = DIRECTION ( 'NONE',  ( 1.000000000000000000, 0.000000000000000000, 0.000000000000000000 ) ) ;
#938 = DIRECTION ( 'NONE',  ( 0.5773502691896262862, -0.5773502691896231775, -0.5773502691896279515 ) ) ;
#939 = EDGE_LOOP ( 'NONE', ( #1049, #1466, #356, #1389, #2539, #2491, #3359, #4178 ) ) ;
#940 = ORIENTED_EDGE ( 'NONE', *, *, #770, .F. ) ;
#941 = VECTOR ( 'NONE', #2153, 1000.000000000000000 ) ;
#942 = CARTESIAN_POINT ( 'NONE',  ( 1288.826600409047614, 700.7814939935515213, 895.5428517890160265 ) ) ;
#943 = LINE ( 'NONE', #4088, #215 ) ;
#944 = CARTESIAN_POINT ( 'NONE',  ( 6.000000000000000000, -6.000000000000000000, 2.485281374238571317 ) ) ;
#945 =( NAMED_UNIT ( * ) PLANE_ANGLE_UNIT ( ) SI_UNIT ( $, .RADIAN. ) );
#946 = ITEM_DEFINED_TRANSFORMATION ( 'NONE', 'NONE', #40,  #3602 ) ;
#947 =( REPRESENTATION_RELATIONSHIP ('NONE','NONE', #3899, #2875 ) REPRESENTATION_RELATIONSHIP_WITH_TRANSFORMATION ( #1556 )SHAPE_REPRESENTATION_RELATIONSHIP( ) );
#948 = CARTESIAN_POINT ( 'NONE',  ( 1312.826600409047614, 652.7814939935514076, 871.5428517890160265 ) ) ;
#949 = PRODUCT_DEFINITION_SHAPE ( 'NONE', 'NONE',  #4371 ) ;
#950 = LINE ( 'NONE', #3433, #2257 ) ;
#951 = AXIS2_PLACEMENT_3D ( 'NONE', #528, #3388, #3347 ) ;
#952 = DIRECTION ( 'NONE',  ( 1.000000000000000000, 0.000000000000000000, 0.000000000000000000 ) ) ;
#953 = DIRECTION ( 'NONE',  ( 0.000000000000000000, 0.000000000000000000, 1.000000000000000000 ) ) ;
#954 = CONTEXT_DEPENDENT_SHAPE_REPRESENTATION ( #2881, #919 ) ;
#955 = AXIS2_PLACEMENT_3D ( 'NONE', #2780, #750, #3196 ) ;
#956 = PRODUCT_DEFINITION_SHAPE ( 'NONE', 'NONE',  #4349 ) ;
#957 = ITEM_DEFINED_TRANSFORMATION ( 'NONE', 'NONE', #2737,  #3602 ) ;
#958 = DIRECTION ( 'NONE',  ( -0.7071067811865472397, -0.7071067811865479058, 0.000000000000000000 ) ) ;
#959 = ORIENTED_EDGE ( 'NONE', *, *, #4022, .T. ) ;
#960 = EDGE_CURVE ( 'NONE', #3983, #3783, #2169, .T. ) ;
#961 = ORIENTED_EDGE ( 'NONE', *, *, #3875, .F. ) ;
#962 = VECTOR ( 'NONE', #2967, 1000.000000000000000 ) ;
#963 = CONTEXT_DEPENDENT_SHAPE_REPRESENTATION ( #27, #3365 ) ;
#964 = SHAPE_REPRESENTATION_RELATIONSHIP ( 'NONE' , 'NONE' ,  #2875, #1598 ) ;
#965 = CARTESIAN_POINT ( 'NONE',  ( 1288.826600409047614, 676.7814939935515213, 907.5428517890160265 ) ) ;
#966 = VERTEX_POINT ( 'NONE', #1824 ) ;
#967 = DIRECTION ( 'NONE',  ( 0.000000000000000000, 0.000000000000000000, -1.000000000000000000 ) ) ;
#968 = DIRECTION ( 'NONE',  ( 0.5773502691896262862, 0.5773502691896231775, -0.5773502691896279515 ) ) ;
#969 = VECTOR ( 'NONE', #2643, 1000.000000000000114 ) ;
#970 = DIRECTION ( 'NONE',  ( 0.000000000000000000, 0.000000000000000000, 1.000000000000000000 ) ) ;
#971 = AXIS2_PLACEMENT_3D ( 'NONE', #2639, #4094, #1594 ) ;
#972 = FACE_OUTER_BOUND ( 'NONE', #1247, .T. ) ;
#973 =( REPRESENTATION_RELATIONSHIP ('NONE','NONE', #3899, #2875 ) REPRESENTATION_RELATIONSHIP_WITH_TRANSFORMATION ( #2959 )SHAPE_REPRESENTATION_RELATIONSHIP( ) );
#974 = ADVANCED_FACE ( 'NONE', ( #98 ), #122, .F. ) ;
#975 = CARTESIAN_POINT ( 'NONE',  ( 1336.826600409047614, 676.7814939935515213, 883.5428517890160265 ) ) ;
#976 = ITEM_DEFINED_TRANSFORMATION ( 'NONE', 'NONE', #3363,  #3602 ) ;
#977 = EDGE_CURVE ( 'NONE', #2584, #1982, #3605, .T. ) ;
#978 = DIRECTION ( 'NONE',  ( -3.491481338843133750E-15, 1.000000000000000000, 5.234991178337752214E-16 ) ) ;
#979 = ITEM_DEFINED_TRANSFORMATION ( 'NONE', 'NONE', #2940,  #3602 ) ;
#980 = LINE ( 'NONE', #605, #2661 ) ;
#981 = AXIS2_PLACEMENT_3D ( 'NONE', #1497, #2995, #1202 ) ;
#982 = ORIENTED_EDGE ( 'NONE', *, *, #725, .F. ) ;
#983 = ORIENTED_EDGE ( 'NONE', *, *, #4069, .F. ) ;
#984 = VECTOR ( 'NONE', #4173, 1000.000000000000000 ) ;
#985 = PRODUCT_DEFINITION_SHAPE ( 'NONE', 'NONE',  #4427 ) ;
#986 = CARTESIAN_POINT ( 'NONE',  ( 1300.826600409047614, 664.7814939935515213, 919.5428517890160265 ) ) ;
#987 = LINE ( 'NONE', #2910, #2138 ) ;
#988 = LINE ( 'NONE', #1113, #3532 ) ;
#989 = DIRECTION ( 'NONE',  ( 1.000000000000000000, 0.000000000000000000, -1.012098294478630793E-14 ) ) ;
#990 = AXIS2_PLACEMENT_3D ( 'NONE', #166, #121, #1876 ) ;
#991 =( REPRESENTATION_RELATIONSHIP ('NONE','NONE', #3899, #2875 ) REPRESENTATION_RELATIONSHIP_WITH_TRANSFORMATION ( #3374 )SHAPE_REPRESENTATION_RELATIONSHIP( ) );
#992 = PRODUCT_DEFINITION_SHAPE ( 'NONE', 'NONE',  #4332 ) ;
#993 = DIRECTION ( 'NONE',  ( 1.000000000000000000, 0.000000000000000000, 0.000000000000000000 ) ) ;
#994 =( REPRESENTATION_RELATIONSHIP ('NONE','NONE', #3899, #2875 ) REPRESENTATION_RELATIONSHIP_WITH_TRANSFORMATION ( #2753 )SHAPE_REPRESENTATION_RELATIONSHIP( ) );
#995 = CARTESIAN_POINT ( 'NONE',  ( 3.800000000000001155, 1.574011537017763640, -6.000000000000007994 ) ) ;
#996 = CARTESIAN_POINT ( 'NONE',  ( 1288.826600409047614, 688.7814939935515213, 871.5428517890160265 ) ) ;
#997 = DIRECTION ( 'NONE',  ( 1.000000000000000000, 0.000000000000000000, 0.000000000000000000 ) ) ;
#998 = ITEM_DEFINED_TRANSFORMATION ( 'NONE', 'NONE', #819,  #3602 ) ;
#999 = DIRECTION ( 'NONE',  ( -0.7071067811865476838, 0.7071067811865474617, 0.000000000000000000 ) ) ;
#1000 = ITEM_DEFINED_TRANSFORMATION ( 'NONE', 'NONE', #3992,  #3602 ) ;
#1001 = LINE ( 'NONE', #1093, #699 ) ;
#1002 = ADVANCED_FACE ( 'NONE', ( #2900 ), #4157, .F. ) ;
#1003 = VERTEX_POINT ( 'NONE', #1877 ) ;
#1004 = ITEM_DEFINED_TRANSFORMATION ( 'NONE', 'NONE', #3549,  #3602 ) ;
#1005 = ORIENTED_EDGE ( 'NONE', *, *, #4209, .T. ) ;
#1006 = ORIENTED_EDGE ( 'NONE', *, *, #2542, .T. ) ;
#1007 =( REPRESENTATION_RELATIONSHIP ('NONE','NONE', #3899, #2875 ) REPRESENTATION_RELATIONSHIP_WITH_TRANSFORMATION ( #682 )SHAPE_REPRESENTATION_RELATIONSHIP( ) );
#1008 = DIRECTION ( 'NONE',  ( 1.000000000000000000, 0.000000000000000000, 0.000000000000000000 ) ) ;
#1009 = EDGE_LOOP ( 'NONE', ( #1100, #3299, #3547, #2175 ) ) ;
#1010 = LINE ( 'NONE', #3790, #1945 ) ;
#1011 = CARTESIAN_POINT ( 'NONE',  ( -6.000000000000065725, -1.574011537017759421, -3.800000000000004263 ) ) ;
#1012 = AXIS2_PLACEMENT_3D ( 'NONE', #4166, #1038, #3045 ) ;
#1013 = CARTESIAN_POINT ( 'NONE',  ( 1276.826600409047614, 652.7814939935514076, 931.5428517890160265 ) ) ;
#1014 = LINE ( 'NONE', #1306, #1528 ) ;
#1015 = DIRECTION ( 'NONE',  ( 0.000000000000000000, 0.000000000000000000, 1.000000000000000000 ) ) ;
#1016 = CARTESIAN_POINT ( 'NONE',  ( 1336.826600409047614, 676.7814939935515213, 919.5428517890160265 ) ) ;
#1017 = EDGE_CURVE ( 'NONE', #565, #2812, #1251, .T. ) ;
#1018 = CARTESIAN_POINT ( 'NONE',  ( 1312.826600409047614, 664.7814939935515213, 895.5428517890160265 ) ) ;
#1019 = AXIS2_PLACEMENT_3D ( 'NONE', #965, #4006, #187 ) ;
#1020 = CARTESIAN_POINT ( 'NONE',  ( -1.574011537017759421, -3.800000000000001155, -6.000000000000007994 ) ) ;
#1021 = DIRECTION ( 'NONE',  ( 0.000000000000000000, 0.7071067811865473507, 0.7071067811865477948 ) ) ;
#1022 = PRODUCT_DEFINITION_SHAPE ( 'NONE', 'NONE',  #4476 ) ;
#1023 = CONTEXT_DEPENDENT_SHAPE_REPRESENTATION ( #283, #3463 ) ;
#1024 = DIRECTION ( 'NONE',  ( -0.5773502691896262862, -0.5773502691896231775, -0.5773502691896279515 ) ) ;
#1025 = ORIENTED_EDGE ( 'NONE', *, *, #2542, .F. ) ;
#1026 = AXIS2_PLACEMENT_3D ( 'NONE', #1819, #1472, #2866 ) ;
#1027 = ITEM_DEFINED_TRANSFORMATION ( 'NONE', 'NONE', #2896,  #3602 ) ;
#1028 = ORIENTED_EDGE ( 'NONE', *, *, #1494, .T. ) ;
#1029 = VERTEX_POINT ( 'NONE', #4056 ) ;
#1030 = DIRECTION ( 'NONE',  ( 1.377629257457303889E-16, -1.000000000000000000, 0.000000000000000000 ) ) ;
#1031 = DIRECTION ( 'NONE',  ( 1.000000000000000000, 0.000000000000000000, 0.000000000000000000 ) ) ;
#1032 = PLANE ( 'NONE',  #1354 ) ;
#1033 = LINE ( 'NONE', #19, #915 ) ;
#1034 =( REPRESENTATION_RELATIONSHIP ('NONE','NONE', #3899, #2875 ) REPRESENTATION_RELATIONSHIP_WITH_TRANSFORMATION ( #2254 )SHAPE_REPRESENTATION_RELATIONSHIP( ) );
#1035 = DIRECTION ( 'NONE',  ( 0.000000000000000000, 0.000000000000000000, 1.000000000000000000 ) ) ;
#1036 = DIRECTION ( 'NONE',  ( 1.000000000000000000, 0.000000000000000000, 0.000000000000000000 ) ) ;
#1037 = CONTEXT_DEPENDENT_SHAPE_REPRESENTATION ( #349, #735 ) ;
#1038 = DIRECTION ( 'NONE',  ( 0.8164965809277257014, -0.4082482904638651267, 0.4082482904638616295 ) ) ;
#1039 = CARTESIAN_POINT ( 'NONE',  ( -4.516007691345214070, -6.741996154327436486, -6.741996154327472013 ) ) ;
#1040 = EDGE_CURVE ( 'NONE', #129, #3157, #596, .T. ) ;
#1041 = EDGE_CURVE ( 'NONE', #3179, #3128, #3996, .T. ) ;
#1042 = DIRECTION ( 'NONE',  ( 1.000000000000000000, 0.000000000000000000, 0.000000000000000000 ) ) ;
#1043 = VECTOR ( 'NONE', #2303, 1000.000000000000114 ) ;
#1044 = DIRECTION ( 'NONE',  ( 1.000000000000000000, 0.000000000000000000, 0.000000000000000000 ) ) ;
#1045 = DIRECTION ( 'NONE',  ( -0.5773502691896313932, 0.5773502691896242878, 0.5773502691896216232 ) ) ;
#1046 = CONTEXT_DEPENDENT_SHAPE_REPRESENTATION ( #2796, #1062 ) ;
#1047 = LINE ( 'NONE', #2412, #2591 ) ;
#1048 = ORIENTED_EDGE ( 'NONE', *, *, #3645, .F. ) ;
#1049 = ORIENTED_EDGE ( 'NONE', *, *, #693, .F. ) ;
#1050 = VECTOR ( 'NONE', #3922, 1000.000000000000114 ) ;
#1051 = VERTEX_POINT ( 'NONE', #1576 ) ;
#1052 = AXIS2_PLACEMENT_3D ( 'NONE', #45, #1791, #1420 ) ;
#1053 = DIRECTION ( 'NONE',  ( 0.7071067811865479058, -0.7071067811865472397, -3.701697761654378076E-16 ) ) ;
#1054 =( REPRESENTATION_RELATIONSHIP ('NONE','NONE', #3899, #2875 ) REPRESENTATION_RELATIONSHIP_WITH_TRANSFORMATION ( #3218 )SHAPE_REPRESENTATION_RELATIONSHIP( ) );
#1055 = CARTESIAN_POINT ( 'NONE',  ( 1300.826600409047614, 676.7814939935515213, 931.5428517890160265 ) ) ;
#1056 = DIRECTION ( 'NONE',  ( 0.000000000000000000, -0.7071067811865479058, 0.7071067811865472397 ) ) ;
#1057 = LINE ( 'NONE', #2447, #489 ) ;
#1058 = CARTESIAN_POINT ( 'NONE',  ( 6.741996154327448920, -4.516007691345188313, 6.741996154327455137 ) ) ;
#1059 = EDGE_CURVE ( 'NONE', #2537, #3207, #4013, .T. ) ;
#1060 = VECTOR ( 'NONE', #497, 1000.000000000000000 ) ;
#1061 = EDGE_CURVE ( 'NONE', #2154, #3489, #1287, .T. ) ;
#1062 = PRODUCT_DEFINITION_SHAPE ( 'NONE', 'NONE',  #4486 ) ;
#1063 = CARTESIAN_POINT ( 'NONE',  ( 1276.826600409047614, 664.7814939935515213, 907.5428517890160265 ) ) ;
#1064 = CARTESIAN_POINT ( 'NONE',  ( 3.800000000000001155, 1.574011537017763640, 5.999999999999999112 ) ) ;
#1065 = CARTESIAN_POINT ( 'NONE',  ( -6.000000000000000000, -3.800000000000002487, 0.000000000000000000 ) ) ;
#1066 = DIRECTION ( 'NONE',  ( 0.000000000000000000, 0.000000000000000000, 1.000000000000000000 ) ) ;
#1067 = ITEM_DEFINED_TRANSFORMATION ( 'NONE', 'NONE', #955,  #3602 ) ;
#1068 = AXIS2_PLACEMENT_3D ( 'NONE', #1953, #1272, #2988 ) ;
#1069 = DIRECTION ( 'NONE',  ( 0.000000000000000000, 0.000000000000000000, 1.000000000000000000 ) ) ;
#1070 = CARTESIAN_POINT ( 'NONE',  ( -1.574011537017757423, 3.800000000000003819, -3.800000000000012257 ) ) ;
#1071 = DIRECTION ( 'NONE',  ( -0.7071067811865479058, 0.7071067811865472397, -2.738361294305195722E-15 ) ) ;
#1072 = CARTESIAN_POINT ( 'NONE',  ( 3.799999999999964295, 3.800000000000000711, 1.574011537017768081 ) ) ;
#1073 = EDGE_LOOP ( 'NONE', ( #2650, #133, #3905 ) ) ;
#1074 = CONTEXT_DEPENDENT_SHAPE_REPRESENTATION ( #3879, #3480 ) ;
#1075 = CONTEXT_DEPENDENT_SHAPE_REPRESENTATION ( #2497, #1279 ) ;
#1076 = VERTEX_POINT ( 'NONE', #1228 ) ;
#1077 = ORIENTED_EDGE ( 'NONE', *, *, #795, .T. ) ;
#1078 = LINE ( 'NONE', #13, #2685 ) ;
#1079 = DIRECTION ( 'NONE',  ( 1.000000000000000000, 0.000000000000000000, 0.000000000000000000 ) ) ;
#1080 = DIRECTION ( 'NONE',  ( -0.4082482904638611854, 0.8164965809277280329, 0.4082482904638611299 ) ) ;
#1081 = PLANE ( 'NONE',  #1052 ) ;
#1082 = CARTESIAN_POINT ( 'NONE',  ( -3.799999999999982947, -6.000000000000045297, 1.574011537017758977 ) ) ;
#1083 = PRODUCT_DEFINITION_SHAPE ( 'NONE', 'NONE',  #4445 ) ;
#1084 = CONTEXT_DEPENDENT_SHAPE_REPRESENTATION ( #3318, #1580 ) ;
#1085 = DIRECTION ( 'NONE',  ( 0.000000000000000000, 0.000000000000000000, 1.000000000000000000 ) ) ;
#1086 = CARTESIAN_POINT ( 'NONE',  ( -4.516007691345212294, 6.741996154327434709, 6.741996154327471125 ) ) ;
#1087 = AXIS2_PLACEMENT_3D ( 'NONE', #4165, #1740, #23 ) ;
#1088 = VECTOR ( 'NONE', #2240, 1000.000000000000000 ) ;
#1089 = DIRECTION ( 'NONE',  ( 0.000000000000000000, 0.000000000000000000, 1.000000000000000000 ) ) ;
#1090 = DIRECTION ( 'NONE',  ( 1.000000000000000000, 0.000000000000000000, 0.000000000000000000 ) ) ;
#1091 = PLANE ( 'NONE',  #1392 ) ;
#1092 = CARTESIAN_POINT ( 'NONE',  ( 6.000000000000000000, -2.617495589168878276E-15, 3.800000000000003375 ) ) ;
#1093 = CARTESIAN_POINT ( 'NONE',  ( -6.000000000000000000, 2.485281374238572205, -5.999999999999999112 ) ) ;
#1094 = ORIENTED_EDGE ( 'NONE', *, *, #2778, .F. ) ;
#1095 = CONTEXT_DEPENDENT_SHAPE_REPRESENTATION ( #4080, #506 ) ;
#1096 = ITEM_DEFINED_TRANSFORMATION ( 'NONE', 'NONE', #3786,  #3602 ) ;
#1097 = ORIENTED_EDGE ( 'NONE', *, *, #2730, .F. ) ;
#1098 =( REPRESENTATION_RELATIONSHIP ('NONE','NONE', #3899, #2875 ) REPRESENTATION_RELATIONSHIP_WITH_TRANSFORMATION ( #1298 )SHAPE_REPRESENTATION_RELATIONSHIP( ) );
#1099 = PRODUCT_DEFINITION_SHAPE ( 'NONE', 'NONE',  #4297 ) ;
#1100 = ORIENTED_EDGE ( 'NONE', *, *, #1390, .F. ) ;
#1101 = CARTESIAN_POINT ( 'NONE',  ( 6.000000000000000000, 2.485281374238570429, 6.000000000000000000 ) ) ;
#1102 = AXIS2_PLACEMENT_3D ( 'NONE', #1299, #3304, #2981 ) ;
#1103 = DIRECTION ( 'NONE',  ( -3.491481338843133750E-15, 1.000000000000000000, 5.234991178337752214E-16 ) ) ;
#1104 = PRODUCT_DEFINITION_SHAPE ( 'NONE', 'NONE',  #4493 ) ;
#1105 = ADVANCED_FACE ( 'NONE', ( #2278 ), #3975, .F. ) ;
#1106 = DIRECTION ( 'NONE',  ( -0.7071067811865475727, -2.839019907247703891E-15, 0.7071067811865475727 ) ) ;
#1107 = DIRECTION ( 'NONE',  ( -5.234991178337793629E-16, 9.092353099218201525E-16, -1.000000000000000000 ) ) ;
#1108 = DIRECTION ( 'NONE',  ( -3.491481338843133750E-15, 1.000000000000000000, 5.234991178337752214E-16 ) ) ;
#1109 = DIRECTION ( 'NONE',  ( 1.000000000000000000, 0.000000000000000000, 0.000000000000000000 ) ) ;
#1110 = CARTESIAN_POINT ( 'NONE',  ( 1.574011537017784512, -3.799999999999978062, 3.800000000000010925 ) ) ;
#1111 = ITEM_DEFINED_TRANSFORMATION ( 'NONE', 'NONE', #1194,  #3602 ) ;
#1112 = ITEM_DEFINED_TRANSFORMATION ( 'NONE', 'NONE', #2123,  #3602 ) ;
#1113 = CARTESIAN_POINT ( 'NONE',  ( -5.570423279073611234, -4.457429047582495585, -4.457429047582470716 ) ) ;
#1114 = CARTESIAN_POINT ( 'NONE',  ( 1312.826600409047614, 688.7814939935515213, 895.5428517890160265 ) ) ;
#1115 = DIRECTION ( 'NONE',  ( -0.7071067811865474617, 2.467798507769587356E-16, -0.7071067811865474617 ) ) ;
#1116 = DIRECTION ( 'NONE',  ( 0.000000000000000000, 1.000000000000000000, 5.234991178337752214E-16 ) ) ;
#1117 = EDGE_CURVE ( 'NONE', #3346, #1973, #868, .T. ) ;
#1118 = ORIENTED_EDGE ( 'NONE', *, *, #3877, .T. ) ;
#1119 = EDGE_CURVE ( 'NONE', #2099, #1561, #2600, .T. ) ;
#1120 = VECTOR ( 'NONE', #3926, 1000.000000000000114 ) ;
#1121 = ITEM_DEFINED_TRANSFORMATION ( 'NONE', 'NONE', #2601,  #3602 ) ;
#1122 = VECTOR ( 'NONE', #2370, 999.9999999999998863 ) ;
#1123 = ORIENTED_EDGE ( 'NONE', *, *, #977, .F. ) ;
#1124 = EDGE_LOOP ( 'NONE', ( #4063, #401, #151, #3568 ) ) ;
#1125 = AXIS2_PLACEMENT_3D ( 'NONE', #948, #2617, #2027 ) ;
#1126 = DIRECTION ( 'NONE',  ( 0.7071067811865431318, 0.7071067811865517916, 2.467798507769603133E-16 ) ) ;
#1127 = ORIENTED_EDGE ( 'NONE', *, *, #4062, .T. ) ;
#1128 =( REPRESENTATION_RELATIONSHIP ('NONE','NONE', #3899, #2875 ) REPRESENTATION_RELATIONSHIP_WITH_TRANSFORMATION ( #3770 )SHAPE_REPRESENTATION_RELATIONSHIP( ) );
#1129 = AXIS2_PLACEMENT_3D ( 'NONE', #1610, #3991, #3791 ) ;
#1130 = ORIENTED_EDGE ( 'NONE', *, *, #2304, .F. ) ;
#1131 = LINE ( 'NONE', #2521, #3099 ) ;
#1132 = DIRECTION ( 'NONE',  ( -1.000000000000000000, -5.510517029829215555E-16, 0.000000000000000000 ) ) ;
#1133 = CARTESIAN_POINT ( 'NONE',  ( 5.570423279073609457, -3.344434816091356399, 5.570423279073613010 ) ) ;
#1134 = VECTOR ( 'NONE', #3556, 1000.000000000000000 ) ;
#1135 = CARTESIAN_POINT ( 'NONE',  ( 1276.826600409047614, 688.7814939935515213, 931.5428517890160265 ) ) ;
#1136 = PLANE ( 'NONE',  #769 ) ;
#1137 = AXIS2_PLACEMENT_3D ( 'NONE', #2284, #2990, #265 ) ;
#1138 = CARTESIAN_POINT ( 'NONE',  ( 1336.826600409047614, 700.7814939935515213, 931.5428517890160265 ) ) ;
#1139 = ITEM_DEFINED_TRANSFORMATION ( 'NONE', 'NONE', #2775,  #3602 ) ;
#1140 = VECTOR ( 'NONE', #3277, 1000.000000000000000 ) ;
#1141 = CARTESIAN_POINT ( 'NONE',  ( 1312.826600409047614, 700.7814939935515213, 919.5428517890160265 ) ) ;
#1142 = DIRECTION ( 'NONE',  ( -0.7071067811865474617, -0.7071067811865476838, 0.000000000000000000 ) ) ;
#1143 = CARTESIAN_POINT ( 'NONE',  ( 1.574011537017740547, 5.999999999999997335, 3.800000000000006484 ) ) ;
#1144 = VERTEX_POINT ( 'NONE', #2860 ) ;
#1145 = AXIS2_PLACEMENT_3D ( 'NONE', #3626, #3604, #3583 ) ;
#1146 =( REPRESENTATION_RELATIONSHIP ('NONE','NONE', #3899, #2875 ) REPRESENTATION_RELATIONSHIP_WITH_TRANSFORMATION ( #1850 )SHAPE_REPRESENTATION_RELATIONSHIP( ) );
#1147 = ORIENTED_EDGE ( 'NONE', *, *, #1518, .T. ) ;
#1148 = ORIENTED_EDGE ( 'NONE', *, *, #2921, .F. ) ;
#1149 = DIRECTION ( 'NONE',  ( 0.000000000000000000, 0.000000000000000000, -1.000000000000000000 ) ) ;
#1150 = VERTEX_POINT ( 'NONE', #148 ) ;
#1151 = EDGE_LOOP ( 'NONE', ( #3274, #3912, #959, #2654 ) ) ;
#1152 = ORIENTED_EDGE ( 'NONE', *, *, #2925, .F. ) ;
#1153 = ORIENTED_EDGE ( 'NONE', *, *, #581, .F. ) ;
#1154 = PLANE ( 'NONE',  #2869 ) ;
#1155 = DIRECTION ( 'NONE',  ( 1.000000000000000000, -0.000000000000000000, -0.000000000000000000 ) ) ;
#1156 = CARTESIAN_POINT ( 'NONE',  ( 1288.826600409047614, 652.7814939935514076, 895.5428517890160265 ) ) ;
#1157 = LINE ( 'NONE', #2982, #3675 ) ;
#1158 = DIRECTION ( 'NONE',  ( 0.000000000000000000, 0.000000000000000000, 1.000000000000000000 ) ) ;
#1159 = EDGE_CURVE ( 'NONE', #1487, #3489, #1950, .T. ) ;
#1160 = DIRECTION ( 'NONE',  ( 1.000000000000000000, 0.000000000000000000, 0.000000000000000000 ) ) ;
#1161 = CARTESIAN_POINT ( 'NONE',  ( 1.574011537017782514, -6.000000000000027534, 3.799999999999999822 ) ) ;
#1162 = LINE ( 'NONE', #1092, #1690 ) ;
#1163 = EDGE_LOOP ( 'NONE', ( #4242, #3541, #1193, #3540, #1865, #3881, #3569, #4269 ) ) ;
#1164 = DIRECTION ( 'NONE',  ( 0.000000000000000000, 1.000000000000000000, 0.000000000000000000 ) ) ;
#1165 = PRODUCT_DEFINITION_SHAPE ( 'NONE', 'NONE',  #4372 ) ;
#1166 = ORIENTED_EDGE ( 'NONE', *, *, #3014, .F. ) ;
#1167 = ORIENTED_EDGE ( 'NONE', *, *, #856, .T. ) ;
#1168 = ORIENTED_EDGE ( 'NONE', *, *, #3681, .T. ) ;
#1169 = DIRECTION ( 'NONE',  ( 0.000000000000000000, 0.7071067811865472397, 0.7071067811865479058 ) ) ;
#1170 = AXIS2_PLACEMENT_3D ( 'NONE', #4111, #2792, #1367 ) ;
#1171 = DIRECTION ( 'NONE',  ( 0.000000000000000000, 0.000000000000000000, 1.000000000000000000 ) ) ;
#1172 = PRODUCT_DEFINITION_SHAPE ( 'NONE', 'NONE',  #557 ) ;
#1173 = AXIS2_PLACEMENT_3D ( 'NONE', #17, #4182, #3809 ) ;
#1174 = PRODUCT_DEFINITION_SHAPE ( 'NONE', 'NONE',  #4336 ) ;
#1175 = ITEM_DEFINED_TRANSFORMATION ( 'NONE', 'NONE', #89,  #3602 ) ;
#1176 = PRODUCT_DEFINITION_SHAPE ( 'NONE', 'NONE',  #4483 ) ;
#1177 = DIRECTION ( 'NONE',  ( 0.000000000000000000, 0.000000000000000000, 1.000000000000000000 ) ) ;
#1178 = DIRECTION ( 'NONE',  ( -0.7071067811865474617, 0.000000000000000000, -0.7071067811865474617 ) ) ;
#1179 = CARTESIAN_POINT ( 'NONE',  ( 3.800000000000001155, 1.574011537017758977, -3.800000000000000266 ) ) ;
#1180 = DIRECTION ( 'NONE',  ( 1.000000000000000000, 0.000000000000000000, 0.000000000000000000 ) ) ;
#1181 = CONTEXT_DEPENDENT_SHAPE_REPRESENTATION ( #1146, #2000 ) ;
#1182 = VECTOR ( 'NONE', #1503, 1000.000000000000000 ) ;
#1183 = PRODUCT_DEFINITION_SHAPE ( 'NONE', 'NONE',  #4444 ) ;
#1184 = CARTESIAN_POINT ( 'NONE',  ( 1324.826600409047614, 652.7814939935514076, 931.5428517890160265 ) ) ;
#1185 = CARTESIAN_POINT ( 'NONE',  ( 6.000000000000000000, -2.485281374238568652, -6.000000000000000000 ) ) ;
#1186 = CARTESIAN_POINT ( 'NONE',  ( -6.000000000000000000, 5.999999999999998224, 2.485281374238572205 ) ) ;
#1187 = EDGE_CURVE ( 'NONE', #2178, #1487, #3706, .T. ) ;
#1188 =( REPRESENTATION_RELATIONSHIP ('NONE','NONE', #3899, #2875 ) REPRESENTATION_RELATIONSHIP_WITH_TRANSFORMATION ( #2691 )SHAPE_REPRESENTATION_RELATIONSHIP( ) );
#1189 = AXIS2_PLACEMENT_3D ( 'NONE', #410, #3858, #740 ) ;
#1190 = ITEM_DEFINED_TRANSFORMATION ( 'NONE', 'NONE', #208,  #3602 ) ;
#1191 = CONTEXT_DEPENDENT_SHAPE_REPRESENTATION ( #1892, #1532 ) ;
#1192 = DIRECTION ( 'NONE',  ( 0.000000000000000000, 0.8944271909999140791, -0.4472135954999615359 ) ) ;
#1193 = ORIENTED_EDGE ( 'NONE', *, *, #3759, .F. ) ;
#1194 = AXIS2_PLACEMENT_3D ( 'NONE', #4121, #1015, #680 ) ;
#1195 = ORIENTED_EDGE ( 'NONE', *, *, #1881, .T. ) ;
#1196 = ORIENTED_EDGE ( 'NONE', *, *, #2249, .F. ) ;
#1197 = AXIS2_PLACEMENT_3D ( 'NONE', #653, #2797, #701 ) ;
#1198 = ORIENTED_EDGE ( 'NONE', *, *, #3666, .F. ) ;
#1199 = LINE ( 'NONE', #1909, #1140 ) ;
#1200 = DIRECTION ( 'NONE',  ( 0.000000000000000000, 0.000000000000000000, 1.000000000000000000 ) ) ;
#1201 = EDGE_CURVE ( 'NONE', #1758, #2537, #2642, .T. ) ;
#1202 = DIRECTION ( 'NONE',  ( 0.000000000000000000, 0.7071067811865479058, -0.7071067811865472397 ) ) ;
#1203 = CARTESIAN_POINT ( 'NONE',  ( -6.000000000000065725, 3.800000000000003375, 1.574011537017764084 ) ) ;
#1204 = VECTOR ( 'NONE', #1264, 1000.000000000000000 ) ;
#1205 = CONTEXT_DEPENDENT_SHAPE_REPRESENTATION ( #3927, #2478 ) ;
#1206 = CONTEXT_DEPENDENT_SHAPE_REPRESENTATION ( #3471, #985 ) ;
#1207 = DIRECTION ( 'NONE',  ( 0.000000000000000000, 0.000000000000000000, 1.000000000000000000 ) ) ;
#1208 = PRODUCT_DEFINITION_SHAPE ( 'NONE', 'NONE',  #4388 ) ;
#1209 = VECTOR ( 'NONE', #2583, 1000.000000000000114 ) ;
#1210 = CARTESIAN_POINT ( 'NONE',  ( -3.800000000000001155, -3.799999999999987832, 1.574011537017750095 ) ) ;
#1211 =( NAMED_UNIT ( * ) PLANE_ANGLE_UNIT ( ) SI_UNIT ( $, .RADIAN. ) );
#1212 = CARTESIAN_POINT ( 'NONE',  ( 1324.826600409047614, 664.7814939935515213, 919.5428517890160265 ) ) ;
#1213 = PRODUCT_DEFINITION_SHAPE ( 'NONE', 'NONE',  #4312 ) ;
#1214 = LINE ( 'NONE', #540, #1209 ) ;
#1215 =( REPRESENTATION_RELATIONSHIP ('NONE','NONE', #3899, #2875 ) REPRESENTATION_RELATIONSHIP_WITH_TRANSFORMATION ( #2293 )SHAPE_REPRESENTATION_RELATIONSHIP( ) );
#1216 = ORIENTED_EDGE ( 'NONE', *, *, #317, .F. ) ;
#1217 = ORIENTED_EDGE ( 'NONE', *, *, #270, .T. ) ;
#1218 = AXIS2_PLACEMENT_3D ( 'NONE', #2552, #4259, #3923 ) ;
#1219 = VERTEX_POINT ( 'NONE', #1596 ) ;
#1220 = CARTESIAN_POINT ( 'NONE',  ( -1.574011537017755202, 3.800000000000001155, -3.800000000000021583 ) ) ;
#1221 = EDGE_CURVE ( 'NONE', #3567, #1316, #2985, .T. ) ;
#1222 = CONTEXT_DEPENDENT_SHAPE_REPRESENTATION ( #973, #279 ) ;
#1223 = CARTESIAN_POINT ( 'NONE',  ( 1288.826600409047614, 700.7814939935515213, 907.5428517890160265 ) ) ;
#1224 = DIRECTION ( 'NONE',  ( 0.4082482904638628507, -0.4082482904638662924, 0.8164965809277244801 ) ) ;
#1225 = FACE_BOUND ( 'NONE', #2493, .T. ) ;
#1226 = CONTEXT_DEPENDENT_SHAPE_REPRESENTATION ( #2461, #465 ) ;
#1227 = DIRECTION ( 'NONE',  ( 0.000000000000000000, 0.000000000000000000, 1.000000000000000000 ) ) ;
#1228 = CARTESIAN_POINT ( 'NONE',  ( 6.000000000000000000, -1.574011537017759865, -3.800000000000004707 ) ) ;
#1229 =( REPRESENTATION_RELATIONSHIP ('NONE','NONE', #3899, #2875 ) REPRESENTATION_RELATIONSHIP_WITH_TRANSFORMATION ( #1139 )SHAPE_REPRESENTATION_RELATIONSHIP( ) );
#1230 = LINE ( 'NONE', #577, #4180 ) ;
#1231 = DIRECTION ( 'NONE',  ( 0.000000000000000000, 0.000000000000000000, 1.000000000000000000 ) ) ;
#1232 = FACE_OUTER_BOUND ( 'NONE', #2122, .T. ) ;
#1233 = ORIENTED_EDGE ( 'NONE', *, *, #3298, .T. ) ;
#1234 = VECTOR ( 'NONE', #4120, 1000.000000000000000 ) ;
#1235 = ORIENTED_EDGE ( 'NONE', *, *, #227, .F. ) ;
#1236 = ORIENTED_EDGE ( 'NONE', *, *, #3715, .T. ) ;
#1237 = LINE ( 'NONE', #1492, #899 ) ;
#1238 = EDGE_CURVE ( 'NONE', #3655, #855, #1614, .T. ) ;
#1239 = EDGE_CURVE ( 'NONE', #2588, #855, #3627, .T. ) ;
#1240 = PRODUCT_DEFINITION_SHAPE ( 'NONE', 'NONE',  #4416 ) ;
#1241 = AXIS2_PLACEMENT_3D ( 'NONE', #1713, #670, #1393 ) ;
#1242 = DIRECTION ( 'NONE',  ( 0.000000000000000000, 0.000000000000000000, 1.000000000000000000 ) ) ;
#1243 =( REPRESENTATION_RELATIONSHIP ('NONE','NONE', #3899, #2875 ) REPRESENTATION_RELATIONSHIP_WITH_TRANSFORMATION ( #2431 )SHAPE_REPRESENTATION_RELATIONSHIP( ) );
#1244 = FACE_BOUND ( 'NONE', #226, .T. ) ;
#1245 = DIRECTION ( 'NONE',  ( 0.000000000000000000, 1.000000000000000000, 4.132887772371912653E-16 ) ) ;
#1246 = AXIS2_PLACEMENT_3D ( 'NONE', #4119, #3432, #1693 ) ;
#1247 = EDGE_LOOP ( 'NONE', ( #3183, #2908, #1889, #3935 ) ) ;
#1248 = ITEM_DEFINED_TRANSFORMATION ( 'NONE', 'NONE', #1125,  #3602 ) ;
#1249 = PRODUCT_DEFINITION_SHAPE ( 'NONE', 'NONE',  #4298 ) ;
#1250 = CARTESIAN_POINT ( 'NONE',  ( 1324.826600409047614, 664.7814939935515213, 871.5428517890160265 ) ) ;
#1251 = LINE ( 'NONE', #3668, #962 ) ;
#1252 = DIRECTION ( 'NONE',  ( 1.377629257457303889E-16, -1.000000000000000000, -5.234991178337752214E-16 ) ) ;
#1253 = DIRECTION ( 'NONE',  ( 0.000000000000000000, 0.000000000000000000, 1.000000000000000000 ) ) ;
#1254 = DIRECTION ( 'NONE',  ( -3.491481338843133750E-15, 1.000000000000000000, 5.234991178337752214E-16 ) ) ;
#1255 = EDGE_CURVE ( 'NONE', #2514, #2854, #1634, .T. ) ;
#1256 = EDGE_CURVE ( 'NONE', #4200, #272, #236, .T. ) ;
#1257 = PRODUCT_DEFINITION_SHAPE ( 'NONE', 'NONE',  #4409 ) ;
#1258 = VERTEX_POINT ( 'NONE', #1210 ) ;
#1259 = UNCERTAINTY_MEASURE_WITH_UNIT (LENGTH_MEASURE( 1.000000000000000082E-05 ), #2041, 'distance_accuracy_value', 'NONE');
#1260 = ORIENTED_EDGE ( 'NONE', *, *, #2151, .T. ) ;
#1261 =( REPRESENTATION_RELATIONSHIP ('NONE','NONE', #3899, #2875 ) REPRESENTATION_RELATIONSHIP_WITH_TRANSFORMATION ( #1377 )SHAPE_REPRESENTATION_RELATIONSHIP( ) );
#1262 = DIRECTION ( 'NONE',  ( 1.000000000000000000, 0.000000000000000000, 0.000000000000000000 ) ) ;
#1263 = EDGE_LOOP ( 'NONE', ( #2286, #2465, #1028, #1733 ) ) ;
#1264 = DIRECTION ( 'NONE',  ( 0.000000000000000000, 0.7071067811865473507, 0.7071067811865477948 ) ) ;
#1265 = CARTESIAN_POINT ( 'NONE',  ( -6.000000000000065725, -1.574011537017759421, -3.800000000000004263 ) ) ;
#1266 = CONTEXT_DEPENDENT_SHAPE_REPRESENTATION ( #1826, #3798 ) ;
#1267 =( REPRESENTATION_RELATIONSHIP ('NONE','NONE', #3899, #2875 ) REPRESENTATION_RELATIONSHIP_WITH_TRANSFORMATION ( #3303 )SHAPE_REPRESENTATION_RELATIONSHIP( ) );
#1268 = AXIS2_PLACEMENT_3D ( 'NONE', #3894, #470, #773 ) ;
#1269 = DIRECTION ( 'NONE',  ( 0.000000000000000000, 0.000000000000000000, 1.000000000000000000 ) ) ;
#1270 = DIRECTION ( 'NONE',  ( 0.4082482904638612409, 0.8164965809277279218, -0.4082482904638611854 ) ) ;
#1271 = CARTESIAN_POINT ( 'NONE',  ( 3.800000000000022915, -6.000000000000019540, 1.574011537017762308 ) ) ;
#1272 = DIRECTION ( 'NONE',  ( 0.000000000000000000, 0.000000000000000000, 1.000000000000000000 ) ) ;
#1273 = ITEM_DEFINED_TRANSFORMATION ( 'NONE', 'NONE', #3578,  #3602 ) ;
#1274 = CARTESIAN_POINT ( 'NONE',  ( 3.800000000000001155, 1.574011537017763640, -6.000000000000007994 ) ) ;
#1275 = PRODUCT_DEFINITION_SHAPE ( 'NONE', 'NONE',  #4373 ) ;
#1276 = VECTOR ( 'NONE', #3704, 1000.000000000000000 ) ;
#1277 = EDGE_LOOP ( 'NONE', ( #3421, #2909, #1997, #2888 ) ) ;
#1278 = ORIENTED_EDGE ( 'NONE', *, *, #249, .F. ) ;
#1279 = PRODUCT_DEFINITION_SHAPE ( 'NONE', 'NONE',  #4352 ) ;
#1280 = AXIS2_PLACEMENT_3D ( 'NONE', #601, #953, #2258 ) ;
#1281 =( REPRESENTATION_RELATIONSHIP ('NONE','NONE', #3899, #2875 ) REPRESENTATION_RELATIONSHIP_WITH_TRANSFORMATION ( #852 )SHAPE_REPRESENTATION_RELATIONSHIP( ) );
#1282 = CARTESIAN_POINT ( 'NONE',  ( 1288.826600409047614, 664.7814939935515213, 931.5428517890160265 ) ) ;
#1283 = EDGE_LOOP ( 'NONE', ( #2039, #2125, #1858, #1166 ) ) ;
#1284 = DIRECTION ( 'NONE',  ( -0.7071067811865532349, 0.7071067811865417996, 0.000000000000000000 ) ) ;
#1285 = CARTESIAN_POINT ( 'NONE',  ( -4.516007691345219399, -6.741996154327441815, 6.741996154327478230 ) ) ;
#1286 = DIRECTION ( 'NONE',  ( 1.000000000000000000, 0.000000000000000000, 0.000000000000000000 ) ) ;
#1287 = LINE ( 'NONE', #3287, #2569 ) ;
#1288 = CARTESIAN_POINT ( 'NONE',  ( 1300.826600409047614, 640.7814939935514076, 871.5428517890160265 ) ) ;
#1289 = EDGE_CURVE ( 'NONE', #631, #2099, #513, .T. ) ;
#1290 = DIRECTION ( 'NONE',  ( 1.000000000000000000, 0.000000000000000000, 0.000000000000000000 ) ) ;
#1291 = ITEM_DEFINED_TRANSFORMATION ( 'NONE', 'NONE', #3425,  #3602 ) ;
#1292 = CONTEXT_DEPENDENT_SHAPE_REPRESENTATION ( #1998, #3140 ) ;
#1293 = CARTESIAN_POINT ( 'NONE',  ( 3.800000000000022915, -6.000000000000019540, 1.574011537017762308 ) ) ;
#1294 = EDGE_CURVE ( 'NONE', #1384, #129, #3007, .T. ) ;
#1295 = ORIENTED_EDGE ( 'NONE', *, *, #3970, .F. ) ;
#1296 = ORIENTED_EDGE ( 'NONE', *, *, #1366, .F. ) ;
#1297 = VECTOR ( 'NONE', #2623, 1000.000000000000114 ) ;
#1298 = ITEM_DEFINED_TRANSFORMATION ( 'NONE', 'NONE', #2417,  #3602 ) ;
#1299 = CARTESIAN_POINT ( 'NONE',  ( 1288.826600409047614, 688.7814939935515213, 931.5428517890160265 ) ) ;
#1300 = CARTESIAN_POINT ( 'NONE',  ( 2.485281374238592633, 5.999999999999993783, -6.000000000000000000 ) ) ;
#1301 = CARTESIAN_POINT ( 'NONE',  ( -6.741996154327453361, -4.516007691345195418, -6.741996154327461355 ) ) ;
#1302 = PLANE ( 'NONE',  #3384 ) ;
#1303 = EDGE_CURVE ( 'NONE', #3963, #546, #1924, .T. ) ;
#1304 = CARTESIAN_POINT ( 'NONE',  ( 1324.826600409047614, 652.7814939935514076, 871.5428517890160265 ) ) ;
#1305 = PRODUCT_DEFINITION_SHAPE ( 'NONE', 'NONE',  #4384 ) ;
#1306 = CARTESIAN_POINT ( 'NONE',  ( 4.516007691345197195, 6.741996154327418722, -6.741996154327454249 ) ) ;
#1307 = AXIS2_PLACEMENT_3D ( 'NONE', #2740, #101, #2059 ) ;
#1308 = DIRECTION ( 'NONE',  ( -0.7071067811865441310, 3.368611135538672404E-15, -0.7071067811865507924 ) ) ;
#1309 = DIRECTION ( 'NONE',  ( 0.000000000000000000, 0.000000000000000000, 1.000000000000000000 ) ) ;
#1310 = AXIS2_PLACEMENT_3D ( 'NONE', #2389, #6, #3776 ) ;
#1311 = ADVANCED_FACE ( 'NONE', ( #972 ), #2425, .F. ) ;
#1312 = PRODUCT_DEFINITION_SHAPE ( 'NONE', 'NONE',  #4331 ) ;
#1313 = DIRECTION ( 'NONE',  ( 0.5773502691896313932, -0.5773502691896240657, 0.5773502691896218453 ) ) ;
#1314 = ITEM_DEFINED_TRANSFORMATION ( 'NONE', 'NONE', #3192,  #3602 ) ;
#1315 = DIRECTION ( 'NONE',  ( 0.4082482904638612409, -0.8164965809277279218, 0.4082482904638611299 ) ) ;
#1316 = VERTEX_POINT ( 'NONE', #679 ) ;
#1317 = ITEM_DEFINED_TRANSFORMATION ( 'NONE', 'NONE', #1506,  #3602 ) ;
#1318 = ORIENTED_EDGE ( 'NONE', *, *, #543, .T. ) ;
#1319 =( REPRESENTATION_RELATIONSHIP ('NONE','NONE', #3899, #2875 ) REPRESENTATION_RELATIONSHIP_WITH_TRANSFORMATION ( #785 )SHAPE_REPRESENTATION_RELATIONSHIP( ) );
#1320 = CONTEXT_DEPENDENT_SHAPE_REPRESENTATION ( #225, #2565 ) ;
#1321 = CARTESIAN_POINT ( 'NONE',  ( 1300.826600409047614, 664.7814939935515213, 883.5428517890160265 ) ) ;
#1322 = ORIENTED_EDGE ( 'NONE', *, *, #748, .F. ) ;
#1323 = LINE ( 'NONE', #3060, #2952 ) ;
#1324 = LINE ( 'NONE', #1285, #2428 ) ;
#1325 = VECTOR ( 'NONE', #57, 1000.000000000000000 ) ;
#1326 = VECTOR ( 'NONE', #3847, 1000.000000000000000 ) ;
#1327 = ADVANCED_FACE ( 'NONE', ( #348 ), #639, .F. ) ;
#1328 = DIRECTION ( 'NONE',  ( 0.000000000000000000, 0.000000000000000000, 1.000000000000000000 ) ) ;
#1329 = AXIS2_PLACEMENT_3D ( 'NONE', #3477, #677, #4189 ) ;
#1330 = DIRECTION ( 'NONE',  ( 2.755258514914609750E-16, -1.000000000000000000, 0.000000000000000000 ) ) ;
#1331 = DIRECTION ( 'NONE',  ( 0.000000000000000000, 0.000000000000000000, 1.000000000000000000 ) ) ;
#1332 = AXIS2_PLACEMENT_3D ( 'NONE', #3242, #2843, #4256 ) ;
#1333 = DIRECTION ( 'NONE',  ( 1.000000000000000000, 0.000000000000000000, 0.000000000000000000 ) ) ;
#1334 = CONTEXT_DEPENDENT_SHAPE_REPRESENTATION ( #3989, #629 ) ;
#1335 = CARTESIAN_POINT ( 'NONE',  ( 6.000000000000000000, 3.800000000000003819, -1.574011537017761864 ) ) ;
#1336 = CARTESIAN_POINT ( 'NONE',  ( 5.999999999999999112, -1.574011537017763640, 3.800000000000002043 ) ) ;
#1337 = AXIS2_PLACEMENT_3D ( 'NONE', #3264, #2632, #2636 ) ;
#1338 = ORIENTED_EDGE ( 'NONE', *, *, #3280, .F. ) ;
#1339 = CONTEXT_DEPENDENT_SHAPE_REPRESENTATION ( #4108, #720 ) ;
#1340 = ORIENTED_EDGE ( 'NONE', *, *, #183, .T. ) ;
#1341 = VECTOR ( 'NONE', #3124, 1000.000000000000000 ) ;
#1342 = VECTOR ( 'NONE', #1936, 1000.000000000000114 ) ;
#1343 = DIRECTION ( 'NONE',  ( 1.000000000000000000, 0.000000000000000000, 0.000000000000000000 ) ) ;
#1344 = ORIENTED_EDGE ( 'NONE', *, *, #1348, .F. ) ;
#1345 = LINE ( 'NONE', #2006, #3896 ) ;
#1346 = DIRECTION ( 'NONE',  ( -0.7071067811865393571, -0.7071067811865556774, 0.000000000000000000 ) ) ;
#1347 =( REPRESENTATION_RELATIONSHIP ('NONE','NONE', #3899, #2875 ) REPRESENTATION_RELATIONSHIP_WITH_TRANSFORMATION ( #346 )SHAPE_REPRESENTATION_RELATIONSHIP( ) );
#1348 = EDGE_CURVE ( 'NONE', #3179, #2019, #2, .T. ) ;
#1349 = AXIS2_PLACEMENT_3D ( 'NONE', #3649, #2324, #916 ) ;
#1350 = DIRECTION ( 'NONE',  ( 1.000000000000000000, 0.000000000000000000, 0.000000000000000000 ) ) ;
#1351 = CARTESIAN_POINT ( 'NONE',  ( -4.828427124746242249, 4.828427124746182741, 4.828427124746161425 ) ) ;
#1352 = LINE ( 'NONE', #1741, #4144 ) ;
#1353 = DIRECTION ( 'NONE',  ( 1.000000000000000000, 0.000000000000000000, 0.000000000000000000 ) ) ;
#1354 = AXIS2_PLACEMENT_3D ( 'NONE', #2446, #1080, #2420 ) ;
#1355 = CARTESIAN_POINT ( 'NONE',  ( 1336.826600409047614, 676.7814939935515213, 931.5428517890160265 ) ) ;
#1356 = ITEM_DEFINED_TRANSFORMATION ( 'NONE', 'NONE', #2200,  #3602 ) ;
#1357 = CARTESIAN_POINT ( 'NONE',  ( 1312.826600409047614, 676.7814939935515213, 895.5428517890160265 ) ) ;
#1358 = DIRECTION ( 'NONE',  ( 0.000000000000000000, 0.7071067811865473507, 0.7071067811865477948 ) ) ;
#1359 = DIRECTION ( 'NONE',  ( -3.491481338843133750E-15, 1.000000000000000000, 5.234991178337752214E-16 ) ) ;
#1360 = ORIENTED_EDGE ( 'NONE', *, *, #3950, .F. ) ;
#1361 = PRODUCT_DEFINITION_SHAPE ( 'NONE', 'NONE',  #4430 ) ;
#1362 = EDGE_LOOP ( 'NONE', ( #541, #1560, #1322 ) ) ;
#1363 = ORIENTED_EDGE ( 'NONE', *, *, #469, .F. ) ;
#1364 = CARTESIAN_POINT ( 'NONE',  ( -3.799999999999999378, -1.574011537017763196, -6.000000000000007994 ) ) ;
#1365 =( REPRESENTATION_RELATIONSHIP ('NONE','NONE', #3899, #2875 ) REPRESENTATION_RELATIONSHIP_WITH_TRANSFORMATION ( #3851 )SHAPE_REPRESENTATION_RELATIONSHIP( ) );
#1366 = EDGE_CURVE ( 'NONE', #11, #812, #950, .T. ) ;
#1367 = DIRECTION ( 'NONE',  ( 1.000000000000000000, 0.000000000000000000, 0.000000000000000000 ) ) ;
#1368 = CARTESIAN_POINT ( 'NONE',  ( 1.574011537017762308, -3.800000000000000266, -6.000000000000007994 ) ) ;
#1369 = EDGE_CURVE ( 'NONE', #4130, #3723, #2089, .T. ) ;
#1370 = LINE ( 'NONE', #2764, #4035 ) ;
#1371 = DIRECTION ( 'NONE',  ( 3.491481338843133750E-15, -1.000000000000000000, 0.000000000000000000 ) ) ;
#1372 = CONTEXT_DEPENDENT_SHAPE_REPRESENTATION ( #2238, #1213 ) ;
#1373 = DIRECTION ( 'NONE',  ( 1.000000000000000000, 0.000000000000000000, 0.000000000000000000 ) ) ;
#1374 = CARTESIAN_POINT ( 'NONE',  ( 3.800000000000016698, 3.799999999999979838, 1.574011537017787399 ) ) ;
#1375 = DIRECTION ( 'NONE',  ( 0.000000000000000000, 0.000000000000000000, 1.000000000000000000 ) ) ;
#1376 = DIRECTION ( 'NONE',  ( 0.000000000000000000, 0.000000000000000000, 1.000000000000000000 ) ) ;
#1377 = ITEM_DEFINED_TRANSFORMATION ( 'NONE', 'NONE', #602,  #3602 ) ;
#1378 = DIRECTION ( 'NONE',  ( 1.000000000000000000, 0.000000000000000000, 0.000000000000000000 ) ) ;
#1379 = AXIS2_PLACEMENT_3D ( 'NONE', #772, #2912, #820 ) ;
#1380 = ITEM_DEFINED_TRANSFORMATION ( 'NONE', 'NONE', #1910,  #3602 ) ;
#1381 = FACE_OUTER_BOUND ( 'NONE', #1073, .T. ) ;
#1382 = PRODUCT_DEFINITION_SHAPE ( 'NONE', 'NONE',  #4477 ) ;
#1383 = DIRECTION ( 'NONE',  ( -0.7071067811865474617, -2.098680354916827585E-15, -0.7071067811865475727 ) ) ;
#1384 = VERTEX_POINT ( 'NONE', #2385 ) ;
#1385 = AXIS2_PLACEMENT_3D ( 'NONE', #848, #1207, #535 ) ;
#1386 = CARTESIAN_POINT ( 'NONE',  ( 1336.826600409047614, 664.7814939935515213, 919.5428517890160265 ) ) ;
#1387 = ORIENTED_EDGE ( 'NONE', *, *, #1159, .F. ) ;
#1388 = EDGE_CURVE ( 'NONE', #2330, #2880, #2725, .T. ) ;
#1389 = ORIENTED_EDGE ( 'NONE', *, *, #3715, .F. ) ;
#1390 = EDGE_CURVE ( 'NONE', #754, #2019, #1352, .T. ) ;
#1391 = FACE_OUTER_BOUND ( 'NONE', #3854, .T. ) ;
#1392 = AXIS2_PLACEMENT_3D ( 'NONE', #3197, #2579, #4237 ) ;
#1393 = DIRECTION ( 'NONE',  ( 1.000000000000000000, 0.000000000000000000, 0.000000000000000000 ) ) ;
#1394 = DIRECTION ( 'NONE',  ( -0.7071067811865499042, 0.7071067811865452413, -6.592072389739516168E-16 ) ) ;
#1395 = CARTESIAN_POINT ( 'NONE',  ( -6.000000000000065725, -1.574011537017759421, -3.800000000000004263 ) ) ;
#1396 = CARTESIAN_POINT ( 'NONE',  ( -4.457429047582536441, 5.570423279073597023, 4.457429047582454729 ) ) ;
#1397 = DIRECTION ( 'NONE',  ( 1.000000000000000000, 0.000000000000000000, 0.000000000000000000 ) ) ;
#1398 = DIRECTION ( 'NONE',  ( 0.000000000000000000, 0.000000000000000000, 1.000000000000000000 ) ) ;
#1399 = CARTESIAN_POINT ( 'NONE',  ( 1.574011537017782514, -6.000000000000027534, 3.799999999999999822 ) ) ;
#1400 = PLANE ( 'NONE',  #2186 ) ;
#1401 = LINE ( 'NONE', #1742, #1134 ) ;
#1402 = VECTOR ( 'NONE', #1252, 1000.000000000000000 ) ;
#1403 = PRODUCT_DEFINITION_SHAPE ( 'NONE', 'NONE',  #4439 ) ;
#1404 = DIRECTION ( 'NONE',  ( 1.000000000000000000, 0.000000000000000000, 0.000000000000000000 ) ) ;
#1405 = AXIS2_PLACEMENT_3D ( 'NONE', #3141, #3170, #2821 ) ;
#1406 = DIRECTION ( 'NONE',  ( 1.000000000000000000, 0.000000000000000000, 0.000000000000000000 ) ) ;
#1407 = DIRECTION ( 'NONE',  ( 0.000000000000000000, -0.7071067811865474617, -0.7071067811865476838 ) ) ;
#1408 = LINE ( 'NONE', #2874, #1773 ) ;
#1409 = CONTEXT_DEPENDENT_SHAPE_REPRESENTATION ( #1907, #1104 ) ;
#1410 = CARTESIAN_POINT ( 'NONE',  ( 5.570423279073612122, -4.457429047582488479, 4.457429047582474269 ) ) ;
#1411 = ORIENTED_EDGE ( 'NONE', *, *, #3794, .T. ) ;
#1412 = CONTEXT_DEPENDENT_SHAPE_REPRESENTATION ( #2228, #1403 ) ;
#1413 = ORIENTED_EDGE ( 'NONE', *, *, #2063, .T. ) ;
#1414 =( REPRESENTATION_RELATIONSHIP ('NONE','NONE', #3899, #2875 ) REPRESENTATION_RELATIONSHIP_WITH_TRANSFORMATION ( #1530 )SHAPE_REPRESENTATION_RELATIONSHIP( ) );
#1415 = EDGE_LOOP ( 'NONE', ( #1486, #713, #982, #1705 ) ) ;
#1416 = VECTOR ( 'NONE', #3498, 1000.000000000000000 ) ;
#1417 = FACE_OUTER_BOUND ( 'NONE', #38, .T. ) ;
#1418 = CARTESIAN_POINT ( 'NONE',  ( 1300.826600409047614, 640.7814939935514076, 931.5428517890160265 ) ) ;
#1419 = DIRECTION ( 'NONE',  ( -0.000000000000000000, -0.000000000000000000, 1.000000000000000000 ) ) ;
#1420 = DIRECTION ( 'NONE',  ( 1.000000000000000000, 2.755258514914609750E-16, 0.000000000000000000 ) ) ;
#1421 = CARTESIAN_POINT ( 'NONE',  ( 4.457429047582473380, 4.457429047582498249, 5.570423279073622780 ) ) ;
#1422 = PRODUCT_DEFINITION_SHAPE ( 'NONE', 'NONE',  #4280 ) ;
#1423 = ITEM_DEFINED_TRANSFORMATION ( 'NONE', 'NONE', #3314,  #3602 ) ;
#1424 = CARTESIAN_POINT ( 'NONE',  ( 1276.826600409047614, 676.7814939935515213, 919.5428517890160265 ) ) ;
#1425 = LINE ( 'NONE', #3531, #2586 ) ;
#1426 = CONTEXT_DEPENDENT_SHAPE_REPRESENTATION ( #1703, #1639 ) ;
#1427 = AXIS2_PLACEMENT_3D ( 'NONE', #1698, #2030, #2429 ) ;
#1428 =( REPRESENTATION_RELATIONSHIP ('NONE','NONE', #3899, #2875 ) REPRESENTATION_RELATIONSHIP_WITH_TRANSFORMATION ( #3051 )SHAPE_REPRESENTATION_RELATIONSHIP( ) );
#1429 = DIRECTION ( 'NONE',  ( 0.000000000000000000, 0.000000000000000000, 1.000000000000000000 ) ) ;
#1430 = EDGE_CURVE ( 'NONE', #1688, #3592, #3067, .T. ) ;
#1431 = DIRECTION ( 'NONE',  ( -0.7071067811865435759, -3.951478223466879983E-15, 0.7071067811865514585 ) ) ;
#1432 = CARTESIAN_POINT ( 'NONE',  ( -6.000000000000065725, -1.574011537017759421, -3.800000000000004263 ) ) ;
#1433 = CONTEXT_DEPENDENT_SHAPE_REPRESENTATION ( #2834, #1176 ) ;
#1434 = CARTESIAN_POINT ( 'NONE',  ( -3.799999999999999378, -1.574011537017757645, -3.799999999999999378 ) ) ;
#1435 = ADVANCED_FACE ( 'NONE', ( #2680 ), #4072, .F. ) ;
#1436 = EDGE_LOOP ( 'NONE', ( #498, #1233, #2172, #3514 ) ) ;
#1437 = ITEM_DEFINED_TRANSFORMATION ( 'NONE', 'NONE', #3623,  #3602 ) ;
#1438 = ITEM_DEFINED_TRANSFORMATION ( 'NONE', 'NONE', #737,  #3602 ) ;
#1439 = EDGE_LOOP ( 'NONE', ( #1838, #3362, #1094, #3254 ) ) ;
#1440 = PLANE ( 'NONE',  #2327 ) ;
#1441 =( REPRESENTATION_RELATIONSHIP ('NONE','NONE', #3899, #2875 ) REPRESENTATION_RELATIONSHIP_WITH_TRANSFORMATION ( #209 )SHAPE_REPRESENTATION_RELATIONSHIP( ) );
#1442 = FACE_OUTER_BOUND ( 'NONE', #432, .T. ) ;
#1443 = CARTESIAN_POINT ( 'NONE',  ( -1.574011537017762752, 3.799999999999998934, 3.800000000000018030 ) ) ;
#1444 = CARTESIAN_POINT ( 'NONE',  ( -6.000000000000065725, 1.574011537017761642, 3.800000000000004263 ) ) ;
#1445 = PRODUCT_DEFINITION_SHAPE ( 'NONE', 'NONE',  #4468 ) ;
#1446 = ITEM_DEFINED_TRANSFORMATION ( 'NONE', 'NONE', #3527,  #3602 ) ;
#1447 = DIRECTION ( 'NONE',  ( 0.000000000000000000, 0.000000000000000000, 1.000000000000000000 ) ) ;
#1448 = EDGE_CURVE ( 'NONE', #4045, #4240, #1721, .T. ) ;
#1449 = PLANE ( 'NONE',  #1332 ) ;
#1450 = EDGE_CURVE ( 'NONE', #1051, #2880, #2746, .T. ) ;
#1451 = VECTOR ( 'NONE', #4224, 1000.000000000000114 ) ;
#1452 = ITEM_DEFINED_TRANSFORMATION ( 'NONE', 'NONE', #3867,  #3602 ) ;
#1453 = DIRECTION ( 'NONE',  ( 0.000000000000000000, 0.000000000000000000, 1.000000000000000000 ) ) ;
#1454 = APPLICATION_CONTEXT ( 'automotive_design' ) ;
#1455 = PLANE ( 'NONE',  #3651 ) ;
#1456 = CARTESIAN_POINT ( 'NONE',  ( -3.799999999999999378, -1.574011537017763196, -6.000000000000007994 ) ) ;
#1457 = ORIENTED_EDGE ( 'NONE', *, *, #4027, .F. ) ;
#1458 = ITEM_DEFINED_TRANSFORMATION ( 'NONE', 'NONE', #4055,  #3602 ) ;
#1459 =( REPRESENTATION_RELATIONSHIP ('NONE','NONE', #3899, #2875 ) REPRESENTATION_RELATIONSHIP_WITH_TRANSFORMATION ( #666 )SHAPE_REPRESENTATION_RELATIONSHIP( ) );
#1460 = ORIENTED_EDGE ( 'NONE', *, *, #3353, .F. ) ;
#1461 = PRODUCT_DEFINITION_SHAPE ( 'NONE', 'NONE',  #4313 ) ;
#1462 = ORIENTED_EDGE ( 'NONE', *, *, #1366, .T. ) ;
#1463 = LINE ( 'NONE', #3520, #4032 ) ;
#1464 = AXIS2_PLACEMENT_3D ( 'NONE', #3745, #665, #2814 ) ;
#1465 = CARTESIAN_POINT ( 'NONE',  ( 1300.826600409047614, 700.7814939935515213, 871.5428517890160265 ) ) ;
#1466 = ORIENTED_EDGE ( 'NONE', *, *, #3234, .F. ) ;
#1467 = PRODUCT_DEFINITION_SHAPE ( 'NONE', 'NONE',  #4475 ) ;
#1468 = ORIENTED_EDGE ( 'NONE', *, *, #3156, .T. ) ;
#1469 = DIRECTION ( 'NONE',  ( 0.4082482904638627952, 0.4082482904638663479, -0.8164965809277244801 ) ) ;
#1470 = LINE ( 'NONE', #4184, #2430 ) ;
#1471 = DIRECTION ( 'NONE',  ( -0.000000000000000000, -0.000000000000000000, 1.000000000000000000 ) ) ;
#1472 = DIRECTION ( 'NONE',  ( 0.000000000000000000, 0.000000000000000000, 1.000000000000000000 ) ) ;
#1473 = CARTESIAN_POINT ( 'NONE',  ( -6.741996154327472901, -6.741996154327443591, 4.516007691345230057 ) ) ;
#1474 = AXIS2_PLACEMENT_3D ( 'NONE', #1020, #1330, #1695 ) ;
#1475 =( REPRESENTATION_RELATIONSHIP ('NONE','NONE', #3899, #2875 ) REPRESENTATION_RELATIONSHIP_WITH_TRANSFORMATION ( #1356 )SHAPE_REPRESENTATION_RELATIONSHIP( ) );
#1476 = EDGE_CURVE ( 'NONE', #1219, #3321, #2405, .T. ) ;
#1477 = APPLICATION_PROTOCOL_DEFINITION ( 'draft international standard', 'automotive_design', 1998, #2949 ) ;
#1478 = LINE ( 'NONE', #4163, #2652 ) ;
#1479 = CARTESIAN_POINT ( 'NONE',  ( 1312.826600409047614, 688.7814939935515213, 919.5428517890160265 ) ) ;
#1480 = CARTESIAN_POINT ( 'NONE',  ( -4.457429047582537329, 5.570423279073596134, -4.457429047582455617 ) ) ;
#1481 = DIRECTION ( 'NONE',  ( 0.000000000000000000, -6.888146287286515500E-16, 1.000000000000000000 ) ) ;
#1482 = ORIENTED_EDGE ( 'NONE', *, *, #3280, .T. ) ;
#1483 = AXIS2_PLACEMENT_3D ( 'NONE', #2726, #263, #3068 ) ;
#1484 = CONTEXT_DEPENDENT_SHAPE_REPRESENTATION ( #2183, #3026 ) ;
#1485 = AXIS2_PLACEMENT_3D ( 'NONE', #4025, #2932, #1564 ) ;
#1486 = ORIENTED_EDGE ( 'NONE', *, *, #1450, .F. ) ;
#1487 = VERTEX_POINT ( 'NONE', #282 ) ;
#1488 = FACE_BOUND ( 'NONE', #1781, .T. ) ;
#1489 = ORIENTED_EDGE ( 'NONE', *, *, #749, .F. ) ;
#1490 = ORIENTED_EDGE ( 'NONE', *, *, #2277, .T. ) ;
#1491 = ORIENTED_EDGE ( 'NONE', *, *, #1706, .F. ) ;
#1492 = CARTESIAN_POINT ( 'NONE',  ( 6.000000000000000000, -2.687005768508881509, -2.687005768508883730 ) ) ;
#1493 = CARTESIAN_POINT ( 'NONE',  ( -4.457429047582508019, -4.457429047582464499, -5.570423279073621892 ) ) ;
#1494 = EDGE_CURVE ( 'NONE', #4000, #1813, #299, .T. ) ;
#1495 = CONTEXT_DEPENDENT_SHAPE_REPRESENTATION ( #207, #887 ) ;
#1496 = DIRECTION ( 'NONE',  ( 1.000000000000000000, 0.000000000000000000, 0.000000000000000000 ) ) ;
#1497 = CARTESIAN_POINT ( 'NONE',  ( -6.000000000000065725, -3.800000000000002487, -1.574011537017763418 ) ) ;
#1498 = VECTOR ( 'NONE', #4008, 1000.000000000000000 ) ;
#1499 = EDGE_CURVE ( 'NONE', #2019, #2099, #532, .T. ) ;
#1500 = APPLICATION_PROTOCOL_DEFINITION ( 'draft international standard', 'automotive_design', 1998, #2473 ) ;
#1501 = PRODUCT_DEFINITION_SHAPE ( 'NONE', 'NONE',  #4290 ) ;
#1502 = CARTESIAN_POINT ( 'NONE',  ( 1312.826600409047614, 688.7814939935515213, 907.5428517890160265 ) ) ;
#1503 = DIRECTION ( 'NONE',  ( 0.000000000000000000, -1.000000000000000000, -5.234991178337752214E-16 ) ) ;
#1504 = DIRECTION ( 'NONE',  ( 0.7071067811865441310, 0.7071067811865507924, 0.000000000000000000 ) ) ;
#1505 =( REPRESENTATION_RELATIONSHIP ('NONE','NONE', #3899, #2875 ) REPRESENTATION_RELATIONSHIP_WITH_TRANSFORMATION ( #1175 )SHAPE_REPRESENTATION_RELATIONSHIP( ) );
#1506 = AXIS2_PLACEMENT_3D ( 'NONE', #97, #1923, #4159 ) ;
#1507 = ITEM_DEFINED_TRANSFORMATION ( 'NONE', 'NONE', #2820,  #3602 ) ;
#1508 = CONTEXT_DEPENDENT_SHAPE_REPRESENTATION ( #3043, #2574 ) ;
#1509 = ORIENTED_EDGE ( 'NONE', *, *, #4152, .F. ) ;
#1510 = CARTESIAN_POINT ( 'NONE',  ( 4.516007691345197195, 6.741996154327418722, -6.741996154327454249 ) ) ;
#1511 = ORIENTED_EDGE ( 'NONE', *, *, #3645, .T. ) ;
#1512 = EDGE_LOOP ( 'NONE', ( #1130, #2222, #3616, #3016 ) ) ;
#1513 = ORIENTED_EDGE ( 'NONE', *, *, #581, .T. ) ;
#1514 = CARTESIAN_POINT ( 'NONE',  ( -6.000000000000065725, 3.800000000000003375, 1.574011537017764084 ) ) ;
#1515 = DIRECTION ( 'NONE',  ( 0.000000000000000000, 0.4472135954999554852, -0.8944271909999170767 ) ) ;
#1516 = ADVANCED_FACE ( 'NONE', ( #2365 ), #2773, .F. ) ;
#1517 = CONTEXT_DEPENDENT_SHAPE_REPRESENTATION ( #3768, #4053 ) ;
#1518 = EDGE_CURVE ( 'NONE', #3382, #3321, #1014, .T. ) ;
#1519 = DIRECTION ( 'NONE',  ( 1.000000000000000000, 0.000000000000000000, 0.000000000000000000 ) ) ;
#1520 = CARTESIAN_POINT ( 'NONE',  ( -1.574011537017783624, 3.799999999999978062, 3.800000000000014477 ) ) ;
#1521 = LINE ( 'NONE', #1944, #1788 ) ;
#1522 =( REPRESENTATION_RELATIONSHIP ('NONE','NONE', #3899, #2875 ) REPRESENTATION_RELATIONSHIP_WITH_TRANSFORMATION ( #3737 )SHAPE_REPRESENTATION_RELATIONSHIP( ) );
#1523 = CARTESIAN_POINT ( 'NONE',  ( 1336.826600409047614, 700.7814939935515213, 907.5428517890160265 ) ) ;
#1524 = CONTEXT_DEPENDENT_SHAPE_REPRESENTATION ( #2766, #3358 ) ;
#1525 = DIRECTION ( 'NONE',  ( 0.000000000000000000, 0.000000000000000000, 1.000000000000000000 ) ) ;
#1526 = DIRECTION ( 'NONE',  ( 0.000000000000000000, 0.7071067811865477948, -0.7071067811865473507 ) ) ;
#1527 = FILL_AREA_STYLE_COLOUR ( '', #36 ) ;
#1528 = VECTOR ( 'NONE', #2702, 1000.000000000000000 ) ;
#1529 = ITEM_DEFINED_TRANSFORMATION ( 'NONE', 'NONE', #3760,  #3602 ) ;
#1530 = ITEM_DEFINED_TRANSFORMATION ( 'NONE', 'NONE', #1606,  #3602 ) ;
#1531 = LINE ( 'NONE', #2973, #920 ) ;
#1532 = PRODUCT_DEFINITION_SHAPE ( 'NONE', 'NONE',  #4367 ) ;
#1533 = ORIENTED_EDGE ( 'NONE', *, *, #4136, .F. ) ;
#1534 = EDGE_CURVE ( 'NONE', #2546, #522, #4096, .T. ) ;
#1535 = EDGE_LOOP ( 'NONE', ( #3153, #607, #3999 ) ) ;
#1536 = VERTEX_POINT ( 'NONE', #2043 ) ;
#1537 = DIRECTION ( 'NONE',  ( 0.7071067811865473507, 0.7071067811865476838, 0.000000000000000000 ) ) ;
#1538 = AXIS2_PLACEMENT_3D ( 'NONE', #2841, #2571, #4231 ) ;
#1539 = CARTESIAN_POINT ( 'NONE',  ( -6.000000000000000000, -0.000000000000000000, 3.800000000000004263 ) ) ;
#1540 = PRODUCT_DEFINITION_SHAPE ( 'NONE', 'NONE',  #4327 ) ;
#1541 = AXIS2_PLACEMENT_3D ( 'NONE', #3109, #3449, #3131 ) ;
#1542 = ORIENTED_EDGE ( 'NONE', *, *, #685, .T. ) ;
#1543 = CONTEXT_DEPENDENT_SHAPE_REPRESENTATION ( #2315, #1312 ) ;
#1544 = CARTESIAN_POINT ( 'NONE',  ( 1288.826600409047614, 640.7814939935514076, 931.5428517890160265 ) ) ;
#1545 = PLANE ( 'NONE',  #340 ) ;
#1546 = PLANE ( 'NONE',  #2292 ) ;
#1547 = ITEM_DEFINED_TRANSFORMATION ( 'NONE', 'NONE', #3885,  #3602 ) ;
#1548 = VECTOR ( 'NONE', #2302, 1000.000000000000000 ) ;
#1549 = PRODUCT_DEFINITION_SHAPE ( 'NONE', 'NONE',  #4451 ) ;
#1550 = DIRECTION ( 'NONE',  ( 1.000000000000000000, 0.000000000000000000, 0.000000000000000000 ) ) ;
#1551 = DIRECTION ( 'NONE',  ( -1.000000000000000000, -5.510517029829215555E-16, 0.000000000000000000 ) ) ;
#1552 = DIRECTION ( 'NONE',  ( 0.5773502691896262862, 0.5773502691896231775, -0.5773502691896279515 ) ) ;
#1553 = CONTEXT_DEPENDENT_SHAPE_REPRESENTATION ( #3219, #3987 ) ;
#1554 = DIRECTION ( 'NONE',  ( 1.000000000000000000, 0.000000000000000000, 0.000000000000000000 ) ) ;
#1555 = CARTESIAN_POINT ( 'NONE',  ( 1324.826600409047614, 688.7814939935515213, 883.5428517890160265 ) ) ;
#1556 = ITEM_DEFINED_TRANSFORMATION ( 'NONE', 'NONE', #14,  #3602 ) ;
#1557 = CARTESIAN_POINT ( 'NONE',  ( -3.799999999999981171, -6.000000000000039080, -1.574011537017766749 ) ) ;
#1558 = ADVANCED_FACE ( 'NONE', ( #2453 ), #1400, .F. ) ;
#1559 = AXIS2_PLACEMENT_3D ( 'NONE', #325, #1696, #3414 ) ;
#1560 = ORIENTED_EDGE ( 'NONE', *, *, #2101, .F. ) ;
#1561 = VERTEX_POINT ( 'NONE', #1064 ) ;
#1562 = AXIS2_PLACEMENT_3D ( 'NONE', #1013, #2135, #2424 ) ;
#1563 = ORIENTED_EDGE ( 'NONE', *, *, #2921, .T. ) ;
#1564 = DIRECTION ( 'NONE',  ( -0.7071067811865474617, 0.000000000000000000, -0.7071067811865474617 ) ) ;
#1565 = AXIS2_PLACEMENT_3D ( 'NONE', #2361, #3113, #1371 ) ;
#1566 = ITEM_DEFINED_TRANSFORMATION ( 'NONE', 'NONE', #664,  #3602 ) ;
#1567 = CARTESIAN_POINT ( 'NONE',  ( 1288.826600409047614, 676.7814939935515213, 883.5428517890160265 ) ) ;
#1568 =( REPRESENTATION_RELATIONSHIP ('NONE','NONE', #3899, #2875 ) REPRESENTATION_RELATIONSHIP_WITH_TRANSFORMATION ( #3339 )SHAPE_REPRESENTATION_RELATIONSHIP( ) );
#1569 = PLANE ( 'NONE',  #4187 ) ;
#1570 = DIRECTION ( 'NONE',  ( 1.000000000000000000, -0.000000000000000000, -0.000000000000000000 ) ) ;
#1571 = VECTOR ( 'NONE', #1649, 1000.000000000000000 ) ;
#1572 = ITEM_DEFINED_TRANSFORMATION ( 'NONE', 'NONE', #334,  #3602 ) ;
#1573 = CARTESIAN_POINT ( 'NONE',  ( 1312.826600409047614, 688.7814939935515213, 883.5428517890160265 ) ) ;
#1574 = PRODUCT_DEFINITION_SHAPE ( 'NONE', 'NONE',  #4369 ) ;
#1575 = AXIS2_PLACEMENT_3D ( 'NONE', #256, #189, #2235 ) ;
#1576 = CARTESIAN_POINT ( 'NONE',  ( -3.800000000000014477, 3.800000000000001155, -1.574011537017763418 ) ) ;
#1577 = CARTESIAN_POINT ( 'NONE',  ( 1276.826600409047614, 640.7814939935514076, 871.5428517890160265 ) ) ;
#1578 = DIRECTION ( 'NONE',  ( 1.000000000000000000, 0.000000000000000000, 0.000000000000000000 ) ) ;
#1579 = EDGE_CURVE ( 'NONE', #2541, #3763, #3104, .T. ) ;
#1580 = PRODUCT_DEFINITION_SHAPE ( 'NONE', 'NONE',  #4328 ) ;
#1581 = ITEM_DEFINED_TRANSFORMATION ( 'NONE', 'NONE', #3334,  #3602 ) ;
#1582 = DIRECTION ( 'NONE',  ( -2.855453906572089710E-15, -0.7071067811865473507, -0.7071067811865477948 ) ) ;
#1583 = AXIS2_PLACEMENT_3D ( 'NONE', #3268, #146, #3787 ) ;
#1584 = ORIENTED_EDGE ( 'NONE', *, *, #2771, .F. ) ;
#1585 = ORIENTED_EDGE ( 'NONE', *, *, #889, .T. ) ;
#1586 =( GEOMETRIC_REPRESENTATION_CONTEXT ( 3 ) GLOBAL_UNCERTAINTY_ASSIGNED_CONTEXT ( ( #177 ) ) GLOBAL_UNIT_ASSIGNED_CONTEXT ( ( #1873, #95, #1849 ) ) REPRESENTATION_CONTEXT ( 'NONE', 'WORKASPACE' ) );
#1587 = EDGE_LOOP ( 'NONE', ( #2267, #520, #1217, #1216 ) ) ;
#1588 = CARTESIAN_POINT ( 'NONE',  ( -1.574011537017759199, -3.800000000000001155, -3.799999999999996270 ) ) ;
#1589 = CARTESIAN_POINT ( 'NONE',  ( 1288.826600409047614, 676.7814939935515213, 919.5428517890160265 ) ) ;
#1590 = CARTESIAN_POINT ( 'NONE',  ( 4.516007691345202524, -6.741996154327424051, -6.741996154327460467 ) ) ;
#1591 = DIRECTION ( 'NONE',  ( 0.000000000000000000, 0.7071067811865473507, 0.7071067811865477948 ) ) ;
#1592 =( REPRESENTATION_RELATIONSHIP ('NONE','NONE', #3899, #2875 ) REPRESENTATION_RELATIONSHIP_WITH_TRANSFORMATION ( #2499 )SHAPE_REPRESENTATION_RELATIONSHIP( ) );
#1593 = ADVANCED_FACE ( 'NONE', ( #4155 ), #2467, .F. ) ;
#1594 = DIRECTION ( 'NONE',  ( 1.000000000000000000, 0.000000000000000000, 0.000000000000000000 ) ) ;
#1595 = EDGE_CURVE ( 'NONE', #3789, #1758, #2760, .T. ) ;
#1596 = CARTESIAN_POINT ( 'NONE',  ( -1.574011537017762974, 3.799999999999999378, -3.800000000000012701 ) ) ;
#1597 = DIRECTION ( 'NONE',  ( 0.000000000000000000, 0.000000000000000000, 1.000000000000000000 ) ) ;
#1598 = ADVANCED_BREP_SHAPE_REPRESENTATION ( '', ( #2665, #3602 ), #2220 ) ;
#1599 = DIRECTION ( 'NONE',  ( -3.491481338843133750E-15, 1.000000000000000000, 5.234991178337752214E-16 ) ) ;
#1600 = ORIENTED_EDGE ( 'NONE', *, *, #1534, .T. ) ;
#1601 = VECTOR ( 'NONE', #1551, 1000.000000000000000 ) ;
#1602 = ORIENTED_EDGE ( 'NONE', *, *, #2016, .F. ) ;
#1603 = PRODUCT_DEFINITION_SHAPE ( 'NONE', 'NONE',  #4387 ) ;
#1604 = CONTEXT_DEPENDENT_SHAPE_REPRESENTATION ( #2291, #4018 ) ;
#1605 =( REPRESENTATION_RELATIONSHIP ('NONE','NONE', #3899, #2875 ) REPRESENTATION_RELATIONSHIP_WITH_TRANSFORMATION ( #3781 )SHAPE_REPRESENTATION_RELATIONSHIP( ) );
#1606 = AXIS2_PLACEMENT_3D ( 'NONE', #1915, #2273, #1554 ) ;
#1607 = CONTEXT_DEPENDENT_SHAPE_REPRESENTATION ( #870, #2664 ) ;
#1608 = DIRECTION ( 'NONE',  ( 0.000000000000000000, 0.000000000000000000, 1.000000000000000000 ) ) ;
#1609 = CARTESIAN_POINT ( 'NONE',  ( -3.344434816091373719, -5.570423279073601464, 5.570423279073628109 ) ) ;
#1610 = CARTESIAN_POINT ( 'NONE',  ( -3.799999999999999822, 1.574011537017761198, -6.000000000000007994 ) ) ;
#1611 = AXIS2_PLACEMENT_3D ( 'NONE', #2899, #446, #3244 ) ;
#1612 = PRODUCT_DEFINITION_SHAPE ( 'NONE', 'NONE',  #4338 ) ;
#1613 = DIRECTION ( 'NONE',  ( 1.000000000000000000, 0.000000000000000000, 0.000000000000000000 ) ) ;
#1614 = LINE ( 'NONE', #3311, #229 ) ;
#1615 = DIRECTION ( 'NONE',  ( 0.000000000000000000, -0.8944271909999140791, 0.4472135954999615359 ) ) ;
#1616 = DIRECTION ( 'NONE',  ( 1.000000000000000000, 0.000000000000000000, 0.000000000000000000 ) ) ;
#1617 = ITEM_DEFINED_TRANSFORMATION ( 'NONE', 'NONE', #355,  #3602 ) ;
#1618 = DIRECTION ( 'NONE',  ( 0.000000000000000000, 1.000000000000000000, 1.377629257457303149E-16 ) ) ;
#1619 = EDGE_CURVE ( 'NONE', #1316, #2060, #2498, .T. ) ;
#1620 = ORIENTED_EDGE ( 'NONE', *, *, #2879, .F. ) ;
#1621 = PRODUCT_DEFINITION_SHAPE ( 'NONE', 'NONE',  #4432 ) ;
#1622 = ORIENTED_EDGE ( 'NONE', *, *, #4027, .T. ) ;
#1623 = ORIENTED_EDGE ( 'NONE', *, *, #2998, .T. ) ;
#1624 = VECTOR ( 'NONE', #2535, 1000.000000000000114 ) ;
#1625 = CARTESIAN_POINT ( 'NONE',  ( 1288.826600409047614, 664.7814939935515213, 919.5428517890160265 ) ) ;
#1626 = LINE ( 'NONE', #1961, #2536 ) ;
#1627 = ADVANCED_FACE ( 'NONE', ( #736 ), #2127, .F. ) ;
#1628 = CARTESIAN_POINT ( 'NONE',  ( 4.457429047582536441, -5.570423279073597023, 4.457429047582456505 ) ) ;
#1629 = DIRECTION ( 'NONE',  ( 0.000000000000000000, -0.7071067811865472397, -0.7071067811865479058 ) ) ;
#1630 = VECTOR ( 'NONE', #4207, 1000.000000000000000 ) ;
#1631 = DIRECTION ( 'NONE',  ( 1.000000000000000000, 0.000000000000000000, 0.000000000000000000 ) ) ;
#1632 = AXIS2_PLACEMENT_3D ( 'NONE', #613, #294, #4051 ) ;
#1633 = EDGE_CURVE ( 'NONE', #2060, #3827, #3447, .T. ) ;
#1634 = LINE ( 'NONE', #3028, #4220 ) ;
#1635 = DIRECTION ( 'NONE',  ( 1.000000000000000000, 0.000000000000000000, 0.000000000000000000 ) ) ;
#1636 = DIRECTION ( 'NONE',  ( 0.000000000000000000, 0.000000000000000000, 1.000000000000000000 ) ) ;
#1637 = CONTEXT_DEPENDENT_SHAPE_REPRESENTATION ( #1745, #2570 ) ;
#1638 = FACE_OUTER_BOUND ( 'NONE', #1975, .T. ) ;
#1639 = PRODUCT_DEFINITION_SHAPE ( 'NONE', 'NONE',  #4408 ) ;
#1640 = ORIENTED_EDGE ( 'NONE', *, *, #2310, .F. ) ;
#1641 = ORIENTED_EDGE ( 'NONE', *, *, #4221, .F. ) ;
#1642 = EDGE_CURVE ( 'NONE', #4017, #1219, #1463, .T. ) ;
#1643 = PRODUCT_DEFINITION_SHAPE ( 'NONE', 'NONE',  #4353 ) ;
#1644 =( REPRESENTATION_RELATIONSHIP ('NONE','NONE', #3899, #2875 ) REPRESENTATION_RELATIONSHIP_WITH_TRANSFORMATION ( #3492 )SHAPE_REPRESENTATION_RELATIONSHIP( ) );
#1645 = AXIS2_PLACEMENT_3D ( 'NONE', #975, #4168, #640 ) ;
#1646 = ITEM_DEFINED_TRANSFORMATION ( 'NONE', 'NONE', #1835,  #3602 ) ;
#1647 = CARTESIAN_POINT ( 'NONE',  ( 1288.826600409047614, 688.7814939935515213, 883.5428517890160265 ) ) ;
#1648 = EDGE_LOOP ( 'NONE', ( #3275, #4223, #2735 ) ) ;
#1649 = DIRECTION ( 'NONE',  ( -0.000000000000000000, -0.000000000000000000, 1.000000000000000000 ) ) ;
#1650 = PLANE ( 'NONE',  #4255 ) ;
#1651 = EDGE_CURVE ( 'NONE', #108, #810, #361, .T. ) ;
#1652 = CARTESIAN_POINT ( 'NONE',  ( 1324.826600409047614, 700.7814939935515213, 871.5428517890160265 ) ) ;
#1653 = DIRECTION ( 'NONE',  ( -0.5773502691896262862, -0.5773502691896231775, -0.5773502691896279515 ) ) ;
#1654 = DIRECTION ( 'NONE',  ( 1.000000000000000000, 0.000000000000000000, 0.000000000000000000 ) ) ;
#1655 = CONTEXT_DEPENDENT_SHAPE_REPRESENTATION ( #321, #2590 ) ;
#1656 = PLANE ( 'NONE',  #2066 ) ;
#1657 = CONTEXT_DEPENDENT_SHAPE_REPRESENTATION ( #3553, #1774 ) ;
#1658 = DIRECTION ( 'NONE',  ( 0.000000000000000000, -1.377629257457303149E-16, 1.000000000000000000 ) ) ;
#1659 = EDGE_LOOP ( 'NONE', ( #479, #3780, #791 ) ) ;
#1660 =( REPRESENTATION_RELATIONSHIP ('NONE','NONE', #3899, #2875 ) REPRESENTATION_RELATIONSHIP_WITH_TRANSFORMATION ( #661 )SHAPE_REPRESENTATION_RELATIONSHIP( ) );
#1661 = ORIENTED_EDGE ( 'NONE', *, *, #1388, .T. ) ;
#1662 = VECTOR ( 'NONE', #3413, 1000.000000000000000 ) ;
#1663 = ADVANCED_FACE ( 'NONE', ( #63, #3808 ), #694, .F. ) ;
#1664 = CARTESIAN_POINT ( 'NONE',  ( 1300.826600409047614, 676.7814939935515213, 919.5428517890160265 ) ) ;
#1665 = ORIENTED_EDGE ( 'NONE', *, *, #2031, .T. ) ;
#1666 = LINE ( 'NONE', #231, #2515 ) ;
#1667 = CARTESIAN_POINT ( 'NONE',  ( 6.000000000000017764, -6.000000000000002665, 2.485281374238540675 ) ) ;
#1668 =( REPRESENTATION_RELATIONSHIP ('NONE','NONE', #3899, #2875 ) REPRESENTATION_RELATIONSHIP_WITH_TRANSFORMATION ( #259 )SHAPE_REPRESENTATION_RELATIONSHIP( ) );
#1669 = ITEM_DEFINED_TRANSFORMATION ( 'NONE', 'NONE', #2003,  #3602 ) ;
#1670 = DIRECTION ( 'NONE',  ( 0.000000000000000000, 0.000000000000000000, 1.000000000000000000 ) ) ;
#1671 = PRODUCT_DEFINITION_SHAPE ( 'NONE', 'NONE',  #4405 ) ;
#1672 = CARTESIAN_POINT ( 'NONE',  ( -3.799999999999999378, -1.574011537017759199, -3.800000000000004263 ) ) ;
#1673 = CARTESIAN_POINT ( 'NONE',  ( 1288.826600409047614, 640.7814939935514076, 871.5428517890160265 ) ) ;
#1674 = AXIS2_PLACEMENT_3D ( 'NONE', #69, #3988, #1796 ) ;
#1675 = ORIENTED_EDGE ( 'NONE', *, *, #3342, .F. ) ;
#1676 = DIRECTION ( 'NONE',  ( 0.000000000000000000, 0.000000000000000000, 1.000000000000000000 ) ) ;
#1677 = CONTEXT_DEPENDENT_SHAPE_REPRESENTATION ( #1261, #4046 ) ;
#1678 = PRODUCT_DEFINITION_SHAPE ( 'NONE', 'NONE',  #4360 ) ;
#1679 = LINE ( 'NONE', #2411, #1122 ) ;
#1680 = LINE ( 'NONE', #3074, #125 ) ;
#1681 = EDGE_LOOP ( 'NONE', ( #62, #3933, #3589, #663 ) ) ;
#1682 = ITEM_DEFINED_TRANSFORMATION ( 'NONE', 'NONE', #3265,  #3602 ) ;
#1683 = ORIENTED_EDGE ( 'NONE', *, *, #2394, .T. ) ;
#1684 = EDGE_CURVE ( 'NONE', #2019, #2628, #1078, .T. ) ;
#1685 =( REPRESENTATION_RELATIONSHIP ('NONE','NONE', #3899, #2875 ) REPRESENTATION_RELATIONSHIP_WITH_TRANSFORMATION ( #1756 )SHAPE_REPRESENTATION_RELATIONSHIP( ) );
#1686 = PLANE ( 'NONE',  #3327 ) ;
#1687 = DIRECTION ( 'NONE',  ( 1.000000000000000000, 0.000000000000000000, 0.000000000000000000 ) ) ;
#1688 = VERTEX_POINT ( 'NONE', #3469 ) ;
#1689 = DIRECTION ( 'NONE',  ( -0.5773502691896303940, -0.5773502691896252870, -0.5773502691896218453 ) ) ;
#1690 = VECTOR ( 'NONE', #3510, 1000.000000000000000 ) ;
#1691 = ITEM_DEFINED_TRANSFORMATION ( 'NONE', 'NONE', #2581,  #3602 ) ;
#1692 = VECTOR ( 'NONE', #3756, 1000.000000000000000 ) ;
#1693 = DIRECTION ( 'NONE',  ( 1.000000000000000000, 0.000000000000000000, 0.000000000000000000 ) ) ;
#1694 = AXIS2_PLACEMENT_3D ( 'NONE', #1465, #2363, #3373 ) ;
#1695 = DIRECTION ( 'NONE',  ( 1.000000000000000000, 2.755258514914609750E-16, 0.000000000000000000 ) ) ;
#1696 = DIRECTION ( 'NONE',  ( 0.000000000000000000, 0.000000000000000000, 1.000000000000000000 ) ) ;
#1697 =( GEOMETRIC_REPRESENTATION_CONTEXT ( 3 ) GLOBAL_UNCERTAINTY_ASSIGNED_CONTEXT ( ( #1259 ) ) GLOBAL_UNIT_ASSIGNED_CONTEXT ( ( #2041, #945, #316 ) ) REPRESENTATION_CONTEXT ( 'NONE', 'WORKASPACE' ) );
#1698 = CARTESIAN_POINT ( 'NONE',  ( 1336.826600409047614, 676.7814939935515213, 895.5428517890160265 ) ) ;
#1699 = DIRECTION ( 'NONE',  ( 0.000000000000000000, 0.000000000000000000, 1.000000000000000000 ) ) ;
#1700 = PLANE ( 'NONE',  #186 ) ;
#1701 = ITEM_DEFINED_TRANSFORMATION ( 'NONE', 'NONE', #784,  #3602 ) ;
#1702 = PLANE ( 'NONE',  #1949 ) ;
#1703 =( REPRESENTATION_RELATIONSHIP ('NONE','NONE', #3899, #2875 ) REPRESENTATION_RELATIONSHIP_WITH_TRANSFORMATION ( #1067 )SHAPE_REPRESENTATION_RELATIONSHIP( ) );
#1704 = AXIS2_PLACEMENT_3D ( 'NONE', #4206, #2105, #1132 ) ;
#1705 = ORIENTED_EDGE ( 'NONE', *, *, #2599, .T. ) ;
#1706 = EDGE_CURVE ( 'NONE', #1960, #381, #1734, .T. ) ;
#1707 = ADVANCED_FACE ( 'NONE', ( #1417, #1786 ), #1440, .T. ) ;
#1708 = ORIENTED_EDGE ( 'NONE', *, *, #2343, .F. ) ;
#1709 = VERTEX_POINT ( 'NONE', #789 ) ;
#1710 = VECTOR ( 'NONE', #1164, 1000.000000000000000 ) ;
#1711 = CARTESIAN_POINT ( 'NONE',  ( 4.457429047582518677, -4.457429047582452952, -5.570423279073621892 ) ) ;
#1712 = AXIS2_PLACEMENT_3D ( 'NONE', #2230, #2248, #1537 ) ;
#1713 = CARTESIAN_POINT ( 'NONE',  ( 1300.826600409047614, 676.7814939935515213, 883.5428517890160265 ) ) ;
#1714 = FACE_BOUND ( 'NONE', #1648, .T. ) ;
#1715 = DIRECTION ( 'NONE',  ( 1.000000000000000000, -0.000000000000000000, -0.000000000000000000 ) ) ;
#1716 = PLANE ( 'NONE',  #1565 ) ;
#1717 = AXIS2_PLACEMENT_3D ( 'NONE', #4262, #512, #2598 ) ;
#1718 = CONTEXT_DEPENDENT_SHAPE_REPRESENTATION ( #4091, #3652 ) ;
#1719 = DIRECTION ( 'NONE',  ( 1.000000000000000000, 0.000000000000000000, 0.000000000000000000 ) ) ;
#1720 = ITEM_DEFINED_TRANSFORMATION ( 'NONE', 'NONE', #2669,  #3602 ) ;
#1721 = LINE ( 'NONE', #3117, #2911 ) ;
#1722 = EDGE_CURVE ( 'NONE', #2709, #2831, #2833, .T. ) ;
#1723 = CARTESIAN_POINT ( 'NONE',  ( 1336.826600409047614, 640.7814939935514076, 895.5428517890160265 ) ) ;
#1724 = ADVANCED_FACE ( 'NONE', ( #1391 ), #2516, .F. ) ;
#1725 = DIRECTION ( 'NONE',  ( 1.000000000000000000, 0.000000000000000000, 0.000000000000000000 ) ) ;
#1726 = LINE ( 'NONE', #309, #3888 ) ;
#1727 = ITEM_DEFINED_TRANSFORMATION ( 'NONE', 'NONE', #2242,  #3602 ) ;
#1728 = CARTESIAN_POINT ( 'NONE',  ( 5.570423279073614786, 4.457429047582516901, -4.457429047582453840 ) ) ;
#1729 = ORIENTED_EDGE ( 'NONE', *, *, #3906, .F. ) ;
#1730 = ITEM_DEFINED_TRANSFORMATION ( 'NONE', 'NONE', #1026,  #3602 ) ;
#1731 = VERTEX_POINT ( 'NONE', #3832 ) ;
#1732 =( REPRESENTATION_RELATIONSHIP ('NONE','NONE', #3899, #2875 ) REPRESENTATION_RELATIONSHIP_WITH_TRANSFORMATION ( #4009 )SHAPE_REPRESENTATION_RELATIONSHIP( ) );
#1733 = ORIENTED_EDGE ( 'NONE', *, *, #1769, .T. ) ;
#1734 = LINE ( 'NONE', #41, #3417 ) ;
#1735 = DIRECTION ( 'NONE',  ( 1.000000000000000000, 0.000000000000000000, 0.000000000000000000 ) ) ;
#1736 = CARTESIAN_POINT ( 'NONE',  ( -1.574011537017762530, 3.799999999999998934, -6.000000000000007994 ) ) ;
#1737 = CARTESIAN_POINT ( 'NONE',  ( -5.570423279073611234, 4.457429047582491144, 4.457429047582473380 ) ) ;
#1738 = CARTESIAN_POINT ( 'NONE',  ( -6.741996154327449808, 6.741996154327420498, -4.516007691345207853 ) ) ;
#1739 = CONTEXT_DEPENDENT_SHAPE_REPRESENTATION ( #1128, #3294 ) ;
#1740 = DIRECTION ( 'NONE',  ( 0.000000000000000000, 0.000000000000000000, 1.000000000000000000 ) ) ;
#1741 = CARTESIAN_POINT ( 'NONE',  ( 1.574011537017765638, 3.799999999999989164, 3.799999999999987832 ) ) ;
#1742 = CARTESIAN_POINT ( 'NONE',  ( 3.800000000000001155, -1.574011537017759421, -3.800000000000004263 ) ) ;
#1743 = DIRECTION ( 'NONE',  ( 1.000000000000000000, 0.000000000000000000, 0.000000000000000000 ) ) ;
#1744 = ITEM_DEFINED_TRANSFORMATION ( 'NONE', 'NONE', #1310,  #3602 ) ;
#1745 =( REPRESENTATION_RELATIONSHIP ('NONE','NONE', #3899, #2875 ) REPRESENTATION_RELATIONSHIP_WITH_TRANSFORMATION ( #1617 )SHAPE_REPRESENTATION_RELATIONSHIP( ) );
#1746 = DIRECTION ( 'NONE',  ( 0.000000000000000000, 0.000000000000000000, 1.000000000000000000 ) ) ;
#1747 = AXIS2_PLACEMENT_3D ( 'NONE', #3892, #1447, #2184 ) ;
#1748 = ITEM_DEFINED_TRANSFORMATION ( 'NONE', 'NONE', #384,  #3602 ) ;
#1749 = PLANE ( 'NONE',  #4101 ) ;
#1750 = CARTESIAN_POINT ( 'NONE',  ( 5.570423279073611234, -4.457429047582489368, -4.457429047582475157 ) ) ;
#1751 = PRODUCT_DEFINITION_SHAPE ( 'NONE', 'NONE',  #4474 ) ;
#1752 = CARTESIAN_POINT ( 'NONE',  ( 6.741996154327455137, -6.741996154327426716, -4.516007691345212294 ) ) ;
#1753 = ORIENTED_EDGE ( 'NONE', *, *, #748, .T. ) ;
#1754 = AXIS2_PLACEMENT_3D ( 'NONE', #3846, #3870, #352 ) ;
#1755 = DIRECTION ( 'NONE',  ( 0.000000000000000000, 0.000000000000000000, 1.000000000000000000 ) ) ;
#1756 = ITEM_DEFINED_TRANSFORMATION ( 'NONE', 'NONE', #1583,  #3602 ) ;
#1757 = CONTEXT_DEPENDENT_SHAPE_REPRESENTATION ( #414, #1678 ) ;
#1758 = VERTEX_POINT ( 'NONE', #3882 ) ;
#1759 = ORIENTED_EDGE ( 'NONE', *, *, #3546, .F. ) ;
#1760 = DIRECTION ( 'NONE',  ( -3.857361920880466567E-16, -1.346790716391825516E-30, 1.000000000000000000 ) ) ;
#1761 =( REPRESENTATION_RELATIONSHIP ('NONE','NONE', #3899, #2875 ) REPRESENTATION_RELATIONSHIP_WITH_TRANSFORMATION ( #800 )SHAPE_REPRESENTATION_RELATIONSHIP( ) );
#1762 = VECTOR ( 'NONE', #2482, 1000.000000000000000 ) ;
#1763 = CARTESIAN_POINT ( 'NONE',  ( 1300.826600409047614, 652.7814939935514076, 895.5428517890160265 ) ) ;
#1764 = DIRECTION ( 'NONE',  ( -1.000000000000000000, -5.510517029829215555E-16, -2.884750803923589680E-31 ) ) ;
#1765 = DIRECTION ( 'NONE',  ( 0.000000000000000000, 4.132887772371912653E-16, -1.000000000000000000 ) ) ;
#1766 = LINE ( 'NONE', #1058, #554 ) ;
#1767 = DIRECTION ( 'NONE',  ( 1.000000000000000000, 0.000000000000000000, 0.000000000000000000 ) ) ;
#1768 = CONTEXT_DEPENDENT_SHAPE_REPRESENTATION ( #2055, #1540 ) ;
#1769 = EDGE_CURVE ( 'NONE', #1813, #4083, #4181, .T. ) ;
#1770 = DIRECTION ( 'NONE',  ( 0.000000000000000000, 0.000000000000000000, 1.000000000000000000 ) ) ;
#1771 = CARTESIAN_POINT ( 'NONE',  ( 1.574011537017762308, -3.800000000000000266, -6.000000000000007994 ) ) ;
#1772 = DIRECTION ( 'NONE',  ( 0.000000000000000000, 0.000000000000000000, -1.000000000000000000 ) ) ;
#1773 = VECTOR ( 'NONE', #3149, 1000.000000000000000 ) ;
#1774 = PRODUCT_DEFINITION_SHAPE ( 'NONE', 'NONE',  #4463 ) ;
#1775 = ITEM_DEFINED_TRANSFORMATION ( 'NONE', 'NONE', #1483,  #3602 ) ;
#1776 = AXIS2_PLACEMENT_3D ( 'NONE', #1063, #3771, #4208 ) ;
#1777 = CARTESIAN_POINT ( 'NONE',  ( 1312.826600409047614, 664.7814939935515213, 883.5428517890160265 ) ) ;
#1778 = PLANE ( 'NONE',  #3726 ) ;
#1779 = LINE ( 'NONE', #3487, #2503 ) ;
#1780 = CARTESIAN_POINT ( 'NONE',  ( 6.741996154327441815, 4.516007691345182984, 6.741996154327449808 ) ) ;
#1781 = EDGE_LOOP ( 'NONE', ( #3428, #3654, #1195, #2380, #3656, #82, #202, #153 ) ) ;
#1782 = CONTEXT_DEPENDENT_SHAPE_REPRESENTATION ( #1098, #4086 ) ;
#1783 = ORIENTED_EDGE ( 'NONE', *, *, #2945, .T. ) ;
#1784 = EDGE_LOOP ( 'NONE', ( #898, #3233, #2058 ) ) ;
#1785 = VECTOR ( 'NONE', #2475, 1000.000000000000000 ) ;
#1786 = FACE_BOUND ( 'NONE', #921, .T. ) ;
#1787 = EDGE_CURVE ( 'NONE', #3765, #39, #761, .T. ) ;
#1788 = VECTOR ( 'NONE', #931, 999.9999999999998863 ) ;
#1789 = EDGE_CURVE ( 'NONE', #1003, #451, #3206, .T. ) ;
#1790 = CARTESIAN_POINT ( 'NONE',  ( -1.574011537017759421, -3.800000000000001155, -6.000000000000007994 ) ) ;
#1791 = DIRECTION ( 'NONE',  ( 2.755258514914609750E-16, -1.000000000000000000, 0.000000000000000000 ) ) ;
#1792 = DIRECTION ( 'NONE',  ( 0.7071067811865456854, -1.904948231430821163E-15, 0.7071067811865493491 ) ) ;
#1793 = PRODUCT ( '6x6 mesh', '6x6 mesh', '', ( #726 ) ) ;
#1794 = ITEM_DEFINED_TRANSFORMATION ( 'NONE', 'NONE', #1329,  #3602 ) ;
#1795 = PRODUCT_DEFINITION_SHAPE ( 'NONE', 'NONE',  #4489 ) ;
#1796 = DIRECTION ( 'NONE',  ( 1.000000000000000000, 0.000000000000000000, 0.000000000000000000 ) ) ;
#1797 = CARTESIAN_POINT ( 'NONE',  ( -3.799999999999999822, 1.574011537017761198, -6.000000000000007994 ) ) ;
#1798 = EDGE_CURVE ( 'NONE', #1827, #359, #173, .T. ) ;
#1799 =( REPRESENTATION_RELATIONSHIP ('NONE','NONE', #3899, #2875 ) REPRESENTATION_RELATIONSHIP_WITH_TRANSFORMATION ( #3416 )SHAPE_REPRESENTATION_RELATIONSHIP( ) );
#1800 = SHAPE_DEFINITION_REPRESENTATION ( #1172, #2875 ) ;
#1801 = AXIS2_PLACEMENT_3D ( 'NONE', #2947, #1927, #3266 ) ;
#1802 = DIRECTION ( 'NONE',  ( 1.000000000000000000, 0.000000000000000000, 0.000000000000000000 ) ) ;
#1803 = DIRECTION ( 'NONE',  ( 0.000000000000000000, 0.7071067811865475727, -0.7071067811865474617 ) ) ;
#1804 = DIRECTION ( 'NONE',  ( -0.000000000000000000, -0.000000000000000000, 1.000000000000000000 ) ) ;
#1805 = LINE ( 'NONE', #1780, #2155 ) ;
#1806 = ORIENTED_EDGE ( 'NONE', *, *, #795, .F. ) ;
#1807 = ITEM_DEFINED_TRANSFORMATION ( 'NONE', 'NONE', #2164,  #3602 ) ;
#1808 = CONTEXT_DEPENDENT_SHAPE_REPRESENTATION ( #1644, #4124 ) ;
#1809 = ORIENTED_EDGE ( 'NONE', *, *, #1939, .F. ) ;
#1810 = ORIENTED_EDGE ( 'NONE', *, *, #1430, .T. ) ;
#1811 = DIRECTION ( 'NONE',  ( -5.510517029829215555E-16, 1.000000000000000000, 0.000000000000000000 ) ) ;
#1812 = ORIENTED_EDGE ( 'NONE', *, *, #3200, .T. ) ;
#1813 = VERTEX_POINT ( 'NONE', #2927 ) ;
#1814 = DIRECTION ( 'NONE',  ( -0.000000000000000000, -0.000000000000000000, 1.000000000000000000 ) ) ;
#1815 = LINE ( 'NONE', #3211, #755 ) ;
#1816 = LINE ( 'NONE', #2548, #2008 ) ;
#1817 = EDGE_CURVE ( 'NONE', #3207, #2096, #3663, .T. ) ;
#1818 =( REPRESENTATION_RELATIONSHIP ('NONE','NONE', #3899, #2875 ) REPRESENTATION_RELATIONSHIP_WITH_TRANSFORMATION ( #1000 )SHAPE_REPRESENTATION_RELATIONSHIP( ) );
#1819 = CARTESIAN_POINT ( 'NONE',  ( 1288.826600409047614, 664.7814939935515213, 895.5428517890160265 ) ) ;
#1820 = CARTESIAN_POINT ( 'NONE',  ( 3.800000000000001155, -1.574011537017759865, 5.999999999999996447 ) ) ;
#1821 = VECTOR ( 'NONE', #1968, 999.9999999999998863 ) ;
#1822 = CONTEXT_DEPENDENT_SHAPE_REPRESENTATION ( #2545, #2957 ) ;
#1823 = DIRECTION ( 'NONE',  ( 1.000000000000000000, 0.000000000000000000, 0.000000000000000000 ) ) ;
#1824 = CARTESIAN_POINT ( 'NONE',  ( 5.570423279073616563, 3.344434816091363949, -5.570423279073621003 ) ) ;
#1825 = FACE_OUTER_BOUND ( 'NONE', #2518, .T. ) ;
#1826 =( REPRESENTATION_RELATIONSHIP ('NONE','NONE', #3899, #2875 ) REPRESENTATION_RELATIONSHIP_WITH_TRANSFORMATION ( #1885 )SHAPE_REPRESENTATION_RELATIONSHIP( ) );
#1827 = VERTEX_POINT ( 'NONE', #854 ) ;
#1828 = CONTEXT_DEPENDENT_SHAPE_REPRESENTATION ( #323, #2606 ) ;
#1829 = ITEM_DEFINED_TRANSFORMATION ( 'NONE', 'NONE', #2558,  #3602 ) ;
#1830 = AXIS2_PLACEMENT_3D ( 'NONE', #4098, #1376, #3047 ) ;
#1831 = ORIENTED_EDGE ( 'NONE', *, *, #2452, .T. ) ;
#1832 = PRODUCT_DEFINITION_SHAPE ( 'NONE', 'NONE',  #4281 ) ;
#1833 = ORIENTED_EDGE ( 'NONE', *, *, #1294, .T. ) ;
#1834 = DIRECTION ( 'NONE',  ( 1.000000000000000000, -0.000000000000000000, 0.000000000000000000 ) ) ;
#1835 = AXIS2_PLACEMENT_3D ( 'NONE', #4232, #1200, #3241 ) ;
#1836 = DIRECTION ( 'NONE',  ( 1.000000000000000000, 0.000000000000000000, 0.000000000000000000 ) ) ;
#1837 = ORIENTED_EDGE ( 'NONE', *, *, #1919, .T. ) ;
#1838 = ORIENTED_EDGE ( 'NONE', *, *, #2925, .T. ) ;
#1839 = EDGE_CURVE ( 'NONE', #546, #4017, #456, .T. ) ;
#1840 = VERTEX_POINT ( 'NONE', #4020 ) ;
#1841 = LINE ( 'NONE', #1368, #1962 ) ;
#1842 = DIRECTION ( 'NONE',  ( -1.000000000000000000, -2.755258514914609750E-16, -1.138717422601418627E-31 ) ) ;
#1843 = DIRECTION ( 'NONE',  ( -0.4082482904638612964, -0.8164965809277279218, -0.4082482904638612409 ) ) ;
#1844 = CONTEXT_DEPENDENT_SHAPE_REPRESENTATION ( #710, #2236 ) ;
#1845 = CARTESIAN_POINT ( 'NONE',  ( 1276.826600409047614, 688.7814939935515213, 907.5428517890160265 ) ) ;
#1846 = CARTESIAN_POINT ( 'NONE',  ( 3.800000000000022915, -6.000000000000019540, 1.574011537017762308 ) ) ;
#1847 = PRODUCT_DEFINITION_SHAPE ( 'NONE', 'NONE',  #4342 ) ;
#1848 =( REPRESENTATION_RELATIONSHIP ('NONE','NONE', #3899, #2875 ) REPRESENTATION_RELATIONSHIP_WITH_TRANSFORMATION ( #1994 )SHAPE_REPRESENTATION_RELATIONSHIP( ) );
#1849 =( NAMED_UNIT ( * ) SI_UNIT ( $, .STERADIAN. ) SOLID_ANGLE_UNIT ( ) );
#1850 = ITEM_DEFINED_TRANSFORMATION ( 'NONE', 'NONE', #167,  #3602 ) ;
#1851 = EDGE_CURVE ( 'NONE', #875, #11, #2619, .T. ) ;
#1852 = DIRECTION ( 'NONE',  ( 0.000000000000000000, 0.000000000000000000, 1.000000000000000000 ) ) ;
#1853 = CARTESIAN_POINT ( 'NONE',  ( -2.485281374238636598, 5.999999999999973355, -6.000000000000000888 ) ) ;
#1854 = CARTESIAN_POINT ( 'NONE',  ( 3.799999999999997158, 1.574011537017767859, -3.800000000000002931 ) ) ;
#1855 = AXIS2_PLACEMENT_3D ( 'NONE', #237, #851, #1615 ) ;
#1856 = CONTEXT_DEPENDENT_SHAPE_REPRESENTATION ( #4028, #1549 ) ;
#1857 = CONTEXT_DEPENDENT_SHAPE_REPRESENTATION ( #2722, #3326 ) ;
#1858 = ORIENTED_EDGE ( 'NONE', *, *, #3158, .F. ) ;
#1859 = CARTESIAN_POINT ( 'NONE',  ( -6.000000000000000000, 1.574011537017761198, 3.800000000000004707 ) ) ;
#1860 = ADVANCED_FACE ( 'NONE', ( #1929 ), #3932, .F. ) ;
#1861 = VERTEX_POINT ( 'NONE', #2223 ) ;
#1862 = ADVANCED_FACE ( 'NONE', ( #3611 ), #3653, .F. ) ;
#1863 = VECTOR ( 'NONE', #2136, 1000.000000000000000 ) ;
#1864 = EDGE_LOOP ( 'NONE', ( #3256, #203, #1600, #2359 ) ) ;
#1865 = ORIENTED_EDGE ( 'NONE', *, *, #685, .F. ) ;
#1866 = LINE ( 'NONE', #1890, #3670 ) ;
#1867 = PLANE ( 'NONE',  #3247 ) ;
#1868 = PRODUCT_DEFINITION_SHAPE ( 'NONE', 'NONE',  #4402 ) ;
#1869 = ITEM_DEFINED_TRANSFORMATION ( 'NONE', 'NONE', #190,  #3602 ) ;
#1870 = DIRECTION ( 'NONE',  ( 0.000000000000000000, 0.000000000000000000, 1.000000000000000000 ) ) ;
#1871 = DIRECTION ( 'NONE',  ( 0.000000000000000000, 0.000000000000000000, -1.000000000000000000 ) ) ;
#1872 = VECTOR ( 'NONE', #2309, 1000.000000000000000 ) ;
#1873 =( LENGTH_UNIT ( ) NAMED_UNIT ( * ) SI_UNIT ( .MILLI., .METRE. ) );
#1874 = PRODUCT_DEFINITION_SHAPE ( 'NONE', 'NONE',  #4323 ) ;
#1875 = ITEM_DEFINED_TRANSFORMATION ( 'NONE', 'NONE', #3144,  #3602 ) ;
#1876 = DIRECTION ( 'NONE',  ( 1.000000000000000000, 0.000000000000000000, 0.000000000000000000 ) ) ;
#1877 = CARTESIAN_POINT ( 'NONE',  ( -3.344434816091374607, -5.570423279073602352, -5.570423279073628109 ) ) ;
#1878 = DIRECTION ( 'NONE',  ( 0.000000000000000000, 0.000000000000000000, 1.000000000000000000 ) ) ;
#1879 = PRODUCT_DEFINITION_SHAPE ( 'NONE', 'NONE',  #4492 ) ;
#1880 = EDGE_CURVE ( 'NONE', #2906, #2154, #2562, .T. ) ;
#1881 = EDGE_CURVE ( 'NONE', #2561, #3829, #831, .T. ) ;
#1882 = AXIS2_PLACEMENT_3D ( 'NONE', #3774, #1309, #997 ) ;
#1883 = CONTEXT_DEPENDENT_SHAPE_REPRESENTATION ( #3336, #3994 ) ;
#1884 = LINE ( 'NONE', #2199, #603 ) ;
#1885 = ITEM_DEFINED_TRANSFORMATION ( 'NONE', 'NONE', #4248,  #3602 ) ;
#1886 = PRODUCT_DEFINITION_SHAPE ( 'NONE', 'NONE',  #4441 ) ;
#1887 = ORIENTED_EDGE ( 'NONE', *, *, #3260, .T. ) ;
#1888 = ORIENTED_EDGE ( 'NONE', *, *, #2062, .F. ) ;
#1889 = ORIENTED_EDGE ( 'NONE', *, *, #2063, .F. ) ;
#1890 = CARTESIAN_POINT ( 'NONE',  ( 6.000000000000000000, -2.687005768508882841, 2.687005768508882841 ) ) ;
#1891 = DIRECTION ( 'NONE',  ( 1.000000000000000000, 0.000000000000000000, 0.000000000000000000 ) ) ;
#1892 =( REPRESENTATION_RELATIONSHIP ('NONE','NONE', #3899, #2875 ) REPRESENTATION_RELATIONSHIP_WITH_TRANSFORMATION ( #3563 )SHAPE_REPRESENTATION_RELATIONSHIP( ) );
#1893 = LINE ( 'NONE', #212, #674 ) ;
#1894 = CARTESIAN_POINT ( 'NONE',  ( -1.574011537017762308, 3.799999999999999378, 5.999999999999999112 ) ) ;
#1895 = CONTEXT_DEPENDENT_SHAPE_REPRESENTATION ( #3232, #2197 ) ;
#1896 = ITEM_DEFINED_TRANSFORMATION ( 'NONE', 'NONE', #536,  #3602 ) ;
#1897 = DIRECTION ( 'NONE',  ( 0.000000000000000000, 0.000000000000000000, 1.000000000000000000 ) ) ;
#1898 = DIRECTION ( 'NONE',  ( 1.000000000000000000, 0.000000000000000000, -1.012098294478630793E-14 ) ) ;
#1899 = CARTESIAN_POINT ( 'NONE',  ( -3.799999999999999822, 1.574011537017754758, 5.999999999999999112 ) ) ;
#1900 = VECTOR ( 'NONE', #324, 1000.000000000000000 ) ;
#1901 = ITEM_DEFINED_TRANSFORMATION ( 'NONE', 'NONE', #308,  #3602 ) ;
#1902 = CARTESIAN_POINT ( 'NONE',  ( -6.000000000000000000, 0.000000000000000000, 0.000000000000000000 ) ) ;
#1903 = PRODUCT_DEFINITION_SHAPE ( 'NONE', 'NONE',  #4379 ) ;
#1904 = ORIENTED_EDGE ( 'NONE', *, *, #4152, .T. ) ;
#1905 = PRODUCT_DEFINITION_CONTEXT ( 'detailed design', #2473, 'design' ) ;
#1906 = ORIENTED_EDGE ( 'NONE', *, *, #3614, .F. ) ;
#1907 =( REPRESENTATION_RELATIONSHIP ('NONE','NONE', #3899, #2875 ) REPRESENTATION_RELATIONSHIP_WITH_TRANSFORMATION ( #3150 )SHAPE_REPRESENTATION_RELATIONSHIP( ) );
#1908 = VERTEX_POINT ( 'NONE', #809 ) ;
#1909 = CARTESIAN_POINT ( 'NONE',  ( 1.574011537017782292, -6.000000000000023981, -3.800000000000006484 ) ) ;
#1910 = AXIS2_PLACEMENT_3D ( 'NONE', #2022, #3164, #1343 ) ;
#1911 = CARTESIAN_POINT ( 'NONE',  ( -3.799999999999981615, -6.000000000000043521, -1.574011537017766749 ) ) ;
#1912 = PRODUCT_DEFINITION_SHAPE ( 'NONE', 'NONE',  #4311 ) ;
#1913 = AXIS2_PLACEMENT_3D ( 'NONE', #1777, #1746, #55 ) ;
#1914 = CONTEXT_DEPENDENT_SHAPE_REPRESENTATION ( #117, #3431 ) ;
#1915 = CARTESIAN_POINT ( 'NONE',  ( 1288.826600409047614, 688.7814939935515213, 919.5428517890160265 ) ) ;
#1916 = DIRECTION ( 'NONE',  ( 0.7071067811865476838, -0.7071067811865473507, 0.000000000000000000 ) ) ;
#1917 = DIRECTION ( 'NONE',  ( 0.000000000000000000, -1.000000000000000000, -3.489994118891836781E-16 ) ) ;
#1918 = PRODUCT_RELATED_PRODUCT_CATEGORY ( 'part', '', ( #1793 ) ) ;
#1919 = EDGE_CURVE ( 'NONE', #966, #2546, #1884, .T. ) ;
#1920 = ITEM_DEFINED_TRANSFORMATION ( 'NONE', 'NONE', #3296,  #3602 ) ;
#1921 =( REPRESENTATION_RELATIONSHIP ('NONE','NONE', #3899, #2875 ) REPRESENTATION_RELATIONSHIP_WITH_TRANSFORMATION ( #3393 )SHAPE_REPRESENTATION_RELATIONSHIP( ) );
#1922 = PRODUCT_DEFINITION_SHAPE ( 'NONE', 'NONE',  #4461 ) ;
#1923 = DIRECTION ( 'NONE',  ( 0.000000000000000000, 0.000000000000000000, 1.000000000000000000 ) ) ;
#1924 = LINE ( 'NONE', #194, #2761 ) ;
#1925 = CARTESIAN_POINT ( 'NONE',  ( -6.741996154327459578, -4.516007691345200747, 6.741996154327467572 ) ) ;
#1926 = DIRECTION ( 'NONE',  ( 0.7071067811865435759, 3.931105251371731454E-15, -0.7071067811865514585 ) ) ;
#1927 = DIRECTION ( 'NONE',  ( 0.000000000000000000, 0.000000000000000000, 1.000000000000000000 ) ) ;
#1928 = CONTEXT_DEPENDENT_SHAPE_REPRESENTATION ( #2351, #2624 ) ;
#1929 = FACE_OUTER_BOUND ( 'NONE', #2607, .T. ) ;
#1930 = AXIS2_PLACEMENT_3D ( 'NONE', #2747, #1375, #2406 ) ;
#1931 = ORIENTED_EDGE ( 'NONE', *, *, #183, .F. ) ;
#1932 = AXIS2_PLACEMENT_3D ( 'NONE', #155, #3596, #3075 ) ;
#1933 = ORIENTED_EDGE ( 'NONE', *, *, #1450, .T. ) ;
#1934 = AXIS2_PLACEMENT_3D ( 'NONE', #4034, #637, #616 ) ;
#1935 = ORIENTED_EDGE ( 'NONE', *, *, #249, .T. ) ;
#1936 = DIRECTION ( 'NONE',  ( -3.127401897674193849E-15, 0.7071067811865474617, 0.7071067811865474617 ) ) ;
#1937 = EDGE_CURVE ( 'NONE', #3592, #2546, #3632, .T. ) ;
#1938 = VECTOR ( 'NONE', #989, 1000.000000000000000 ) ;
#1939 = EDGE_CURVE ( 'NONE', #4175, #3179, #477, .T. ) ;
#1940 = ITEM_DEFINED_TRANSFORMATION ( 'NONE', 'NONE', #4081,  #3602 ) ;
#1941 =( REPRESENTATION_RELATIONSHIP ('NONE','NONE', #3899, #2875 ) REPRESENTATION_RELATIONSHIP_WITH_TRANSFORMATION ( #1004 )SHAPE_REPRESENTATION_RELATIONSHIP( ) );
#1942 = DIRECTION ( 'NONE',  ( 1.000000000000000000, 0.000000000000000000, 0.000000000000000000 ) ) ;
#1943 = PLANE ( 'NONE',  #981 ) ;
#1944 = CARTESIAN_POINT ( 'NONE',  ( 3.800000000000020250, 1.574011537017744544, 3.800000000000005596 ) ) ;
#1945 = VECTOR ( 'NONE', #2696, 1000.000000000000000 ) ;
#1946 = CONTEXT_DEPENDENT_SHAPE_REPRESENTATION ( #584, #4268 ) ;
#1947 = DIRECTION ( 'NONE',  ( 1.000000000000000000, 0.000000000000000000, 0.000000000000000000 ) ) ;
#1948 = PRODUCT_DEFINITION_SHAPE ( 'NONE', 'NONE',  #4411 ) ;
#1949 = AXIS2_PLACEMENT_3D ( 'NONE', #1752, #400, #3488 ) ;
#1950 = LINE ( 'NONE', #2322, #1548 ) ;
#1951 = LINE ( 'NONE', #1899, #1402 ) ;
#1952 = VECTOR ( 'NONE', #85, 1000.000000000000000 ) ;
#1953 = CARTESIAN_POINT ( 'NONE',  ( 1324.826600409047614, 700.7814939935515213, 919.5428517890160265 ) ) ;
#1954 = PRODUCT_DEFINITION_SHAPE ( 'NONE', 'NONE',  #4319 ) ;
#1955 = CONTEXT_DEPENDENT_SHAPE_REPRESENTATION ( #1522, #2139 ) ;
#1956 = CARTESIAN_POINT ( 'NONE',  ( 6.000000000000001776, -2.485281374238570429, -6.000000000000001776 ) ) ;
#1957 = AXIS2_PLACEMENT_3D ( 'NONE', #704, #1089, #4169 ) ;
#1958 = ORIENTED_EDGE ( 'NONE', *, *, #2674, .F. ) ;
#1959 =( REPRESENTATION_RELATIONSHIP ('NONE','NONE', #3899, #2875 ) REPRESENTATION_RELATIONSHIP_WITH_TRANSFORMATION ( #3126 )SHAPE_REPRESENTATION_RELATIONSHIP( ) );
#1960 = VERTEX_POINT ( 'NONE', #1557 ) ;
#1961 = CARTESIAN_POINT ( 'NONE',  ( -3.800000000000042899, 3.800000000000000711, 1.574011537017772522 ) ) ;
#1962 = VECTOR ( 'NONE', #3859, 1000.000000000000000 ) ;
#1963 = ITEM_DEFINED_TRANSFORMATION ( 'NONE', 'NONE', #599,  #3602 ) ;
#1964 = DIRECTION ( 'NONE',  ( 0.000000000000000000, 0.000000000000000000, 1.000000000000000000 ) ) ;
#1965 = LINE ( 'NONE', #843, #624 ) ;
#1966 = PLANE ( 'NONE',  #4047 ) ;
#1967 = DIRECTION ( 'NONE',  ( 0.000000000000000000, 0.000000000000000000, 1.000000000000000000 ) ) ;
#1968 = DIRECTION ( 'NONE',  ( -0.000000000000000000, -0.7071067811865479058, 0.7071067811865472397 ) ) ;
#1969 = CARTESIAN_POINT ( 'NONE',  ( 5.999999999999982236, 2.485281374238616614, -6.000000000000000888 ) ) ;
#1970 = DIRECTION ( 'NONE',  ( 0.000000000000000000, 0.000000000000000000, 1.000000000000000000 ) ) ;
#1971 = CONTEXT_DEPENDENT_SHAPE_REPRESENTATION ( #3161, #3598 ) ;
#1972 = CARTESIAN_POINT ( 'NONE',  ( -3.800000000000005151, 5.999999999999998224, 1.574011537017785178 ) ) ;
#1973 = VERTEX_POINT ( 'NONE', #1859 ) ;
#1974 = EDGE_CURVE ( 'NONE', #754, #4000, #3272, .T. ) ;
#1975 = EDGE_LOOP ( 'NONE', ( #1533, #734, #4275, #335 ) ) ;
#1976 =( REPRESENTATION_RELATIONSHIP ('NONE','NONE', #3899, #2875 ) REPRESENTATION_RELATIONSHIP_WITH_TRANSFORMATION ( #4048 )SHAPE_REPRESENTATION_RELATIONSHIP( ) );
#1977 = PRODUCT_DEFINITION_SHAPE ( 'NONE', 'NONE',  #4422 ) ;
#1978 = ADVANCED_FACE ( 'NONE', ( #1488, #2884 ), #518, .F. ) ;
#1979 = AXIS2_PLACEMENT_3D ( 'NONE', #3555, #2233, #3940 ) ;
#1980 = DIRECTION ( 'NONE',  ( 1.000000000000000000, 0.000000000000000000, 0.000000000000000000 ) ) ;
#1981 = DIRECTION ( 'NONE',  ( 0.000000000000000000, 0.000000000000000000, 1.000000000000000000 ) ) ;
#1982 = VERTEX_POINT ( 'NONE', #199 ) ;
#1983 = DIRECTION ( 'NONE',  ( 0.000000000000000000, 1.000000000000000000, 4.132887772371912653E-16 ) ) ;
#1984 = DIRECTION ( 'NONE',  ( 0.000000000000000000, -0.4472135954999554852, -0.8944271909999170767 ) ) ;
#1985 = AXIS2_PLACEMENT_3D ( 'NONE', #2468, #3522, #2129 ) ;
#1986 = CONTEXT_DEPENDENT_SHAPE_REPRESENTATION ( #1034, #2524 ) ;
#1987 = PRODUCT_DEFINITION_SHAPE ( 'NONE', 'NONE',  #4363 ) ;
#1988 = CARTESIAN_POINT ( 'NONE',  ( 1312.826600409047614, 676.7814939935515213, 871.5428517890160265 ) ) ;
#1989 = DIRECTION ( 'NONE',  ( 0.000000000000000000, 0.4472135954999554852, 0.8944271909999170767 ) ) ;
#1990 =( LENGTH_UNIT ( ) NAMED_UNIT ( * ) SI_UNIT ( .MILLI., .METRE. ) );
#1991 = VECTOR ( 'NONE', #3375, 1000.000000000000000 ) ;
#1992 = DIRECTION ( 'NONE',  ( 1.000000000000000000, 0.000000000000000000, 0.000000000000000000 ) ) ;
#1993 = ITEM_DEFINED_TRANSFORMATION ( 'NONE', 'NONE', #2846,  #3602 ) ;
#1994 = ITEM_DEFINED_TRANSFORMATION ( 'NONE', 'NONE', #926,  #3602 ) ;
#1995 = FACE_OUTER_BOUND ( 'NONE', #1436, .T. ) ;
#1996 = AXIS2_PLACEMENT_3D ( 'NONE', #3052, #3420, #4041 ) ;
#1997 = ORIENTED_EDGE ( 'NONE', *, *, #1041, .F. ) ;
#1998 =( REPRESENTATION_RELATIONSHIP ('NONE','NONE', #3899, #2875 ) REPRESENTATION_RELATIONSHIP_WITH_TRANSFORMATION ( #287 )SHAPE_REPRESENTATION_RELATIONSHIP( ) );
#1999 = ORIENTED_EDGE ( 'NONE', *, *, #2502, .T. ) ;
#2000 = PRODUCT_DEFINITION_SHAPE ( 'NONE', 'NONE',  #4423 ) ;
#2001 = VECTOR ( 'NONE', #3307, 1000.000000000000000 ) ;
#2002 = EDGE_CURVE ( 'NONE', #3829, #3615, #2950, .T. ) ;
#2003 = AXIS2_PLACEMENT_3D ( 'NONE', #1304, #3025, #217 ) ;
#2004 = CARTESIAN_POINT ( 'NONE',  ( 1300.826600409047614, 640.7814939935514076, 895.5428517890160265 ) ) ;
#2005 = ORIENTED_EDGE ( 'NONE', *, *, #3875, .T. ) ;
#2006 = CARTESIAN_POINT ( 'NONE',  ( -6.741996154327452473, 4.516007691345193642, 6.741996154327460467 ) ) ;
#2007 =( REPRESENTATION_RELATIONSHIP ('NONE','NONE', #3899, #2875 ) REPRESENTATION_RELATIONSHIP_WITH_TRANSFORMATION ( #3024 )SHAPE_REPRESENTATION_RELATIONSHIP( ) );
#2008 = VECTOR ( 'NONE', #1155, 1000.000000000000000 ) ;
#2009 = DIRECTION ( 'NONE',  ( 1.000000000000000000, 0.000000000000000000, 0.000000000000000000 ) ) ;
#2010 = AXIS2_PLACEMENT_3D ( 'NONE', #3524, #3811, #412 ) ;
#2011 = DIRECTION ( 'NONE',  ( 1.000000000000000000, 5.510517029829215555E-16, 2.277434845202835502E-31 ) ) ;
#2012 = CARTESIAN_POINT ( 'NONE',  ( 1288.826600409047614, 652.7814939935514076, 871.5428517890160265 ) ) ;
#2013 = DIRECTION ( 'NONE',  ( 1.000000000000000000, 0.000000000000000000, 0.000000000000000000 ) ) ;
#2014 = DIRECTION ( 'NONE',  ( 0.000000000000000000, 0.000000000000000000, -1.000000000000000000 ) ) ;
#2015 = FACE_OUTER_BOUND ( 'NONE', #1151, .T. ) ;
#2016 = EDGE_CURVE ( 'NONE', #3321, #3592, #1214, .T. ) ;
#2017 = PRODUCT_DEFINITION_SHAPE ( 'NONE', 'NONE',  #4396 ) ;
#2018 = ORIENTED_EDGE ( 'NONE', *, *, #3769, .F. ) ;
#2019 = VERTEX_POINT ( 'NONE', #150 ) ;
#2020 = PRODUCT_DEFINITION_SHAPE ( 'NONE', 'NONE',  #4358 ) ;
#2021 = AXIS2_PLACEMENT_3D ( 'NONE', #2870, #1158, #3557 ) ;
#2022 = CARTESIAN_POINT ( 'NONE',  ( 1300.826600409047614, 652.7814939935514076, 907.5428517890160265 ) ) ;
#2023 = LINE ( 'NONE', #3368, #517 ) ;
#2024 = CARTESIAN_POINT ( 'NONE',  ( -3.800000000000002043, 1.574011537017759199, 3.800000000000002931 ) ) ;
#2025 = CARTESIAN_POINT ( 'NONE',  ( -3.799999999999999822, 1.574011537017761198, -6.000000000000007994 ) ) ;
#2026 = CONTEXT_DEPENDENT_SHAPE_REPRESENTATION ( #1921, #568 ) ;
#2027 = DIRECTION ( 'NONE',  ( 1.000000000000000000, 0.000000000000000000, 0.000000000000000000 ) ) ;
#2028 = DIRECTION ( 'NONE',  ( 0.7071067811865479058, 0.000000000000000000, -0.7071067811865472397 ) ) ;
#2029 = CONTEXT_DEPENDENT_SHAPE_REPRESENTATION ( #1281, #1922 ) ;
#2030 = DIRECTION ( 'NONE',  ( 0.000000000000000000, 0.000000000000000000, 1.000000000000000000 ) ) ;
#2031 = EDGE_CURVE ( 'NONE', #3783, #2584, #1531, .T. ) ;
#2032 = CARTESIAN_POINT ( 'NONE',  ( -6.000000000000065725, -3.800000000000002487, -1.574011537017763418 ) ) ;
#2033 = DIRECTION ( 'NONE',  ( -0.7071067811865475727, -2.839019907247703891E-15, 0.7071067811865475727 ) ) ;
#2034 =( REPRESENTATION_RELATIONSHIP ('NONE','NONE', #3899, #2875 ) REPRESENTATION_RELATIONSHIP_WITH_TRANSFORMATION ( #1646 )SHAPE_REPRESENTATION_RELATIONSHIP( ) );
#2035 = ORIENTED_EDGE ( 'NONE', *, *, #1722, .T. ) ;
#2036 = VERTEX_POINT ( 'NONE', #3230 ) ;
#2037 = VECTOR ( 'NONE', #2788, 1000.000000000000000 ) ;
#2038 = DIRECTION ( 'NONE',  ( 0.000000000000000000, 0.000000000000000000, 1.000000000000000000 ) ) ;
#2039 = ORIENTED_EDGE ( 'NONE', *, *, #1880, .T. ) ;
#2040 = FACE_BOUND ( 'NONE', #2708, .T. ) ;
#2041 =( LENGTH_UNIT ( ) NAMED_UNIT ( * ) SI_UNIT ( .MILLI., .METRE. ) );
#2042 = CARTESIAN_POINT ( 'NONE',  ( 1276.826600409047614, 676.7814939935515213, 907.5428517890160265 ) ) ;
#2043 = CARTESIAN_POINT ( 'NONE',  ( -5.570423279073609457, 3.344434816091356399, 5.570423279073614786 ) ) ;
#2044 =( NAMED_UNIT ( * ) PLANE_ANGLE_UNIT ( ) SI_UNIT ( $, .RADIAN. ) );
#2045 = AXIS2_PLACEMENT_3D ( 'NONE', #387, #313, #1735 ) ;
#2046 = ADVANCED_FACE ( 'NONE', ( #1232 ), #3980, .F. ) ;
#2047 = ORIENTED_EDGE ( 'NONE', *, *, #1221, .F. ) ;
#2048 = ADVANCED_FACE ( 'NONE', ( #3034 ), #1686, .F. ) ;
#2049 = DIRECTION ( 'NONE',  ( 0.000000000000000000, 0.000000000000000000, 1.000000000000000000 ) ) ;
#2050 = CARTESIAN_POINT ( 'NONE',  ( 1312.826600409047614, 652.7814939935514076, 919.5428517890160265 ) ) ;
#2051 = DIRECTION ( 'NONE',  ( 1.000000000000000000, -0.000000000000000000, -0.000000000000000000 ) ) ;
#2052 = CARTESIAN_POINT ( 'NONE',  ( -3.800000000000015810, 3.800000000000008704, 1.574011537017758977 ) ) ;
#2053 = ORIENTED_EDGE ( 'NONE', *, *, #3340, .F. ) ;
#2054 = EDGE_LOOP ( 'NONE', ( #3579, #3036, #4148, #3741 ) ) ;
#2055 =( REPRESENTATION_RELATIONSHIP ('NONE','NONE', #3899, #2875 ) REPRESENTATION_RELATIONSHIP_WITH_TRANSFORMATION ( #440 )SHAPE_REPRESENTATION_RELATIONSHIP( ) );
#2056 = ORIENTED_EDGE ( 'NONE', *, *, #2381, .F. ) ;
#2057 =( REPRESENTATION_RELATIONSHIP ('NONE','NONE', #3899, #2875 ) REPRESENTATION_RELATIONSHIP_WITH_TRANSFORMATION ( #4149 )SHAPE_REPRESENTATION_RELATIONSHIP( ) );
#2058 = ORIENTED_EDGE ( 'NONE', *, *, #267, .F. ) ;
#2059 = DIRECTION ( 'NONE',  ( 1.000000000000000000, 0.000000000000000000, 0.000000000000000000 ) ) ;
#2060 = VERTEX_POINT ( 'NONE', #4103 ) ;
#2061 = CARTESIAN_POINT ( 'NONE',  ( -6.000000000000000000, 1.574011537017763196, -3.800000000000003819 ) ) ;
#2062 = EDGE_CURVE ( 'NONE', #3655, #2687, #3673, .T. ) ;
#2063 = EDGE_CURVE ( 'NONE', #359, #3827, #288, .T. ) ;
#2064 = AXIS2_PLACEMENT_3D ( 'NONE', #1432, #4195, #2118 ) ;
#2065 = ITEM_DEFINED_TRANSFORMATION ( 'NONE', 'NONE', #2142,  #3602 ) ;
#2066 = AXIS2_PLACEMENT_3D ( 'NONE', #2731, #3123, #2014 ) ;
#2067 = DIRECTION ( 'NONE',  ( 0.000000000000000000, 0.000000000000000000, 1.000000000000000000 ) ) ;
#2068 = DIRECTION ( 'NONE',  ( -0.7071067811865479058, 0.7071067811865472397, 0.000000000000000000 ) ) ;
#2069 = DIRECTION ( 'NONE',  ( 0.000000000000000000, 0.000000000000000000, 1.000000000000000000 ) ) ;
#2070 = VECTOR ( 'NONE', #2182, 1000.000000000000000 ) ;
#2071 = CARTESIAN_POINT ( 'NONE',  ( 1336.826600409047614, 688.7814939935515213, 895.5428517890160265 ) ) ;
#2072 =( REPRESENTATION_RELATIONSHIP ('NONE','NONE', #3899, #2875 ) REPRESENTATION_RELATIONSHIP_WITH_TRANSFORMATION ( #1314 )SHAPE_REPRESENTATION_RELATIONSHIP( ) );
#2073 = CARTESIAN_POINT ( 'NONE',  ( 1312.826600409047614, 676.7814939935515213, 907.5428517890160265 ) ) ;
#2074 = CARTESIAN_POINT ( 'NONE',  ( 4.828427124746242249, -4.828427124746180965, 4.828427124746163202 ) ) ;
#2075 = CONTEXT_DEPENDENT_SHAPE_REPRESENTATION ( #2603, #2484 ) ;
#2076 = LINE ( 'NONE', #2052, #495 ) ;
#2077 = ORIENTED_EDGE ( 'NONE', *, *, #2151, .F. ) ;
#2078 = CONTEXT_DEPENDENT_SHAPE_REPRESENTATION ( #2818, #956 ) ;
#2079 = ORIENTED_EDGE ( 'NONE', *, *, #688, .T. ) ;
#2080 = ORIENTED_EDGE ( 'NONE', *, *, #1040, .F. ) ;
#2081 = VECTOR ( 'NONE', #1359, 1000.000000000000000 ) ;
#2082 = DIRECTION ( 'NONE',  ( 0.000000000000000000, 5.234991178337752214E-16, -1.000000000000000000 ) ) ;
#2083 = CARTESIAN_POINT ( 'NONE',  ( 1300.826600409047614, 652.7814939935514076, 919.5428517890160265 ) ) ;
#2084 = CARTESIAN_POINT ( 'NONE',  ( -3.799999999999982947, -6.000000000000045297, 1.574011537017758977 ) ) ;
#2085 = CARTESIAN_POINT ( 'NONE',  ( -6.000000000000000000, -2.485281374238568652, -6.000000000000000000 ) ) ;
#2086 = AXIS2_PLACEMENT_3D ( 'NONE', #197, #3356, #1578 ) ;
#2087 = CARTESIAN_POINT ( 'NONE',  ( 1276.826600409047614, 640.7814939935514076, 931.5428517890160265 ) ) ;
#2088 = PRESENTATION_LAYER_ASSIGNMENT (  '', '', ( #2877 ) ) ;
#2089 = LINE ( 'NONE', #25, #2620 ) ;
#2090 = LINE ( 'NONE', #1846, #268 ) ;
#2091 = DIRECTION ( 'NONE',  ( 0.000000000000000000, 0.000000000000000000, 1.000000000000000000 ) ) ;
#2092 = DIRECTION ( 'NONE',  ( 0.000000000000000000, 0.000000000000000000, 1.000000000000000000 ) ) ;
#2093 = FACE_OUTER_BOUND ( 'NONE', #4272, .T. ) ;
#2094 = LINE ( 'NONE', #3198, #3807 ) ;
#2095 = CARTESIAN_POINT ( 'NONE',  ( -6.000000000000065725, 1.574011537017761642, 3.800000000000004263 ) ) ;
#2096 = VERTEX_POINT ( 'NONE', #1274 ) ;
#2097 = PRODUCT_DEFINITION_SHAPE ( 'NONE', 'NONE',  #4438 ) ;
#2098 = ORIENTED_EDGE ( 'NONE', *, *, #3062, .F. ) ;
#2099 = VERTEX_POINT ( 'NONE', #3401 ) ;
#2100 = CARTESIAN_POINT ( 'NONE',  ( -4.516007691345214070, -6.741996154327436486, -6.741996154327472013 ) ) ;
#2101 = EDGE_CURVE ( 'NONE', #3983, #11, #2116, .T. ) ;
#2102 = DIRECTION ( 'NONE',  ( 0.000000000000000000, 0.000000000000000000, 1.000000000000000000 ) ) ;
#2103 = FACE_OUTER_BOUND ( 'NONE', #2670, .T. ) ;
#2104 = VECTOR ( 'NONE', #3646, 1000.000000000000000 ) ;
#2105 = DIRECTION ( 'NONE',  ( -5.510517029829215555E-16, 1.000000000000000000, 0.000000000000000000 ) ) ;
#2106 = CARTESIAN_POINT ( 'NONE',  ( 1.574011537017761864, 3.800000000000000711, -6.000000000000007994 ) ) ;
#2107 = EDGE_CURVE ( 'NONE', #1051, #3723, #2732, .T. ) ;
#2108 = ITEM_DEFINED_TRANSFORMATION ( 'NONE', 'NONE', #1197,  #3602 ) ;
#2109 = CARTESIAN_POINT ( 'NONE',  ( 1276.826600409047614, 664.7814939935515213, 883.5428517890160265 ) ) ;
#2110 = DIRECTION ( 'NONE',  ( 3.303607315385143335E-15, 0.7071067811865477948, -0.7071067811865473507 ) ) ;
#2111 =( REPRESENTATION_RELATIONSHIP ('NONE','NONE', #3899, #2875 ) REPRESENTATION_RELATIONSHIP_WITH_TRANSFORMATION ( #221 )SHAPE_REPRESENTATION_RELATIONSHIP( ) );
#2112 = DIRECTION ( 'NONE',  ( 0.000000000000000000, 0.000000000000000000, 1.000000000000000000 ) ) ;
#2113 = PRODUCT_DEFINITION_SHAPE ( 'NONE', 'NONE',  #4291 ) ;
#2114 = CARTESIAN_POINT ( 'NONE',  ( 1312.826600409047614, 652.7814939935514076, 883.5428517890160265 ) ) ;
#2115 = AXIS2_PLACEMENT_3D ( 'NONE', #1223, #881, #3001 ) ;
#2116 = LINE ( 'NONE', #3738, #3162 ) ;
#2117 = CARTESIAN_POINT ( 'NONE',  ( 3.800000000000024691, -6.000000000000017764, -1.574011537017764306 ) ) ;
#2118 = DIRECTION ( 'NONE',  ( 0.000000000000000000, 1.000000000000000000, 4.132887772371912653E-16 ) ) ;
#2119 = ITEM_DEFINED_TRANSFORMATION ( 'NONE', 'NONE', #1218,  #3602 ) ;
#2120 = DIRECTION ( 'NONE',  ( -0.7071067811865475727, 0.000000000000000000, 0.7071067811865474617 ) ) ;
#2121 = EDGE_CURVE ( 'NONE', #3763, #1731, #980, .T. ) ;
#2122 = EDGE_LOOP ( 'NONE', ( #2466, #104, #786, #2354 ) ) ;
#2123 = AXIS2_PLACEMENT_3D ( 'NONE', #1018, #1429, #1406 ) ;
#2124 = CONTEXT_DEPENDENT_SHAPE_REPRESENTATION ( #2644, #1305 ) ;
#2125 = ORIENTED_EDGE ( 'NONE', *, *, #1061, .T. ) ;
#2126 = EDGE_LOOP ( 'NONE', ( #3543, #4246, #154, #3565, #1123, #3521, #788, #2414 ) ) ;
#2127 = PLANE ( 'NONE',  #4070 ) ;
#2128 = AXIS2_PLACEMENT_3D ( 'NONE', #1161, #826, #493 ) ;
#2129 = DIRECTION ( 'NONE',  ( 1.000000000000000000, 0.000000000000000000, 0.000000000000000000 ) ) ;
#2130 = DIRECTION ( 'NONE',  ( -0.000000000000000000, -0.000000000000000000, 1.000000000000000000 ) ) ;
#2131 = ADVANCED_FACE ( 'NONE', ( #1995 ), #623, .F. ) ;
#2132 = DIRECTION ( 'NONE',  ( 0.7071067811865486830, -0.7071067811865464625, 0.000000000000000000 ) ) ;
#2133 = DIRECTION ( 'NONE',  ( -0.7071067811865435759, -3.951478223466879194E-15, -0.7071067811865515695 ) ) ;
#2134 = CARTESIAN_POINT ( 'NONE',  ( 1324.826600409047614, 700.7814939935515213, 907.5428517890160265 ) ) ;
#2135 = DIRECTION ( 'NONE',  ( 0.000000000000000000, 0.000000000000000000, 1.000000000000000000 ) ) ;
#2136 = DIRECTION ( 'NONE',  ( -0.7071067811865473507, -0.7071067811865477948, 3.230064529835638310E-15 ) ) ;
#2137 = AXIS2_PLACEMENT_3D ( 'NONE', #2366, #3730, #478 ) ;
#2138 = VECTOR ( 'NONE', #483, 999.9999999999998863 ) ;
#2139 = PRODUCT_DEFINITION_SHAPE ( 'NONE', 'NONE',  #4464 ) ;
#2140 = CARTESIAN_POINT ( 'NONE',  ( 0.000000000000000000, 0.000000000000000000, 0.000000000000000000 ) ) ;
#2141 = CONTEXT_DEPENDENT_SHAPE_REPRESENTATION ( #542, #3055 ) ;
#2142 = AXIS2_PLACEMENT_3D ( 'NONE', #1652, #911, #3044 ) ;
#2143 = DIRECTION ( 'NONE',  ( 1.000000000000000000, 0.000000000000000000, 0.000000000000000000 ) ) ;
#2144 = CARTESIAN_POINT ( 'NONE',  ( 6.000000000000000000, 2.485281374238572205, -5.999999999999999112 ) ) ;
#2145 = CARTESIAN_POINT ( 'NONE',  ( 6.000000000000000000, 3.800000000000003819, 1.574011537017764528 ) ) ;
#2146 = PLANE ( 'NONE',  #3255 ) ;
#2147 =( REPRESENTATION_RELATIONSHIP ('NONE','NONE', #3899, #2875 ) REPRESENTATION_RELATIONSHIP_WITH_TRANSFORMATION ( #591 )SHAPE_REPRESENTATION_RELATIONSHIP( ) );
#2148 = VECTOR ( 'NONE', #1108, 1000.000000000000000 ) ;
#2149 = ORIENTED_EDGE ( 'NONE', *, *, #1534, .F. ) ;
#2150 = VERTEX_POINT ( 'NONE', #1956 ) ;
#2151 = EDGE_CURVE ( 'NONE', #2490, #2520, #562, .T. ) ;
#2152 = AXIS2_PLACEMENT_3D ( 'NONE', #188, #2212, #529 ) ;
#2153 = DIRECTION ( 'NONE',  ( 0.000000000000000000, -3.489994118891837274E-16, 1.000000000000000000 ) ) ;
#2154 = VERTEX_POINT ( 'NONE', #2707 ) ;
#2155 = VECTOR ( 'NONE', #1024, 1000.000000000000000 ) ;
#2156 = EDGE_LOOP ( 'NONE', ( #136, #360, #1413, #4222 ) ) ;
#2157 = DIRECTION ( 'NONE',  ( -0.000000000000000000, -0.000000000000000000, 1.000000000000000000 ) ) ;
#2158 = LINE ( 'NONE', #697, #3744 ) ;
#2159 = LINE ( 'NONE', #2839, #1630 ) ;
#2160 = PRODUCT_DEFINITION_SHAPE ( 'NONE', 'NONE',  #4310 ) ;
#2161 = PRODUCT_DEFINITION_SHAPE ( 'NONE', 'NONE',  #4480 ) ;
#2162 = DIRECTION ( 'NONE',  ( 1.000000000000000000, 0.000000000000000000, 0.000000000000000000 ) ) ;
#2163 = CARTESIAN_POINT ( 'NONE',  ( 6.000000000000000000, -3.800000000000002043, -1.574011537017763640 ) ) ;
#2164 = AXIS2_PLACEMENT_3D ( 'NONE', #538, #1636, #3672 ) ;
#2165 =( REPRESENTATION_RELATIONSHIP ('NONE','NONE', #3899, #2875 ) REPRESENTATION_RELATIONSHIP_WITH_TRANSFORMATION ( #1458 )SHAPE_REPRESENTATION_RELATIONSHIP( ) );
#2166 = CONTEXT_DEPENDENT_SHAPE_REPRESENTATION ( #3187, #1422 ) ;
#2167 = CARTESIAN_POINT ( 'NONE',  ( -6.741996154327465796, 6.741996154327437374, 4.516007691345222952 ) ) ;
#2168 = CARTESIAN_POINT ( 'NONE',  ( 1324.826600409047614, 640.7814939935514076, 907.5428517890160265 ) ) ;
#2169 = LINE ( 'NONE', #3559, #2935 ) ;
#2170 = LINE ( 'NONE', #2458, #402 ) ;
#2171 = AXIS2_PLACEMENT_3D ( 'NONE', #437, #3209, #2180 ) ;
#2172 = ORIENTED_EDGE ( 'NONE', *, *, #2916, .T. ) ;
#2173 = ADVANCED_FACE ( 'NONE', ( #2015 ), #3380, .F. ) ;
#2174 = ORIENTED_EDGE ( 'NONE', *, *, #1187, .F. ) ;
#2175 = ORIENTED_EDGE ( 'NONE', *, *, #1684, .F. ) ;
#2176 = CARTESIAN_POINT ( 'NONE',  ( -6.000000000000000000, -3.800000000000002487, -1.574011537017763418 ) ) ;
#2177 = ORIENTED_EDGE ( 'NONE', *, *, #3967, .F. ) ;
#2178 = VERTEX_POINT ( 'NONE', #2648 ) ;
#2179 = EDGE_LOOP ( 'NONE', ( #131, #1462, #2671, #3078, #12, #2336, #759, #2437 ) ) ;
#2180 = DIRECTION ( 'NONE',  ( 0.000000000000000000, -1.377629257457303149E-16, 1.000000000000000000 ) ) ;
#2181 = LINE ( 'NONE', #1854, #2868 ) ;
#2182 = DIRECTION ( 'NONE',  ( -3.491481338843133750E-15, 1.000000000000000000, 5.234991178337752214E-16 ) ) ;
#2183 =( REPRESENTATION_RELATIONSHIP ('NONE','NONE', #3899, #2875 ) REPRESENTATION_RELATIONSHIP_WITH_TRANSFORMATION ( #516 )SHAPE_REPRESENTATION_RELATIONSHIP( ) );
#2184 = DIRECTION ( 'NONE',  ( 1.000000000000000000, 0.000000000000000000, 0.000000000000000000 ) ) ;
#2185 = LINE ( 'NONE', #1110, #1863 ) ;
#2186 = AXIS2_PLACEMENT_3D ( 'NONE', #4190, #3841, #2798 ) ;
#2187 = DIRECTION ( 'NONE',  ( 1.000000000000000000, 0.000000000000000000, 0.000000000000000000 ) ) ;
#2188 = DIRECTION ( 'NONE',  ( 1.000000000000000000, 0.000000000000000000, 0.000000000000000000 ) ) ;
#2189 = ADVANCED_FACE ( 'NONE', ( #3758 ), #643, .F. ) ;
#2190 = CARTESIAN_POINT ( 'NONE',  ( -1.574011537017740991, -6.000000000000034639, -3.800000000000006928 ) ) ;
#2191 = CARTESIAN_POINT ( 'NONE',  ( -3.344434816091374607, 5.570423279073602352, 5.570423279073629885 ) ) ;
#2192 = EDGE_CURVE ( 'NONE', #606, #4200, #1680, .T. ) ;
#2193 = VERTEX_POINT ( 'NONE', #1336 ) ;
#2194 = CONTEXT_DEPENDENT_SHAPE_REPRESENTATION ( #1414, #2992 ) ;
#2195 = AXIS2_PLACEMENT_3D ( 'NONE', #142, #2251, #508 ) ;
#2196 = VECTOR ( 'NONE', #3224, 1000.000000000000000 ) ;
#2197 = PRODUCT_DEFINITION_SHAPE ( 'NONE', 'NONE',  #4282 ) ;
#2198 = ORIENTED_EDGE ( 'NONE', *, *, #3424, .T. ) ;
#2199 = CARTESIAN_POINT ( 'NONE',  ( 6.741996154327436486, 4.516007691345177655, -6.741996154327444479 ) ) ;
#2200 = AXIS2_PLACEMENT_3D ( 'NONE', #3508, #72, #1802 ) ;
#2201 = DIRECTION ( 'NONE',  ( 0.000000000000000000, 0.000000000000000000, 1.000000000000000000 ) ) ;
#2202 = EDGE_LOOP ( 'NONE', ( #1048, #877, #1622, #2538 ) ) ;
#2203 = ORIENTED_EDGE ( 'NONE', *, *, #1390, .T. ) ;
#2204 = ORIENTED_EDGE ( 'NONE', *, *, #3130, .F. ) ;
#2205 = LINE ( 'NONE', #3936, #567 ) ;
#2206 = DIRECTION ( 'NONE',  ( 0.5773502691896262862, 0.5773502691896295058, 0.5773502691896216232 ) ) ;
#2207 = AXIS2_PLACEMENT_3D ( 'NONE', #3952, #4263, #1142 ) ;
#2208 = ITEM_DEFINED_TRANSFORMATION ( 'NONE', 'NONE', #2356,  #3602 ) ;
#2209 = CARTESIAN_POINT ( 'NONE',  ( 1288.826600409047614, 640.7814939935514076, 883.5428517890160265 ) ) ;
#2210 =( REPRESENTATION_RELATIONSHIP ('NONE','NONE', #3899, #2875 ) REPRESENTATION_RELATIONSHIP_WITH_TRANSFORMATION ( #3476 )SHAPE_REPRESENTATION_RELATIONSHIP( ) );
#2211 = ADVANCED_FACE ( 'NONE', ( #894 ), #2329, .F. ) ;
#2212 = DIRECTION ( 'NONE',  ( -0.5773502691896313932, 0.5773502691896242878, -0.5773502691896216232 ) ) ;
#2213 = EDGE_CURVE ( 'NONE', #3489, #3827, #3357, .T. ) ;
#2214 = ITEM_DEFINED_TRANSFORMATION ( 'NONE', 'NONE', #3735,  #3602 ) ;
#2215 = CONTEXT_DEPENDENT_SHAPE_REPRESENTATION ( #3410, #3751 ) ;
#2216 = CARTESIAN_POINT ( 'NONE',  ( -6.000000000000065725, 1.574011537017763640, -3.800000000000002931 ) ) ;
#2217 = DIRECTION ( 'NONE',  ( 0.000000000000000000, 0.000000000000000000, 1.000000000000000000 ) ) ;
#2218 = DIRECTION ( 'NONE',  ( -0.7071067811865475727, 0.000000000000000000, 0.7071067811865474617 ) ) ;
#2219 =( NAMED_UNIT ( * ) SI_UNIT ( $, .STERADIAN. ) SOLID_ANGLE_UNIT ( ) );
#2220 =( GEOMETRIC_REPRESENTATION_CONTEXT ( 3 ) GLOBAL_UNCERTAINTY_ASSIGNED_CONTEXT ( ( #626 ) ) GLOBAL_UNIT_ASSIGNED_CONTEXT ( ( #3288, #1211, #2219 ) ) REPRESENTATION_CONTEXT ( 'NONE', 'WORKASPACE' ) );
#2221 = CONTEXT_DEPENDENT_SHAPE_REPRESENTATION ( #4128, #492 ) ;
#2222 = ORIENTED_EDGE ( 'NONE', *, *, #1476, .T. ) ;
#2223 = CARTESIAN_POINT ( 'NONE',  ( 2.485281374238639707, -5.999999999999974243, 6.000000000000005329 ) ) ;
#2224 = ORIENTED_EDGE ( 'NONE', *, *, #1939, .T. ) ;
#2225 = VECTOR ( 'NONE', #2472, 999.9999999999998863 ) ;
#2226 = VECTOR ( 'NONE', #1284, 1000.000000000000000 ) ;
#2227 = ORIENTED_EDGE ( 'NONE', *, *, #3340, .T. ) ;
#2228 =( REPRESENTATION_RELATIONSHIP ('NONE','NONE', #3899, #2875 ) REPRESENTATION_RELATIONSHIP_WITH_TRANSFORMATION ( #3101 )SHAPE_REPRESENTATION_RELATIONSHIP( ) );
#2229 = ORIENTED_EDGE ( 'NONE', *, *, #3133, .F. ) ;
#2230 = CARTESIAN_POINT ( 'NONE',  ( 1.574011537017762308, -3.800000000000000266, -6.000000000000007994 ) ) ;
#2231 = PRODUCT_DEFINITION_SHAPE ( 'NONE', 'NONE',  #4414 ) ;
#2232 = ITEM_DEFINED_TRANSFORMATION ( 'NONE', 'NONE', #1087,  #3602 ) ;
#2233 = DIRECTION ( 'NONE',  ( 0.000000000000000000, 0.000000000000000000, 1.000000000000000000 ) ) ;
#2234 = PLANE ( 'NONE',  #1337 ) ;
#2235 = DIRECTION ( 'NONE',  ( -3.491481338843132961E-15, 1.000000000000000000, 0.000000000000000000 ) ) ;
#2236 = PRODUCT_DEFINITION_SHAPE ( 'NONE', 'NONE',  #4326 ) ;
#2237 = ITEM_DEFINED_TRANSFORMATION ( 'NONE', 'NONE', #1913,  #3602 ) ;
#2238 =( REPRESENTATION_RELATIONSHIP ('NONE','NONE', #3899, #2875 ) REPRESENTATION_RELATIONSHIP_WITH_TRANSFORMATION ( #3455 )SHAPE_REPRESENTATION_RELATIONSHIP( ) );
#2239 = DIRECTION ( 'NONE',  ( 0.000000000000000000, 0.000000000000000000, 1.000000000000000000 ) ) ;
#2240 = DIRECTION ( 'NONE',  ( 1.000000000000000000, 2.755258514914609750E-16, 0.000000000000000000 ) ) ;
#2241 = FACE_OUTER_BOUND ( 'NONE', #2156, .T. ) ;
#2242 = AXIS2_PLACEMENT_3D ( 'NONE', #2071, #3459, #350 ) ;
#2243 = DIRECTION ( 'NONE',  ( 0.7071067811865456854, 0.7071067811865493491, -4.945259293765686248E-15 ) ) ;
#2244 = PRODUCT_DEFINITION_SHAPE ( 'NONE', 'NONE',  #4447 ) ;
#2245 = ORIENTED_EDGE ( 'NONE', *, *, #51, .T. ) ;
#2246 = VERTEX_POINT ( 'NONE', #3696 ) ;
#2247 = ORIENTED_EDGE ( 'NONE', *, *, #2476, .T. ) ;
#2248 = DIRECTION ( 'NONE',  ( 0.7071067811865476838, -0.7071067811865473507, 0.000000000000000000 ) ) ;
#2249 = EDGE_CURVE ( 'NONE', #1029, #1813, #583, .T. ) ;
#2250 = CONTEXT_DEPENDENT_SHAPE_REPRESENTATION ( #4010, #242 ) ;
#2251 = DIRECTION ( 'NONE',  ( 0.000000000000000000, 0.000000000000000000, 1.000000000000000000 ) ) ;
#2252 = DIRECTION ( 'NONE',  ( -0.7071067811865472397, -0.7071067811865479058, 0.000000000000000000 ) ) ;
#2253 = PLANE ( 'NONE',  #1575 ) ;
#2254 = ITEM_DEFINED_TRANSFORMATION ( 'NONE', 'NONE', #3377,  #3602 ) ;
#2255 = DIRECTION ( 'NONE',  ( 0.000000000000000000, 0.000000000000000000, 1.000000000000000000 ) ) ;
#2256 = DIRECTION ( 'NONE',  ( -3.491481338843133750E-15, 1.000000000000000000, 5.234991178337752214E-16 ) ) ;
#2257 = VECTOR ( 'NONE', #3457, 1000.000000000000000 ) ;
#2258 = DIRECTION ( 'NONE',  ( 1.000000000000000000, 0.000000000000000000, 0.000000000000000000 ) ) ;
#2259 = ITEM_DEFINED_TRANSFORMATION ( 'NONE', 'NONE', #1464,  #3602 ) ;
#2260 = DIRECTION ( 'NONE',  ( 0.7071067811865479058, 0.000000000000000000, -0.7071067811865472397 ) ) ;
#2261 = ADVANCED_FACE ( 'NONE', ( #1638 ), #3849, .F. ) ;
#2262 = PRODUCT_DEFINITION_SHAPE ( 'NONE', 'NONE',  #4420 ) ;
#2263 = ADVANCED_FACE ( 'NONE', ( #3536 ), #2146, .T. ) ;
#2264 = ORIENTED_EDGE ( 'NONE', *, *, #2002, .F. ) ;
#2265 =( REPRESENTATION_RELATIONSHIP ('NONE','NONE', #3899, #2875 ) REPRESENTATION_RELATIONSHIP_WITH_TRANSFORMATION ( #1096 )SHAPE_REPRESENTATION_RELATIONSHIP( ) );
#2266 = ORIENTED_EDGE ( 'NONE', *, *, #2730, .T. ) ;
#2267 = ORIENTED_EDGE ( 'NONE', *, *, #2502, .F. ) ;
#2268 = CARTESIAN_POINT ( 'NONE',  ( 6.000000000000000000, -3.800000000000002487, 0.000000000000000000 ) ) ;
#2269 = AXIS2_PLACEMENT_3D ( 'NONE', #1647, #4029, #2358 ) ;
#2270 = CARTESIAN_POINT ( 'NONE',  ( 6.000000000000000000, 1.570497353501328425E-15, -3.800000000000003819 ) ) ;
#2271 = PRODUCT_DEFINITION_SHAPE ( 'NONE', 'NONE',  #4321 ) ;
#2272 = ITEM_DEFINED_TRANSFORMATION ( 'NONE', 'NONE', #466,  #3602 ) ;
#2273 = DIRECTION ( 'NONE',  ( 0.000000000000000000, 0.000000000000000000, 1.000000000000000000 ) ) ;
#2274 = DIRECTION ( 'NONE',  ( -3.371594313160669074E-15, 0.7071067811865479058, -0.7071067811865472397 ) ) ;
#2275 = FACE_OUTER_BOUND ( 'NONE', #649, .T. ) ;
#2276 = CARTESIAN_POINT ( 'NONE',  ( 1336.826600409047614, 664.7814939935515213, 871.5428517890160265 ) ) ;
#2277 = EDGE_CURVE ( 'NONE', #4045, #4150, #219, .T. ) ;
#2278 = FACE_OUTER_BOUND ( 'NONE', #3850, .T. ) ;
#2279 = LINE ( 'NONE', #3669, #2001 ) ;
#2280 = CARTESIAN_POINT ( 'NONE',  ( 1288.826600409047614, 700.7814939935515213, 931.5428517890160265 ) ) ;
#2281 = DIRECTION ( 'NONE',  ( 1.000000000000000000, 0.000000000000000000, 0.000000000000000000 ) ) ;
#2282 =( REPRESENTATION_RELATIONSHIP ('NONE','NONE', #3899, #2875 ) REPRESENTATION_RELATIONSHIP_WITH_TRANSFORMATION ( #4019 )SHAPE_REPRESENTATION_RELATIONSHIP( ) );
#2283 = CONTEXT_DEPENDENT_SHAPE_REPRESENTATION ( #1319, #3944 ) ;
#2284 = CARTESIAN_POINT ( 'NONE',  ( -4.516007691345212294, 6.741996154327434709, 6.741996154327471125 ) ) ;
#2285 = AXIS2_PLACEMENT_3D ( 'NONE', #2984, #3750, #2679 ) ;
#2286 = ORIENTED_EDGE ( 'NONE', *, *, #793, .F. ) ;
#2287 = VECTOR ( 'NONE', #1021, 999.9999999999998863 ) ;
#2288 = EDGE_CURVE ( 'NONE', #810, #2514, #2391, .T. ) ;
#2289 = EDGE_LOOP ( 'NONE', ( #1468, #2203, #1344, #1809 ) ) ;
#2290 = AXIS2_PLACEMENT_3D ( 'NONE', #3352, #1670, #888 ) ;
#2291 =( REPRESENTATION_RELATIONSHIP ('NONE','NONE', #3899, #2875 ) REPRESENTATION_RELATIONSHIP_WITH_TRANSFORMATION ( #2892 )SHAPE_REPRESENTATION_RELATIONSHIP( ) );
#2292 = AXIS2_PLACEMENT_3D ( 'NONE', #2939, #2296, #1984 ) ;
#2293 = ITEM_DEFINED_TRANSFORMATION ( 'NONE', 'NONE', #1979,  #3602 ) ;
#2294 = DIRECTION ( 'NONE',  ( 0.000000000000000000, 0.000000000000000000, 1.000000000000000000 ) ) ;
#2295 = FACE_OUTER_BOUND ( 'NONE', #2415, .T. ) ;
#2296 = DIRECTION ( 'NONE',  ( 0.4082482904638612409, -0.8164965809277279218, 0.4082482904638611854 ) ) ;
#2297 = VECTOR ( 'NONE', #650, 1000.000000000000000 ) ;
#2298 = ITEM_DEFINED_TRANSFORMATION ( 'NONE', 'NONE', #2355,  #3602 ) ;
#2299 = DIRECTION ( 'NONE',  ( 0.000000000000000000, 0.000000000000000000, 1.000000000000000000 ) ) ;
#2300 = PRODUCT_DEFINITION_SHAPE ( 'NONE', 'NONE',  #4390 ) ;
#2301 = VECTOR ( 'NONE', #3685, 1000.000000000000000 ) ;
#2302 = DIRECTION ( 'NONE',  ( 1.000000000000000000, 2.755258514914609750E-16, 1.897862371002362773E-31 ) ) ;
#2303 = DIRECTION ( 'NONE',  ( 0.7071067811865474617, 0.000000000000000000, 0.7071067811865474617 ) ) ;
#2304 = EDGE_CURVE ( 'NONE', #1219, #4130, #3440, .T. ) ;
#2305 = AXIS2_PLACEMENT_3D ( 'NONE', #2955, #860, #3501 ) ;
#2306 = DIRECTION ( 'NONE',  ( 0.000000000000000000, 0.000000000000000000, 1.000000000000000000 ) ) ;
#2307 = CONTEXT_DEPENDENT_SHAPE_REPRESENTATION ( #2111, #880 ) ;
#2308 = PRODUCT_DEFINITION_SHAPE ( 'NONE', 'NONE',  #4359 ) ;
#2309 = DIRECTION ( 'NONE',  ( 0.7071067811865479058, -3.399349888776292860E-16, -0.7071067811865471286 ) ) ;
#2310 = EDGE_CURVE ( 'NONE', #39, #4243, #3178, .T. ) ;
#2311 = AXIS2_PLACEMENT_3D ( 'NONE', #2777, #2455, #1333 ) ;
#2312 = EDGE_LOOP ( 'NONE', ( #1806, #2930, #2080, #4024 ) ) ;
#2313 =( REPRESENTATION_RELATIONSHIP ('NONE','NONE', #3899, #2875 ) REPRESENTATION_RELATIONSHIP_WITH_TRANSFORMATION ( #1112 )SHAPE_REPRESENTATION_RELATIONSHIP( ) );
#2314 = ORIENTED_EDGE ( 'NONE', *, *, #3424, .F. ) ;
#2315 =( REPRESENTATION_RELATIONSHIP ('NONE','NONE', #3899, #2875 ) REPRESENTATION_RELATIONSHIP_WITH_TRANSFORMATION ( #2232 )SHAPE_REPRESENTATION_RELATIONSHIP( ) );
#2316 = CONTEXT_DEPENDENT_SHAPE_REPRESENTATION ( #1441, #3065 ) ;
#2317 = DIRECTION ( 'NONE',  ( 0.000000000000000000, 0.000000000000000000, 1.000000000000000000 ) ) ;
#2318 = DIRECTION ( 'NONE',  ( -0.5773502691896303940, -0.5773502691896252870, 0.5773502691896218453 ) ) ;
#2319 = DIRECTION ( 'NONE',  ( 0.5773502691896262862, -0.5773502691896231775, -0.5773502691896279515 ) ) ;
#2320 = PLANE ( 'NONE',  #4115 ) ;
#2321 = DIRECTION ( 'NONE',  ( 1.000000000000000000, 0.000000000000000000, 0.000000000000000000 ) ) ;
#2322 = CARTESIAN_POINT ( 'NONE',  ( -6.000000000000063949, -3.800000000000002487, 3.800000000000000266 ) ) ;
#2323 = SURFACE_STYLE_USAGE ( .BOTH. , #3773 ) ;
#2324 = DIRECTION ( 'NONE',  ( 0.000000000000000000, 0.000000000000000000, 1.000000000000000000 ) ) ;
#2325 = CONTEXT_DEPENDENT_SHAPE_REPRESENTATION ( #787, #3612 ) ;
#2326 = ADVANCED_FACE ( 'NONE', ( #333 ), #1702, .T. ) ;
#2327 = AXIS2_PLACEMENT_3D ( 'NONE', #4244, #3129, #1126 ) ;
#2328 = ADVANCED_FACE ( 'NONE', ( #59 ), #2783, .F. ) ;
#2329 = PLANE ( 'NONE',  #1137 ) ;
#2330 = VERTEX_POINT ( 'NONE', #1434 ) ;
#2331 = ORIENTED_EDGE ( 'NONE', *, *, #1619, .F. ) ;
#2332 = PRODUCT_DEFINITION_SHAPE ( 'NONE', 'NONE',  #4393 ) ;
#2333 = AXIS2_PLACEMENT_3D ( 'NONE', #2894, #1242, #928 ) ;
#2334 = ORIENTED_EDGE ( 'NONE', *, *, #3156, .F. ) ;
#2335 = DIRECTION ( 'NONE',  ( 0.000000000000000000, 0.000000000000000000, 1.000000000000000000 ) ) ;
#2336 = ORIENTED_EDGE ( 'NONE', *, *, #1255, .T. ) ;
#2337 = CARTESIAN_POINT ( 'NONE',  ( 3.800000000000002043, -1.574011537017759865, -3.800000000000004707 ) ) ;
#2338 = AXIS2_PLACEMENT_3D ( 'NONE', #695, #2445, #716 ) ;
#2339 = ORIENTED_EDGE ( 'NONE', *, *, #4116, .F. ) ;
#2340 = PRODUCT_DEFINITION_SHAPE ( 'NONE', 'NONE',  #4347 ) ;
#2341 = EDGE_CURVE ( 'NONE', #3128, #2099, #1805, .T. ) ;
#2342 = CARTESIAN_POINT ( 'NONE',  ( 1312.826600409047614, 688.7814939935515213, 871.5428517890160265 ) ) ;
#2343 = EDGE_CURVE ( 'NONE', #2520, #3655, #2076, .T. ) ;
#2344 = DIRECTION ( 'NONE',  ( 0.000000000000000000, 0.000000000000000000, -1.000000000000000000 ) ) ;
#2345 = DIRECTION ( 'NONE',  ( 0.000000000000000000, 0.000000000000000000, 1.000000000000000000 ) ) ;
#2346 = VECTOR ( 'NONE', #1115, 1000.000000000000114 ) ;
#2347 = DIRECTION ( 'NONE',  ( 1.000000000000000000, 0.000000000000000000, 0.000000000000000000 ) ) ;
#2348 = CONTEXT_DEPENDENT_SHAPE_REPRESENTATION ( #558, #2300 ) ;
#2349 = LINE ( 'NONE', #2547, #4038 ) ;
#2350 = DIRECTION ( 'NONE',  ( 0.7071067811865474617, 0.000000000000000000, 0.7071067811865474617 ) ) ;
#2351 =( REPRESENTATION_RELATIONSHIP ('NONE','NONE', #3899, #2875 ) REPRESENTATION_RELATIONSHIP_WITH_TRANSFORMATION ( #1291 )SHAPE_REPRESENTATION_RELATIONSHIP( ) );
#2352 = CARTESIAN_POINT ( 'NONE',  ( 1.574011537017779849, -3.800000000000000711, 3.799999999999996270 ) ) ;
#2353 = ORIENTED_EDGE ( 'NONE', *, *, #3320, .F. ) ;
#2354 = ORIENTED_EDGE ( 'NONE', *, *, #1789, .F. ) ;
#2355 = AXIS2_PLACEMENT_3D ( 'NONE', #1673, #2682, #1397 ) ;
#2356 = AXIS2_PLACEMENT_3D ( 'NONE', #600, #2067, #1719 ) ;
#2357 = CONTEXT_DEPENDENT_SHAPE_REPRESENTATION ( #2265, #3000 ) ;
#2358 = DIRECTION ( 'NONE',  ( 1.000000000000000000, 0.000000000000000000, 0.000000000000000000 ) ) ;
#2359 = ORIENTED_EDGE ( 'NONE', *, *, #3769, .T. ) ;
#2360 = FACE_OUTER_BOUND ( 'NONE', #3203, .T. ) ;
#2361 = CARTESIAN_POINT ( 'NONE',  ( -3.799999999999981615, -6.000000000000043521, -1.574011537017766749 ) ) ;
#2362 = CONTEXT_DEPENDENT_SHAPE_REPRESENTATION ( #442, #1912 ) ;
#2363 = DIRECTION ( 'NONE',  ( 0.000000000000000000, 0.000000000000000000, 1.000000000000000000 ) ) ;
#2364 = VECTOR ( 'NONE', #2962, 1000.000000000000000 ) ;
#2365 = FACE_OUTER_BOUND ( 'NONE', #83, .T. ) ;
#2366 = CARTESIAN_POINT ( 'NONE',  ( 1276.826600409047614, 700.7814939935515213, 871.5428517890160265 ) ) ;
#2367 = CARTESIAN_POINT ( 'NONE',  ( 1336.826600409047614, 652.7814939935514076, 931.5428517890160265 ) ) ;
#2368 = AXIS2_PLACEMENT_3D ( 'NONE', #1902, #1834, #1149 ) ;
#2369 = ITEM_DEFINED_TRANSFORMATION ( 'NONE', 'NONE', #1985,  #3602 ) ;
#2370 = DIRECTION ( 'NONE',  ( 0.7071067811865486830, -0.7071067811865464625, 0.000000000000000000 ) ) ;
#2371 = CARTESIAN_POINT ( 'NONE',  ( -3.799999999999982947, -6.000000000000045297, 1.574011537017758977 ) ) ;
#2372 = PRODUCT_DEFINITION_SHAPE ( 'NONE', 'NONE',  #4426 ) ;
#2373 = ORIENTED_EDGE ( 'NONE', *, *, #1430, .F. ) ;
#2374 = ORIENTED_EDGE ( 'NONE', *, *, #428, .F. ) ;
#2375 =( REPRESENTATION_RELATIONSHIP ('NONE','NONE', #3899, #2875 ) REPRESENTATION_RELATIONSHIP_WITH_TRANSFORMATION ( #946 )SHAPE_REPRESENTATION_RELATIONSHIP( ) );
#2376 = AXIS2_PLACEMENT_3D ( 'NONE', #1016, #3482, #681 ) ;
#2377 = PRODUCT_DEFINITION_SHAPE ( 'NONE', 'NONE',  #4346 ) ;
#2378 = AXIS2_PLACEMENT_3D ( 'NONE', #1386, #3093, #3820 ) ;
#2379 = DIRECTION ( 'NONE',  ( 1.000000000000000000, 0.000000000000000000, 0.000000000000000000 ) ) ;
#2380 = ORIENTED_EDGE ( 'NONE', *, *, #2002, .T. ) ;
#2381 = EDGE_CURVE ( 'NONE', #3321, #3982, #4127, .T. ) ;
#2382 = DIRECTION ( 'NONE',  ( 6.516535262367561146E-16, 0.7071067811865451302, -0.7071067811865499042 ) ) ;
#2383 = DIRECTION ( 'NONE',  ( 0.000000000000000000, 1.000000000000000000, 4.132887772371912653E-16 ) ) ;
#2384 = CARTESIAN_POINT ( 'NONE',  ( 1276.826600409047614, 652.7814939935514076, 895.5428517890160265 ) ) ;
#2385 = CARTESIAN_POINT ( 'NONE',  ( 1.574011537017761864, 3.800000000000000711, -6.000000000000007994 ) ) ;
#2386 = DIRECTION ( 'NONE',  ( 1.000000000000000000, 0.000000000000000000, 0.000000000000000000 ) ) ;
#2387 = CARTESIAN_POINT ( 'NONE',  ( 1336.826600409047614, 652.7814939935514076, 919.5428517890160265 ) ) ;
#2388 =( REPRESENTATION_RELATIONSHIP ('NONE','NONE', #3899, #2875 ) REPRESENTATION_RELATIONSHIP_WITH_TRANSFORMATION ( #1507 )SHAPE_REPRESENTATION_RELATIONSHIP( ) );
#2389 = CARTESIAN_POINT ( 'NONE',  ( 1312.826600409047614, 640.7814939935514076, 907.5428517890160265 ) ) ;
#2390 = CARTESIAN_POINT ( 'NONE',  ( -1.574011537017762530, 3.799999999999998934, -6.000000000000007994 ) ) ;
#2391 = LINE ( 'NONE', #378, #564 ) ;
#2392 = VERTEX_POINT ( 'NONE', #3098 ) ;
#2393 = ORIENTED_EDGE ( 'NONE', *, *, #1642, .F. ) ;
#2394 = EDGE_CURVE ( 'NONE', #1840, #2906, #3464, .T. ) ;
#2395 = ORIENTED_EDGE ( 'NONE', *, *, #1619, .T. ) ;
#2396 = EDGE_CURVE ( 'NONE', #1908, #108, #1001, .T. ) ;
#2397 = VECTOR ( 'NONE', #81, 1000.000000000000114 ) ;
#2398 = DIRECTION ( 'NONE',  ( 1.000000000000000000, 0.000000000000000000, 0.000000000000000000 ) ) ;
#2399 = ORIENTED_EDGE ( 'NONE', *, *, #107, .F. ) ;
#2400 = LINE ( 'NONE', #2270, #196 ) ;
#2401 = CARTESIAN_POINT ( 'NONE',  ( -6.000000000000000888, -2.485281374238576202, 6.000000000000005329 ) ) ;
#2402 = CONTEXT_DEPENDENT_SHAPE_REPRESENTATION ( #3443, #425 ) ;
#2403 =( REPRESENTATION_RELATIONSHIP ('NONE','NONE', #3899, #2875 ) REPRESENTATION_RELATIONSHIP_WITH_TRANSFORMATION ( #3853 )SHAPE_REPRESENTATION_RELATIONSHIP( ) );
#2404 = DIRECTION ( 'NONE',  ( 1.000000000000000000, 0.000000000000000000, 0.000000000000000000 ) ) ;
#2405 = LINE ( 'NONE', #618, #2470 ) ;
#2406 = DIRECTION ( 'NONE',  ( 1.000000000000000000, 0.000000000000000000, 0.000000000000000000 ) ) ;
#2407 = AXIS2_PLACEMENT_3D ( 'NONE', #2042, #1398, #49 ) ;
#2408 = DIRECTION ( 'NONE',  ( 1.000000000000000000, 0.000000000000000000, 0.000000000000000000 ) ) ;
#2409 = CONTEXT_DEPENDENT_SHAPE_REPRESENTATION ( #1243, #1868 ) ;
#2410 = DIRECTION ( 'NONE',  ( 0.000000000000000000, 0.000000000000000000, 1.000000000000000000 ) ) ;
#2411 = CARTESIAN_POINT ( 'NONE',  ( -6.000000000000000000, -2.485281374238574870, -6.000000000000000888 ) ) ;
#2412 = CARTESIAN_POINT ( 'NONE',  ( 2.485281374238633934, -6.000000000000002665, 5.999999999999970690 ) ) ;
#2413 = EDGE_LOOP ( 'NONE', ( #3831, #3634, #1620 ) ) ;
#2414 = ORIENTED_EDGE ( 'NONE', *, *, #2711, .T. ) ;
#2415 = EDGE_LOOP ( 'NONE', ( #2047, #2768, #293, #1511 ) ) ;
#2416 = DIRECTION ( 'NONE',  ( 0.5773502691896262862, -0.5773502691896231775, 0.5773502691896279515 ) ) ;
#2417 = AXIS2_PLACEMENT_3D ( 'NONE', #441, #116, #3194 ) ;
#2418 = CARTESIAN_POINT ( 'NONE',  ( 1324.826600409047614, 700.7814939935515213, 931.5428517890160265 ) ) ;
#2419 = DIRECTION ( 'NONE',  ( 0.000000000000000000, 0.000000000000000000, 1.000000000000000000 ) ) ;
#2420 = DIRECTION ( 'NONE',  ( 0.000000000000000000, -0.4472135954999553742, 0.8944271909999170767 ) ) ;
#2421 = CARTESIAN_POINT ( 'NONE',  ( 1.574011537017740325, 6.000000000000000000, -3.800000000000000266 ) ) ;
#2422 = CARTESIAN_POINT ( 'NONE',  ( -2.485281374238636598, 5.999999999999973355, 5.999999999999999112 ) ) ;
#2423 = MECHANICAL_DESIGN_GEOMETRIC_PRESENTATION_REPRESENTATION (  '', ( #261 ), #3472 ) ;
#2424 = DIRECTION ( 'NONE',  ( 1.000000000000000000, 0.000000000000000000, 0.000000000000000000 ) ) ;
#2425 = PLANE ( 'NONE',  #3777 ) ;
#2426 = LINE ( 'NONE', #1473, #842 ) ;
#2427 =( REPRESENTATION_RELATIONSHIP ('NONE','NONE', #3899, #2875 ) REPRESENTATION_RELATIONSHIP_WITH_TRANSFORMATION ( #2065 )SHAPE_REPRESENTATION_RELATIONSHIP( ) );
#2428 = VECTOR ( 'NONE', #968, 1000.000000000000000 ) ;
#2429 = DIRECTION ( 'NONE',  ( 1.000000000000000000, 0.000000000000000000, 0.000000000000000000 ) ) ;
#2430 = VECTOR ( 'NONE', #718, 1000.000000000000000 ) ;
#2431 = ITEM_DEFINED_TRANSFORMATION ( 'NONE', 'NONE', #2563,  #3602 ) ;
#2432 = DIRECTION ( 'NONE',  ( 0.000000000000000000, 0.000000000000000000, 1.000000000000000000 ) ) ;
#2433 = LINE ( 'NONE', #2457, #3080 ) ;
#2434 = CONTEXT_DEPENDENT_SHAPE_REPRESENTATION ( #775, #58 ) ;
#2435 = DIRECTION ( 'NONE',  ( 0.000000000000000000, -0.7071067811865474617, -0.7071067811865474617 ) ) ;
#2436 = ADVANCED_FACE ( 'NONE', ( #252 ), #2486, .F. ) ;
#2437 = ORIENTED_EDGE ( 'NONE', *, *, #960, .F. ) ;
#2438 = CONTEXT_DEPENDENT_SHAPE_REPRESENTATION ( #2403, #312 ) ;
#2439 = ORIENTED_EDGE ( 'NONE', *, *, #2476, .F. ) ;
#2440 = ORIENTED_EDGE ( 'NONE', *, *, #406, .T. ) ;
#2441 = VECTOR ( 'NONE', #244, 1000.000000000000114 ) ;
#2442 = EDGE_CURVE ( 'NONE', #2019, #3592, #4147, .T. ) ;
#2443 = DIRECTION ( 'NONE',  ( 0.7071067811865479058, -0.7071067811865472397, 0.000000000000000000 ) ) ;
#2444 = PRODUCT_DEFINITION_SHAPE ( 'NONE', 'NONE',  #4482 ) ;
#2445 = DIRECTION ( 'NONE',  ( 0.000000000000000000, 0.000000000000000000, 1.000000000000000000 ) ) ;
#2446 = CARTESIAN_POINT ( 'NONE',  ( -6.741996154327472901, -6.741996154327443591, 4.516007691345230057 ) ) ;
#2447 = CARTESIAN_POINT ( 'NONE',  ( -6.000000000000065725, 1.574011537017761642, 3.800000000000004263 ) ) ;
#2448 = FACE_BOUND ( 'NONE', #4247, .T. ) ;
#2449 = AXIS2_PLACEMENT_3D ( 'NONE', #2533, #2917, #3361 ) ;
#2450 =( REPRESENTATION_RELATIONSHIP ('NONE','NONE', #3899, #2875 ) REPRESENTATION_RELATIONSHIP_WITH_TRANSFORMATION ( #1529 )SHAPE_REPRESENTATION_RELATIONSHIP( ) );
#2451 = DIRECTION ( 'NONE',  ( 0.000000000000000000, 0.000000000000000000, 1.000000000000000000 ) ) ;
#2452 = EDGE_CURVE ( 'NONE', #1688, #966, #3512, .T. ) ;
#2453 = FACE_OUTER_BOUND ( 'NONE', #1587, .T. ) ;
#2454 = FACE_OUTER_BOUND ( 'NONE', #4267, .T. ) ;
#2455 = DIRECTION ( 'NONE',  ( 0.000000000000000000, 0.000000000000000000, 1.000000000000000000 ) ) ;
#2456 = DIRECTION ( 'NONE',  ( 1.000000000000000000, 0.000000000000000000, 0.000000000000000000 ) ) ;
#2457 = CARTESIAN_POINT ( 'NONE',  ( 1.574011537017782292, -6.000000000000023981, -3.800000000000006484 ) ) ;
#2458 = CARTESIAN_POINT ( 'NONE',  ( 3.800000000000001155, -1.574011537017766305, 5.999999999999997335 ) ) ;
#2459 = ITEM_DEFINED_TRANSFORMATION ( 'NONE', 'NONE', #2376,  #3602 ) ;
#2460 = DIRECTION ( 'NONE',  ( -3.857361920880503545E-16, 1.046998235667550443E-15, -1.000000000000000000 ) ) ;
#2461 =( REPRESENTATION_RELATIONSHIP ('NONE','NONE', #3899, #2875 ) REPRESENTATION_RELATIONSHIP_WITH_TRANSFORMATION ( #2214 )SHAPE_REPRESENTATION_RELATIONSHIP( ) );
#2462 = ORIENTED_EDGE ( 'NONE', *, *, #505, .F. ) ;
#2463 = ITEM_DEFINED_TRANSFORMATION ( 'NONE', 'NONE', #2195,  #3602 ) ;
#2464 = EDGE_CURVE ( 'NONE', #1861, #2756, #1047, .T. ) ;
#2465 = ORIENTED_EDGE ( 'NONE', *, *, #1974, .T. ) ;
#2466 = ORIENTED_EDGE ( 'NONE', *, *, #3950, .T. ) ;
#2467 = PLANE ( 'NONE',  #521 ) ;
#2468 = CARTESIAN_POINT ( 'NONE',  ( 1300.826600409047614, 700.7814939935515213, 883.5428517890160265 ) ) ;
#2469 = CARTESIAN_POINT ( 'NONE',  ( -6.000000000000065725, 3.800000000000003375, 1.574011537017764084 ) ) ;
#2470 = VECTOR ( 'NONE', #2011, 1000.000000000000000 ) ;
#2471 = LINE ( 'NONE', #2495, #3608 ) ;
#2472 = DIRECTION ( 'NONE',  ( 0.7071067811865479058, -0.7071067811865472397, -2.766116869920824636E-15 ) ) ;
#2473 = APPLICATION_CONTEXT ( 'automotive_design' ) ;
#2474 = CARTESIAN_POINT ( 'NONE',  ( 1276.826600409047614, 640.7814939935514076, 895.5428517890160265 ) ) ;
#2475 = DIRECTION ( 'NONE',  ( 0.5773502691896262862, -0.5773502691896231775, -0.5773502691896279515 ) ) ;
#2476 = EDGE_CURVE ( 'NONE', #546, #2880, #687, .T. ) ;
#2477 = DIRECTION ( 'NONE',  ( 0.000000000000000000, 0.000000000000000000, 1.000000000000000000 ) ) ;
#2478 = PRODUCT_DEFINITION_SHAPE ( 'NONE', 'NONE',  #4288 ) ;
#2479 = DIRECTION ( 'NONE',  ( 0.000000000000000000, 0.000000000000000000, 1.000000000000000000 ) ) ;
#2480 = AXIS2_PLACEMENT_3D ( 'NONE', #1664, #2419, #648 ) ;
#2481 = ADVANCED_FACE ( 'NONE', ( #3648 ), #2968, .F. ) ;
#2482 = DIRECTION ( 'NONE',  ( 1.000000000000000000, 8.654252411770750430E-32, -1.653155108948763040E-16 ) ) ;
#2483 = CARTESIAN_POINT ( 'NONE',  ( -3.800000000000004707, -1.574011537017768525, 3.799999999999997602 ) ) ;
#2484 = PRODUCT_DEFINITION_SHAPE ( 'NONE', 'NONE',  #4479 ) ;
#2485 = ITEM_DEFINED_TRANSFORMATION ( 'NONE', 'NONE', #3913,  #3602 ) ;
#2486 = PLANE ( 'NONE',  #2519 ) ;
#2487 = ORIENTED_EDGE ( 'NONE', *, *, #3759, .T. ) ;
#2488 = AXIS2_PLACEMENT_3D ( 'NONE', #2050, #3485, #4214 ) ;
#2489 = ITEM_DEFINED_TRANSFORMATION ( 'NONE', 'NONE', #3137,  #3602 ) ;
#2490 = VERTEX_POINT ( 'NONE', #3199 ) ;
#2491 = ORIENTED_EDGE ( 'NONE', *, *, #2673, .F. ) ;
#2492 = CARTESIAN_POINT ( 'NONE',  ( -6.000000000000065725, -3.800000000000002487, 1.574011537017763418 ) ) ;
#2493 = EDGE_LOOP ( 'NONE', ( #1025, #1675, #405, #1196, #2204, #3537, #2676, #3740 ) ) ;
#2494 = DIRECTION ( 'NONE',  ( 0.4472135954999598706, -0.8944271909999148562, 0.000000000000000000 ) ) ;
#2495 = CARTESIAN_POINT ( 'NONE',  ( -4.457429047582530224, -5.570423279073596134, -4.457429047582460946 ) ) ;
#2496 = LINE ( 'NONE', #1421, #678 ) ;
#2497 =( REPRESENTATION_RELATIONSHIP ('NONE','NONE', #3899, #2875 ) REPRESENTATION_RELATIONSHIP_WITH_TRANSFORMATION ( #2489 )SHAPE_REPRESENTATION_RELATIONSHIP( ) );
#2498 = LINE ( 'NONE', #3976, #1043 ) ;
#2499 = ITEM_DEFINED_TRANSFORMATION ( 'NONE', 'NONE', #3169,  #3602 ) ;
#2500 = CARTESIAN_POINT ( 'NONE',  ( 1288.826600409047614, 664.7814939935515213, 883.5428517890160265 ) ) ;
#2501 = CARTESIAN_POINT ( 'NONE',  ( 3.800000000000001155, -1.574011537017760087, -6.000000000000007994 ) ) ;
#2502 = EDGE_CURVE ( 'NONE', #2099, #754, #1521, .T. ) ;
#2503 = VECTOR ( 'NONE', #449, 1000.000000000000000 ) ;
#2504 = VECTOR ( 'NONE', #2051, 1000.000000000000000 ) ;
#2505 = ITEM_DEFINED_TRANSFORMATION ( 'NONE', 'NONE', #1559,  #3602 ) ;
#2506 = AXIS2_PLACEMENT_3D ( 'NONE', #593, #1269, #2659 ) ;
#2507 = DIRECTION ( 'NONE',  ( 1.000000000000000000, 0.000000000000000000, 0.000000000000000000 ) ) ;
#2508 = CARTESIAN_POINT ( 'NONE',  ( -1.574011537017742768, -6.000000000000038192, 3.800000000000000266 ) ) ;
#2509 = LINE ( 'NONE', #2825, #2942 ) ;
#2510 = VECTOR ( 'NONE', #1103, 1000.000000000000000 ) ;
#2511 = ORIENTED_EDGE ( 'NONE', *, *, #2755, .F. ) ;
#2512 = ITEM_DEFINED_TRANSFORMATION ( 'NONE', 'NONE', #858,  #3602 ) ;
#2513 = ORIENTED_EDGE ( 'NONE', *, *, #1851, .F. ) ;
#2514 = VERTEX_POINT ( 'NONE', #2637 ) ;
#2515 = VECTOR ( 'NONE', #3429, 1000.000000000000000 ) ;
#2516 = PLANE ( 'NONE',  #3491 ) ;
#2517 =( REPRESENTATION_RELATIONSHIP ('NONE','NONE', #3899, #2875 ) REPRESENTATION_RELATIONSHIP_WITH_TRANSFORMATION ( #3097 )SHAPE_REPRESENTATION_RELATIONSHIP( ) );
#2518 = EDGE_LOOP ( 'NONE', ( #1118, #35, #3930, #3493 ) ) ;
#2519 = AXIS2_PLACEMENT_3D ( 'NONE', #4196, #1383, #2120 ) ;
#2520 = VERTEX_POINT ( 'NONE', #3331 ) ;
#2521 = CARTESIAN_POINT ( 'NONE',  ( 1.574011537017761864, 3.800000000000000711, -6.000000000000007994 ) ) ;
#2522 = PLANE ( 'NONE',  #1704 ) ;
#2523 = LINE ( 'NONE', #1082, #2148 ) ;
#2524 = PRODUCT_DEFINITION_SHAPE ( 'NONE', 'NONE',  #4294 ) ;
#2525 = VECTOR ( 'NONE', #1394, 1000.000000000000114 ) ;
#2526 = ADVANCED_FACE ( 'NONE', ( #3834 ), #2253, .F. ) ;
#2527 = ADVANCED_FACE ( 'NONE', ( #3370, #1225 ), #1966, .F. ) ;
#2528 = DIRECTION ( 'NONE',  ( 1.000000000000000000, 0.000000000000000000, 0.000000000000000000 ) ) ;
#2529 =( REPRESENTATION_RELATIONSHIP ('NONE','NONE', #3899, #2875 ) REPRESENTATION_RELATIONSHIP_WITH_TRANSFORMATION ( #1566 )SHAPE_REPRESENTATION_RELATIONSHIP( ) );
#2530 = LINE ( 'NONE', #94, #1050 ) ;
#2531 = SHAPE_DEFINITION_REPRESENTATION ( #3332, #3899 ) ;
#2532 = PRODUCT_DEFINITION_FORMATION_WITH_SPECIFIED_SOURCE ( 'ANY', '', #3184, .NOT_KNOWN. ) ;
#2533 = CARTESIAN_POINT ( 'NONE',  ( 1324.826600409047614, 652.7814939935514076, 883.5428517890160265 ) ) ;
#2534 = LINE ( 'NONE', #2117, #3371 ) ;
#2535 = DIRECTION ( 'NONE',  ( 0.7071067811865395791, 1.744997059445915186E-16, -0.7071067811865554553 ) ) ;
#2536 = VECTOR ( 'NONE', #4067, 1000.000000000000000 ) ;
#2537 = VERTEX_POINT ( 'NONE', #2963 ) ;
#2538 = ORIENTED_EDGE ( 'NONE', *, *, #4058, .F. ) ;
#2539 = ORIENTED_EDGE ( 'NONE', *, *, #2464, .F. ) ;
#2540 = DIRECTION ( 'NONE',  ( 0.8164965809277257014, 0.4082482904638651822, -0.4082482904638615739 ) ) ;
#2541 = VERTEX_POINT ( 'NONE', #3003 ) ;
#2542 = EDGE_CURVE ( 'NONE', #2628, #3636, #552, .T. ) ;
#2543 = EDGE_LOOP ( 'NONE', ( #544, #783, #762, #2629 ) ) ;
#2544 = EDGE_CURVE ( 'NONE', #2096, #1384, #2656, .T. ) ;
#2545 =( REPRESENTATION_RELATIONSHIP ('NONE','NONE', #3899, #2875 ) REPRESENTATION_RELATIONSHIP_WITH_TRANSFORMATION ( #511 )SHAPE_REPRESENTATION_RELATIONSHIP( ) );
#2546 = VERTEX_POINT ( 'NONE', #1179 ) ;
#2547 = CARTESIAN_POINT ( 'NONE',  ( -1.574011537017762530, 3.799999999999998934, -6.000000000000007994 ) ) ;
#2548 = CARTESIAN_POINT ( 'NONE',  ( -6.000000000000065725, -1.574011537017759421, -3.800000000000004263 ) ) ;
#2549 = ITEM_DEFINED_TRANSFORMATION ( 'NONE', 'NONE', #3739,  #3602 ) ;
#2550 = DIRECTION ( 'NONE',  ( 0.000000000000000000, 0.000000000000000000, 1.000000000000000000 ) ) ;
#2551 = DIRECTION ( 'NONE',  ( 0.000000000000000000, -0.8944271909999141901, -0.4472135954999614804 ) ) ;
#2552 = CARTESIAN_POINT ( 'NONE',  ( 1336.826600409047614, 700.7814939935515213, 895.5428517890160265 ) ) ;
#2553 = DIRECTION ( 'NONE',  ( 0.000000000000000000, 0.000000000000000000, 1.000000000000000000 ) ) ;
#2554 = PRODUCT_DEFINITION_SHAPE ( 'NONE', 'NONE',  #4410 ) ;
#2555 = FACE_OUTER_BOUND ( 'NONE', #4201, .T. ) ;
#2556 = DIRECTION ( 'NONE',  ( 1.000000000000000000, -0.000000000000000000, -0.000000000000000000 ) ) ;
#2557 = CONTEXT_DEPENDENT_SHAPE_REPRESENTATION ( #828, #3267 ) ;
#2558 = AXIS2_PLACEMENT_3D ( 'NONE', #2280, #210, #2653 ) ;
#2559 = DIRECTION ( 'NONE',  ( -0.000000000000000000, -0.000000000000000000, 1.000000000000000000 ) ) ;
#2560 = PRODUCT_DEFINITION_SHAPE ( 'NONE', 'NONE',  #4322 ) ;
#2561 = VERTEX_POINT ( 'NONE', #2573 ) ;
#2562 = LINE ( 'NONE', #3222, #1297 ) ;
#2563 = AXIS2_PLACEMENT_3D ( 'NONE', #422, #3122, #2804 ) ;
#2564 = ORIENTED_EDGE ( 'NONE', *, *, #2980, .F. ) ;
#2565 = PRODUCT_DEFINITION_SHAPE ( 'NONE', 'NONE',  #4470 ) ;
#2566 = ORIENTED_EDGE ( 'NONE', *, *, #3529, .F. ) ;
#2567 = EDGE_LOOP ( 'NONE', ( #1153, #3138, #224, #3235 ) ) ;
#2568 = DIRECTION ( 'NONE',  ( 0.000000000000000000, -0.7071067811865479058, 0.7071067811865472397 ) ) ;
#2569 = VECTOR ( 'NONE', #890, 1000.000000000000000 ) ;
#2570 = PRODUCT_DEFINITION_SHAPE ( 'NONE', 'NONE',  #4462 ) ;
#2571 = DIRECTION ( 'NONE',  ( 0.000000000000000000, 0.000000000000000000, 1.000000000000000000 ) ) ;
#2572 = CARTESIAN_POINT ( 'NONE',  ( 3.344434816091368834, 5.570423279073597023, -5.570423279073623668 ) ) ;
#2573 = CARTESIAN_POINT ( 'NONE',  ( -6.000000000000000000, -3.800000000000002487, -1.574011537017763418 ) ) ;
#2574 = PRODUCT_DEFINITION_SHAPE ( 'NONE', 'NONE',  #4376 ) ;
#2575 = CONTEXT_DEPENDENT_SHAPE_REPRESENTATION ( #3647, #3711 ) ;
#2576 = CARTESIAN_POINT ( 'NONE',  ( 1312.826600409047614, 700.7814939935515213, 871.5428517890160265 ) ) ;
#2577 = DIRECTION ( 'NONE',  ( 0.000000000000000000, 0.000000000000000000, 1.000000000000000000 ) ) ;
#2578 = VECTOR ( 'NONE', #1842, 1000.000000000000000 ) ;
#2579 = DIRECTION ( 'NONE',  ( -0.4082482904638627952, 0.4082482904638662924, 0.8164965809277245912 ) ) ;
#2580 = CARTESIAN_POINT ( 'NONE',  ( -5.999999999999982236, -6.000000000000001776, 2.485281374238611285 ) ) ;
#2581 = AXIS2_PLACEMENT_3D ( 'NONE', #2276, #234, #1613 ) ;
#2582 = ADVANCED_FACE ( 'NONE', ( #906 ), #2320, .F. ) ;
#2583 = DIRECTION ( 'NONE',  ( 0.7071067811865474617, 0.000000000000000000, 0.7071067811865474617 ) ) ;
#2584 = VERTEX_POINT ( 'NONE', #530 ) ;
#2585 =( REPRESENTATION_RELATIONSHIP ('NONE','NONE', #3899, #2875 ) REPRESENTATION_RELATIONSHIP_WITH_TRANSFORMATION ( #2259 )SHAPE_REPRESENTATION_RELATIONSHIP( ) );
#2586 = VECTOR ( 'NONE', #4210, 1000.000000000000000 ) ;
#2587 = EDGE_LOOP ( 'NONE', ( #3702, #2245, #110, #2759 ) ) ;
#2588 = VERTEX_POINT ( 'NONE', #1894 ) ;
#2589 = DIRECTION ( 'NONE',  ( -0.7071067811865475727, 4.023142215989693013E-17, 0.7071067811865474617 ) ) ;
#2590 = PRODUCT_DEFINITION_SHAPE ( 'NONE', 'NONE',  #4383 ) ;
#2591 = VECTOR ( 'NONE', #3874, 1000.000000000000114 ) ;
#2592 = DIRECTION ( 'NONE',  ( 0.000000000000000000, 0.000000000000000000, 1.000000000000000000 ) ) ;
#2593 = FACE_OUTER_BOUND ( 'NONE', #645, .T. ) ;
#2594 = DIRECTION ( 'NONE',  ( 0.000000000000000000, 4.132887772371912653E-16, -1.000000000000000000 ) ) ;
#2595 = PRODUCT_DEFINITION_SHAPE ( 'NONE', 'NONE',  #4295 ) ;
#2596 = ITEM_DEFINED_TRANSFORMATION ( 'NONE', 'NONE', #3584,  #3602 ) ;
#2597 = ADVANCED_FACE ( 'NONE', ( #3969 ), #160, .F. ) ;
#2598 = DIRECTION ( 'NONE',  ( 1.000000000000000000, 0.000000000000000000, 0.000000000000000000 ) ) ;
#2599 = EDGE_CURVE ( 'NONE', #3615, #2880, #3283, .T. ) ;
#2600 = LINE ( 'NONE', #3337, #4092 ) ;
#2601 = AXIS2_PLACEMENT_3D ( 'NONE', #264, #1231, #2281 ) ;
#2602 = DIRECTION ( 'NONE',  ( 0.000000000000000000, 0.000000000000000000, 1.000000000000000000 ) ) ;
#2603 =( REPRESENTATION_RELATIONSHIP ('NONE','NONE', #3899, #2875 ) REPRESENTATION_RELATIONSHIP_WITH_TRANSFORMATION ( #258 )SHAPE_REPRESENTATION_RELATIONSHIP( ) );
#2604 = CONTEXT_DEPENDENT_SHAPE_REPRESENTATION ( #947, #157 ) ;
#2605 = DIRECTION ( 'NONE',  ( -1.000000000000000000, -5.510517029829215555E-16, -3.795724742004722918E-31 ) ) ;
#2606 = PRODUCT_DEFINITION_SHAPE ( 'NONE', 'NONE',  #4449 ) ;
#2607 = EDGE_LOOP ( 'NONE', ( #4023, #1683, #290, #3494 ) ) ;
#2608 = EDGE_CURVE ( 'NONE', #631, #2193, #2615, .T. ) ;
#2609 = ORIENTED_EDGE ( 'NONE', *, *, #2343, .T. ) ;
#2610 = ORIENTED_EDGE ( 'NONE', *, *, #3353, .T. ) ;
#2611 = DIRECTION ( 'NONE',  ( 0.000000000000000000, -0.7071067811865474617, -0.7071067811865474617 ) ) ;
#2612 =( REPRESENTATION_RELATIONSHIP ('NONE','NONE', #3899, #2875 ) REPRESENTATION_RELATIONSHIP_WITH_TRANSFORMATION ( #1547 )SHAPE_REPRESENTATION_RELATIONSHIP( ) );
#2613 = DIRECTION ( 'NONE',  ( 0.000000000000000000, 0.000000000000000000, 1.000000000000000000 ) ) ;
#2614 = DIRECTION ( 'NONE',  ( 0.7071067811865455743, 0.7071067811865493491, 4.876915691161812609E-15 ) ) ;
#2615 = LINE ( 'NONE', #865, #1498 ) ;
#2616 = CONTEXT_DEPENDENT_SHAPE_REPRESENTATION ( #1668, #2891 ) ;
#2617 = DIRECTION ( 'NONE',  ( 0.000000000000000000, 0.000000000000000000, 1.000000000000000000 ) ) ;
#2618 = CARTESIAN_POINT ( 'NONE',  ( 5.570423279073614786, 4.457429047582516901, 4.457429047582453840 ) ) ;
#2619 = LINE ( 'NONE', #1969, #614 ) ;
#2620 = VECTOR ( 'NONE', #371, 1000.000000000000000 ) ;
#2621 = EDGE_CURVE ( 'NONE', #1827, #3489, #3306, .T. ) ;
#2622 = CARTESIAN_POINT ( 'NONE',  ( 1324.826600409047614, 676.7814939935515213, 895.5428517890160265 ) ) ;
#2623 = DIRECTION ( 'NONE',  ( -0.7071067811865455743, -0.7071067811865495711, 5.025938707754281043E-15 ) ) ;
#2624 = PRODUCT_DEFINITION_SHAPE ( 'NONE', 'NONE',  #4389 ) ;
#2625 = ORIENTED_EDGE ( 'NONE', *, *, #1789, .T. ) ;
#2626 =( REPRESENTATION_RELATIONSHIP ('NONE','NONE', #3899, #2875 ) REPRESENTATION_RELATIONSHIP_WITH_TRANSFORMATION ( #3226 )SHAPE_REPRESENTATION_RELATIONSHIP( ) );
#2627 = FACE_OUTER_BOUND ( 'NONE', #611, .T. ) ;
#2628 = VERTEX_POINT ( 'NONE', #883 ) ;
#2629 = ORIENTED_EDGE ( 'NONE', *, *, #51, .F. ) ;
#2630 = DIRECTION ( 'NONE',  ( 0.000000000000000000, 0.000000000000000000, -1.000000000000000000 ) ) ;
#2631 = AXIS2_PLACEMENT_3D ( 'NONE', #1321, #3496, #43 ) ;
#2632 = DIRECTION ( 'NONE',  ( -0.000000000000000000, 1.000000000000000000, 0.000000000000000000 ) ) ;
#2633 = PRODUCT_DEFINITION_SHAPE ( 'NONE', 'NONE',  #4303 ) ;
#2634 = ADVANCED_FACE ( 'NONE', ( #590 ), #1546, .T. ) ;
#2635 = CARTESIAN_POINT ( 'NONE',  ( 1288.826600409047614, 676.7814939935515213, 895.5428517890160265 ) ) ;
#2636 = DIRECTION ( 'NONE',  ( 0.000000000000000000, -0.000000000000000000, 1.000000000000000000 ) ) ;
#2637 = CARTESIAN_POINT ( 'NONE',  ( -2.485281374238639707, 5.999999999999976019, 6.000000000000003553 ) ) ;
#2638 = ITEM_DEFINED_TRANSFORMATION ( 'NONE', 'NONE', #3381,  #3602 ) ;
#2639 = CARTESIAN_POINT ( 'NONE',  ( 1300.826600409047614, 688.7814939935515213, 871.5428517890160265 ) ) ;
#2640 = EDGE_CURVE ( 'NONE', #2019, #4200, #3426, .T. ) ;
#2641 = DIRECTION ( 'NONE',  ( 1.000000000000000000, 0.000000000000000000, 0.000000000000000000 ) ) ;
#2642 = LINE ( 'NONE', #850, #1088 ) ;
#2643 = DIRECTION ( 'NONE',  ( 0.000000000000000000, -0.7071067811865474617, 0.7071067811865474617 ) ) ;
#2644 =( REPRESENTATION_RELATIONSHIP ('NONE','NONE', #3899, #2875 ) REPRESENTATION_RELATIONSHIP_WITH_TRANSFORMATION ( #1748 )SHAPE_REPRESENTATION_RELATIONSHIP( ) );
#2645 = VECTOR ( 'NONE', #3159, 1000.000000000000000 ) ;
#2646 = CARTESIAN_POINT ( 'NONE',  ( 1324.826600409047614, 700.7814939935515213, 895.5428517890160265 ) ) ;
#2647 = ITEM_DEFINED_TRANSFORMATION ( 'NONE', 'NONE', #2631,  #3602 ) ;
#2648 = CARTESIAN_POINT ( 'NONE',  ( -1.574011537017742546, -6.000000000000041744, 3.800000000000000266 ) ) ;
#2649 = VECTOR ( 'NONE', #3728, 999.9999999999998863 ) ;
#2650 = ORIENTED_EDGE ( 'NONE', *, *, #2711, .F. ) ;
#2651 = ORIENTED_EDGE ( 'NONE', *, *, #3062, .T. ) ;
#2652 = VECTOR ( 'NONE', #1346, 1000.000000000000000 ) ;
#2653 = DIRECTION ( 'NONE',  ( 1.000000000000000000, 0.000000000000000000, 0.000000000000000000 ) ) ;
#2654 = ORIENTED_EDGE ( 'NONE', *, *, #2192, .T. ) ;
#2655 = CARTESIAN_POINT ( 'NONE',  ( -3.800000000000023803, 6.000000000000000000, -1.574011537017760309 ) ) ;
#2656 = LINE ( 'NONE', #2914, #345 ) ;
#2657 = ADVANCED_FACE ( 'NONE', ( #2627 ), #571, .F. ) ;
#2658 = ADVANCED_FACE ( 'NONE', ( #2275 ), #3662, .F. ) ;
#2659 = DIRECTION ( 'NONE',  ( 1.000000000000000000, 0.000000000000000000, 0.000000000000000000 ) ) ;
#2660 = PRODUCT_DEFINITION_SHAPE ( 'NONE', 'NONE',  #4401 ) ;
#2661 = VECTOR ( 'NONE', #1308, 1000.000000000000000 ) ;
#2662 = DIRECTION ( 'NONE',  ( 0.000000000000000000, -0.7071067811865479058, 0.7071067811865472397 ) ) ;
#2663 = DIRECTION ( 'NONE',  ( 0.000000000000000000, 0.000000000000000000, 1.000000000000000000 ) ) ;
#2664 = PRODUCT_DEFINITION_SHAPE ( 'NONE', 'NONE',  #4351 ) ;
#2665 = MANIFOLD_SOLID_BREP ( 'Mirror3', #3587 ) ;
#2666 = ITEM_DEFINED_TRANSFORMATION ( 'NONE', 'NONE', #1068,  #3602 ) ;
#2667 = CARTESIAN_POINT ( 'NONE',  ( -6.741996154327465796, 6.741996154327437374, 4.516007691345222952 ) ) ;
#2668 =( REPRESENTATION_RELATIONSHIP ('NONE','NONE', #3899, #2875 ) REPRESENTATION_RELATIONSHIP_WITH_TRANSFORMATION ( #2298 )SHAPE_REPRESENTATION_RELATIONSHIP( ) );
#2669 = AXIS2_PLACEMENT_3D ( 'NONE', #3754, #3145, #2705 ) ;
#2670 = EDGE_LOOP ( 'NONE', ( #1759, #2174, #2229, #671 ) ) ;
#2671 = ORIENTED_EDGE ( 'NONE', *, *, #2879, .T. ) ;
#2672 = CARTESIAN_POINT ( 'NONE',  ( 6.000000000000000000, 1.574011537017763640, -3.800000000000002931 ) ) ;
#2673 = EDGE_CURVE ( 'NONE', #4150, #1861, #3085, .T. ) ;
#2674 = EDGE_CURVE ( 'NONE', #3157, #3789, #3061, .T. ) ;
#2675 = CARTESIAN_POINT ( 'NONE',  ( 1300.826600409047614, 640.7814939935514076, 919.5428517890160265 ) ) ;
#2676 = ORIENTED_EDGE ( 'NONE', *, *, #669, .F. ) ;
#2677 = PLANE ( 'NONE',  #1632 ) ;
#2678 = FACE_OUTER_BOUND ( 'NONE', #3956, .T. ) ;
#2679 = DIRECTION ( 'NONE',  ( 1.000000000000000000, 0.000000000000000000, 0.000000000000000000 ) ) ;
#2680 = FACE_OUTER_BOUND ( 'NONE', #2974, .T. ) ;
#2681 =( REPRESENTATION_RELATIONSHIP ('NONE','NONE', #3899, #2875 ) REPRESENTATION_RELATIONSHIP_WITH_TRANSFORMATION ( #380 )SHAPE_REPRESENTATION_RELATIONSHIP( ) );
#2682 = DIRECTION ( 'NONE',  ( 0.000000000000000000, 0.000000000000000000, 1.000000000000000000 ) ) ;
#2683 = CARTESIAN_POINT ( 'NONE',  ( 1324.826600409047614, 664.7814939935515213, 907.5428517890160265 ) ) ;
#2684 = ITEM_DEFINED_TRANSFORMATION ( 'NONE', 'NONE', #1170,  #3602 ) ;
#2685 = VECTOR ( 'NONE', #2813, 1000.000000000000000 ) ;
#2686 = CARTESIAN_POINT ( 'NONE',  ( -3.799999999999981615, -6.000000000000043521, -1.574011537017766749 ) ) ;
#2687 = VERTEX_POINT ( 'NONE', #3409 ) ;
#2688 = EDGE_LOOP ( 'NONE', ( #1460, #1513, #181, #2564 ) ) ;
#2689 =( REPRESENTATION_RELATIONSHIP ('NONE','NONE', #3899, #2875 ) REPRESENTATION_RELATIONSHIP_WITH_TRANSFORMATION ( #908 )SHAPE_REPRESENTATION_RELATIONSHIP( ) );
#2690 = PRODUCT_DEFINITION_SHAPE ( 'NONE', 'NONE',  #4395 ) ;
#2691 = ITEM_DEFINED_TRANSFORMATION ( 'NONE', 'NONE', #4230,  #3602 ) ;
#2692 = AXIS2_PLACEMENT_3D ( 'NONE', #2209, #468, #2528 ) ;
#2693 = ORIENTED_EDGE ( 'NONE', *, *, #3114, .T. ) ;
#2694 = DIRECTION ( 'NONE',  ( 0.000000000000000000, 0.000000000000000000, 1.000000000000000000 ) ) ;
#2695 = ORIENTED_EDGE ( 'NONE', *, *, #2341, .T. ) ;
#2696 = DIRECTION ( 'NONE',  ( 0.000000000000000000, 0.7071067811865475727, -0.7071067811865474617 ) ) ;
#2697 = CARTESIAN_POINT ( 'NONE',  ( -2.485281374238517582, -6.000000000000002665, 6.000000000000021316 ) ) ;
#2698 = AXIS2_PLACEMENT_3D ( 'NONE', #2872, #2255, #1823 ) ;
#2699 = ITEM_DEFINED_TRANSFORMATION ( 'NONE', 'NONE', #1934,  #3602 ) ;
#2700 = PRODUCT_DEFINITION_SHAPE ( 'NONE', 'NONE',  #4339 ) ;
#2701 = CARTESIAN_POINT ( 'NONE',  ( 1300.826600409047614, 676.7814939935515213, 871.5428517890160265 ) ) ;
#2702 = DIRECTION ( 'NONE',  ( -0.5773502691896262862, -0.5773502691896231775, 0.5773502691896279515 ) ) ;
#2703 = CARTESIAN_POINT ( 'NONE',  ( 1288.826600409047614, 676.7814939935515213, 871.5428517890160265 ) ) ;
#2704 = APPLICATION_CONTEXT ( 'automotive_design' ) ;
#2705 = DIRECTION ( 'NONE',  ( 1.000000000000000000, 0.000000000000000000, 0.000000000000000000 ) ) ;
#2706 = DIRECTION ( 'NONE',  ( -0.7071067811865431318, -0.7071067811865517916, -0.000000000000000000 ) ) ;
#2707 = CARTESIAN_POINT ( 'NONE',  ( 3.344434816091376383, -5.570423279073604128, 5.570423279073629885 ) ) ;
#2708 = EDGE_LOOP ( 'NONE', ( #2951, #1360, #2098 ) ) ;
#2709 = VERTEX_POINT ( 'NONE', #29 ) ;
#2710 = CONTEXT_DEPENDENT_SHAPE_REPRESENTATION ( #2057, #3376 ) ;
#2711 = EDGE_CURVE ( 'NONE', #2514, #565, #609, .T. ) ;
#2712 = ORIENTED_EDGE ( 'NONE', *, *, #960, .T. ) ;
#2713 = AXIS2_PLACEMENT_3D ( 'NONE', #3, #1331, #1353 ) ;
#2714 = VECTOR ( 'NONE', #1407, 1000.000000000000000 ) ;
#2715 = AXIS2_PLACEMENT_3D ( 'NONE', #3792, #1085, #3865 ) ;
#2716 = DIRECTION ( 'NONE',  ( 1.000000000000000000, 0.000000000000000000, 0.000000000000000000 ) ) ;
#2717 = ORIENTED_EDGE ( 'NONE', *, *, #4003, .F. ) ;
#2718 = DIRECTION ( 'NONE',  ( 0.7071067811865441310, 0.7071067811865507924, 0.000000000000000000 ) ) ;
#2719 = SURFACE_STYLE_FILL_AREA ( #673 ) ;
#2720 = VECTOR ( 'NONE', #3725, 1000.000000000000000 ) ;
#2721 = ITEM_DEFINED_TRANSFORMATION ( 'NONE', 'NONE', #408,  #3602 ) ;
#2722 =( REPRESENTATION_RELATIONSHIP ('NONE','NONE', #3899, #2875 ) REPRESENTATION_RELATIONSHIP_WITH_TRANSFORMATION ( #1829 )SHAPE_REPRESENTATION_RELATIONSHIP( ) );
#2723 = CARTESIAN_POINT ( 'NONE',  ( 1276.826600409047614, 640.7814939935514076, 919.5428517890160265 ) ) ;
#2724 = VECTOR ( 'NONE', #1772, 1000.000000000000000 ) ;
#2725 = LINE ( 'NONE', #1672, #1900 ) ;
#2726 = CARTESIAN_POINT ( 'NONE',  ( 1276.826600409047614, 652.7814939935514076, 871.5428517890160265 ) ) ;
#2727 = ADVANCED_FACE ( 'NONE', ( #4138 ), #3392, .F. ) ;
#2728 = DIRECTION ( 'NONE',  ( 0.000000000000000000, 0.000000000000000000, 1.000000000000000000 ) ) ;
#2729 = VECTOR ( 'NONE', #1582, 1000.000000000000000 ) ;
#2730 = EDGE_CURVE ( 'NONE', #3300, #1960, #3812, .T. ) ;
#2731 = CARTESIAN_POINT ( 'NONE',  ( 3.800000000000001155, -1.574011537017760087, -6.000000000000007994 ) ) ;
#2732 = LINE ( 'NONE', #2686, #3027 ) ;
#2733 = ORIENTED_EDGE ( 'NONE', *, *, #3877, .F. ) ;
#2734 = CONTEXT_DEPENDENT_SHAPE_REPRESENTATION ( #1365, #1621 ) ;
#2735 = ORIENTED_EDGE ( 'NONE', *, *, #1579, .T. ) ;
#2736 = EDGE_LOOP ( 'NONE', ( #3422, #1958, #3674, #379 ) ) ;
#2737 = AXIS2_PLACEMENT_3D ( 'NONE', #3120, #1066, #1404 ) ;
#2738 =( REPRESENTATION_RELATIONSHIP ('NONE','NONE', #3899, #2875 ) REPRESENTATION_RELATIONSHIP_WITH_TRANSFORMATION ( #1901 )SHAPE_REPRESENTATION_RELATIONSHIP( ) );
#2739 =( REPRESENTATION_RELATIONSHIP ('NONE','NONE', #3899, #2875 ) REPRESENTATION_RELATIONSHIP_WITH_TRANSFORMATION ( #2119 )SHAPE_REPRESENTATION_RELATIONSHIP( ) );
#2740 = CARTESIAN_POINT ( 'NONE',  ( 1300.826600409047614, 652.7814939935514076, 883.5428517890160265 ) ) ;
#2741 = AXIS2_PLACEMENT_3D ( 'NONE', #3132, #461, #2494 ) ;
#2742 = PLANE ( 'NONE',  #246 ) ;
#2743 = LINE ( 'NONE', #4137, #3385 ) ;
#2744 = LINE ( 'NONE', #1911, #2510 ) ;
#2745 = DIRECTION ( 'NONE',  ( 0.000000000000000000, 0.000000000000000000, 1.000000000000000000 ) ) ;
#2746 = LINE ( 'NONE', #3729, #1234 ) ;
#2747 = CARTESIAN_POINT ( 'NONE',  ( 1288.826600409047614, 700.7814939935515213, 871.5428517890160265 ) ) ;
#2748 =( REPRESENTATION_RELATIONSHIP ('NONE','NONE', #3899, #2875 ) REPRESENTATION_RELATIONSHIP_WITH_TRANSFORMATION ( #1963 )SHAPE_REPRESENTATION_RELATIONSHIP( ) );
#2749 = CARTESIAN_POINT ( 'NONE',  ( 1336.826600409047614, 688.7814939935515213, 883.5428517890160265 ) ) ;
#2750 = ITEM_DEFINED_TRANSFORMATION ( 'NONE', 'NONE', #16,  #3602 ) ;
#2751 = CARTESIAN_POINT ( 'NONE',  ( 1312.826600409047614, 640.7814939935514076, 931.5428517890160265 ) ) ;
#2752 = CARTESIAN_POINT ( 'NONE',  ( 6.000000000000000000, 2.485281374238572205, -5.999999999999999112 ) ) ;
#2753 = ITEM_DEFINED_TRANSFORMATION ( 'NONE', 'NONE', #1957,  #3602 ) ;
#2754 = DIRECTION ( 'NONE',  ( 0.000000000000000000, 0.7071067811865473507, 0.7071067811865477948 ) ) ;
#2755 = EDGE_CURVE ( 'NONE', #812, #1908, #1478, .T. ) ;
#2756 = VERTEX_POINT ( 'NONE', #1667 ) ;
#2757 = CONTEXT_DEPENDENT_SHAPE_REPRESENTATION ( #1459, #15 ) ;
#2758 = ORIENTED_EDGE ( 'NONE', *, *, #2464, .T. ) ;
#2759 = ORIENTED_EDGE ( 'NONE', *, *, #385, .F. ) ;
#2760 = LINE ( 'NONE', #1364, #296 ) ;
#2761 = VECTOR ( 'NONE', #3793, 1000.000000000000114 ) ;
#2762 = CARTESIAN_POINT ( 'NONE',  ( 1300.826600409047614, 688.7814939935515213, 907.5428517890160265 ) ) ;
#2763 = DIRECTION ( 'NONE',  ( 0.7071067811865474617, 0.000000000000000000, 0.7071067811865474617 ) ) ;
#2764 = CARTESIAN_POINT ( 'NONE',  ( -6.741996154327466684, -6.741996154327438262, -4.516007691345223840 ) ) ;
#2765 = CARTESIAN_POINT ( 'NONE',  ( 3.344434816091374607, -5.570423279073602352, -5.570423279073628997 ) ) ;
#2766 =( REPRESENTATION_RELATIONSHIP ('NONE','NONE', #3899, #2875 ) REPRESENTATION_RELATIONSHIP_WITH_TRANSFORMATION ( #4213 )SHAPE_REPRESENTATION_RELATIONSHIP( ) );
#2767 = AXIS2_PLACEMENT_3D ( 'NONE', #1763, #4134, #1008 ) ;
#2768 = ORIENTED_EDGE ( 'NONE', *, *, #109, .F. ) ;
#2769 = CONTEXT_DEPENDENT_SHAPE_REPRESENTATION ( #1347, #1461 ) ;
#2770 = PRODUCT_DEFINITION_SHAPE ( 'NONE', 'NONE',  #4471 ) ;
#2771 = EDGE_CURVE ( 'NONE', #1960, #3185, #2744, .T. ) ;
#2772 = DIRECTION ( 'NONE',  ( 1.000000000000000000, 0.000000000000000000, 0.000000000000000000 ) ) ;
#2773 = PLANE ( 'NONE',  #1012 ) ;
#2774 = CARTESIAN_POINT ( 'NONE',  ( -3.800000000000023803, 6.000000000000000000, -1.574011537017762752 ) ) ;
#2775 = AXIS2_PLACEMENT_3D ( 'NONE', #2073, #2092, #375 ) ;
#2776 = DIRECTION ( 'NONE',  ( 0.000000000000000000, -0.7071067811865474617, 0.7071067811865474617 ) ) ;
#2777 = CARTESIAN_POINT ( 'NONE',  ( 1336.826600409047614, 640.7814939935514076, 931.5428517890160265 ) ) ;
#2778 = EDGE_CURVE ( 'NONE', #3763, #1487, #1324, .T. ) ;
#2779 = CONTEXT_DEPENDENT_SHAPE_REPRESENTATION ( #3136, #3395 ) ;
#2780 = CARTESIAN_POINT ( 'NONE',  ( 1312.826600409047614, 640.7814939935514076, 919.5428517890160265 ) ) ;
#2781 = FACE_OUTER_BOUND ( 'NONE', #566, .T. ) ;
#2782 = CONTEXT_DEPENDENT_SHAPE_REPRESENTATION ( #4117, #3544 ) ;
#2783 = PLANE ( 'NONE',  #419 ) ;
#2784 = VECTOR ( 'NONE', #1803, 1000.000000000000000 ) ;
#2785 = EDGE_LOOP ( 'NONE', ( #3160, #1147, #667, #3876 ) ) ;
#2786 = ORIENTED_EDGE ( 'NONE', *, *, #2544, .T. ) ;
#2787 = ORIENTED_EDGE ( 'NONE', *, *, #688, .F. ) ;
#2788 = DIRECTION ( 'NONE',  ( 1.000000000000000000, 5.769501607847177171E-32, -1.653155108948763040E-16 ) ) ;
#2789 = ITEM_DEFINED_TRANSFORMATION ( 'NONE', 'NONE', #2480,  #3602 ) ;
#2790 = DIRECTION ( 'NONE',  ( 1.000000000000000000, 0.000000000000000000, 0.000000000000000000 ) ) ;
#2791 = AXIS2_PLACEMENT_3D ( 'NONE', #3009, #1878, #3270 ) ;
#2792 = DIRECTION ( 'NONE',  ( 0.000000000000000000, 0.000000000000000000, 1.000000000000000000 ) ) ;
#2793 = CARTESIAN_POINT ( 'NONE',  ( 3.800000000000004263, 1.574011537017760531, 5.999999999999999112 ) ) ;
#2794 = CARTESIAN_POINT ( 'NONE',  ( -3.799999999999999378, -1.574011537017763196, -6.000000000000007994 ) ) ;
#2795 = DIRECTION ( 'NONE',  ( -0.7071067811865474617, 0.000000000000000000, -0.7071067811865474617 ) ) ;
#2796 =( REPRESENTATION_RELATIONSHIP ('NONE','NONE', #3899, #2875 ) REPRESENTATION_RELATIONSHIP_WITH_TRANSFORMATION ( #1727 )SHAPE_REPRESENTATION_RELATIONSHIP( ) );
#2797 = DIRECTION ( 'NONE',  ( 0.000000000000000000, 0.000000000000000000, 1.000000000000000000 ) ) ;
#2798 = DIRECTION ( 'NONE',  ( -0.7071067811865479058, 0.7071067811865472397, 0.000000000000000000 ) ) ;
#2799 = DIRECTION ( 'NONE',  ( 0.5773502691896262862, 0.5773502691896231775, -0.5773502691896279515 ) ) ;
#2800 = ADVANCED_FACE ( 'NONE', ( #2678 ), #1650, .F. ) ;
#2801 = AXIS2_PLACEMENT_3D ( 'NONE', #1265, #2594, #1245 ) ;
#2802 = DIRECTION ( 'NONE',  ( 1.000000000000000000, 0.000000000000000000, 0.000000000000000000 ) ) ;
#2803 = VECTOR ( 'NONE', #2913, 1000.000000000000000 ) ;
#2804 = DIRECTION ( 'NONE',  ( 1.000000000000000000, 0.000000000000000000, 0.000000000000000000 ) ) ;
#2805 = LINE ( 'NONE', #3148, #4250 ) ;
#2806 = FACE_OUTER_BOUND ( 'NONE', #1512, .T. ) ;
#2807 = CONTEXT_DEPENDENT_SHAPE_REPRESENTATION ( #3918, #3502 ) ;
#2808 = DIRECTION ( 'NONE',  ( -1.165734175856414367E-15, 0.7071067811865455743, 0.7071067811865493491 ) ) ;
#2809 = ORIENTED_EDGE ( 'NONE', *, *, #4245, .F. ) ;
#2810 = CONTEXT_DEPENDENT_SHAPE_REPRESENTATION ( #135, #1183 ) ;
#2811 = EDGE_LOOP ( 'NONE', ( #859, #2609, #2733, #271 ) ) ;
#2812 = VERTEX_POINT ( 'NONE', #2401 ) ;
#2813 = DIRECTION ( 'NONE',  ( -3.491481338843133750E-15, 1.000000000000000000, 5.234991178337752214E-16 ) ) ;
#2814 = DIRECTION ( 'NONE',  ( 1.000000000000000000, 0.000000000000000000, 0.000000000000000000 ) ) ;
#2815 = PLANE ( 'NONE',  #180 ) ;
#2816 = CARTESIAN_POINT ( 'NONE',  ( 6.000000000000023981, 5.999999999999996447, 2.485281374238538454 ) ) ;
#2817 = DIRECTION ( 'NONE',  ( -0.7071067811865493491, 0.7071067811865456854, -2.467798507769592779E-16 ) ) ;
#2818 =( REPRESENTATION_RELATIONSHIP ('NONE','NONE', #3899, #2875 ) REPRESENTATION_RELATIONSHIP_WITH_TRANSFORMATION ( #756 )SHAPE_REPRESENTATION_RELATIONSHIP( ) );
#2819 = ADVANCED_FACE ( 'NONE', ( #344 ), #1716, .F. ) ;
#2820 = AXIS2_PLACEMENT_3D ( 'NONE', #3707, #1597, #3011 ) ;
#2821 = DIRECTION ( 'NONE',  ( 1.000000000000000000, 0.000000000000000000, 0.000000000000000000 ) ) ;
#2822 = LINE ( 'NONE', #3577, #3018 ) ;
#2823 = DIRECTION ( 'NONE',  ( 1.000000000000000000, 0.000000000000000000, 0.000000000000000000 ) ) ;
#2824 = PLANE ( 'NONE',  #174 ) ;
#2825 = CARTESIAN_POINT ( 'NONE',  ( -1.574011537017762530, 3.799999999999998934, -6.000000000000007994 ) ) ;
#2826 = ITEM_DEFINED_TRANSFORMATION ( 'NONE', 'NONE', #2378,  #3602 ) ;
#2827 = CARTESIAN_POINT ( 'NONE',  ( 1.574011537017782292, -6.000000000000023981, -3.800000000000006484 ) ) ;
#2828 = EDGE_LOOP ( 'NONE', ( #2832, #3517, #1152, #3389 ) ) ;
#2829 = CONTEXT_DEPENDENT_SHAPE_REPRESENTATION ( #597, #2936 ) ;
#2830 = PRODUCT_DEFINITION_SHAPE ( 'NONE', 'NONE',  #4448 ) ;
#2831 = VERTEX_POINT ( 'NONE', #2765 ) ;
#2832 = ORIENTED_EDGE ( 'NONE', *, *, #3214, .T. ) ;
#2833 = LINE ( 'NONE', #1711, #1451 ) ;
#2834 =( REPRESENTATION_RELATIONSHIP ('NONE','NONE', #3899, #2875 ) REPRESENTATION_RELATIONSHIP_WITH_TRANSFORMATION ( #2459 )SHAPE_REPRESENTATION_RELATIONSHIP( ) );
#2835 = ADVANCED_FACE ( 'NONE', ( #3042 ), #1302, .F. ) ;
#2836 = DIRECTION ( 'NONE',  ( -0.7071067811865474617, 0.000000000000000000, -0.7071067811865474617 ) ) ;
#2837 = VECTOR ( 'NONE', #3752, 1000.000000000000000 ) ;
#2838 = DIRECTION ( 'NONE',  ( 9.436895709313828621E-16, -0.7071067811865454633, 0.7071067811865496822 ) ) ;
#2839 = CARTESIAN_POINT ( 'NONE',  ( -2.485281374238591745, 6.000000000000000888, -5.999999999999988454 ) ) ;
#2840 = CONTEXT_DEPENDENT_SHAPE_REPRESENTATION ( #3364, #3261 ) ;
#2841 = CARTESIAN_POINT ( 'NONE',  ( 1276.826600409047614, 700.7814939935515213, 931.5428517890160265 ) ) ;
#2842 =( REPRESENTATION_RELATIONSHIP ('NONE','NONE', #3899, #2875 ) REPRESENTATION_RELATIONSHIP_WITH_TRANSFORMATION ( #2108 )SHAPE_REPRESENTATION_RELATIONSHIP( ) );
#2843 = DIRECTION ( 'NONE',  ( 0.000000000000000000, -0.7071067811865475727, 0.7071067811865475727 ) ) ;
#2844 = CONTEXT_DEPENDENT_SHAPE_REPRESENTATION ( #3871, #1832 ) ;
#2845 = CARTESIAN_POINT ( 'NONE',  ( 1312.826600409047614, 640.7814939935514076, 895.5428517890160265 ) ) ;
#2846 = AXIS2_PLACEMENT_3D ( 'NONE', #3082, #1171, #3764 ) ;
#2847 = DIRECTION ( 'NONE',  ( 0.000000000000000000, -0.7071067811865474617, -0.7071067811865474617 ) ) ;
#2848 = CARTESIAN_POINT ( 'NONE',  ( -3.799999999999999378, 1.574011537017761198, 5.999999999999998224 ) ) ;
#2849 = DIRECTION ( 'NONE',  ( -0.000000000000000000, -0.000000000000000000, 1.000000000000000000 ) ) ;
#2850 = PRODUCT_DEFINITION_SHAPE ( 'NONE', 'NONE',  #4487 ) ;
#2851 = ORIENTED_EDGE ( 'NONE', *, *, #4154, .T. ) ;
#2852 = CONTEXT_DEPENDENT_SHAPE_REPRESENTATION ( #4258, #3959 ) ;
#2853 = ORIENTED_EDGE ( 'NONE', *, *, #1706, .T. ) ;
#2854 = VERTEX_POINT ( 'NONE', #67 ) ;
#2855 = DIRECTION ( 'NONE',  ( 0.000000000000000000, 1.000000000000000000, 5.234991178337752214E-16 ) ) ;
#2856 = EDGE_CURVE ( 'NONE', #3128, #4175, #2496, .T. ) ;
#2857 = EDGE_LOOP ( 'NONE', ( #4079, #3697, #1318, #382 ) ) ;
#2858 = EDGE_CURVE ( 'NONE', #3382, #1688, #817, .T. ) ;
#2859 = ORIENTED_EDGE ( 'NONE', *, *, #250, .F. ) ;
#2860 = CARTESIAN_POINT ( 'NONE',  ( -6.000000000000000000, 3.800000000000003819, -1.574011537017762308 ) ) ;
#2861 =( REPRESENTATION_RELATIONSHIP ('NONE','NONE', #3899, #2875 ) REPRESENTATION_RELATIONSHIP_WITH_TRANSFORMATION ( #165 )SHAPE_REPRESENTATION_RELATIONSHIP( ) );
#2862 = DIRECTION ( 'NONE',  ( -0.7071067811865479058, 0.7071067811865472397, 3.701697761654378076E-16 ) ) ;
#2863 = FACE_OUTER_BOUND ( 'NONE', #3125, .T. ) ;
#2864 = FACE_OUTER_BOUND ( 'NONE', #3403, .T. ) ;
#2865 = EDGE_CURVE ( 'NONE', #1150, #2392, #914, .T. ) ;
#2866 = DIRECTION ( 'NONE',  ( 1.000000000000000000, 0.000000000000000000, 0.000000000000000000 ) ) ;
#2867 = FACE_OUTER_BOUND ( 'NONE', #239, .T. ) ;
#2868 = VECTOR ( 'NONE', #1071, 999.9999999999998863 ) ;
#2869 = AXIS2_PLACEMENT_3D ( 'NONE', #1514, #1169, #2568 ) ;
#2870 = CARTESIAN_POINT ( 'NONE',  ( 1336.826600409047614, 688.7814939935515213, 931.5428517890160265 ) ) ;
#2871 = CONTEXT_DEPENDENT_SHAPE_REPRESENTATION ( #3700, #2554 ) ;
#2872 = CARTESIAN_POINT ( 'NONE',  ( 1312.826600409047614, 676.7814939935515213, 931.5428517890160265 ) ) ;
#2873 = CARTESIAN_POINT ( 'NONE',  ( 1.574011537017762086, 3.800000000000000266, 6.000000000000000000 ) ) ;
#2874 = CARTESIAN_POINT ( 'NONE',  ( -1.574011537017759421, -3.800000000000001155, -6.000000000000007994 ) ) ;
#2875 = SHAPE_REPRESENTATION ( 'Part2_Part2', ( #3602 ), #2220 ) ;
#2876 = ADVANCED_FACE ( 'NONE', ( #3191 ), #3890, .F. ) ;
#2877 = STYLED_ITEM ( 'NONE', ( #634 ), #2665 ) ;
#2878 = ORIENTED_EDGE ( 'NONE', *, *, #1839, .F. ) ;
#2879 = EDGE_CURVE ( 'NONE', #812, #108, #2159, .T. ) ;
#2880 = VERTEX_POINT ( 'NONE', #87 ) ;
#2881 =( REPRESENTATION_RELATIONSHIP ('NONE','NONE', #3899, #2875 ) REPRESENTATION_RELATIONSHIP_WITH_TRANSFORMATION ( #2647 )SHAPE_REPRESENTATION_RELATIONSHIP( ) );
#2882 = ORIENTED_EDGE ( 'NONE', *, *, #770, .T. ) ;
#2883 = VECTOR ( 'NONE', #3866, 1000.000000000000114 ) ;
#2884 = FACE_OUTER_BOUND ( 'NONE', #1163, .T. ) ;
#2885 = ORIENTED_EDGE ( 'NONE', *, *, #406, .F. ) ;
#2886 = AXIS2_PLACEMENT_3D ( 'NONE', #232, #3641, #510 ) ;
#2887 = EDGE_LOOP ( 'NONE', ( #2885, #732, #3782, #2931 ) ) ;
#2888 = ORIENTED_EDGE ( 'NONE', *, *, #1348, .T. ) ;
#2889 = CARTESIAN_POINT ( 'NONE',  ( -5.570423279073609457, 3.344434816091356399, -5.570423279073614786 ) ) ;
#2890 = DIRECTION ( 'NONE',  ( -0.000000000000000000, -0.000000000000000000, 1.000000000000000000 ) ) ;
#2891 = PRODUCT_DEFINITION_SHAPE ( 'NONE', 'NONE',  #4287 ) ;
#2892 = ITEM_DEFINED_TRANSFORMATION ( 'NONE', 'NONE', #3671,  #3602 ) ;
#2893 = PRODUCT_DEFINITION_SHAPE ( 'NONE', 'NONE',  #4472 ) ;
#2894 = CARTESIAN_POINT ( 'NONE',  ( 1288.826600409047614, 664.7814939935515213, 907.5428517890160265 ) ) ;
#2895 = DIRECTION ( 'NONE',  ( -0.5773502691896262862, 0.5773502691896230665, -0.5773502691896279515 ) ) ;
#2896 = AXIS2_PLACEMENT_3D ( 'NONE', #3948, #825, #1550 ) ;
#2897 = ITEM_DEFINED_TRANSFORMATION ( 'NONE', 'NONE', #1754,  #3602 ) ;
#2898 = DIRECTION ( 'NONE',  ( 1.000000000000000000, 0.000000000000000000, 0.000000000000000000 ) ) ;
#2899 = CARTESIAN_POINT ( 'NONE',  ( 1312.826600409047614, 700.7814939935515213, 883.5428517890160265 ) ) ;
#2900 = FACE_OUTER_BOUND ( 'NONE', #1009, .T. ) ;
#2901 = CARTESIAN_POINT ( 'NONE',  ( -1.574011537017782514, 6.000000000000000000, -3.800000000000001155 ) ) ;
#2902 = ITEM_DEFINED_TRANSFORMATION ( 'NONE', 'NONE', #2086,  #3602 ) ;
#2903 = CONTEXT_DEPENDENT_SHAPE_REPRESENTATION ( #3660, #3938 ) ;
#2904 = EDGE_LOOP ( 'NONE', ( #460, #1810, #1602, #427 ) ) ;
#2905 = CARTESIAN_POINT ( 'NONE',  ( 4.457429047582511572, 5.570423279073592582, 4.457429047582474269 ) ) ;
#2906 = VERTEX_POINT ( 'NONE', #1133 ) ;
#2907 =( REPRESENTATION_RELATIONSHIP ('NONE','NONE', #3899, #2875 ) REPRESENTATION_RELATIONSHIP_WITH_TRANSFORMATION ( #2208 )SHAPE_REPRESENTATION_RELATIONSHIP( ) );
#2908 = ORIENTED_EDGE ( 'NONE', *, *, #2213, .T. ) ;
#2909 = ORIENTED_EDGE ( 'NONE', *, *, #2341, .F. ) ;
#2910 = CARTESIAN_POINT ( 'NONE',  ( -3.800000000000018474, -1.574011537017744100, 3.800000000000003819 ) ) ;
#2911 = VECTOR ( 'NONE', #2344, 1000.000000000000000 ) ;
#2912 = DIRECTION ( 'NONE',  ( 0.000000000000000000, 0.000000000000000000, 1.000000000000000000 ) ) ;
#2913 = DIRECTION ( 'NONE',  ( 0.7071067811865474617, 0.7071067811865476838, 3.073717562189439093E-15 ) ) ;
#2914 = CARTESIAN_POINT ( 'NONE',  ( 3.800000000000001155, 1.574011537017763640, -6.000000000000007994 ) ) ;
#2915 = DIRECTION ( 'NONE',  ( 0.000000000000000000, 0.000000000000000000, 1.000000000000000000 ) ) ;
#2916 = EDGE_CURVE ( 'NONE', #2520, #1029, #2523, .T. ) ;
#2917 = DIRECTION ( 'NONE',  ( 0.000000000000000000, 0.000000000000000000, 1.000000000000000000 ) ) ;
#2918 = PRODUCT_DEFINITION_SHAPE ( 'NONE', 'NONE',  #4403 ) ;
#2919 = DIRECTION ( 'NONE',  ( 0.000000000000000000, -1.000000000000000000, -1.744997059445918884E-16 ) ) ;
#2920 = DIRECTION ( 'NONE',  ( 0.000000000000000000, -0.4472135954999554852, 0.8944271909999170767 ) ) ;
#2921 = EDGE_CURVE ( 'NONE', #4106, #2490, #3135, .T. ) ;
#2922 = ITEM_DEFINED_TRANSFORMATION ( 'NONE', 'NONE', #4123,  #3602 ) ;
#2923 =( REPRESENTATION_RELATIONSHIP ('NONE','NONE', #3899, #2875 ) REPRESENTATION_RELATIONSHIP_WITH_TRANSFORMATION ( #1190 )SHAPE_REPRESENTATION_RELATIONSHIP( ) );
#2924 = AXIS2_PLACEMENT_3D ( 'NONE', #1589, #1964, #1942 ) ;
#2925 = EDGE_CURVE ( 'NONE', #2541, #2687, #3355, .T. ) ;
#2926 = PRODUCT_DEFINITION_SHAPE ( 'NONE', 'NONE',  #4325 ) ;
#2927 = CARTESIAN_POINT ( 'NONE',  ( -1.574011537017784068, 5.999999999999996447, 3.800000000000006484 ) ) ;
#2928 = AXIS2_PLACEMENT_3D ( 'NONE', #319, #397, #658 ) ;
#2929 = ORIENTED_EDGE ( 'NONE', *, *, #3158, .T. ) ;
#2930 = ORIENTED_EDGE ( 'NONE', *, *, #4076, .F. ) ;
#2931 = ORIENTED_EDGE ( 'NONE', *, *, #2107, .F. ) ;
#2932 = DIRECTION ( 'NONE',  ( 0.7071067811865475727, 2.839019907247703891E-15, -0.7071067811865475727 ) ) ;
#2933 =( REPRESENTATION_RELATIONSHIP ('NONE','NONE', #3899, #2875 ) REPRESENTATION_RELATIONSHIP_WITH_TRANSFORMATION ( #1248 )SHAPE_REPRESENTATION_RELATIONSHIP( ) );
#2934 = EDGE_CURVE ( 'NONE', #3053, #482, #3499, .T. ) ;
#2935 = VECTOR ( 'NONE', #448, 1000.000000000000000 ) ;
#2936 = PRODUCT_DEFINITION_SHAPE ( 'NONE', 'NONE',  #4456 ) ;
#2937 = CARTESIAN_POINT ( 'NONE',  ( 1288.826600409047614, 652.7814939935514076, 907.5428517890160265 ) ) ;
#2938 = FACE_OUTER_BOUND ( 'NONE', #3716, .T. ) ;
#2939 = CARTESIAN_POINT ( 'NONE',  ( 6.741996154327454249, 6.741996154327425828, 4.516007691345212294 ) ) ;
#2940 = AXIS2_PLACEMENT_3D ( 'NONE', #1723, #4192, #2013 ) ;
#2941 = DIRECTION ( 'NONE',  ( 1.000000000000000000, 0.000000000000000000, 0.000000000000000000 ) ) ;
#2942 = VECTOR ( 'NONE', #4129, 1000.000000000000000 ) ;
#2943 = DIRECTION ( 'NONE',  ( 0.000000000000000000, 1.000000000000000000, 6.888146287286515500E-16 ) ) ;
#2944 = DIRECTION ( 'NONE',  ( -0.7071067811865532349, 0.7071067811865417996, 0.000000000000000000 ) ) ;
#2945 = EDGE_CURVE ( 'NONE', #2687, #3765, #799, .T. ) ;
#2946 = AXIS2_PLACEMENT_3D ( 'NONE', #3688, #3412, #1947 ) ;
#2947 = CARTESIAN_POINT ( 'NONE',  ( 1324.826600409047614, 688.7814939935515213, 907.5428517890160265 ) ) ;
#2948 = CONTEXT_DEPENDENT_SHAPE_REPRESENTATION ( #266, #949 ) ;
#2949 = APPLICATION_CONTEXT ( 'automotive_design' ) ;
#2950 = LINE ( 'NONE', #3252, #1710 ) ;
#2951 = ORIENTED_EDGE ( 'NONE', *, *, #3629, .F. ) ;
#2952 = VECTOR ( 'NONE', #2718, 1000.000000000000114 ) ;
#2953 = ORIENTED_EDGE ( 'NONE', *, *, #543, .F. ) ;
#2954 = EDGE_LOOP ( 'NONE', ( #2993, #3746, #245, #3928 ) ) ;
#2955 = CARTESIAN_POINT ( 'NONE',  ( -6.741996154327459578, -4.516007691345200747, 6.741996154327467572 ) ) ;
#2956 = CARTESIAN_POINT ( 'NONE',  ( 1300.826600409047614, 664.7814939935515213, 871.5428517890160265 ) ) ;
#2957 = PRODUCT_DEFINITION_SHAPE ( 'NONE', 'NONE',  #4419 ) ;
#2958 = VECTOR ( 'NONE', #4061, 1000.000000000000000 ) ;
#2959 = ITEM_DEFINED_TRANSFORMATION ( 'NONE', 'NONE', #1674,  #3602 ) ;
#2960 = DIRECTION ( 'NONE',  ( 1.000000000000000000, 0.000000000000000000, 0.000000000000000000 ) ) ;
#2961 = EDGE_CURVE ( 'NONE', #381, #1258, #439, .T. ) ;
#2962 = DIRECTION ( 'NONE',  ( 0.7071067811865479058, 2.467798507769586863E-16, -0.7071067811865472397 ) ) ;
#2963 = CARTESIAN_POINT ( 'NONE',  ( 1.574011537017762308, -3.800000000000000266, -6.000000000000007994 ) ) ;
#2964 = PRODUCT_DEFINITION_SHAPE ( 'NONE', 'NONE',  #4316 ) ;
#2965 = DIRECTION ( 'NONE',  ( 1.000000000000000000, 0.000000000000000000, 0.000000000000000000 ) ) ;
#2966 = AXIS2_PLACEMENT_3D ( 'NONE', #1138, #490, #2187 ) ;
#2967 = DIRECTION ( 'NONE',  ( 0.000000000000000000, -1.000000000000000000, -5.234991178337752214E-16 ) ) ;
#2968 = PLANE ( 'NONE',  #3243 ) ;
#2969 =( REPRESENTATION_RELATIONSHIP ('NONE','NONE', #3899, #2875 ) REPRESENTATION_RELATIONSHIP_WITH_TRANSFORMATION ( #1730 )SHAPE_REPRESENTATION_RELATIONSHIP( ) );
#2970 = CARTESIAN_POINT ( 'NONE',  ( -6.000000000000065725, 1.574011537017763640, -3.800000000000002931 ) ) ;
#2971 = DIRECTION ( 'NONE',  ( 0.000000000000000000, 0.000000000000000000, 1.000000000000000000 ) ) ;
#2972 = ITEM_DEFINED_TRANSFORMATION ( 'NONE', 'NONE', #1882,  #3602 ) ;
#2973 = CARTESIAN_POINT ( 'NONE',  ( 6.000000000000000000, 5.999999999999998224, 2.485281374238572205 ) ) ;
#2974 = EDGE_LOOP ( 'NONE', ( #1340, #176, #1235, #1387 ) ) ;
#2975 = PRODUCT_RELATED_PRODUCT_CATEGORY ( 'part', '', ( #3184 ) ) ;
#2976 = PRODUCT_DEFINITION_SHAPE ( 'NONE', 'NONE',  #4431 ) ;
#2977 = ORIENTED_EDGE ( 'NONE', *, *, #2599, .F. ) ;
#2978 = EDGE_LOOP ( 'NONE', ( #3404, #1006, #3127, #75 ) ) ;
#2979 = PLANE ( 'NONE',  #1932 ) ;
#2980 = EDGE_CURVE ( 'NONE', #3567, #1076, #1816, .T. ) ;
#2981 = DIRECTION ( 'NONE',  ( 1.000000000000000000, 0.000000000000000000, 0.000000000000000000 ) ) ;
#2982 = CARTESIAN_POINT ( 'NONE',  ( 3.800000000000015365, -3.799999999999979394, -1.574011537017786733 ) ) ;
#2983 = CARTESIAN_POINT ( 'NONE',  ( 1.574011537017782514, -6.000000000000027534, 3.799999999999999822 ) ) ;
#2984 = CARTESIAN_POINT ( 'NONE',  ( 1312.826600409047614, 664.7814939935515213, 871.5428517890160265 ) ) ;
#2985 = LINE ( 'NONE', #262, #2104 ) ;
#2986 = DIRECTION ( 'NONE',  ( -1.000000000000000000, 0.000000000000000000, 2.966495001058055841E-15 ) ) ;
#2987 = AXIS2_PLACEMENT_3D ( 'NONE', #3998, #2540, #130 ) ;
#2988 = DIRECTION ( 'NONE',  ( 1.000000000000000000, 0.000000000000000000, 0.000000000000000000 ) ) ;
#2989 = CONTEXT_DEPENDENT_SHAPE_REPRESENTATION ( #3784, #1445 ) ;
#2990 = DIRECTION ( 'NONE',  ( 0.4082482904638629062, -0.4082482904638662369, 0.8164965809277244801 ) ) ;
#2991 =( REPRESENTATION_RELATIONSHIP ('NONE','NONE', #3899, #2875 ) REPRESENTATION_RELATIONSHIP_WITH_TRANSFORMATION ( #507 )SHAPE_REPRESENTATION_RELATIONSHIP( ) );
#2992 = PRODUCT_DEFINITION_SHAPE ( 'NONE', 'NONE',  #4368 ) ;
#2993 = ORIENTED_EDGE ( 'NONE', *, *, #2778, .T. ) ;
#2994 = AXIS2_PLACEMENT_3D ( 'NONE', #2635, #2613, #3006 ) ;
#2995 = DIRECTION ( 'NONE',  ( 0.000000000000000000, -0.7071067811865472397, -0.7071067811865479058 ) ) ;
#2996 = ORIENTED_EDGE ( 'NONE', *, *, #856, .F. ) ;
#2997 = AXIS2_PLACEMENT_3D ( 'NONE', #486, #1870, #3263 ) ;
#2998 = EDGE_CURVE ( 'NONE', #2330, #451, #3916, .T. ) ;
#2999 = EDGE_CURVE ( 'NONE', #1384, #3321, #3212, .T. ) ;
#3000 = PRODUCT_DEFINITION_SHAPE ( 'NONE', 'NONE',  #4350 ) ;
#3001 = DIRECTION ( 'NONE',  ( 1.000000000000000000, 0.000000000000000000, 0.000000000000000000 ) ) ;
#3002 = CARTESIAN_POINT ( 'NONE',  ( 6.000000000000000000, 2.687005768508884174, -2.687005768508882397 ) ) ;
#3003 = CARTESIAN_POINT ( 'NONE',  ( -5.570423279073611234, -3.344434816091358176, 5.570423279073614786 ) ) ;
#3004 = CONTEXT_DEPENDENT_SHAPE_REPRESENTATION ( #2689, #1501 ) ;
#3005 = CARTESIAN_POINT ( 'NONE',  ( 1336.826600409047614, 676.7814939935515213, 871.5428517890160265 ) ) ;
#3006 = DIRECTION ( 'NONE',  ( 1.000000000000000000, 0.000000000000000000, 0.000000000000000000 ) ) ;
#3007 = LINE ( 'NONE', #537, #1601 ) ;
#3008 =( REPRESENTATION_RELATIONSHIP ('NONE','NONE', #3899, #2875 ) REPRESENTATION_RELATIONSHIP_WITH_TRANSFORMATION ( #2596 )SHAPE_REPRESENTATION_RELATIONSHIP( ) );
#3009 = CARTESIAN_POINT ( 'NONE',  ( 0.000000000000000000, 0.000000000000000000, 0.000000000000000000 ) ) ;
#3010 =( REPRESENTATION_RELATIONSHIP ('NONE','NONE', #3899, #2875 ) REPRESENTATION_RELATIONSHIP_WITH_TRANSFORMATION ( #2897 )SHAPE_REPRESENTATION_RELATIONSHIP( ) );
#3011 = DIRECTION ( 'NONE',  ( 1.000000000000000000, 0.000000000000000000, 0.000000000000000000 ) ) ;
#3012 = CONTEXT_DEPENDENT_SHAPE_REPRESENTATION ( #4229, #1467 ) ;
#3013 = DIRECTION ( 'NONE',  ( -0.7071067811865483499, 1.744997059445915432E-16, -0.7071067811865467956 ) ) ;
#3014 = EDGE_CURVE ( 'NONE', #2906, #631, #1766, .T. ) ;
#3015 = ADVANCED_FACE ( 'NONE', ( #2864, #2448 ), #3167, .T. ) ;
#3016 = ORIENTED_EDGE ( 'NONE', *, *, #669, .T. ) ;
#3017 = ORIENTED_EDGE ( 'NONE', *, *, #3856, .T. ) ;
#3018 = VECTOR ( 'NONE', #2110, 1000.000000000000000 ) ;
#3019 = VECTOR ( 'NONE', #2132, 999.9999999999998863 ) ;
#3020 = CARTESIAN_POINT ( 'NONE',  ( 1300.826600409047614, 640.7814939935514076, 907.5428517890160265 ) ) ;
#3021 = ORIENTED_EDGE ( 'NONE', *, *, #2999, .T. ) ;
#3022 = DIRECTION ( 'NONE',  ( 1.000000000000000000, -0.000000000000000000, -0.000000000000000000 ) ) ;
#3023 = DIRECTION ( 'NONE',  ( -0.7071067811865475727, 0.000000000000000000, 0.7071067811865474617 ) ) ;
#3024 = ITEM_DEFINED_TRANSFORMATION ( 'NONE', 'NONE', #1694,  #3602 ) ;
#3025 = DIRECTION ( 'NONE',  ( 0.000000000000000000, 0.000000000000000000, 1.000000000000000000 ) ) ;
#3026 = PRODUCT_DEFINITION_SHAPE ( 'NONE', 'NONE',  #4366 ) ;
#3027 = VECTOR ( 'NONE', #1599, 1000.000000000000000 ) ;
#3028 = CARTESIAN_POINT ( 'NONE',  ( -2.485281374238517582, 5.999999999999997335, 6.000000000000024869 ) ) ;
#3029 = DIRECTION ( 'NONE',  ( 1.000000000000000000, 0.000000000000000000, 0.000000000000000000 ) ) ;
#3030 = CARTESIAN_POINT ( 'NONE',  ( 1324.826600409047614, 676.7814939935515213, 883.5428517890160265 ) ) ;
#3031 = CONTEXT_DEPENDENT_SHAPE_REPRESENTATION ( #88, #1903 ) ;
#3032 = PRODUCT_DEFINITION_SHAPE ( 'NONE', 'NONE',  #4343 ) ;
#3033 = CONTEXT_DEPENDENT_SHAPE_REPRESENTATION ( #1848, #2770 ) ;
#3034 = FACE_OUTER_BOUND ( 'NONE', #627, .T. ) ;
#3035 = AXIS2_PLACEMENT_3D ( 'NONE', #2367, #302, #1743 ) ;
#3036 = ORIENTED_EDGE ( 'NONE', *, *, #3467, .T. ) ;
#3037 = VERTEX_POINT ( 'NONE', #3573 ) ;
#3038 = CONTEXT_DEPENDENT_SHAPE_REPRESENTATION ( #2034, #2340 ) ;
#3039 = DIRECTION ( 'NONE',  ( 1.000000000000000000, 0.000000000000000000, 0.000000000000000000 ) ) ;
#3040 = ORIENTED_EDGE ( 'NONE', *, *, #1595, .F. ) ;
#3041 = LINE ( 'NONE', #1539, #2297 ) ;
#3042 = FACE_OUTER_BOUND ( 'NONE', #3465, .T. ) ;
#3043 =( REPRESENTATION_RELATIONSHIP ('NONE','NONE', #3899, #2875 ) REPRESENTATION_RELATIONSHIP_WITH_TRANSFORMATION ( #430 )SHAPE_REPRESENTATION_RELATIONSHIP( ) );
#3044 = DIRECTION ( 'NONE',  ( 1.000000000000000000, 0.000000000000000000, 0.000000000000000000 ) ) ;
#3045 = DIRECTION ( 'NONE',  ( 0.4472135954999598706, 0.8944271909999148562, 0.000000000000000000 ) ) ;
#3046 = ADVANCED_FACE ( 'NONE', ( #366 ), #464, .T. ) ;
#3047 = DIRECTION ( 'NONE',  ( 1.000000000000000000, 0.000000000000000000, 0.000000000000000000 ) ) ;
#3048 = ITEM_DEFINED_TRANSFORMATION ( 'NONE', 'NONE', #3650,  #3602 ) ;
#3049 = VECTOR ( 'NONE', #2943, 1000.000000000000000 ) ;
#3050 = DIRECTION ( 'NONE',  ( -0.7071067811865444641, -1.744997059445915186E-16, 0.7071067811865505703 ) ) ;
#3051 = ITEM_DEFINED_TRANSFORMATION ( 'NONE', 'NONE', #3035,  #3602 ) ;
#3052 = CARTESIAN_POINT ( 'NONE',  ( -6.000000000000065725, 1.574011537017761642, 3.800000000000004263 ) ) ;
#3053 = VERTEX_POINT ( 'NONE', #3238 ) ;
#3054 = ORIENTED_EDGE ( 'NONE', *, *, #107, .T. ) ;
#3055 = PRODUCT_DEFINITION_SHAPE ( 'NONE', 'NONE',  #4425 ) ;
#3056 = AXIS2_PLACEMENT_3D ( 'NONE', #2004, #587, #3722 ) ;
#3057 = PRODUCT_DEFINITION_SHAPE ( 'NONE', 'NONE',  #4289 ) ;
#3058 = DIRECTION ( 'NONE',  ( 0.000000000000000000, 0.000000000000000000, 1.000000000000000000 ) ) ;
#3059 = ORIENTED_EDGE ( 'NONE', *, *, #3390, .T. ) ;
#3060 = CARTESIAN_POINT ( 'NONE',  ( 2.485281374238594854, -5.999999999999990230, -6.000000000000000888 ) ) ;
#3061 = LINE ( 'NONE', #2025, #118 ) ;
#3062 = EDGE_CURVE ( 'NONE', #3037, #1003, #115, .T. ) ;
#3063 = ADVANCED_FACE ( 'NONE', ( #20 ), #391, .F. ) ;
#3064 = ITEM_DEFINED_TRANSFORMATION ( 'NONE', 'NONE', #2290,  #3602 ) ;
#3065 = PRODUCT_DEFINITION_SHAPE ( 'NONE', 'NONE',  #4344 ) ;
#3066 = CARTESIAN_POINT ( 'NONE',  ( 1276.826600409047614, 676.7814939935515213, 883.5428517890160265 ) ) ;
#3067 = LINE ( 'NONE', #3396, #2837 ) ;
#3068 = DIRECTION ( 'NONE',  ( 1.000000000000000000, 0.000000000000000000, 0.000000000000000000 ) ) ;
#3069 =( REPRESENTATION_RELATIONSHIP ('NONE','NONE', #3899, #2875 ) REPRESENTATION_RELATIONSHIP_WITH_TRANSFORMATION ( #4188 )SHAPE_REPRESENTATION_RELATIONSHIP( ) );
#3070 = DIRECTION ( 'NONE',  ( 1.000000000000000000, 0.000000000000000000, 0.000000000000000000 ) ) ;
#3071 = ITEM_DEFINED_TRANSFORMATION ( 'NONE', 'NONE', #3505,  #3602 ) ;
#3072 = DIRECTION ( 'NONE',  ( -0.7071067811865474617, -0.7071067811865476838, 0.000000000000000000 ) ) ;
#3073 = CONTEXT_DEPENDENT_SHAPE_REPRESENTATION ( #2739, #92 ) ;
#3074 = CARTESIAN_POINT ( 'NONE',  ( 6.000000000000000000, 3.800000000000003819, 5.234991178337758130E-16 ) ) ;
#3075 = DIRECTION ( 'NONE',  ( 0.000000000000000000, 0.000000000000000000, -1.000000000000000000 ) ) ;
#3076 = ORIENTED_EDGE ( 'NONE', *, *, #1642, .T. ) ;
#3077 = PRODUCT_DEFINITION_SHAPE ( 'NONE', 'NONE',  #4428 ) ;
#3078 = ORIENTED_EDGE ( 'NONE', *, *, #1651, .T. ) ;
#3079 = AXIS2_PLACEMENT_3D ( 'NONE', #4057, #936, #1767 ) ;
#3080 = VECTOR ( 'NONE', #3462, 1000.000000000000000 ) ;
#3081 = AXIS2_PLACEMENT_3D ( 'NONE', #3817, #1, #417 ) ;
#3082 = CARTESIAN_POINT ( 'NONE',  ( 1300.826600409047614, 664.7814939935515213, 895.5428517890160265 ) ) ;
#3083 = FACE_OUTER_BOUND ( 'NONE', #3201, .T. ) ;
#3084 = CARTESIAN_POINT ( 'NONE',  ( 1.574011537017762308, -3.800000000000000266, -6.000000000000007994 ) ) ;
#3085 = LINE ( 'NONE', #2697, #1938 ) ;
#3086 = AXIS2_PLACEMENT_3D ( 'NONE', #278, #1629, #295 ) ;
#3087 =( REPRESENTATION_RELATIONSHIP ('NONE','NONE', #3899, #2875 ) REPRESENTATION_RELATIONSHIP_WITH_TRANSFORMATION ( #3181 )SHAPE_REPRESENTATION_RELATIONSHIP( ) );
#3088 = ADVANCED_FACE ( 'NONE', ( #484 ), #1867, .F. ) ;
#3089 = CARTESIAN_POINT ( 'NONE',  ( 1276.826600409047614, 688.7814939935515213, 883.5428517890160265 ) ) ;
#3090 = AXIS2_PLACEMENT_3D ( 'NONE', #4007, #3601, #1871 ) ;
#3091 = CARTESIAN_POINT ( 'NONE',  ( -1.574011537017742768, -6.000000000000038192, 3.800000000000000266 ) ) ;
#3092 = CARTESIAN_POINT ( 'NONE',  ( 1276.826600409047614, 688.7814939935515213, 871.5428517890160265 ) ) ;
#3093 = DIRECTION ( 'NONE',  ( 0.000000000000000000, 0.000000000000000000, 1.000000000000000000 ) ) ;
#3094 = VECTOR ( 'NONE', #2460, 1000.000000000000000 ) ;
#3095 = DIRECTION ( 'NONE',  ( 1.000000000000000000, 0.000000000000000000, 0.000000000000000000 ) ) ;
#3096 = LINE ( 'NONE', #3800, #2504 ) ;
#3097 = ITEM_DEFINED_TRANSFORMATION ( 'NONE', 'NONE', #1645,  #3602 ) ;
#3098 = CARTESIAN_POINT ( 'NONE',  ( -6.000000000000000000, -3.800000000000002043, 1.574011537017764084 ) ) ;
#3099 = VECTOR ( 'NONE', #2130, 1000.000000000000000 ) ;
#3100 = VERTEX_POINT ( 'NONE', #1820 ) ;
#3101 = ITEM_DEFINED_TRANSFORMATION ( 'NONE', 'NONE', #3105,  #3602 ) ;
#3102 = EDGE_LOOP ( 'NONE', ( #162, #1127, #922, #112 ) ) ;
#3103 = ORIENTED_EDGE ( 'NONE', *, *, #3681, .F. ) ;
#3104 = LINE ( 'NONE', #106, #2645 ) ;
#3105 = AXIS2_PLACEMENT_3D ( 'NONE', #491, #1897, #2965 ) ;
#3106 =( REPRESENTATION_RELATIONSHIP ('NONE','NONE', #3899, #2875 ) REPRESENTATION_RELATIONSHIP_WITH_TRANSFORMATION ( #2789 )SHAPE_REPRESENTATION_RELATIONSHIP( ) );
#3107 = ADVANCED_FACE ( 'NONE', ( #26, #3842 ), #723, .T. ) ;
#3108 = ORIENTED_EDGE ( 'NONE', *, *, #1722, .F. ) ;
#3109 = CARTESIAN_POINT ( 'NONE',  ( 1300.826600409047614, 688.7814939935515213, 895.5428517890160265 ) ) ;
#3110 = VECTOR ( 'NONE', #2836, 1000.000000000000114 ) ;
#3111 = ORIENTED_EDGE ( 'NONE', *, *, #1787, .T. ) ;
#3112 = FACE_OUTER_BOUND ( 'NONE', #3902, .T. ) ;
#3113 = DIRECTION ( 'NONE',  ( -1.000000000000000000, -3.491481338843133750E-15, -3.857361920880466567E-16 ) ) ;
#3114 = EDGE_CURVE ( 'NONE', #3185, #2330, #2822, .T. ) ;
#3115 = CONTEXT_DEPENDENT_SHAPE_REPRESENTATION ( #4239, #2160 ) ;
#3116 = DIRECTION ( 'NONE',  ( 1.000000000000000000, 0.000000000000000000, 0.000000000000000000 ) ) ;
#3117 = CARTESIAN_POINT ( 'NONE',  ( -6.000000000000000000, -6.000000000000000000, 2.485281374238571317 ) ) ;
#3118 = DIRECTION ( 'NONE',  ( 1.000000000000000000, 0.000000000000000000, 0.000000000000000000 ) ) ;
#3119 = PRODUCT_DEFINITION_SHAPE ( 'NONE', 'NONE',  #4435 ) ;
#3120 = CARTESIAN_POINT ( 'NONE',  ( 1336.826600409047614, 640.7814939935514076, 919.5428517890160265 ) ) ;
#3121 = ITEM_DEFINED_TRANSFORMATION ( 'NONE', 'NONE', #1541,  #3602 ) ;
#3122 = DIRECTION ( 'NONE',  ( 0.000000000000000000, 0.000000000000000000, 1.000000000000000000 ) ) ;
#3123 = DIRECTION ( 'NONE',  ( 1.000000000000000000, -0.000000000000000000, 0.000000000000000000 ) ) ;
#3124 = DIRECTION ( 'NONE',  ( -3.491481338843133750E-15, 1.000000000000000000, 5.234991178337752214E-16 ) ) ;
#3125 = EDGE_LOOP ( 'NONE', ( #983, #3806, #3021, #455 ) ) ;
#3126 = ITEM_DEFINED_TRANSFORMATION ( 'NONE', 'NONE', #238,  #3602 ) ;
#3127 = ORIENTED_EDGE ( 'NONE', *, *, #712, .F. ) ;
#3128 = VERTEX_POINT ( 'NONE', #4191 ) ;
#3129 = DIRECTION ( 'NONE',  ( 0.5773502691896313932, -0.5773502691896240657, -0.5773502691896218453 ) ) ;
#3130 = EDGE_CURVE ( 'NONE', #3723, #1029, #3215, .T. ) ;
#3131 = DIRECTION ( 'NONE',  ( 1.000000000000000000, 0.000000000000000000, 0.000000000000000000 ) ) ;
#3132 = CARTESIAN_POINT ( 'NONE',  ( -6.741996154327452473, 4.516007691345193642, 6.741996154327460467 ) ) ;
#3133 = EDGE_CURVE ( 'NONE', #381, #2178, #2530, .T. ) ;
#3134 = LINE ( 'NONE', #3889, #185 ) ;
#3135 = LINE ( 'NONE', #1396, #4042 ) ;
#3136 =( REPRESENTATION_RELATIONSHIP ('NONE','NONE', #3899, #2875 ) REPRESENTATION_RELATIONSHIP_WITH_TRANSFORMATION ( #2750 )SHAPE_REPRESENTATION_RELATIONSHIP( ) );
#3137 = AXIS2_PLACEMENT_3D ( 'NONE', #2937, #2592, #801 ) ;
#3138 = ORIENTED_EDGE ( 'NONE', *, *, #1633, .T. ) ;
#3139 = ITEM_DEFINED_TRANSFORMATION ( 'NONE', 'NONE', #4253,  #3602 ) ;
#3140 = PRODUCT_DEFINITION_SHAPE ( 'NONE', 'NONE',  #4469 ) ;
#3141 = CARTESIAN_POINT ( 'NONE',  ( 1276.826600409047614, 652.7814939935514076, 919.5428517890160265 ) ) ;
#3142 = DIRECTION ( 'NONE',  ( 0.7071067811865479058, 3.399349888776282999E-16, -0.7071067811865472397 ) ) ;
#3143 = LINE ( 'NONE', #1065, #2724 ) ;
#3144 = AXIS2_PLACEMENT_3D ( 'NONE', #707, #3799, #2823 ) ;
#3145 = DIRECTION ( 'NONE',  ( 0.000000000000000000, 0.000000000000000000, 1.000000000000000000 ) ) ;
#3146 = CONTEXT_DEPENDENT_SHAPE_REPRESENTATION ( #3290, #849 ) ;
#3147 = DIRECTION ( 'NONE',  ( 1.000000000000000000, 0.000000000000000000, 0.000000000000000000 ) ) ;
#3148 = CARTESIAN_POINT ( 'NONE',  ( 3.800000000000024691, -6.000000000000017764, -1.574011537017764306 ) ) ;
#3149 = DIRECTION ( 'NONE',  ( -0.000000000000000000, -0.000000000000000000, 1.000000000000000000 ) ) ;
#3150 = ITEM_DEFINED_TRANSFORMATION ( 'NONE', 'NONE', #429,  #3602 ) ;
#3151 = DIRECTION ( 'NONE',  ( 0.000000000000000000, -6.888146287286515500E-16, 1.000000000000000000 ) ) ;
#3152 = VECTOR ( 'NONE', #1431, 1000.000000000000000 ) ;
#3153 = ORIENTED_EDGE ( 'NONE', *, *, #829, .T. ) ;
#3154 = ITEM_DEFINED_TRANSFORMATION ( 'NONE', 'NONE', #281,  #3602 ) ;
#3155 = ORIENTED_EDGE ( 'NONE', *, *, #925, .F. ) ;
#3156 = EDGE_CURVE ( 'NONE', #4175, #754, #418, .T. ) ;
#3157 = VERTEX_POINT ( 'NONE', #1797 ) ;
#3158 = EDGE_CURVE ( 'NONE', #631, #3489, #2185, .T. ) ;
#3159 = DIRECTION ( 'NONE',  ( 0.7071067811865465735, -0.7071067811865485719, 4.006509738683883146E-15 ) ) ;
#3160 = ORIENTED_EDGE ( 'NONE', *, *, #267, .T. ) ;
#3161 =( REPRESENTATION_RELATIONSHIP ('NONE','NONE', #3899, #2875 ) REPRESENTATION_RELATIONSHIP_WITH_TRANSFORMATION ( #582 )SHAPE_REPRESENTATION_RELATIONSHIP( ) );
#3162 = VECTOR ( 'NONE', #3013, 999.9999999999998863 ) ;
#3163 = PRESENTATION_LAYER_ASSIGNMENT (  '', '', ( #261 ) ) ;
#3164 = DIRECTION ( 'NONE',  ( 0.000000000000000000, 0.000000000000000000, 1.000000000000000000 ) ) ;
#3165 = PLANE ( 'NONE',  #3686 ) ;
#3166 = CARTESIAN_POINT ( 'NONE',  ( -6.000000000000000000, -2.485281374238574870, 5.999999999999999112 ) ) ;
#3167 = PLANE ( 'NONE',  #691 ) ;
#3168 = PRODUCT_DEFINITION_SHAPE ( 'NONE', 'NONE',  #4446 ) ;
#3169 = AXIS2_PLACEMENT_3D ( 'NONE', #2474, #2451, #993 ) ;
#3170 = DIRECTION ( 'NONE',  ( 0.000000000000000000, 0.000000000000000000, 1.000000000000000000 ) ) ;
#3171 =( REPRESENTATION_RELATIONSHIP ('NONE','NONE', #3899, #2875 ) REPRESENTATION_RELATIONSHIP_WITH_TRANSFORMATION ( #2721 )SHAPE_REPRESENTATION_RELATIONSHIP( ) );
#3172 = DIRECTION ( 'NONE',  ( 5.234991178337768977E-16, 1.827787400817474872E-30, -1.000000000000000000 ) ) ;
#3173 = CARTESIAN_POINT ( 'NONE',  ( 1336.826600409047614, 688.7814939935515213, 919.5428517890160265 ) ) ;
#3174 = AXIS2_PLACEMENT_3D ( 'NONE', #277, #1689, #633 ) ;
#3175 = CARTESIAN_POINT ( 'NONE',  ( 1300.826600409047614, 700.7814939935515213, 931.5428517890160265 ) ) ;
#3176 = DIRECTION ( 'NONE',  ( 0.000000000000000000, 0.7071067811865473507, 0.7071067811865477948 ) ) ;
#3177 = LINE ( 'NONE', #1186, #969 ) ;
#3178 = LINE ( 'NONE', #709, #4266 ) ;
#3179 = VERTEX_POINT ( 'NONE', #3195 ) ;
#3180 = VECTOR ( 'NONE', #1254, 1000.000000000000000 ) ;
#3181 = ITEM_DEFINED_TRANSFORMATION ( 'NONE', 'NONE', #1611,  #3602 ) ;
#3182 = CONTEXT_DEPENDENT_SHAPE_REPRESENTATION ( #3372, #3719 ) ;
#3183 = ORIENTED_EDGE ( 'NONE', *, *, #2621, .T. ) ;
#3184 = PRODUCT ( 'Part2_Part2', 'Part2_Part2', '', ( #3506 ) ) ;
#3185 = VERTEX_POINT ( 'NONE', #70 ) ;
#3186 = DIRECTION ( 'NONE',  ( -1.000000000000000000, -1.377629257457303889E-16, 0.000000000000000000 ) ) ;
#3187 =( REPRESENTATION_RELATIONSHIP ('NONE','NONE', #3899, #2875 ) REPRESENTATION_RELATIONSHIP_WITH_TRANSFORMATION ( #1775 )SHAPE_REPRESENTATION_RELATIONSHIP( ) );
#3188 =( REPRESENTATION_RELATIONSHIP ('NONE','NONE', #3899, #2875 ) REPRESENTATION_RELATIONSHIP_WITH_TRANSFORMATION ( #76 )SHAPE_REPRESENTATION_RELATIONSHIP( ) );
#3189 = LINE ( 'NONE', #741, #1952 ) ;
#3190 = FACE_OUTER_BOUND ( 'NONE', #2202, .T. ) ;
#3191 = FACE_OUTER_BOUND ( 'NONE', #1263, .T. ) ;
#3192 = AXIS2_PLACEMENT_3D ( 'NONE', #3398, #4122, #285 ) ;
#3193 = CONTEXT_DEPENDENT_SHAPE_REPRESENTATION ( #811, #2560 ) ;
#3194 = DIRECTION ( 'NONE',  ( 1.000000000000000000, 0.000000000000000000, 0.000000000000000000 ) ) ;
#3195 = CARTESIAN_POINT ( 'NONE',  ( 5.570423279073612122, 5.570423279073589917, 3.344434816091367502 ) ) ;
#3196 = DIRECTION ( 'NONE',  ( 1.000000000000000000, 0.000000000000000000, 0.000000000000000000 ) ) ;
#3197 = CARTESIAN_POINT ( 'NONE',  ( -4.516007691345197195, 6.741996154327418722, -6.741996154327455137 ) ) ;
#3198 = CARTESIAN_POINT ( 'NONE',  ( 2.485281374238594854, -5.999999999999990230, 5.999999999999999112 ) ) ;
#3199 = CARTESIAN_POINT ( 'NONE',  ( -5.570423279073613010, 5.570423279073589917, 3.344434816091366613 ) ) ;
#3200 = EDGE_CURVE ( 'NONE', #359, #3225, #2090, .T. ) ;
#3201 = EDGE_LOOP ( 'NONE', ( #1729, #1542, #1490 ) ) ;
#3202 = ITEM_DEFINED_TRANSFORMATION ( 'NONE', 'NONE', #884,  #3602 ) ;
#3203 = EDGE_LOOP ( 'NONE', ( #2882, #457, #2487 ) ) ;
#3204 =( REPRESENTATION_RELATIONSHIP ('NONE','NONE', #3899, #2875 ) REPRESENTATION_RELATIONSHIP_WITH_TRANSFORMATION ( #4004 )SHAPE_REPRESENTATION_RELATIONSHIP( ) );
#3205 = EDGE_LOOP ( 'NONE', ( #3960, #4043, #1708, #2077 ) ) ;
#3206 = LINE ( 'NONE', #2100, #2397 ) ;
#3207 = VERTEX_POINT ( 'NONE', #2501 ) ;
#3208 = EDGE_LOOP ( 'NONE', ( #314, #1935, #2953, #3324 ) ) ;
#3209 = DIRECTION ( 'NONE',  ( 0.000000000000000000, 1.000000000000000000, 1.377629257457303149E-16 ) ) ;
#3210 = VECTOR ( 'NONE', #4270, 1000.000000000000000 ) ;
#3211 = CARTESIAN_POINT ( 'NONE',  ( -6.000000000000065725, 3.800000000000003819, -1.574011537017761642 ) ) ;
#3212 = LINE ( 'NONE', #2106, #3977 ) ;
#3213 = DIRECTION ( 'NONE',  ( 0.000000000000000000, 0.000000000000000000, 1.000000000000000000 ) ) ;
#3214 = EDGE_CURVE ( 'NONE', #1731, #1258, #2426, .T. ) ;
#3215 = LINE ( 'NONE', #2774, #3814 ) ;
#3216 = ADVANCED_FACE ( 'NONE', ( #2867 ), #1449, .F. ) ;
#3217 = PRODUCT_DEFINITION_SHAPE ( 'NONE', 'NONE',  #4407 ) ;
#3218 = ITEM_DEFINED_TRANSFORMATION ( 'NONE', 'NONE', #386,  #3602 ) ;
#3219 =( REPRESENTATION_RELATIONSHIP ('NONE','NONE', #3899, #2875 ) REPRESENTATION_RELATIONSHIP_WITH_TRANSFORMATION ( #3289 )SHAPE_REPRESENTATION_RELATIONSHIP( ) );
#3220 = CARTESIAN_POINT ( 'NONE',  ( 1312.826600409047614, 700.7814939935515213, 895.5428517890160265 ) ) ;
#3221 = AXIS2_PLACEMENT_3D ( 'NONE', #3921, #3600, #1891 ) ;
#3222 = CARTESIAN_POINT ( 'NONE',  ( 4.457429047582518677, -4.457429047582453840, 5.570423279073621892 ) ) ;
#3223 = LINE ( 'NONE', #2508, #1762 ) ;
#3224 = DIRECTION ( 'NONE',  ( -0.5773502691896261751, 0.5773502691896231775, 0.5773502691896279515 ) ) ;
#3225 = VERTEX_POINT ( 'NONE', #4233 ) ;
#3226 = ITEM_DEFINED_TRANSFORMATION ( 'NONE', 'NONE', #1349,  #3602 ) ;
#3227 = CONTEXT_DEPENDENT_SHAPE_REPRESENTATION ( #3802, #1574 ) ;
#3228 = VERTEX_POINT ( 'NONE', #2163 ) ;
#3229 = ORIENTED_EDGE ( 'NONE', *, *, #3666, .T. ) ;
#3230 = CARTESIAN_POINT ( 'NONE',  ( -5.570423279073613898, -5.570423279073590805, -3.344434816091367502 ) ) ;
#3231 = ORIENTED_EDGE ( 'NONE', *, *, #4245, .T. ) ;
#3232 =( REPRESENTATION_RELATIONSHIP ('NONE','NONE', #3899, #2875 ) REPRESENTATION_RELATIONSHIP_WITH_TRANSFORMATION ( #2505 )SHAPE_REPRESENTATION_RELATIONSHIP( ) );
#3233 = ORIENTED_EDGE ( 'NONE', *, *, #2858, .F. ) ;
#3234 = EDGE_CURVE ( 'NONE', #482, #1709, #1230, .T. ) ;
#3235 = ORIENTED_EDGE ( 'NONE', *, *, #505, .T. ) ;
#3236 = DIRECTION ( 'NONE',  ( 0.7071067811865435759, 3.868211496619992453E-15, 0.7071067811865513475 ) ) ;
#3237 = LINE ( 'NONE', #3572, #2578 ) ;
#3238 = CARTESIAN_POINT ( 'NONE',  ( 6.000000000000000000, -6.000000000000000000, -2.485281374238573981 ) ) ;
#3239 = ITEM_DEFINED_TRANSFORMATION ( 'NONE', 'NONE', #3500,  #3602 ) ;
#3240 = CONTEXT_DEPENDENT_SHAPE_REPRESENTATION ( #1761, #3618 ) ;
#3241 = DIRECTION ( 'NONE',  ( 1.000000000000000000, 0.000000000000000000, 0.000000000000000000 ) ) ;
#3242 = CARTESIAN_POINT ( 'NONE',  ( -6.000000000000065725, -1.574011537017763640, 3.800000000000002043 ) ) ;
#3243 = AXIS2_PLACEMENT_3D ( 'NONE', #869, #3628, #2920 ) ;
#3244 = DIRECTION ( 'NONE',  ( 1.000000000000000000, 0.000000000000000000, 0.000000000000000000 ) ) ;
#3245 = DIRECTION ( 'NONE',  ( 0.000000000000000000, 1.000000000000000000, 1.744997059445918884E-16 ) ) ;
#3246 = CARTESIAN_POINT ( 'NONE',  ( 1.574011537017761642, -3.800000000000000266, 5.999999999999994671 ) ) ;
#3247 = AXIS2_PLACEMENT_3D ( 'NONE', #3259, #138, #443 ) ;
#3248 = CONTEXT_DEPENDENT_SHAPE_REPRESENTATION ( #3188, #175 ) ;
#3249 =( REPRESENTATION_RELATIONSHIP ('NONE','NONE', #3899, #2875 ) REPRESENTATION_RELATIONSHIP_WITH_TRANSFORMATION ( #2237 )SHAPE_REPRESENTATION_RELATIONSHIP( ) );
#3250 = CONTEXT_DEPENDENT_SHAPE_REPRESENTATION ( #500, #3981 ) ;
#3251 = ORIENTED_EDGE ( 'NONE', *, *, #250, .T. ) ;
#3252 = CARTESIAN_POINT ( 'NONE',  ( -6.000000000000000000, 0.000000000000000000, -3.800000000000004263 ) ) ;
#3253 = PRODUCT_DEFINITION_SHAPE ( 'NONE', 'NONE',  #4386 ) ;
#3254 = ORIENTED_EDGE ( 'NONE', *, *, #1579, .F. ) ;
#3255 = AXIS2_PLACEMENT_3D ( 'NONE', #426, #354, #3826 ) ;
#3256 = ORIENTED_EDGE ( 'NONE', *, *, #4022, .F. ) ;
#3257 = EDGE_LOOP ( 'NONE', ( #2198, #1482, #2566, #4059 ) ) ;
#3258 = DIRECTION ( 'NONE',  ( -0.8164965809277258124, 0.4082482904638651267, 0.4082482904638615184 ) ) ;
#3259 = CARTESIAN_POINT ( 'NONE',  ( -6.741996154327453361, -4.516007691345195418, -6.741996154327461355 ) ) ;
#3260 = EDGE_CURVE ( 'NONE', #2546, #3567, #1401, .T. ) ;
#3261 = PRODUCT_DEFINITION_SHAPE ( 'NONE', 'NONE',  #4320 ) ;
#3262 = CONTEXT_DEPENDENT_SHAPE_REPRESENTATION ( #3687, #1954 ) ;
#3263 = DIRECTION ( 'NONE',  ( 1.000000000000000000, 0.000000000000000000, 0.000000000000000000 ) ) ;
#3264 = CARTESIAN_POINT ( 'NONE',  ( 6.000000000000000000, -6.000000000000000000, 2.485281374238571317 ) ) ;
#3265 = AXIS2_PLACEMENT_3D ( 'NONE', #1184, #2577, #1616 ) ;
#3266 = DIRECTION ( 'NONE',  ( 1.000000000000000000, 0.000000000000000000, 0.000000000000000000 ) ) ;
#3267 = PRODUCT_DEFINITION_SHAPE ( 'NONE', 'NONE',  #4458 ) ;
#3268 = CARTESIAN_POINT ( 'NONE',  ( 1324.826600409047614, 652.7814939935514076, 919.5428517890160265 ) ) ;
#3269 = CARTESIAN_POINT ( 'NONE',  ( -6.000000000000065725, 1.574011537017763640, -3.800000000000002931 ) ) ;
#3270 = DIRECTION ( 'NONE',  ( 1.000000000000000000, 0.000000000000000000, 0.000000000000000000 ) ) ;
#3271 = ITEM_DEFINED_TRANSFORMATION ( 'NONE', 'NONE', #2115,  #3602 ) ;
#3272 = LINE ( 'NONE', #3957, #201 ) ;
#3273 = ADVANCED_FACE ( 'NONE', ( #2454 ), #1136, .F. ) ;
#3274 = ORIENTED_EDGE ( 'NONE', *, *, #2640, .F. ) ;
#3275 = ORIENTED_EDGE ( 'NONE', *, *, #2121, .T. ) ;
#3276 = ORIENTED_EDGE ( 'NONE', *, *, #84, .T. ) ;
#3277 = DIRECTION ( 'NONE',  ( -1.000000000000000000, 5.769501607847167318E-32, -1.102103405965840054E-16 ) ) ;
#3278 = CONTEXT_DEPENDENT_SHAPE_REPRESENTATION ( #1976, #3032 ) ;
#3279 = AXIS2_PLACEMENT_3D ( 'NONE', #1510, #4082, #1192 ) ;
#3280 = EDGE_CURVE ( 'NONE', #4106, #4000, #703, .T. ) ;
#3281 = DIRECTION ( 'NONE',  ( 1.000000000000000000, 0.000000000000000000, 0.000000000000000000 ) ) ;
#3282 = LINE ( 'NONE', #3864, #4110 ) ;
#3283 = LINE ( 'NONE', #2216, #3460 ) ;
#3284 = CONTEXT_DEPENDENT_SHAPE_REPRESENTATION ( #1054, #1948 ) ;
#3285 = CARTESIAN_POINT ( 'NONE',  ( 1324.826600409047614, 652.7814939935514076, 895.5428517890160265 ) ) ;
#3286 = PRODUCT_DEFINITION_SHAPE ( 'NONE', 'NONE',  #4391 ) ;
#3287 = CARTESIAN_POINT ( 'NONE',  ( 4.516007691345208741, -6.741996154327429380, 6.741996154327465796 ) ) ;
#3288 =( LENGTH_UNIT ( ) NAMED_UNIT ( * ) SI_UNIT ( .MILLI., .METRE. ) );
#3289 = ITEM_DEFINED_TRANSFORMATION ( 'NONE', 'NONE', #2966,  #3602 ) ;
#3290 =( REPRESENTATION_RELATIONSHIP ('NONE','NONE', #3899, #2875 ) REPRESENTATION_RELATIONSHIP_WITH_TRANSFORMATION ( #561 )SHAPE_REPRESENTATION_RELATIONSHIP( ) );
#3291 = DIRECTION ( 'NONE',  ( 1.000000000000000000, 0.000000000000000000, 0.000000000000000000 ) ) ;
#3292 = AXIS2_PLACEMENT_3D ( 'NONE', #4049, #2317, #3701 ) ;
#3293 = AXIS2_PLACEMENT_3D ( 'NONE', #1395, #1765, #4251 ) ;
#3294 = PRODUCT_DEFINITION_SHAPE ( 'NONE', 'NONE',  #4300 ) ;
#3295 = DIRECTION ( 'NONE',  ( 0.000000000000000000, 0.7071067811865479058, -0.7071067811865472397 ) ) ;
#3296 = AXIS2_PLACEMENT_3D ( 'NONE', #1502, #3995, #3643 ) ;
#3297 = ORIENTED_EDGE ( 'NONE', *, *, #1040, .T. ) ;
#3298 = EDGE_CURVE ( 'NONE', #4000, #2520, #3479, .T. ) ;
#3299 = ORIENTED_EDGE ( 'NONE', *, *, #793, .T. ) ;
#3300 = VERTEX_POINT ( 'NONE', #394 ) ;
#3301 = LINE ( 'NONE', #1220, #545 ) ;
#3302 = PRODUCT_DEFINITION_SHAPE ( 'NONE', 'NONE',  #4460 ) ;
#3303 = ITEM_DEFINED_TRANSFORMATION ( 'NONE', 'NONE', #1747,  #3602 ) ;
#3304 = DIRECTION ( 'NONE',  ( 0.000000000000000000, 0.000000000000000000, 1.000000000000000000 ) ) ;
#3305 = FACE_OUTER_BOUND ( 'NONE', #4265, .T. ) ;
#3306 = LINE ( 'NONE', #2983, #1276 ) ;
#3307 = DIRECTION ( 'NONE',  ( -0.000000000000000000, -0.000000000000000000, 1.000000000000000000 ) ) ;
#3308 = ITEM_DEFINED_TRANSFORMATION ( 'NONE', 'NONE', #548,  #3602 ) ;
#3309 = DIRECTION ( 'NONE',  ( 0.000000000000000000, 0.000000000000000000, 1.000000000000000000 ) ) ;
#3310 = AXIS2_PLACEMENT_3D ( 'NONE', #2703, #300, #3753 ) ;
#3311 = CARTESIAN_POINT ( 'NONE',  ( -3.799999999999999822, 1.574011537017761198, -6.000000000000007994 ) ) ;
#3312 = CARTESIAN_POINT ( 'NONE',  ( 0.000000000000000000, 0.000000000000000000, 0.000000000000000000 ) ) ;
#3313 = VECTOR ( 'NONE', #3050, 1000.000000000000000 ) ;
#3314 = AXIS2_PLACEMENT_3D ( 'NONE', #3530, #3503, #392 ) ;
#3315 = DIRECTION ( 'NONE',  ( 1.000000000000000000, 0.000000000000000000, 0.000000000000000000 ) ) ;
#3316 = CONTEXT_DEPENDENT_SHAPE_REPRESENTATION ( #2585, #3286 ) ;
#3317 = CARTESIAN_POINT ( 'NONE',  ( 1.574011537017782514, -6.000000000000027534, 3.799999999999999822 ) ) ;
#3318 =( REPRESENTATION_RELATIONSHIP ('NONE','NONE', #3899, #2875 ) REPRESENTATION_RELATIONSHIP_WITH_TRANSFORMATION ( #91 )SHAPE_REPRESENTATION_RELATIONSHIP( ) );
#3319 = AXIS2_PLACEMENT_3D ( 'NONE', #3861, #3597, #1515 ) ;
#3320 = EDGE_CURVE ( 'NONE', #2392, #2561, #3143, .T. ) ;
#3321 = VERTEX_POINT ( 'NONE', #50 ) ;
#3322 = VECTOR ( 'NONE', #4113, 1000.000000000000000 ) ;
#3323 = ORIENTED_EDGE ( 'NONE', *, *, #1238, .T. ) ;
#3324 = ORIENTED_EDGE ( 'NONE', *, *, #1974, .F. ) ;
#3325 = PLANE ( 'NONE',  #3448 ) ;
#3326 = PRODUCT_DEFINITION_SHAPE ( 'NONE', 'NONE',  #4374 ) ;
#3327 = AXIS2_PLACEMENT_3D ( 'NONE', #4077, #958, #306 ) ;
#3328 = CONTEXT_DEPENDENT_SHAPE_REPRESENTATION ( #2529, #923 ) ;
#3329 = DIRECTION ( 'NONE',  ( 1.000000000000000000, 0.000000000000000000, 0.000000000000000000 ) ) ;
#3330 = CARTESIAN_POINT ( 'NONE',  ( 1.574011537017762752, 5.999999999999998224, 3.799999999999984279 ) ) ;
#3331 = CARTESIAN_POINT ( 'NONE',  ( -3.800000000000017142, 3.800000000000004707, 1.574011537017765860 ) ) ;
#3332 = PRODUCT_DEFINITION_SHAPE ( 'NONE', 'NONE',  #4109 ) ;
#3333 = DIRECTION ( 'NONE',  ( 0.000000000000000000, 0.000000000000000000, 1.000000000000000000 ) ) ;
#3334 = AXIS2_PLACEMENT_3D ( 'NONE', #4, #2091, #1654 ) ;
#3335 = CARTESIAN_POINT ( 'NONE',  ( -1.574011537017742768, -6.000000000000038192, 3.800000000000000266 ) ) ;
#3336 =( REPRESENTATION_RELATIONSHIP ('NONE','NONE', #3899, #2875 ) REPRESENTATION_RELATIONSHIP_WITH_TRANSFORMATION ( #3630 )SHAPE_REPRESENTATION_RELATIONSHIP( ) );
#3337 = CARTESIAN_POINT ( 'NONE',  ( 3.800000000000001155, 1.574011537017763640, -6.000000000000007994 ) ) ;
#3338 = DIRECTION ( 'NONE',  ( 0.000000000000000000, 0.000000000000000000, 1.000000000000000000 ) ) ;
#3339 = ITEM_DEFINED_TRANSFORMATION ( 'NONE', 'NONE', #2767,  #3602 ) ;
#3340 = EDGE_CURVE ( 'NONE', #1982, #2756, #1425, .T. ) ;
#3341 = VECTOR ( 'NONE', #1814, 1000.000000000000000 ) ;
#3342 = EDGE_CURVE ( 'NONE', #4083, #2628, #747, .T. ) ;
#3343 = CONTEXT_DEPENDENT_SHAPE_REPRESENTATION ( #2072, #2893 ) ;
#3344 = CARTESIAN_POINT ( 'NONE',  ( -6.000000000000065725, 3.800000000000003819, -1.574011537017761642 ) ) ;
#3345 = ORIENTED_EDGE ( 'NONE', *, *, #2031, .F. ) ;
#3346 = VERTEX_POINT ( 'NONE', #3968 ) ;
#3347 = DIRECTION ( 'NONE',  ( 1.000000000000000000, 0.000000000000000000, 0.000000000000000000 ) ) ;
#3348 =( REPRESENTATION_RELATIONSHIP ('NONE','NONE', #3899, #2875 ) REPRESENTATION_RELATIONSHIP_WITH_TRANSFORMATION ( #4177 )SHAPE_REPRESENTATION_RELATIONSHIP( ) );
#3349 = PLANE ( 'NONE',  #3090 ) ;
#3350 = DIRECTION ( 'NONE',  ( -0.7071067811865479058, 0.7071067811865472397, 0.000000000000000000 ) ) ;
#3351 = ADVANCED_FACE ( 'NONE', ( #3621, #3436 ), #3941, .T. ) ;
#3352 = CARTESIAN_POINT ( 'NONE',  ( 1336.826600409047614, 652.7814939935514076, 871.5428517890160265 ) ) ;
#3353 = EDGE_CURVE ( 'NONE', #2060, #3567, #1157, .T. ) ;
#3354 = DIRECTION ( 'NONE',  ( -0.000000000000000000, -0.000000000000000000, 1.000000000000000000 ) ) ;
#3355 = LINE ( 'NONE', #1925, #932 ) ;
#3356 = DIRECTION ( 'NONE',  ( 0.000000000000000000, 0.000000000000000000, 1.000000000000000000 ) ) ;
#3357 = LINE ( 'NONE', #2352, #1872 ) ;
#3358 = PRODUCT_DEFINITION_SHAPE ( 'NONE', 'NONE',  #4421 ) ;
#3359 = ORIENTED_EDGE ( 'NONE', *, *, #2277, .F. ) ;
#3360 = AXIS2_PLACEMENT_3D ( 'NONE', #986, #2102, #2398 ) ;
#3361 = DIRECTION ( 'NONE',  ( 1.000000000000000000, 0.000000000000000000, 0.000000000000000000 ) ) ;
#3362 = ORIENTED_EDGE ( 'NONE', *, *, #447, .T. ) ;
#3363 = AXIS2_PLACEMENT_3D ( 'NONE', #2114, #2479, #4236 ) ;
#3364 =( REPRESENTATION_RELATIONSHIP ('NONE','NONE', #3899, #2875 ) REPRESENTATION_RELATIONSHIP_WITH_TRANSFORMATION ( #416 )SHAPE_REPRESENTATION_RELATIONSHIP( ) );
#3365 = PRODUCT_DEFINITION_SHAPE ( 'NONE', 'NONE',  #4348 ) ;
#3366 = ITEM_DEFINED_TRANSFORMATION ( 'NONE', 'NONE', #3713,  #3602 ) ;
#3367 = CARTESIAN_POINT ( 'NONE',  ( 1288.826600409047614, 700.7814939935515213, 883.5428517890160265 ) ) ;
#3368 = CARTESIAN_POINT ( 'NONE',  ( -1.574011537017744544, -3.799999999999990496, -3.800000000000010036 ) ) ;
#3369 = LINE ( 'NONE', #3002, #1204 ) ;
#3370 = FACE_OUTER_BOUND ( 'NONE', #2179, .T. ) ;
#3371 = VECTOR ( 'NONE', #398, 1000.000000000000000 ) ;
#3372 =( REPRESENTATION_RELATIONSHIP ('NONE','NONE', #3899, #2875 ) REPRESENTATION_RELATIONSHIP_WITH_TRANSFORMATION ( #3366 )SHAPE_REPRESENTATION_RELATIONSHIP( ) );
#3373 = DIRECTION ( 'NONE',  ( 1.000000000000000000, 0.000000000000000000, 0.000000000000000000 ) ) ;
#3374 = ITEM_DEFINED_TRANSFORMATION ( 'NONE', 'NONE', #1385,  #3602 ) ;
#3375 = DIRECTION ( 'NONE',  ( 1.133684797750021415E-15, -0.7071067811865432429, 0.7071067811865517916 ) ) ;
#3376 = PRODUCT_DEFINITION_SHAPE ( 'NONE', 'NONE',  #4437 ) ;
#3377 = AXIS2_PLACEMENT_3D ( 'NONE', #2701, #970, #1286 ) ;
#3378 = CARTESIAN_POINT ( 'NONE',  ( 1324.826600409047614, 688.7814939935515213, 931.5428517890160265 ) ) ;
#3379 = AXIS2_PLACEMENT_3D ( 'NONE', #1577, #3458, #4097 ) ;
#3380 = PLANE ( 'NONE',  #3749 ) ;
#3381 = AXIS2_PLACEMENT_3D ( 'NONE', #2956, #1227, #1836 ) ;
#3382 = VERTEX_POINT ( 'NONE', #2572 ) ;
#3383 = ORIENTED_EDGE ( 'NONE', *, *, #592, .F. ) ;
#3384 = AXIS2_PLACEMENT_3D ( 'NONE', #4090, #3748, #2795 ) ;
#3385 = VECTOR ( 'NONE', #3022, 1000.000000000000000 ) ;
#3386 = CONTEXT_DEPENDENT_SHAPE_REPRESENTATION ( #3830, #2308 ) ;
#3387 =( REPRESENTATION_RELATIONSHIP ('NONE','NONE', #3899, #2875 ) REPRESENTATION_RELATIONSHIP_WITH_TRANSFORMATION ( #979 )SHAPE_REPRESENTATION_RELATIONSHIP( ) );
#3388 = DIRECTION ( 'NONE',  ( 0.000000000000000000, 0.000000000000000000, 1.000000000000000000 ) ) ;
#3389 = ORIENTED_EDGE ( 'NONE', *, *, #3484, .F. ) ;
#3390 = EDGE_CURVE ( 'NONE', #2099, #272, #159, .T. ) ;
#3391 = LINE ( 'NONE', #1301, #3978 ) ;
#3392 = PLANE ( 'NONE',  #3086 ) ;
#3393 = ITEM_DEFINED_TRANSFORMATION ( 'NONE', 'NONE', #4104,  #3602 ) ;
#3394 = DIRECTION ( 'NONE',  ( 1.000000000000000000, 0.000000000000000000, 0.000000000000000000 ) ) ;
#3395 = PRODUCT_DEFINITION_SHAPE ( 'NONE', 'NONE',  #4404 ) ;
#3396 = CARTESIAN_POINT ( 'NONE',  ( 6.741996154327448920, 6.741996154327420498, -4.516007691345206965 ) ) ;
#3397 =( REPRESENTATION_RELATIONSHIP ('NONE','NONE', #3899, #2875 ) REPRESENTATION_RELATIONSHIP_WITH_TRANSFORMATION ( #1669 )SHAPE_REPRESENTATION_RELATIONSHIP( ) );
#3398 = CARTESIAN_POINT ( 'NONE',  ( 1336.826600409047614, 652.7814939935514076, 907.5428517890160265 ) ) ;
#3399 = PRODUCT_DEFINITION_SHAPE ( 'NONE', 'NONE',  #4361 ) ;
#3400 = CARTESIAN_POINT ( 'NONE',  ( -6.000000000000000000, -2.485281374238574870, 5.999999999999997335 ) ) ;
#3401 = CARTESIAN_POINT ( 'NONE',  ( 3.800000000000001155, 1.574011537017763640, 3.800000000000003819 ) ) ;
#3402 = AXIS2_PLACEMENT_3D ( 'NONE', #620, #892, #3291 ) ;
#3403 = EDGE_LOOP ( 'NONE', ( #690, #3345, #2339 ) ) ;
#3404 = ORIENTED_EDGE ( 'NONE', *, *, #1684, .T. ) ;
#3405 = ADVANCED_FACE ( 'NONE', ( #2295 ), #1545, .F. ) ;
#3406 = DIRECTION ( 'NONE',  ( 1.000000000000000000, 0.000000000000000000, 0.000000000000000000 ) ) ;
#3407 = DIRECTION ( 'NONE',  ( -0.5773502691896261751, 0.5773502691896231775, 0.5773502691896279515 ) ) ;
#3408 = FACE_OUTER_BOUND ( 'NONE', #764, .T. ) ;
#3409 = CARTESIAN_POINT ( 'NONE',  ( -3.799999999999999378, -1.574011537017763418, 3.800000000000002043 ) ) ;
#3410 =( REPRESENTATION_RELATIONSHIP ('NONE','NONE', #3899, #2875 ) REPRESENTATION_RELATIONSHIP_WITH_TRANSFORMATION ( #3897 )SHAPE_REPRESENTATION_RELATIONSHIP( ) );
#3411 = ADVANCED_FACE ( 'NONE', ( #3305 ), #1569, .T. ) ;
#3412 = DIRECTION ( 'NONE',  ( 0.000000000000000000, 0.000000000000000000, 1.000000000000000000 ) ) ;
#3413 = DIRECTION ( 'NONE',  ( -3.491481338843133750E-15, 1.000000000000000000, 5.234991178337752214E-16 ) ) ;
#3414 = DIRECTION ( 'NONE',  ( 1.000000000000000000, 0.000000000000000000, 0.000000000000000000 ) ) ;
#3415 = CARTESIAN_POINT ( 'NONE',  ( 1336.826600409047614, 676.7814939935515213, 907.5428517890160265 ) ) ;
#3416 = ITEM_DEFINED_TRANSFORMATION ( 'NONE', 'NONE', #2338,  #3602 ) ;
#3417 = VECTOR ( 'NONE', #1760, 1000.000000000000000 ) ;
#3418 = CARTESIAN_POINT ( 'NONE',  ( -2.485281374238591745, -5.999999999999999112, -5.999999999999992895 ) ) ;
#3419 = ITEM_DEFINED_TRANSFORMATION ( 'NONE', 'NONE', #64,  #3602 ) ;
#3420 = DIRECTION ( 'NONE',  ( 0.000000000000000000, -6.888146287286515500E-16, 1.000000000000000000 ) ) ;
#3421 = ORIENTED_EDGE ( 'NONE', *, *, #1499, .T. ) ;
#3422 = ORIENTED_EDGE ( 'NONE', *, *, #4209, .F. ) ;
#3423 =( REPRESENTATION_RELATIONSHIP ('NONE','NONE', #3899, #2875 ) REPRESENTATION_RELATIONSHIP_WITH_TRANSFORMATION ( #3239 )SHAPE_REPRESENTATION_RELATIONSHIP( ) );
#3424 = EDGE_CURVE ( 'NONE', #1536, #4106, #1965, .T. ) ;
#3425 = AXIS2_PLACEMENT_3D ( 'NONE', #3788, #2038, #2379 ) ;
#3426 = LINE ( 'NONE', #1203, #3454 ) ;
#3427 = DIRECTION ( 'NONE',  ( 1.000000000000000000, 0.000000000000000000, 0.000000000000000000 ) ) ;
#3428 = ORIENTED_EDGE ( 'NONE', *, *, #2865, .T. ) ;
#3429 = DIRECTION ( 'NONE',  ( 1.000000000000000000, -0.000000000000000000, -0.000000000000000000 ) ) ;
#3430 = SURFACE_SIDE_STYLE ('',( #2719 ) ) ;
#3431 = PRODUCT_DEFINITION_SHAPE ( 'NONE', 'NONE',  #4335 ) ;
#3432 = DIRECTION ( 'NONE',  ( 0.000000000000000000, 0.000000000000000000, 1.000000000000000000 ) ) ;
#3433 = CARTESIAN_POINT ( 'NONE',  ( 2.485281374238559327, 6.000000000000000888, -6.000000000000003553 ) ) ;
#3434 = DIRECTION ( 'NONE',  ( 0.000000000000000000, 0.000000000000000000, 1.000000000000000000 ) ) ;
#3435 = CONTEXT_DEPENDENT_SHAPE_REPRESENTATION ( #1007, #2660 ) ;
#3436 = FACE_BOUND ( 'NONE', #1535, .T. ) ;
#3437 = CARTESIAN_POINT ( 'NONE',  ( 1312.826600409047614, 676.7814939935515213, 883.5428517890160265 ) ) ;
#3438 = CARTESIAN_POINT ( 'NONE',  ( 3.800000000000002487, -1.574011537017758755, 3.800000000000000711 ) ) ;
#3439 = CONTEXT_DEPENDENT_SHAPE_REPRESENTATION ( #3887, #2444 ) ;
#3440 = LINE ( 'NONE', #3779, #1341 ) ;
#3441 = DIRECTION ( 'NONE',  ( 1.000000000000000000, 0.000000000000000000, 0.000000000000000000 ) ) ;
#3442 = ORIENTED_EDGE ( 'NONE', *, *, #925, .T. ) ;
#3443 =( REPRESENTATION_RELATIONSHIP ('NONE','NONE', #3899, #2875 ) REPRESENTATION_RELATIONSHIP_WITH_TRANSFORMATION ( #222 )SHAPE_REPRESENTATION_RELATIONSHIP( ) );
#3444 = CONTEXT_DEPENDENT_SHAPE_REPRESENTATION ( #991, #3698 ) ;
#3445 = ORIENTED_EDGE ( 'NONE', *, *, #2856, .T. ) ;
#3446 = ADVANCED_FACE ( 'NONE', ( #821, #2593 ), #3349, .T. ) ;
#3447 = LINE ( 'NONE', #3855, #876 ) ;
#3448 = AXIS2_PLACEMENT_3D ( 'NONE', #205, #3258, #3736 ) ;
#3449 = DIRECTION ( 'NONE',  ( 0.000000000000000000, 0.000000000000000000, 1.000000000000000000 ) ) ;
#3450 = ORIENTED_EDGE ( 'NONE', *, *, #4197, .F. ) ;
#3451 = DIRECTION ( 'NONE',  ( -3.491481338843133750E-15, 1.000000000000000000, 5.234991178337752214E-16 ) ) ;
#3452 = DIRECTION ( 'NONE',  ( 1.377629257457303889E-16, -1.000000000000000000, 0.000000000000000000 ) ) ;
#3453 =( REPRESENTATION_RELATIONSHIP ('NONE','NONE', #3899, #2875 ) REPRESENTATION_RELATIONSHIP_WITH_TRANSFORMATION ( #3139 )SHAPE_REPRESENTATION_RELATIONSHIP( ) );
#3454 = VECTOR ( 'NONE', #1570, 1000.000000000000000 ) ;
#3455 = ITEM_DEFINED_TRANSFORMATION ( 'NONE', 'NONE', #827,  #3602 ) ;
#3456 = DIRECTION ( 'NONE',  ( 0.000000000000000000, 0.000000000000000000, 1.000000000000000000 ) ) ;
#3457 = DIRECTION ( 'NONE',  ( -1.000000000000000000, 0.000000000000000000, 2.966495001058055841E-15 ) ) ;
#3458 = DIRECTION ( 'NONE',  ( 0.000000000000000000, 0.000000000000000000, 1.000000000000000000 ) ) ;
#3459 = DIRECTION ( 'NONE',  ( 0.000000000000000000, 0.000000000000000000, 1.000000000000000000 ) ) ;
#3460 = VECTOR ( 'NONE', #3622, 1000.000000000000000 ) ;
#3461 = DIRECTION ( 'NONE',  ( 1.000000000000000000, 0.000000000000000000, 0.000000000000000000 ) ) ;
#3462 = DIRECTION ( 'NONE',  ( -3.491481338843133750E-15, 1.000000000000000000, 5.234991178337752214E-16 ) ) ;
#3463 = PRODUCT_DEFINITION_SHAPE ( 'NONE', 'NONE',  #4481 ) ;
#3464 = LINE ( 'NONE', #1410, #3538 ) ;
#3465 = EDGE_LOOP ( 'NONE', ( #2331, #2787, #2399, #454 ) ) ;
#3466 = ADVANCED_FACE ( 'NONE', ( #882 ), #1943, .F. ) ;
#3467 = EDGE_CURVE ( 'NONE', #1840, #3827, #1893, .T. ) ;
#3468 = ORIENTED_EDGE ( 'NONE', *, *, #1817, .F. ) ;
#3469 = CARTESIAN_POINT ( 'NONE',  ( 5.570423279073613010, 5.570423279073590805, -3.344434816091367502 ) ) ;
#3470 = AXIS2_PLACEMENT_3D ( 'NONE', #1141, #1525, #3974 ) ;
#3471 =( REPRESENTATION_RELATIONSHIP ('NONE','NONE', #3899, #2875 ) REPRESENTATION_RELATIONSHIP_WITH_TRANSFORMATION ( #1920 )SHAPE_REPRESENTATION_RELATIONSHIP( ) );
#3472 =( GEOMETRIC_REPRESENTATION_CONTEXT ( 3 ) GLOBAL_UNCERTAINTY_ASSIGNED_CONTEXT ( ( #132 ) ) GLOBAL_UNIT_ASSIGNED_CONTEXT ( ( #1990, #2044, #4073 ) ) REPRESENTATION_CONTEXT ( 'NONE', 'WORKASPACE' ) );
#3473 = CARTESIAN_POINT ( 'NONE',  ( 1300.826600409047614, 652.7814939935514076, 931.5428517890160265 ) ) ;
#3474 = CARTESIAN_POINT ( 'NONE',  ( 4.457429047582473380, 4.457429047582499138, -5.570423279073621892 ) ) ;
#3475 = LINE ( 'NONE', #1737, #48 ) ;
#3476 = ITEM_DEFINED_TRANSFORMATION ( 'NONE', 'NONE', #2285,  #3602 ) ;
#3477 = CARTESIAN_POINT ( 'NONE',  ( 1276.826600409047614, 664.7814939935515213, 895.5428517890160265 ) ) ;
#3478 = DIRECTION ( 'NONE',  ( 0.7071067811865472397, 0.7071067811865479058, 0.000000000000000000 ) ) ;
#3479 = LINE ( 'NONE', #372, #2883 ) ;
#3480 = PRODUCT_DEFINITION_SHAPE ( 'NONE', 'NONE',  #4436 ) ;
#3481 = ADVANCED_FACE ( 'NONE', ( #1244, #4174 ), #2234, .F. ) ;
#3482 = DIRECTION ( 'NONE',  ( 0.000000000000000000, 0.000000000000000000, 1.000000000000000000 ) ) ;
#3483 = ITEM_DEFINED_TRANSFORMATION ( 'NONE', 'NONE', #2045,  #3602 ) ;
#3484 = EDGE_CURVE ( 'NONE', #1731, #2541, #4030, .T. ) ;
#3485 = DIRECTION ( 'NONE',  ( 0.000000000000000000, 0.000000000000000000, 1.000000000000000000 ) ) ;
#3486 = LINE ( 'NONE', #4194, #903 ) ;
#3487 = CARTESIAN_POINT ( 'NONE',  ( -6.000000000000000000, -2.485281374238568652, -6.000000000000000000 ) ) ;
#3488 = DIRECTION ( 'NONE',  ( 0.000000000000000000, 0.4472135954999555407, 0.8944271909999170767 ) ) ;
#3489 = VERTEX_POINT ( 'NONE', #488 ) ;
#3490 = CONTEXT_DEPENDENT_SHAPE_REPRESENTATION ( #4170, #257 ) ;
#3491 = AXIS2_PLACEMENT_3D ( 'NONE', #2492, #339, #433 ) ;
#3492 = ITEM_DEFINED_TRANSFORMATION ( 'NONE', 'NONE', #1019,  #3602 ) ;
#3493 = ORIENTED_EDGE ( 'NONE', *, *, #3678, .F. ) ;
#3494 = ORIENTED_EDGE ( 'NONE', *, *, #362, .F. ) ;
#3495 = CARTESIAN_POINT ( 'NONE',  ( -3.799999999999996714, -1.574011537017766083, 5.999999999999997335 ) ) ;
#3496 = DIRECTION ( 'NONE',  ( 0.000000000000000000, 0.000000000000000000, 1.000000000000000000 ) ) ;
#3497 = LINE ( 'NONE', #44, #3110 ) ;
#3498 = DIRECTION ( 'NONE',  ( -0.5773502691896261751, 0.5773502691896231775, 0.5773502691896279515 ) ) ;
#3499 = LINE ( 'NONE', #719, #4186 ) ;
#3500 = AXIS2_PLACEMENT_3D ( 'NONE', #3659, #550, #3329 ) ;
#3501 = DIRECTION ( 'NONE',  ( 0.4472135954999599816, 0.8944271909999149672, 0.000000000000000000 ) ) ;
#3502 = PRODUCT_DEFINITION_SHAPE ( 'NONE', 'NONE',  #4478 ) ;
#3503 = DIRECTION ( 'NONE',  ( 0.000000000000000000, 0.000000000000000000, 1.000000000000000000 ) ) ;
#3504 = DIRECTION ( 'NONE',  ( -0.5773502691896262862, -0.5773502691896231775, -0.5773502691896279515 ) ) ;
#3505 = AXIS2_PLACEMENT_3D ( 'NONE', #2751, #684, #2143 ) ;
#3506 = PRODUCT_CONTEXT ( 'NONE', #1454, 'mechanical' ) ;
#3507 = CONTEXT_DEPENDENT_SHAPE_REPRESENTATION ( #3743, #526 ) ;
#3508 = CARTESIAN_POINT ( 'NONE',  ( 1300.826600409047614, 700.7814939935515213, 919.5428517890160265 ) ) ;
#3509 = CARTESIAN_POINT ( 'NONE',  ( 5.570423279073613898, -5.570423279073590805, -3.344434816091367502 ) ) ;
#3510 = DIRECTION ( 'NONE',  ( 0.000000000000000000, -1.000000000000000000, -6.888146287286515500E-16 ) ) ;
#3511 = CONTEXT_DEPENDENT_SHAPE_REPRESENTATION ( #2517, #2161 ) ;
#3512 = LINE ( 'NONE', #1728, #984 ) ;
#3513 = VECTOR ( 'NONE', #576, 999.9999999999998863 ) ;
#3514 = ORIENTED_EDGE ( 'NONE', *, *, #2249, .T. ) ;
#3515 = ITEM_DEFINED_TRANSFORMATION ( 'NONE', 'NONE', #4158,  #3602 ) ;
#3516 = CONTEXT_DEPENDENT_SHAPE_REPRESENTATION ( #1959, #2020 ) ;
#3517 = ORIENTED_EDGE ( 'NONE', *, *, #4197, .T. ) ;
#3518 =( REPRESENTATION_RELATIONSHIP ('NONE','NONE', #3899, #2875 ) REPRESENTATION_RELATIONSHIP_WITH_TRANSFORMATION ( #3822 )SHAPE_REPRESENTATION_RELATIONSHIP( ) );
#3519 = ORIENTED_EDGE ( 'NONE', *, *, #227, .T. ) ;
#3520 = CARTESIAN_POINT ( 'NONE',  ( -4.516007691345197195, 6.741996154327418722, -6.741996154327455137 ) ) ;
#3521 = ORIENTED_EDGE ( 'NONE', *, *, #3593, .T. ) ;
#3522 = DIRECTION ( 'NONE',  ( 0.000000000000000000, 0.000000000000000000, 1.000000000000000000 ) ) ;
#3523 = FACE_OUTER_BOUND ( 'NONE', #2828, .T. ) ;
#3524 = CARTESIAN_POINT ( 'NONE',  ( -4.516007691345219399, -6.741996154327441815, 6.741996154327478230 ) ) ;
#3525 = DIRECTION ( 'NONE',  ( -0.5773502691896262862, 0.5773502691896230665, -0.5773502691896279515 ) ) ;
#3526 = PRODUCT_DEFINITION_SHAPE ( 'NONE', 'NONE',  #4442 ) ;
#3527 = AXIS2_PLACEMENT_3D ( 'NONE', #2723, #3840, #1036 ) ;
#3528 = CONTEXT_DEPENDENT_SHAPE_REPRESENTATION ( #3857, #777 ) ;
#3529 = EDGE_CURVE ( 'NONE', #3655, #4000, #509, .T. ) ;
#3530 = CARTESIAN_POINT ( 'NONE',  ( 1276.826600409047614, 652.7814939935514076, 907.5428517890160265 ) ) ;
#3531 = CARTESIAN_POINT ( 'NONE',  ( 6.000000000000000000, -2.485281374238574870, 5.999999999999997335 ) ) ;
#3532 = VECTOR ( 'NONE', #2382, 1000.000000000000114 ) ;
#3533 = DIRECTION ( 'NONE',  ( 0.000000000000000000, 0.000000000000000000, 1.000000000000000000 ) ) ;
#3534 = FACE_OUTER_BOUND ( 'NONE', #80, .T. ) ;
#3535 = LINE ( 'NONE', #3901, #2196 ) ;
#3536 = FACE_OUTER_BOUND ( 'NONE', #3635, .T. ) ;
#3537 = ORIENTED_EDGE ( 'NONE', *, *, #1369, .F. ) ;
#3538 = VECTOR ( 'NONE', #2808, 1000.000000000000114 ) ;
#3539 = CONTEXT_DEPENDENT_SHAPE_REPRESENTATION ( #2626, #37 ) ;
#3540 = ORIENTED_EDGE ( 'NONE', *, *, #1448, .F. ) ;
#3541 = ORIENTED_EDGE ( 'NONE', *, *, #4241, .F. ) ;
#3542 = CARTESIAN_POINT ( 'NONE',  ( -3.799999999999999822, 1.574011537017761198, -6.000000000000007994 ) ) ;
#3543 = ORIENTED_EDGE ( 'NONE', *, *, #1017, .T. ) ;
#3544 = PRODUCT_DEFINITION_SHAPE ( 'NONE', 'NONE',  #4490 ) ;
#3545 =( REPRESENTATION_RELATIONSHIP ('NONE','NONE', #3899, #2875 ) REPRESENTATION_RELATIONSHIP_WITH_TRANSFORMATION ( #840 )SHAPE_REPRESENTATION_RELATIONSHIP( ) );
#3546 = EDGE_CURVE ( 'NONE', #1487, #1258, #3282, .T. ) ;
#3547 = ORIENTED_EDGE ( 'NONE', *, *, #3342, .T. ) ;
#3548 = ADVANCED_FACE ( 'NONE', ( #2938 ), #3990, .F. ) ;
#3549 = AXIS2_PLACEMENT_3D ( 'NONE', #171, #3338, #937 ) ;
#3550 = PLANE ( 'NONE',  #2171 ) ;
#3551 = CARTESIAN_POINT ( 'NONE',  ( 3.800000000000015365, -3.800000000000002043, 1.574011537017763418 ) ) ;
#3552 = CARTESIAN_POINT ( 'NONE',  ( -3.799999999999999378, -1.574011537017763196, -6.000000000000007994 ) ) ;
#3553 =( REPRESENTATION_RELATIONSHIP ('NONE','NONE', #3899, #2875 ) REPRESENTATION_RELATIONSHIP_WITH_TRANSFORMATION ( #2666 )SHAPE_REPRESENTATION_RELATIONSHIP( ) );
#3554 = CONTEXT_DEPENDENT_SHAPE_REPRESENTATION ( #525, #2926 ) ;
#3555 = CARTESIAN_POINT ( 'NONE',  ( 1276.826600409047614, 700.7814939935515213, 907.5428517890160265 ) ) ;
#3556 = DIRECTION ( 'NONE',  ( 0.000000000000000000, -1.000000000000000000, -4.132887772371912653E-16 ) ) ;
#3557 = DIRECTION ( 'NONE',  ( 1.000000000000000000, 0.000000000000000000, 0.000000000000000000 ) ) ;
#3558 = DIRECTION ( 'NONE',  ( 0.000000000000000000, 0.000000000000000000, 1.000000000000000000 ) ) ;
#3559 = CARTESIAN_POINT ( 'NONE',  ( 6.000000000000000000, 6.000000000000000000, -2.485281374238569541 ) ) ;
#3560 = CARTESIAN_POINT ( 'NONE',  ( -6.741996154327449808, 6.741996154327420498, -4.516007691345207853 ) ) ;
#3561 = ORIENTED_EDGE ( 'NONE', *, *, #109, .T. ) ;
#3562 =( REPRESENTATION_RELATIONSHIP ('NONE','NONE', #3899, #2875 ) REPRESENTATION_RELATIONSHIP_WITH_TRANSFORMATION ( #243 )SHAPE_REPRESENTATION_RELATIONSHIP( ) );
#3563 = ITEM_DEFINED_TRANSFORMATION ( 'NONE', 'NONE', #815,  #3602 ) ;
#3564 = ORIENTED_EDGE ( 'NONE', *, *, #3133, .T. ) ;
#3565 = ORIENTED_EDGE ( 'NONE', *, *, #4093, .T. ) ;
#3566 = CARTESIAN_POINT ( 'NONE',  ( 3.800000000000002931, 1.574011537017744100, -3.800000000000022915 ) ) ;
#3567 = VERTEX_POINT ( 'NONE', #2337 ) ;
#3568 = ORIENTED_EDGE ( 'NONE', *, *, #924, .F. ) ;
#3569 = ORIENTED_EDGE ( 'NONE', *, *, #3965, .F. ) ;
#3570 = FACE_OUTER_BOUND ( 'NONE', #2954, .T. ) ;
#3571 = VECTOR ( 'NONE', #4140, 999.9999999999998863 ) ;
#3572 = CARTESIAN_POINT ( 'NONE',  ( -6.000000000000064837, -3.800000000000002487, -3.800000000000005151 ) ) ;
#3573 = CARTESIAN_POINT ( 'NONE',  ( -5.570423279073611234, -3.344434816091359064, -5.570423279073615674 ) ) ;
#3574 = ADVANCED_FACE ( 'NONE', ( #2040, #2360 ), #3747, .T. ) ;
#3575 = ITEM_DEFINED_TRANSFORMATION ( 'NONE', 'NONE', #3081,  #3602 ) ;
#3576 = DIRECTION ( 'NONE',  ( 1.000000000000000000, 0.000000000000000000, 0.000000000000000000 ) ) ;
#3577 = CARTESIAN_POINT ( 'NONE',  ( -3.800000000000014033, -3.800000000000007816, -1.574011537017758089 ) ) ;
#3578 = AXIS2_PLACEMENT_3D ( 'NONE', #630, #3058, #3406 ) ;
#3579 = ORIENTED_EDGE ( 'NONE', *, *, #3775, .T. ) ;
#3580 =( REPRESENTATION_RELATIONSHIP ('NONE','NONE', #3899, #2875 ) REPRESENTATION_RELATIONSHIP_WITH_TRANSFORMATION ( #579 )SHAPE_REPRESENTATION_RELATIONSHIP( ) );
#3581 = PRODUCT_DEFINITION_SHAPE ( 'NONE', 'NONE',  #4285 ) ;
#3582 = CONTEXT_DEPENDENT_SHAPE_REPRESENTATION ( #1229, #1977 ) ;
#3583 = DIRECTION ( 'NONE',  ( 1.000000000000000000, 0.000000000000000000, 0.000000000000000000 ) ) ;
#3584 = AXIS2_PLACEMENT_3D ( 'NONE', #1479, #3924, #867 ) ;
#3585 = DIRECTION ( 'NONE',  ( 0.7071067811865474617, 0.7071067811865476838, -3.174553378604381272E-15 ) ) ;
#3586 = CARTESIAN_POINT ( 'NONE',  ( -2.485281374238556662, -6.000000000000007994, 5.999999999999999112 ) ) ;
#3587 = CLOSED_SHELL ( 'NONE', ( #3466, #1707, #2835, #3405, #3351, #847, #2436, #974, #580, #3015, #1002, #1558, #22, #3216, #126, #2048, #1663, #4257, #2876, #2328, #3795, #4133, #2657, #2527, #471, #2261, #2173, #2582, #3481, #871, #3446, #1978, #3107, #3574, #646, #771, #1724, #2189, #211, #124, #2800, #2727, #909, #647, #1311, #475, #2526, #2131, #2819, #450, #3548, #3929, #1327, #2597, #3813, #1627, #632, #2658, #367, #1435, #595, #1593, #1860, #790, #3063, #318, #3954, #184, #519, #2634, #301, #163, #2211, #1105, #3273, #2046, #3088, #1862, #1516, #2481, #836, #3046, #2263, #3411, #2326, #3664 ) ) ;
#3588 = EDGE_CURVE ( 'NONE', #3346, #2520, #4089, .T. ) ;
#3589 = ORIENTED_EDGE ( 'NONE', *, *, #1256, .T. ) ;
#3590 = DIRECTION ( 'NONE',  ( -0.5773502691896262862, -0.5773502691896231775, 0.5773502691896279515 ) ) ;
#3591 = EDGE_LOOP ( 'NONE', ( #3880, #2758, #2053 ) ) ;
#3592 = VERTEX_POINT ( 'NONE', #612 ) ;
#3593 = EDGE_CURVE ( 'NONE', #2584, #2854, #672, .T. ) ;
#3594 = ORIENTED_EDGE ( 'NONE', *, *, #2980, .T. ) ;
#3595 = ORIENTED_EDGE ( 'NONE', *, *, #389, .T. ) ;
#3596 = DIRECTION ( 'NONE',  ( 0.000000000000000000, -1.000000000000000000, -0.000000000000000000 ) ) ;
#3597 = DIRECTION ( 'NONE',  ( -0.4082482904638612409, -0.8164965809277279218, -0.4082482904638611854 ) ) ;
#3598 = PRODUCT_DEFINITION_SHAPE ( 'NONE', 'NONE',  #4465 ) ;
#3599 = CONTEXT_DEPENDENT_SHAPE_REPRESENTATION ( #3633, #53 ) ;
#3600 = DIRECTION ( 'NONE',  ( 0.000000000000000000, 0.000000000000000000, 1.000000000000000000 ) ) ;
#3601 = DIRECTION ( 'NONE',  ( 1.000000000000000000, -0.000000000000000000, 0.000000000000000000 ) ) ;
#3602 = AXIS2_PLACEMENT_3D ( 'NONE', #3312, #195, #494 ) ;
#3603 = DIRECTION ( 'NONE',  ( 1.000000000000000000, 0.000000000000000000, 0.000000000000000000 ) ) ;
#3604 = DIRECTION ( 'NONE',  ( 0.000000000000000000, 0.000000000000000000, 1.000000000000000000 ) ) ;
#3605 = LINE ( 'NONE', #3925, #1182 ) ;
#3606 =( REPRESENTATION_RELATIONSHIP ('NONE','NONE', #3899, #2875 ) REPRESENTATION_RELATIONSHIP_WITH_TRANSFORMATION ( #1380 )SHAPE_REPRESENTATION_RELATIONSHIP( ) );
#3607 = AXIS2_PLACEMENT_3D ( 'NONE', #1444, #768, #413 ) ;
#3608 = VECTOR ( 'NONE', #3860, 1000.000000000000000 ) ;
#3609 = CONTEXT_DEPENDENT_SHAPE_REPRESENTATION ( #2165, #2830 ) ;
#3610 = ITEM_DEFINED_TRANSFORMATION ( 'NONE', 'NONE', #4156,  #3602 ) ;
#3611 = FACE_OUTER_BOUND ( 'NONE', #2785, .T. ) ;
#3612 = PRODUCT_DEFINITION_SHAPE ( 'NONE', 'NONE',  #4392 ) ;
#3613 = EDGE_LOOP ( 'NONE', ( #585, #3468, #3561, #4085 ) ) ;
#3614 = EDGE_CURVE ( 'NONE', #482, #2150, #1323, .T. ) ;
#3615 = VERTEX_POINT ( 'NONE', #2061 ) ;
#3616 = ORIENTED_EDGE ( 'NONE', *, *, #2381, .T. ) ;
#3617 = CARTESIAN_POINT ( 'NONE',  ( -3.799999999999982947, -6.000000000000044409, 1.574011537017758977 ) ) ;
#3618 = PRODUCT_DEFINITION_SHAPE ( 'NONE', 'NONE',  #4324 ) ;
#3619 = CONTEXT_DEPENDENT_SHAPE_REPRESENTATION ( #1505, #2700 ) ;
#3620 = CARTESIAN_POINT ( 'NONE',  ( 1276.826600409047614, 688.7814939935515213, 919.5428517890160265 ) ) ;
#3621 = FACE_OUTER_BOUND ( 'NONE', #2413, .T. ) ;
#3622 = DIRECTION ( 'NONE',  ( 1.000000000000000000, -0.000000000000000000, -0.000000000000000000 ) ) ;
#3623 = AXIS2_PLACEMENT_3D ( 'NONE', #2622, #872, #3315 ) ;
#3624 =( REPRESENTATION_RELATIONSHIP ('NONE','NONE', #3899, #2875 ) REPRESENTATION_RELATIONSHIP_WITH_TRANSFORMATION ( #3071 )SHAPE_REPRESENTATION_RELATIONSHIP( ) );
#3625 = PRODUCT_DEFINITION_SHAPE ( 'NONE', 'NONE',  #4466 ) ;
#3626 = CARTESIAN_POINT ( 'NONE',  ( 1312.826600409047614, 700.7814939935515213, 931.5428517890160265 ) ) ;
#3627 = LINE ( 'NONE', #4036, #373 ) ;
#3628 = DIRECTION ( 'NONE',  ( -0.4082482904638612409, 0.8164965809277279218, 0.4082482904638611854 ) ) ;
#3629 = EDGE_CURVE ( 'NONE', #2036, #3037, #988, .T. ) ;
#3630 = ITEM_DEFINED_TRANSFORMATION ( 'NONE', 'NONE', #3833,  #3602 ) ;
#3631 = CONTEXT_DEPENDENT_SHAPE_REPRESENTATION ( #3895, #1987 ) ;
#3632 = LINE ( 'NONE', #3566, #2729 ) ;
#3633 =( REPRESENTATION_RELATIONSHIP ('NONE','NONE', #3899, #2875 ) REPRESENTATION_RELATIONSHIP_WITH_TRANSFORMATION ( #4164 )SHAPE_REPRESENTATION_RELATIONSHIP( ) );
#3634 = ORIENTED_EDGE ( 'NONE', *, *, #2396, .T. ) ;
#3635 = EDGE_LOOP ( 'NONE', ( #3231, #1933, #2439, #3805 ) ) ;
#3636 = VERTEX_POINT ( 'NONE', #930 ) ;
#3637 = CARTESIAN_POINT ( 'NONE',  ( 5.999999999999999112, -3.800000000000002487, 1.574011537017763418 ) ) ;
#3638 = AXIS2_PLACEMENT_3D ( 'NONE', #995, #3478, #2068 ) ;
#3639 = DIRECTION ( 'NONE',  ( 0.000000000000000000, 0.000000000000000000, 1.000000000000000000 ) ) ;
#3640 = DIRECTION ( 'NONE',  ( 0.7071067811865479058, -0.7071067811865472397, 0.000000000000000000 ) ) ;
#3641 = DIRECTION ( 'NONE',  ( 1.000000000000000000, -0.000000000000000000, 0.000000000000000000 ) ) ;
#3642 = CONTEXT_DEPENDENT_SHAPE_REPRESENTATION ( #765, #2372 ) ;
#3643 = DIRECTION ( 'NONE',  ( 1.000000000000000000, 0.000000000000000000, 0.000000000000000000 ) ) ;
#3644 = PRODUCT_DEFINITION_SHAPE ( 'NONE', 'NONE',  #4417 ) ;
#3645 = EDGE_CURVE ( 'NONE', #2537, #1316, #3766, .T. ) ;
#3646 = DIRECTION ( 'NONE',  ( -0.7071067811865474617, -0.7071067811865476838, -3.174553378604380483E-15 ) ) ;
#3647 =( REPRESENTATION_RELATIONSHIP ('NONE','NONE', #3899, #2875 ) REPRESENTATION_RELATIONSHIP_WITH_TRANSFORMATION ( #3869 )SHAPE_REPRESENTATION_RELATIONSHIP( ) );
#3648 = FACE_OUTER_BOUND ( 'NONE', #2904, .T. ) ;
#3649 = CARTESIAN_POINT ( 'NONE',  ( 1324.826600409047614, 676.7814939935515213, 907.5428517890160265 ) ) ;
#3650 = AXIS2_PLACEMENT_3D ( 'NONE', #1418, #363, #2716 ) ;
#3651 = AXIS2_PLACEMENT_3D ( 'NONE', #3269, #1526, #3176 ) ;
#3652 = PRODUCT_DEFINITION_SHAPE ( 'NONE', 'NONE',  #4305 ) ;
#3653 = PLANE ( 'NONE',  #3279 ) ;
#3654 = ORIENTED_EDGE ( 'NONE', *, *, #3320, .T. ) ;
#3655 = VERTEX_POINT ( 'NONE', #2024 ) ;
#3656 = ORIENTED_EDGE ( 'NONE', *, *, #725, .T. ) ;
#3657 = LINE ( 'NONE', #2268, #757 ) ;
#3658 = CONTEXT_DEPENDENT_SHAPE_REPRESENTATION ( #746, #635 ) ;
#3659 = CARTESIAN_POINT ( 'NONE',  ( 1288.826600409047614, 700.7814939935515213, 919.5428517890160265 ) ) ;
#3660 =( REPRESENTATION_RELATIONSHIP ('NONE','NONE', #3899, #2875 ) REPRESENTATION_RELATIONSHIP_WITH_TRANSFORMATION ( #3202 )SHAPE_REPRESENTATION_RELATIONSHIP( ) );
#3661 = DIRECTION ( 'NONE',  ( 0.7071067811865473507, 0.7071067811865476838, 0.000000000000000000 ) ) ;
#3662 = PLANE ( 'NONE',  #1129 ) ;
#3663 = LINE ( 'NONE', #105, #3210 ) ;
#3664 = ADVANCED_FACE ( 'NONE', ( #3408 ), #2677, .T. ) ;
#3665 = CONTEXT_DEPENDENT_SHAPE_REPRESENTATION ( #2612, #3057 ) ;
#3666 = EDGE_CURVE ( 'NONE', #1076, #522, #2400, .T. ) ;
#3667 = CARTESIAN_POINT ( 'NONE',  ( 1312.826600409047614, 640.7814939935514076, 871.5428517890160265 ) ) ;
#3668 = CARTESIAN_POINT ( 'NONE',  ( -6.000000000000000000, 2.485281374238570429, 6.000000000000000000 ) ) ;
#3669 = CARTESIAN_POINT ( 'NONE',  ( -6.000000000000000000, 3.800000000000003819, 0.000000000000000000 ) ) ;
#3670 = VECTOR ( 'NONE', #2611, 1000.000000000000114 ) ;
#3671 = AXIS2_PLACEMENT_3D ( 'NONE', #3066, #1035, #1373 ) ;
#3672 = DIRECTION ( 'NONE',  ( 1.000000000000000000, 0.000000000000000000, 0.000000000000000000 ) ) ;
#3673 = LINE ( 'NONE', #3710, #2958 ) ;
#3674 = ORIENTED_EDGE ( 'NONE', *, *, #4076, .T. ) ;
#3675 = VECTOR ( 'NONE', #2274, 999.9999999999998863 ) ;
#3676 = ORIENTED_EDGE ( 'NONE', *, *, #4058, .T. ) ;
#3677 =( REPRESENTATION_RELATIONSHIP ('NONE','NONE', #3899, #2875 ) REPRESENTATION_RELATIONSHIP_WITH_TRANSFORMATION ( #2972 )SHAPE_REPRESENTATION_RELATIONSHIP( ) );
#3678 = EDGE_CURVE ( 'NONE', #1973, #1150, #3041, .T. ) ;
#3679 = PRODUCT_DEFINITION_SHAPE ( 'NONE', 'NONE',  #4418 ) ;
#3680 = AXIS2_PLACEMENT_3D ( 'NONE', #144, #33, #2435 ) ;
#3681 = EDGE_CURVE ( 'NONE', #2561, #3185, #1666, .T. ) ;
#3682 = ITEM_DEFINED_TRANSFORMATION ( 'NONE', 'NONE', #1246,  #3602 ) ;
#3683 = CARTESIAN_POINT ( 'NONE',  ( 1288.826600409047614, 676.7814939935515213, 931.5428517890160265 ) ) ;
#3684 = CARTESIAN_POINT ( 'NONE',  ( 1.574011537017762308, -3.800000000000000266, -6.000000000000007994 ) ) ;
#3685 = DIRECTION ( 'NONE',  ( 5.234991178337758130E-16, 3.489994118891836781E-16, -1.000000000000000000 ) ) ;
#3686 = AXIS2_PLACEMENT_3D ( 'NONE', #4183, #1469, #4249 ) ;
#3687 =( REPRESENTATION_RELATIONSHIP ('NONE','NONE', #3899, #2875 ) REPRESENTATION_RELATIONSHIP_WITH_TRANSFORMATION ( #1869 )SHAPE_REPRESENTATION_RELATIONSHIP( ) );
#3688 = CARTESIAN_POINT ( 'NONE',  ( 1336.826600409047614, 640.7814939935514076, 871.5428517890160265 ) ) ;
#3689 = AXIS2_PLACEMENT_3D ( 'NONE', #4039, #578, #240 ) ;
#3690 = CARTESIAN_POINT ( 'NONE',  ( 6.000000000000000000, 2.687005768508882841, 2.687005768508885062 ) ) ;
#3691 = DIRECTION ( 'NONE',  ( -3.491481338843132961E-15, 1.000000000000000000, 0.000000000000000000 ) ) ;
#3692 = AXIS2_PLACEMENT_3D ( 'NONE', #2140, #2915, #4212 ) ;
#3693 = DIRECTION ( 'NONE',  ( 1.000000000000000000, 0.000000000000000000, 0.000000000000000000 ) ) ;
#3694 = ITEM_DEFINED_TRANSFORMATION ( 'NONE', 'NONE', #3863,  #3602 ) ;
#3695 = CONTEXT_DEPENDENT_SHAPE_REPRESENTATION ( #3562, #3843 ) ;
#3696 = CARTESIAN_POINT ( 'NONE',  ( 1.574011537017782070, -6.000000000000021316, -3.800000000000006484 ) ) ;
#3697 = ORIENTED_EDGE ( 'NONE', *, *, #3529, .T. ) ;
#3698 = PRODUCT_DEFINITION_SHAPE ( 'NONE', 'NONE',  #4429 ) ;
#3699 = EDGE_LOOP ( 'NONE', ( #2462, #1363, #1509, #4135, #4132, #2018, #1198, #476 ) ) ;
#3700 =( REPRESENTATION_RELATIONSHIP ('NONE','NONE', #3899, #2875 ) REPRESENTATION_RELATIONSHIP_WITH_TRANSFORMATION ( #976 )SHAPE_REPRESENTATION_RELATIONSHIP( ) );
#3701 = DIRECTION ( 'NONE',  ( 1.000000000000000000, 0.000000000000000000, 0.000000000000000000 ) ) ;
#3702 = ORIENTED_EDGE ( 'NONE', *, *, #3731, .T. ) ;
#3703 = DIRECTION ( 'NONE',  ( 0.5773502691896262862, 0.5773502691896231775, 0.5773502691896279515 ) ) ;
#3704 = DIRECTION ( 'NONE',  ( -3.491481338843133750E-15, 1.000000000000000000, 5.234991178337752214E-16 ) ) ;
#3705 = DIRECTION ( 'NONE',  ( 1.000000000000000000, 0.000000000000000000, 0.000000000000000000 ) ) ;
#3706 = LINE ( 'NONE', #3335, #823 ) ;
#3707 = CARTESIAN_POINT ( 'NONE',  ( 1324.826600409047614, 676.7814939935515213, 931.5428517890160265 ) ) ;
#3708 = CONTEXT_DEPENDENT_SHAPE_REPRESENTATION ( #636, #1603 ) ;
#3709 = CONTEXT_DEPENDENT_SHAPE_REPRESENTATION ( #2282, #1382 ) ;
#3710 = CARTESIAN_POINT ( 'NONE',  ( -3.799999999999999822, 1.574011537017761864, 3.800000000000004263 ) ) ;
#3711 = PRODUCT_DEFINITION_SHAPE ( 'NONE', 'NONE',  #4424 ) ;
#3712 = EDGE_LOOP ( 'NONE', ( #204, #2511, #1296, #2513, #2996, #1906, #458, #940 ) ) ;
#3713 = AXIS2_PLACEMENT_3D ( 'NONE', #2500, #2550, #1496 ) ;
#3714 = ITEM_DEFINED_TRANSFORMATION ( 'NONE', 'NONE', #1102,  #3602 ) ;
#3715 = EDGE_CURVE ( 'NONE', #2756, #3053, #315, .T. ) ;
#3716 = EDGE_LOOP ( 'NONE', ( #1005, #1623, #1457, #3040 ) ) ;
#3717 = AXIS2_PLACEMENT_3D ( 'NONE', #1357, #2432, #2456 ) ;
#3718 = ITEM_DEFINED_TRANSFORMATION ( 'NONE', 'NONE', #3402,  #3602 ) ;
#3719 = PRODUCT_DEFINITION_SHAPE ( 'NONE', 'NONE',  #4355 ) ;
#3720 = EDGE_CURVE ( 'NONE', #1536, #3655, #1345, .T. ) ;
#3721 = CONTEXT_DEPENDENT_SHAPE_REPRESENTATION ( #3348, #3399 ) ;
#3722 = DIRECTION ( 'NONE',  ( 1.000000000000000000, 0.000000000000000000, 0.000000000000000000 ) ) ;
#3723 = VERTEX_POINT ( 'NONE', #2655 ) ;
#3724 = CARTESIAN_POINT ( 'NONE',  ( -6.000000000000065725, 3.800000000000003375, 1.574011537017764084 ) ) ;
#3725 = DIRECTION ( 'NONE',  ( -0.7071067811865393571, -0.7071067811865556774, 0.000000000000000000 ) ) ;
#3726 = AXIS2_PLACEMENT_3D ( 'NONE', #147, #805, #2919 ) ;
#3727 = DIRECTION ( 'NONE',  ( 0.000000000000000000, 0.000000000000000000, 1.000000000000000000 ) ) ;
#3728 = DIRECTION ( 'NONE',  ( 0.7071067811865531239, -1.744997059445915679E-16, 0.7071067811865420216 ) ) ;
#3729 = CARTESIAN_POINT ( 'NONE',  ( -3.800000000000005151, 1.574011537017768303, -3.799999999999998490 ) ) ;
#3730 = DIRECTION ( 'NONE',  ( 0.000000000000000000, 0.000000000000000000, 1.000000000000000000 ) ) ;
#3731 = EDGE_CURVE ( 'NONE', #1144, #1051, #2743, .T. ) ;
#3732 = CARTESIAN_POINT ( 'NONE',  ( 3.800000000000002487, 6.000000000000000000, -1.574011537017738105 ) ) ;
#3733 = CARTESIAN_POINT ( 'NONE',  ( 1324.826600409047614, 664.7814939935515213, 895.5428517890160265 ) ) ;
#3734 = CONTEXT_DEPENDENT_SHAPE_REPRESENTATION ( #1568, #563 ) ;
#3735 = AXIS2_PLACEMENT_3D ( 'NONE', #3092, #2345, #3029 ) ;
#3736 = DIRECTION ( 'NONE',  ( -0.4472135954999598151, -0.8944271909999148562, 0.000000000000000000 ) ) ;
#3737 = ITEM_DEFINED_TRANSFORMATION ( 'NONE', 'NONE', #638,  #3602 ) ;
#3738 = CARTESIAN_POINT ( 'NONE',  ( 6.000000000000000000, 6.000000000000000000, -2.485281374238569541 ) ) ;
#3739 = AXIS2_PLACEMENT_3D ( 'NONE', #2384, #745, #2772 ) ;
#3740 = ORIENTED_EDGE ( 'NONE', *, *, #889, .F. ) ;
#3741 = ORIENTED_EDGE ( 'NONE', *, *, #1061, .F. ) ;
#3742 = EDGE_CURVE ( 'NONE', #3037, #2330, #3391, .T. ) ;
#3743 =( REPRESENTATION_RELATIONSHIP ('NONE','NONE', #3899, #2875 ) REPRESENTATION_RELATIONSHIP_WITH_TRANSFORMATION ( #2369 )SHAPE_REPRESENTATION_RELATIONSHIP( ) );
#3744 = VECTOR ( 'NONE', #86, 1000.000000000000114 ) ;
#3745 = CARTESIAN_POINT ( 'NONE',  ( 1300.826600409047614, 676.7814939935515213, 895.5428517890160265 ) ) ;
#3746 = ORIENTED_EDGE ( 'NONE', *, *, #3546, .T. ) ;
#3747 = PLANE ( 'NONE',  #3174 ) ;
#3748 = DIRECTION ( 'NONE',  ( 0.7071067811865475727, 2.839019907247703891E-15, -0.7071067811865475727 ) ) ;
#3749 = AXIS2_PLACEMENT_3D ( 'NONE', #3344, #1618, #1658 ) ;
#3750 = DIRECTION ( 'NONE',  ( 0.000000000000000000, 0.000000000000000000, 1.000000000000000000 ) ) ;
#3751 = PRODUCT_DEFINITION_SHAPE ( 'NONE', 'NONE',  #4412 ) ;
#3752 = DIRECTION ( 'NONE',  ( -0.5773502691896262862, -0.5773502691896231775, 0.5773502691896279515 ) ) ;
#3753 = DIRECTION ( 'NONE',  ( 1.000000000000000000, 0.000000000000000000, 0.000000000000000000 ) ) ;
#3754 = CARTESIAN_POINT ( 'NONE',  ( 1336.826600409047614, 652.7814939935514076, 883.5428517890160265 ) ) ;
#3755 = PRODUCT_DEFINITION_SHAPE ( 'NONE', 'NONE',  #4340 ) ;
#3756 = DIRECTION ( 'NONE',  ( -1.000000000000000000, 3.846334405231444514E-32, -1.102103405965840054E-16 ) ) ;
#3757 = CONTEXT_DEPENDENT_SHAPE_REPRESENTATION ( #3387, #3625 ) ;
#3758 = FACE_OUTER_BOUND ( 'NONE', #1124, .T. ) ;
#3759 = EDGE_CURVE ( 'NONE', #4240, #3961, #1010, .T. ) ;
#3760 = AXIS2_PLACEMENT_3D ( 'NONE', #2683, #2602, #4074 ) ;
#3761 = ORIENTED_EDGE ( 'NONE', *, *, #3614, .T. ) ;
#3762 = CONTEXT_DEPENDENT_SHAPE_REPRESENTATION ( #3845, #3526 ) ;
#3763 = VERTEX_POINT ( 'NONE', #1609 ) ;
#3764 = DIRECTION ( 'NONE',  ( 1.000000000000000000, 0.000000000000000000, 0.000000000000000000 ) ) ;
#3765 = VERTEX_POINT ( 'NONE', #589 ) ;
#3766 = LINE ( 'NONE', #3084, #1571 ) ;
#3767 = FILL_AREA_STYLE_COLOUR ( '', #3893 ) ;
#3768 =( REPRESENTATION_RELATIONSHIP ('NONE','NONE', #3899, #2875 ) REPRESENTATION_RELATIONSHIP_WITH_TRANSFORMATION ( #3682 )SHAPE_REPRESENTATION_RELATIONSHIP( ) );
#3769 = EDGE_CURVE ( 'NONE', #522, #606, #3369, .T. ) ;
#3770 = ITEM_DEFINED_TRANSFORMATION ( 'NONE', 'NONE', #3971,  #3602 ) ;
#3771 = DIRECTION ( 'NONE',  ( 0.000000000000000000, 0.000000000000000000, 1.000000000000000000 ) ) ;
#3772 = CARTESIAN_POINT ( 'NONE',  ( -6.000000000000065725, 1.574011537017763640, -3.800000000000002931 ) ) ;
#3773 = SURFACE_SIDE_STYLE ('',( #655 ) ) ;
#3774 = CARTESIAN_POINT ( 'NONE',  ( 1336.826600409047614, 664.7814939935515213, 895.5428517890160265 ) ) ;
#3775 = EDGE_CURVE ( 'NONE', #2154, #1840, #255, .T. ) ;
#3776 = DIRECTION ( 'NONE',  ( 1.000000000000000000, 0.000000000000000000, 0.000000000000000000 ) ) ;
#3777 = AXIS2_PLACEMENT_3D ( 'NONE', #1399, #3818, #2028 ) ;
#3778 = CARTESIAN_POINT ( 'NONE',  ( 1.574011537017782292, 6.000000000000000000, -3.800000000000000266 ) ) ;
#3779 = CARTESIAN_POINT ( 'NONE',  ( -1.574011537017740991, -6.000000000000034639, -3.800000000000006928 ) ) ;
#3780 = ORIENTED_EDGE ( 'NONE', *, *, #3775, .F. ) ;
#3781 = ITEM_DEFINED_TRANSFORMATION ( 'NONE', 'NONE', #990,  #3602 ) ;
#3782 = ORIENTED_EDGE ( 'NONE', *, *, #1369, .T. ) ;
#3783 = VERTEX_POINT ( 'NONE', #2816 ) ;
#3784 =( REPRESENTATION_RELATIONSHIP ('NONE','NONE', #3899, #2875 ) REPRESENTATION_RELATIONSHIP_WITH_TRANSFORMATION ( #957 )SHAPE_REPRESENTATION_RELATIONSHIP( ) );
#3785 = AXIS2_PLACEMENT_3D ( 'NONE', #4143, #3533, #3095 ) ;
#3786 = AXIS2_PLACEMENT_3D ( 'NONE', #158, #4254, #3441 ) ;
#3787 = DIRECTION ( 'NONE',  ( 1.000000000000000000, 0.000000000000000000, 0.000000000000000000 ) ) ;
#3788 = CARTESIAN_POINT ( 'NONE',  ( 1300.826600409047614, 664.7814939935515213, 931.5428517890160265 ) ) ;
#3789 = VERTEX_POINT ( 'NONE', #2794 ) ;
#3790 = CARTESIAN_POINT ( 'NONE',  ( -6.000000000000000000, -6.000000000000000000, -2.485281374238569541 ) ) ;
#3791 = DIRECTION ( 'NONE',  ( 1.377629257457303889E-16, -1.000000000000000000, 0.000000000000000000 ) ) ;
#3792 = CARTESIAN_POINT ( 'NONE',  ( 1276.826600409047614, 652.7814939935514076, 883.5428517890160265 ) ) ;
#3793 = DIRECTION ( 'NONE',  ( 9.992007221626408864E-16, -0.7071067811865454633, -0.7071067811865496822 ) ) ;
#3794 = EDGE_CURVE ( 'NONE', #4243, #3100, #2158, .T. ) ;
#3795 = ADVANCED_FACE ( 'NONE', ( #3112 ), #34, .F. ) ;
#3796 = DIRECTION ( 'NONE',  ( 1.000000000000000000, 0.000000000000000000, 0.000000000000000000 ) ) ;
#3797 = ITEM_DEFINED_TRANSFORMATION ( 'NONE', 'NONE', #3785,  #3602 ) ;
#3798 = PRODUCT_DEFINITION_SHAPE ( 'NONE', 'NONE',  #4286 ) ;
#3799 = DIRECTION ( 'NONE',  ( 0.000000000000000000, 0.000000000000000000, 1.000000000000000000 ) ) ;
#3800 = CARTESIAN_POINT ( 'NONE',  ( -6.000000000000065725, -3.800000000000002487, 1.574011537017763418 ) ) ;
#3801 = CARTESIAN_POINT ( 'NONE',  ( -6.741996154327437374, 4.516007691345177655, -6.741996154327445367 ) ) ;
#3802 =( REPRESENTATION_RELATIONSHIP ('NONE','NONE', #3899, #2875 ) REPRESENTATION_RELATIONSHIP_WITH_TRANSFORMATION ( #3714 )SHAPE_REPRESENTATION_RELATIONSHIP( ) );
#3803 = AXIS2_PLACEMENT_3D ( 'NONE', #1282, #4087, #2641 ) ;
#3804 = ORIENTED_EDGE ( 'NONE', *, *, #4221, .T. ) ;
#3805 = ORIENTED_EDGE ( 'NONE', *, *, #1303, .F. ) ;
#3806 = ORIENTED_EDGE ( 'NONE', *, *, #1294, .F. ) ;
#3807 = VECTOR ( 'NONE', #1504, 1000.000000000000114 ) ;
#3808 = FACE_BOUND ( 'NONE', #311, .T. ) ;
#3809 = DIRECTION ( 'NONE',  ( 1.000000000000000000, 0.000000000000000000, 0.000000000000000000 ) ) ;
#3810 = DIRECTION ( 'NONE',  ( 0.000000000000000000, 0.7071067811865472397, 0.7071067811865479058 ) ) ;
#3811 = DIRECTION ( 'NONE',  ( -0.4082482904638627952, -0.4082482904638662924, -0.8164965809277245912 ) ) ;
#3812 = LINE ( 'NONE', #698, #763 ) ;
#3813 = ADVANCED_FACE ( 'NONE', ( #2863 ), #2522, .F. ) ;
#3814 = VECTOR ( 'NONE', #802, 1000.000000000000000 ) ;
#3815 = EDGE_CURVE ( 'NONE', #3300, #451, #1033, .T. ) ;
#3816 = ITEM_DEFINED_TRANSFORMATION ( 'NONE', 'NONE', #3891,  #3602 ) ;
#3817 = CARTESIAN_POINT ( 'NONE',  ( 1276.826600409047614, 664.7814939935515213, 931.5428517890160265 ) ) ;
#3818 = DIRECTION ( 'NONE',  ( 0.7071067811865472397, 2.098680354916826402E-15, 0.7071067811865479058 ) ) ;
#3819 = DIRECTION ( 'NONE',  ( 0.000000000000000000, 0.8944271909999141901, 0.4472135954999614249 ) ) ;
#3820 = DIRECTION ( 'NONE',  ( 1.000000000000000000, 0.000000000000000000, 0.000000000000000000 ) ) ;
#3821 = AXIS2_PLACEMENT_3D ( 'NONE', #2371, #2033, #2350 ) ;
#3822 = ITEM_DEFINED_TRANSFORMATION ( 'NONE', 'NONE', #1173,  #3602 ) ;
#3823 = DIRECTION ( 'NONE',  ( 0.000000000000000000, 0.000000000000000000, 1.000000000000000000 ) ) ;
#3824 = LINE ( 'NONE', #3778, #1692 ) ;
#3825 = CONTEXT_DEPENDENT_SHAPE_REPRESENTATION ( #198, #1795 ) ;
#3826 = DIRECTION ( 'NONE',  ( -0.4472135954999600371, 0.8944271909999149672, 0.000000000000000000 ) ) ;
#3827 = VERTEX_POINT ( 'NONE', #3551 ) ;
#3828 = ITEM_DEFINED_TRANSFORMATION ( 'NONE', 'NONE', #2449,  #3602 ) ;
#3829 = VERTEX_POINT ( 'NONE', #343 ) ;
#3830 =( REPRESENTATION_RELATIONSHIP ('NONE','NONE', #3899, #2875 ) REPRESENTATION_RELATIONSHIP_WITH_TRANSFORMATION ( #733 )SHAPE_REPRESENTATION_RELATIONSHIP( ) );
#3831 = ORIENTED_EDGE ( 'NONE', *, *, #2755, .T. ) ;
#3832 = CARTESIAN_POINT ( 'NONE',  ( -5.570423279073613010, -5.570423279073589917, 3.344434816091367502 ) ) ;
#3833 = AXIS2_PLACEMENT_3D ( 'NONE', #3378, #2971, #2790 ) ;
#3834 = FACE_OUTER_BOUND ( 'NONE', #2978, .T. ) ;
#3835 = DIRECTION ( 'NONE',  ( 0.000000000000000000, 0.000000000000000000, 1.000000000000000000 ) ) ;
#3836 = PLANE ( 'NONE',  #3920 ) ;
#3837 = FACE_OUTER_BOUND ( 'NONE', #1439, .T. ) ;
#3838 = DIRECTION ( 'NONE',  ( 0.000000000000000000, 0.4472135954999555407, -0.8944271909999169656 ) ) ;
#3839 = ITEM_DEFINED_TRANSFORMATION ( 'NONE', 'NONE', #760,  #3602 ) ;
#3840 = DIRECTION ( 'NONE',  ( 0.000000000000000000, 0.000000000000000000, 1.000000000000000000 ) ) ;
#3841 = DIRECTION ( 'NONE',  ( 0.7071067811865472397, 0.7071067811865479058, 0.000000000000000000 ) ) ;
#3842 = FACE_OUTER_BOUND ( 'NONE', #1362, .T. ) ;
#3843 = PRODUCT_DEFINITION_SHAPE ( 'NONE', 'NONE',  #4467 ) ;
#3844 = CARTESIAN_POINT ( 'NONE',  ( 1336.826600409047614, 652.7814939935514076, 895.5428517890160265 ) ) ;
#3845 =( REPRESENTATION_RELATIONSHIP ('NONE','NONE', #3899, #2875 ) REPRESENTATION_RELATIONSHIP_WITH_TRANSFORMATION ( #1027 )SHAPE_REPRESENTATION_RELATIONSHIP( ) );
#3846 = CARTESIAN_POINT ( 'NONE',  ( 1312.826600409047614, 652.7814939935514076, 931.5428517890160265 ) ) ;
#3847 = DIRECTION ( 'NONE',  ( 1.000000000000000000, -0.000000000000000000, -0.000000000000000000 ) ) ;
#3848 = CARTESIAN_POINT ( 'NONE',  ( -6.000000000000065725, 1.574011537017761642, 3.800000000000004263 ) ) ;
#3849 = PLANE ( 'NONE',  #3680 ) ;
#3850 = EDGE_LOOP ( 'NONE', ( #1563, #1260, #276, #1338 ) ) ;
#3851 = ITEM_DEFINED_TRANSFORMATION ( 'NONE', 'NONE', #3949,  #3602 ) ;
#3852 = VECTOR ( 'NONE', #3295, 1000.000000000000000 ) ;
#3853 = ITEM_DEFINED_TRANSFORMATION ( 'NONE', 'NONE', #2333,  #3602 ) ;
#3854 = EDGE_LOOP ( 'NONE', ( #337, #4219, #3103, #2353 ) ) ;
#3855 = CARTESIAN_POINT ( 'NONE',  ( 3.800000000000042899, -3.800000000000002043, -1.574011537017764528 ) ) ;
#3856 = EDGE_CURVE ( 'NONE', #1150, #2687, #1470, .T. ) ;
#3857 =( REPRESENTATION_RELATIONSHIP ('NONE','NONE', #3899, #2875 ) REPRESENTATION_RELATIONSHIP_WITH_TRANSFORMATION ( #1446 )SHAPE_REPRESENTATION_RELATIONSHIP( ) );
#3858 = DIRECTION ( 'NONE',  ( 0.000000000000000000, 0.000000000000000000, 1.000000000000000000 ) ) ;
#3859 = DIRECTION ( 'NONE',  ( -0.000000000000000000, -0.000000000000000000, 1.000000000000000000 ) ) ;
#3860 = DIRECTION ( 'NONE',  ( -0.7071067811865441310, 3.427211087799647761E-15, 0.7071067811865510144 ) ) ;
#3861 = CARTESIAN_POINT ( 'NONE',  ( 6.741996154327460467, -6.741996154327432045, 4.516007691345217623 ) ) ;
#3862 = PRODUCT_DEFINITION_SHAPE ( 'NONE', 'NONE',  #4317 ) ;
#3863 = AXIS2_PLACEMENT_3D ( 'NONE', #2083, #3835, #1687 ) ;
#3864 = CARTESIAN_POINT ( 'NONE',  ( -3.799999999999987388, -3.799999999999987832, 1.574011537017763418 ) ) ;
#3865 = DIRECTION ( 'NONE',  ( 1.000000000000000000, 0.000000000000000000, 0.000000000000000000 ) ) ;
#3866 = DIRECTION ( 'NONE',  ( -0.7071067811865474617, 0.000000000000000000, -0.7071067811865474617 ) ) ;
#3867 = AXIS2_PLACEMENT_3D ( 'NONE', #1114, #1852, #2507 ) ;
#3868 = CARTESIAN_POINT ( 'NONE',  ( 1336.826600409047614, 700.7814939935515213, 883.5428517890160265 ) ) ;
#3869 = ITEM_DEFINED_TRANSFORMATION ( 'NONE', 'NONE', #2698,  #3602 ) ;
#3870 = DIRECTION ( 'NONE',  ( 0.000000000000000000, 0.000000000000000000, 1.000000000000000000 ) ) ;
#3871 =( REPRESENTATION_RELATIONSHIP ('NONE','NONE', #3899, #2875 ) REPRESENTATION_RELATIONSHIP_WITH_TRANSFORMATION ( #1111 )SHAPE_REPRESENTATION_RELATIONSHIP( ) );
#3872 = LINE ( 'NONE', #423, #2784 ) ;
#3873 = CARTESIAN_POINT ( 'NONE',  ( 3.344434816091368390, 5.570423279073596134, 5.570423279073623668 ) ) ;
#3874 = DIRECTION ( 'NONE',  ( 0.7071067811865395791, 1.744997059445915186E-16, -0.7071067811865554553 ) ) ;
#3875 = EDGE_CURVE ( 'NONE', #2709, #3567, #3915, .T. ) ;
#3876 = ORIENTED_EDGE ( 'NONE', *, *, #1919, .F. ) ;
#3877 = EDGE_CURVE ( 'NONE', #1973, #3655, #1057, .T. ) ;
#3878 = CONTEXT_DEPENDENT_SHAPE_REPRESENTATION ( #2923, #824 ) ;
#3879 =( REPRESENTATION_RELATIONSHIP ('NONE','NONE', #3899, #2875 ) REPRESENTATION_RELATIONSHIP_WITH_TRANSFORMATION ( #1317 )SHAPE_REPRESENTATION_RELATIONSHIP( ) );
#3880 = ORIENTED_EDGE ( 'NONE', *, *, #4093, .F. ) ;
#3881 = ORIENTED_EDGE ( 'NONE', *, *, #1017, .F. ) ;
#3882 = CARTESIAN_POINT ( 'NONE',  ( -1.574011537017760087, -3.800000000000002043, -6.000000000000000000 ) ) ;
#3883 =( REPRESENTATION_RELATIONSHIP ('NONE','NONE', #3899, #2875 ) REPRESENTATION_RELATIONSHIP_WITH_TRANSFORMATION ( #3271 )SHAPE_REPRESENTATION_RELATIONSHIP( ) );
#3884 = ORIENTED_EDGE ( 'NONE', *, *, #270, .F. ) ;
#3885 = AXIS2_PLACEMENT_3D ( 'NONE', #996, #619, #2386 ) ;
#3886 = LINE ( 'NONE', #364, #574 ) ;
#3887 =( REPRESENTATION_RELATIONSHIP ('NONE','NONE', #3899, #2875 ) REPRESENTATION_RELATIONSHIP_WITH_TRANSFORMATION ( #1701 )SHAPE_REPRESENTATION_RELATIONSHIP( ) );
#3888 = VECTOR ( 'NONE', #1358, 1000.000000000000000 ) ;
#3889 = CARTESIAN_POINT ( 'NONE',  ( 3.800000000000001155, 1.574011537017763640, -6.000000000000007994 ) ) ;
#3890 = PLANE ( 'NONE',  #3607 ) ;
#3891 = AXIS2_PLACEMENT_3D ( 'NONE', #1250, #298, #2321 ) ;
#3892 = CARTESIAN_POINT ( 'NONE',  ( 1276.826600409047614, 688.7814939935515213, 895.5428517890160265 ) ) ;
#3893 = COLOUR_RGB ( '',0.8941176470588234615, 0.8941176470588234615, 0.8941176470588234615 ) ;
#3894 = CARTESIAN_POINT ( 'NONE',  ( 4.828427124746198729, 4.828427124746227150, -4.828427124746161425 ) ) ;
#3895 =( REPRESENTATION_RELATIONSHIP ('NONE','NONE', #3899, #2875 ) REPRESENTATION_RELATIONSHIP_WITH_TRANSFORMATION ( #172 )SHAPE_REPRESENTATION_RELATIONSHIP( ) );
#3896 = VECTOR ( 'NONE', #2319, 1000.000000000000000 ) ;
#3897 = ITEM_DEFINED_TRANSFORMATION ( 'NONE', 'NONE', #2928,  #3602 ) ;
#3898 = DIRECTION ( 'NONE',  ( 1.000000000000000000, 0.000000000000000000, 0.000000000000000000 ) ) ;
#3899 = SHAPE_REPRESENTATION ( '6x6 mesh', ( #3692, #3379, #1483, #1194, #1559, #3735, #2137, #2355, #4248, #2713, #3310, #3885, #1930, #548, #3079, #3381, #3377, #971, #1694, #334, #1125, #2285, #3971, #4104, #408, #4253, #2003, #3891, #1934, #40, #2142, #2946, #2290, #2581, #827, #2506, #617, #2356, #3169, #1197, #3527, #190, #2715, #3739, #3314, #1405, #1562, #760, #1329, #1776, #553, #3081, #3671, #1087, #2407, #466, #1246, #4081, #1747, #664, #599, #89, #3221, #1674, #1979, #1379, #1538, #2692, #2997, #1835, #2195, #4016, #3786, #737, #3137, #4230, #2417, #3713, #1026, #2333, #238, #3803, #3943, #2994, #1019, #2924, #14, #2269, #951, #815, #1606, #1102, #308, #4156, #2115, #3500, #2558, #3292, #3056, #884, #161, #3650, #1307, #2767, #1910, #3863, #384, #2631, #2846, #1170, #3360, #3425, #1241, #1464, #3578, #2480, #531, #2045, #1541, #819, #1173, #2338, #1985, #1189, #2563, #2200, #16, #3785, #602, #1310, #955, #3505, #3363, #386, #2928, #2488, #1754, #1913, #2123, #3144, #241, #4084, #536, #3717, #2775, #167, #2698, #739, #3867, #3296, #3584, #1385, #1611, #4158, #3949, #3470, #1145, #990, #1506, #351, #1717, #3105, #2449, #281, #2896, #1583, #3265, #3549, #858, #3760, #4055, #1280, #4123, #3623, #1349, #2164, #2820, #208, #3402, #1801, #2086, #3833, #2601, #134, #355, #1068, #638, #3689, #2940, #4274, #2737, #2311, #2669, #926, #3192, #502, #3035, #3334, #1882, #1830, #2378, #706, #1645, #1427, #784, #2376, #3913, #4203, #2242, #1957, #3992, #2021, #64, #1218, #434, #429, #2966 ), #1586 ) ;
#3900 = LINE ( 'NONE', #1185, #393 ) ;
#3901 = CARTESIAN_POINT ( 'NONE',  ( 4.516007691345202524, -6.741996154327424051, -6.741996154327460467 ) ) ;
#3902 = EDGE_LOOP ( 'NONE', ( #3251, #1661, #2977, #2264 ) ) ;
#3903 = VECTOR ( 'NONE', #938, 1000.000000000000000 ) ;
#3904 = CONTEXT_DEPENDENT_SHAPE_REPRESENTATION ( #2450, #2244 ) ;
#3905 = ORIENTED_EDGE ( 'NONE', *, *, #3965, .T. ) ;
#3906 = EDGE_CURVE ( 'NONE', #2812, #4150, #390, .T. ) ;
#3907 = PRODUCT_DEFINITION_SHAPE ( 'NONE', 'NONE',  #4304 ) ;
#3908 = ORIENTED_EDGE ( 'NONE', *, *, #1817, .T. ) ;
#3909 = CARTESIAN_POINT ( 'NONE',  ( 1.574011537017761864, 3.800000000000000711, -6.000000000000007994 ) ) ;
#3910 = VECTOR ( 'NONE', #1764, 1000.000000000000000 ) ;
#3911 = ORIENTED_EDGE ( 'NONE', *, *, #2961, .F. ) ;
#3912 = ORIENTED_EDGE ( 'NONE', *, *, #2442, .T. ) ;
#3913 = AXIS2_PLACEMENT_3D ( 'NONE', #1355, #1676, #952 ) ;
#3914 = CARTESIAN_POINT ( 'NONE',  ( -6.000000000000014211, 6.000000000000000000, -2.485281374238536234 ) ) ;
#3915 = LINE ( 'NONE', #365, #1416 ) ;
#3916 = LINE ( 'NONE', #46, #2225 ) ;
#3917 = DIRECTION ( 'NONE',  ( 0.000000000000000000, 0.000000000000000000, 1.000000000000000000 ) ) ;
#3918 =( REPRESENTATION_RELATIONSHIP ('NONE','NONE', #3899, #2875 ) REPRESENTATION_RELATIONSHIP_WITH_TRANSFORMATION ( #2826 )SHAPE_REPRESENTATION_RELATIONSHIP( ) );
#3919 = CONTEXT_DEPENDENT_SHAPE_REPRESENTATION ( #3069, #1874 ) ;
#3920 = AXIS2_PLACEMENT_3D ( 'NONE', #2469, #3810, #1056 ) ;
#3921 = CARTESIAN_POINT ( 'NONE',  ( 1276.826600409047614, 700.7814939935515213, 883.5428517890160265 ) ) ;
#3922 = DIRECTION ( 'NONE',  ( 0.7071067811865474617, 0.000000000000000000, 0.7071067811865474617 ) ) ;
#3923 = DIRECTION ( 'NONE',  ( 1.000000000000000000, 0.000000000000000000, 0.000000000000000000 ) ) ;
#3924 = DIRECTION ( 'NONE',  ( 0.000000000000000000, 0.000000000000000000, 1.000000000000000000 ) ) ;
#3925 = CARTESIAN_POINT ( 'NONE',  ( 6.000000000000000000, 2.485281374238570429, 6.000000000000000000 ) ) ;
#3926 = DIRECTION ( 'NONE',  ( 3.099646322058564541E-15, 0.7071067811865474617, 0.7071067811865474617 ) ) ;
#3927 =( REPRESENTATION_RELATIONSHIP ('NONE','NONE', #3899, #2875 ) REPRESENTATION_RELATIONSHIP_WITH_TRANSFORMATION ( #3993 )SHAPE_REPRESENTATION_RELATIONSHIP( ) );
#3928 = ORIENTED_EDGE ( 'NONE', *, *, #2121, .F. ) ;
#3929 = ADVANCED_FACE ( 'NONE', ( #3190 ), #1081, .F. ) ;
#3930 = ORIENTED_EDGE ( 'NONE', *, *, #3856, .F. ) ;
#3931 = ORIENTED_EDGE ( 'NONE', *, *, #2934, .T. ) ;
#3932 = PLANE ( 'NONE',  #2987 ) ;
#3933 = ORIENTED_EDGE ( 'NONE', *, *, #2640, .T. ) ;
#3934 = ORIENTED_EDGE ( 'NONE', *, *, #3815, .F. ) ;
#3935 = ORIENTED_EDGE ( 'NONE', *, *, #1798, .F. ) ;
#3936 = CARTESIAN_POINT ( 'NONE',  ( 4.457429047582536441, -5.570423279073597023, -4.457429047582456505 ) ) ;
#3937 = CARTESIAN_POINT ( 'NONE',  ( 4.828427124746198729, 4.828427124746227150, 4.828427124746161425 ) ) ;
#3938 = PRODUCT_DEFINITION_SHAPE ( 'NONE', 'NONE',  #4377 ) ;
#3939 = CONTEXT_DEPENDENT_SHAPE_REPRESENTATION ( #2907, #534 ) ;
#3940 = DIRECTION ( 'NONE',  ( 1.000000000000000000, 0.000000000000000000, 0.000000000000000000 ) ) ;
#3941 = PLANE ( 'NONE',  #2152 ) ;
#3942 =( REPRESENTATION_RELATIONSHIP ('NONE','NONE', #3899, #2875 ) REPRESENTATION_RELATIONSHIP_WITH_TRANSFORMATION ( #3515 )SHAPE_REPRESENTATION_RELATIONSHIP( ) );
#3943 = AXIS2_PLACEMENT_3D ( 'NONE', #1567, #2294, #569 ) ;
#3944 = PRODUCT_DEFINITION_SHAPE ( 'NONE', 'NONE',  #4378 ) ;
#3945 = CONTEXT_DEPENDENT_SHAPE_REPRESENTATION ( #156, #496 ) ;
#3946 = PRODUCT_DEFINITION_SHAPE ( 'NONE', 'NONE',  #4308 ) ;
#3947 = CONTEXT_DEPENDENT_SHAPE_REPRESENTATION ( #3010, #2231 ) ;
#3948 = CARTESIAN_POINT ( 'NONE',  ( 1324.826600409047614, 652.7814939935514076, 907.5428517890160265 ) ) ;
#3949 = AXIS2_PLACEMENT_3D ( 'NONE', #779, #2217, #2941 ) ;
#3950 = EDGE_CURVE ( 'NONE', #1003, #2036, #2471, .T. ) ;
#3951 = FACE_OUTER_BOUND ( 'NONE', #1681, .T. ) ;
#3952 = CARTESIAN_POINT ( 'NONE',  ( -1.574011537017762530, 3.799999999999998934, -6.000000000000007994 ) ) ;
#3953 = LINE ( 'NONE', #3560, #1325 ) ;
#3954 = ADVANCED_FACE ( 'NONE', ( #3837 ), #742, .T. ) ;
#3955 = ITEM_DEFINED_TRANSFORMATION ( 'NONE', 'NONE', #1280,  #3602 ) ;
#3956 = EDGE_LOOP ( 'NONE', ( #2079, #3676, #3934, #4179 ) ) ;
#3957 = CARTESIAN_POINT ( 'NONE',  ( -6.000000000000066613, 3.799999999999996714, 3.800000000000006040 ) ) ;
#3958 = VECTOR ( 'NONE', #556, 1000.000000000000000 ) ;
#3959 = PRODUCT_DEFINITION_SHAPE ( 'NONE', 'NONE',  #4453 ) ;
#3960 = ORIENTED_EDGE ( 'NONE', *, *, #3967, .T. ) ;
#3961 = VERTEX_POINT ( 'NONE', #2085 ) ;
#3962 = ORIENTED_EDGE ( 'NONE', *, *, #829, .F. ) ;
#3963 = VERTEX_POINT ( 'NONE', #798 ) ;
#3964 = DIRECTION ( 'NONE',  ( -0.000000000000000000, -0.000000000000000000, 1.000000000000000000 ) ) ;
#3965 = EDGE_CURVE ( 'NONE', #810, #565, #3177, .T. ) ;
#3966 = DIRECTION ( 'NONE',  ( 1.000000000000000000, 0.000000000000000000, 0.000000000000000000 ) ) ;
#3967 = EDGE_CURVE ( 'NONE', #2490, #1536, #3475, .T. ) ;
#3968 = CARTESIAN_POINT ( 'NONE',  ( -6.000000000000000000, 3.800000000000003819, 1.574011537017764084 ) ) ;
#3969 = FACE_OUTER_BOUND ( 'NONE', #3613, .T. ) ;
#3970 = EDGE_CURVE ( 'NONE', #2036, #3185, #1370, .T. ) ;
#3971 = AXIS2_PLACEMENT_3D ( 'NONE', #1988, #934, #4071 ) ;
#3972 = ITEM_DEFINED_TRANSFORMATION ( 'NONE', 'NONE', #2137,  #3602 ) ;
#3973 = ITEM_DEFINED_TRANSFORMATION ( 'NONE', 'NONE', #739,  #3602 ) ;
#3974 = DIRECTION ( 'NONE',  ( 1.000000000000000000, 0.000000000000000000, 0.000000000000000000 ) ) ;
#3975 = PLANE ( 'NONE',  #608 ) ;
#3976 = CARTESIAN_POINT ( 'NONE',  ( 3.800000000000020250, -3.800000000000002931, -1.574011537017760087 ) ) ;
#3977 = VECTOR ( 'NONE', #1471, 1000.000000000000000 ) ;
#3978 = VECTOR ( 'NONE', #3703, 1000.000000000000114 ) ;
#3979 = CONTEXT_DEPENDENT_SHAPE_REPRESENTATION ( #675, #3302 ) ;
#3980 = PLANE ( 'NONE',  #774 ) ;
#3981 = PRODUCT_DEFINITION_SHAPE ( 'NONE', 'NONE',  #4375 ) ;
#3982 = VERTEX_POINT ( 'NONE', #2421 ) ;
#3983 = VERTEX_POINT ( 'NONE', #66 ) ;
#3984 = EDGE_LOOP ( 'NONE', ( #838, #586, #407, #1295 ) ) ;
#3985 = CARTESIAN_POINT ( 'NONE',  ( 3.800000000000006484, -1.574011537017742102, 3.800000000000023803 ) ) ;
#3986 = PRODUCT_DEFINITION_SHAPE ( 'NONE', 'NONE',  #4299 ) ;
#3987 = PRODUCT_DEFINITION_SHAPE ( 'NONE', 'NONE',  #4494 ) ;
#3988 = DIRECTION ( 'NONE',  ( 0.000000000000000000, 0.000000000000000000, 1.000000000000000000 ) ) ;
#3989 =( REPRESENTATION_RELATIONSHIP ('NONE','NONE', #3899, #2875 ) REPRESENTATION_RELATIONSHIP_WITH_TRANSFORMATION ( #998 )SHAPE_REPRESENTATION_RELATIONSHIP( ) );
#3990 = PLANE ( 'NONE',  #415 ) ;
#3991 = DIRECTION ( 'NONE',  ( -1.000000000000000000, -1.377629257457303889E-16, 0.000000000000000000 ) ) ;
#3992 = AXIS2_PLACEMENT_3D ( 'NONE', #3173, #2477, #3603 ) ;
#3993 = ITEM_DEFINED_TRANSFORMATION ( 'NONE', 'NONE', #3310,  #3602 ) ;
#3994 = PRODUCT_DEFINITION_SHAPE ( 'NONE', 'NONE',  #4459 ) ;
#3995 = DIRECTION ( 'NONE',  ( 0.000000000000000000, 0.000000000000000000, 1.000000000000000000 ) ) ;
#3996 = LINE ( 'NONE', #2618, #1991 ) ;
#3997 = DIRECTION ( 'NONE',  ( 1.000000000000000000, 0.000000000000000000, 0.000000000000000000 ) ) ;
#3998 = CARTESIAN_POINT ( 'NONE',  ( 6.741996154327448920, -4.516007691345188313, 6.741996154327455137 ) ) ;
#3999 = ORIENTED_EDGE ( 'NONE', *, *, #1839, .T. ) ;
#4000 = VERTEX_POINT ( 'NONE', #1443 ) ;
#4001 = ORIENTED_EDGE ( 'NONE', *, *, #2016, .T. ) ;
#4002 = FACE_OUTER_BOUND ( 'NONE', #2567, .T. ) ;
#4003 = EDGE_CURVE ( 'NONE', #1258, #3185, #4226, .T. ) ;
#4004 = ITEM_DEFINED_TRANSFORMATION ( 'NONE', 'NONE', #2997,  #3602 ) ;
#4005 = VECTOR ( 'NONE', #1653, 1000.000000000000000 ) ;
#4006 = DIRECTION ( 'NONE',  ( 0.000000000000000000, 0.000000000000000000, 1.000000000000000000 ) ) ;
#4007 = CARTESIAN_POINT ( 'NONE',  ( 6.000000000000000000, 0.000000000000000000, 0.000000000000000000 ) ) ;
#4008 = DIRECTION ( 'NONE',  ( 1.000000000000000000, -0.000000000000000000, -0.000000000000000000 ) ) ;
#4009 = ITEM_DEFINED_TRANSFORMATION ( 'NONE', 'NONE', #3079,  #3602 ) ;
#4010 =( REPRESENTATION_RELATIONSHIP ('NONE','NONE', #3899, #2875 ) REPRESENTATION_RELATIONSHIP_WITH_TRANSFORMATION ( #902 )SHAPE_REPRESENTATION_RELATIONSHIP( ) );
#4011 = CARTESIAN_POINT ( 'NONE',  ( 1324.826600409047614, 688.7814939935515213, 871.5428517890160265 ) ) ;
#4012 = PRODUCT_DEFINITION_SHAPE ( 'NONE', 'NONE',  #4370 ) ;
#4013 = LINE ( 'NONE', #1771, #3513 ) ;
#4014 = FACE_OUTER_BOUND ( 'NONE', #1283, .T. ) ;
#4015 = DIRECTION ( 'NONE',  ( 0.000000000000000000, 0.000000000000000000, 1.000000000000000000 ) ) ;
#4016 = AXIS2_PLACEMENT_3D ( 'NONE', #1544, #3917, #3281 ) ;
#4017 = VERTEX_POINT ( 'NONE', #377 ) ;
#4018 = PRODUCT_DEFINITION_SHAPE ( 'NONE', 'NONE',  #4330 ) ;
#4019 = ITEM_DEFINED_TRANSFORMATION ( 'NONE', 'NONE', #1830,  #3602 ) ;
#4020 = CARTESIAN_POINT ( 'NONE',  ( 5.570423279073613898, -5.570423279073591694, 3.344434816091367502 ) ) ;
#4021 = EDGE_CURVE ( 'NONE', #2096, #2546, #3134, .T. ) ;
#4022 = EDGE_CURVE ( 'NONE', #3592, #606, #1815, .T. ) ;
#4023 = ORIENTED_EDGE ( 'NONE', *, *, #3467, .F. ) ;
#4024 = ORIENTED_EDGE ( 'NONE', *, *, #4069, .T. ) ;
#4025 = CARTESIAN_POINT ( 'NONE',  ( 3.800000000000024691, -6.000000000000017764, -1.574011537017764306 ) ) ;
#4026 = CONTEXT_DEPENDENT_SHAPE_REPRESENTATION ( #3545, #992 ) ;
#4027 = EDGE_CURVE ( 'NONE', #1758, #451, #1408, .T. ) ;
#4028 =( REPRESENTATION_RELATIONSHIP ('NONE','NONE', #3899, #2875 ) REPRESENTATION_RELATIONSHIP_WITH_TRANSFORMATION ( #1437 )SHAPE_REPRESENTATION_RELATIONSHIP( ) );
#4029 = DIRECTION ( 'NONE',  ( 0.000000000000000000, 0.000000000000000000, 1.000000000000000000 ) ) ;
#4030 = LINE ( 'NONE', #905, #269 ) ;
#4031 = DIRECTION ( 'NONE',  ( 0.000000000000000000, 3.489994118891836781E-16, -1.000000000000000000 ) ) ;
#4032 = VECTOR ( 'NONE', #2416, 1000.000000000000000 ) ;
#4033 = CONTEXT_DEPENDENT_SHAPE_REPRESENTATION ( #1732, #128 ) ;
#4034 = CARTESIAN_POINT ( 'NONE',  ( 1324.826600409047614, 676.7814939935515213, 871.5428517890160265 ) ) ;
#4035 = VECTOR ( 'NONE', #4162, 1000.000000000000114 ) ;
#4036 = CARTESIAN_POINT ( 'NONE',  ( -1.574011537017765416, 3.799999999999996270, 5.999999999999999112 ) ) ;
#4037 = DIRECTION ( 'NONE',  ( 1.000000000000000000, 3.491481338843132961E-15, 5.234991178337768977E-16 ) ) ;
#4038 = VECTOR ( 'NONE', #3964, 1000.000000000000000 ) ;
#4039 = CARTESIAN_POINT ( 'NONE',  ( 1336.826600409047614, 640.7814939935514076, 883.5428517890160265 ) ) ;
#4040 = CONTEXT_DEPENDENT_SHAPE_REPRESENTATION ( #1428, #1751 ) ;
#4041 = DIRECTION ( 'NONE',  ( 0.000000000000000000, -1.000000000000000000, -6.888146287286515500E-16 ) ) ;
#4042 = VECTOR ( 'NONE', #2133, 1000.000000000000000 ) ;
#4043 = ORIENTED_EDGE ( 'NONE', *, *, #3720, .T. ) ;
#4044 =( REPRESENTATION_RELATIONSHIP ('NONE','NONE', #3899, #2875 ) REPRESENTATION_RELATIONSHIP_WITH_TRANSFORMATION ( #3121 )SHAPE_REPRESENTATION_RELATIONSHIP( ) );
#4045 = VERTEX_POINT ( 'NONE', #463 ) ;
#4046 = PRODUCT_DEFINITION_SHAPE ( 'NONE', 'NONE',  #4406 ) ;
#4047 = AXIS2_PLACEMENT_3D ( 'NONE', #213, #1917, #4031 ) ;
#4048 = ITEM_DEFINED_TRANSFORMATION ( 'NONE', 'NONE', #1379,  #3602 ) ;
#4049 = CARTESIAN_POINT ( 'NONE',  ( 1300.826600409047614, 640.7814939935514076, 883.5428517890160265 ) ) ;
#4050 = CARTESIAN_POINT ( 'NONE',  ( -4.828427124746232479, -4.828427124746191623, 4.828427124746163202 ) ) ;
#4051 = DIRECTION ( 'NONE',  ( 0.4472135954999600371, -0.8944271909999149672, 0.000000000000000000 ) ) ;
#4052 = CARTESIAN_POINT ( 'NONE',  ( 3.799999999999980727, 5.999999999999998224, 1.574011537017766305 ) ) ;
#4053 = PRODUCT_DEFINITION_SHAPE ( 'NONE', 'NONE',  #4334 ) ;
#4054 = DIRECTION ( 'NONE',  ( 0.000000000000000000, 0.000000000000000000, 1.000000000000000000 ) ) ;
#4055 = AXIS2_PLACEMENT_3D ( 'NONE', #1212, #1970, #3997 ) ;
#4056 = CARTESIAN_POINT ( 'NONE',  ( -3.800000000000025135, 5.999999999999997335, 1.574011537017765194 ) ) ;
#4057 = CARTESIAN_POINT ( 'NONE',  ( 1300.826600409047614, 652.7814939935514076, 871.5428517890160265 ) ) ;
#4058 = EDGE_CURVE ( 'NONE', #1316, #451, #3237, .T. ) ;
#4059 = ORIENTED_EDGE ( 'NONE', *, *, #3720, .F. ) ;
#4060 = DIRECTION ( 'NONE',  ( 1.000000000000000000, 0.000000000000000000, 0.000000000000000000 ) ) ;
#4061 = DIRECTION ( 'NONE',  ( 1.377629257457303889E-16, -1.000000000000000000, -6.888146287286515500E-16 ) ) ;
#4062 = EDGE_CURVE ( 'NONE', #2546, #3321, #2181, .T. ) ;
#4063 = ORIENTED_EDGE ( 'NONE', *, *, #1187, .T. ) ;
#4064 = ORIENTED_EDGE ( 'NONE', *, *, #1289, .T. ) ;
#4065 =( REPRESENTATION_RELATIONSHIP ('NONE','NONE', #3899, #2875 ) REPRESENTATION_RELATIONSHIP_WITH_TRANSFORMATION ( #1993 )SHAPE_REPRESENTATION_RELATIONSHIP( ) );
#4066 = DIRECTION ( 'NONE',  ( 1.000000000000000000, 0.000000000000000000, 0.000000000000000000 ) ) ;
#4067 = DIRECTION ( 'NONE',  ( 5.234991178337807434E-16, -1.046998235667550443E-15, 1.000000000000000000 ) ) ;
#4068 = CARTESIAN_POINT ( 'NONE',  ( 5.999999999999982236, 2.485281374238616614, 5.999999999999999112 ) ) ;
#4069 = EDGE_CURVE ( 'NONE', #129, #1219, #2509, .T. ) ;
#4070 = AXIS2_PLACEMENT_3D ( 'NONE', #3542, #3186, #1030 ) ;
#4071 = DIRECTION ( 'NONE',  ( 1.000000000000000000, 0.000000000000000000, 0.000000000000000000 ) ) ;
#4072 = PLANE ( 'NONE',  #1474 ) ;
#4073 =( NAMED_UNIT ( * ) SI_UNIT ( $, .STERADIAN. ) SOLID_ANGLE_UNIT ( ) );
#4074 = DIRECTION ( 'NONE',  ( 1.000000000000000000, 0.000000000000000000, 0.000000000000000000 ) ) ;
#4075 = CONTEXT_DEPENDENT_SHAPE_REPRESENTATION ( #3106, #2332 ) ;
#4076 = EDGE_CURVE ( 'NONE', #3157, #2880, #4216, .T. ) ;
#4077 = CARTESIAN_POINT ( 'NONE',  ( -3.799999999999999378, -1.574011537017763196, -6.000000000000007994 ) ) ;
#4078 = PRODUCT_DEFINITION_SHAPE ( 'NONE', 'NONE',  #4399 ) ;
#4079 = ORIENTED_EDGE ( 'NONE', *, *, #1238, .F. ) ;
#4080 =( REPRESENTATION_RELATIONSHIP ('NONE','NONE', #3899, #2875 ) REPRESENTATION_RELATIONSHIP_WITH_TRANSFORMATION ( #2922 )SHAPE_REPRESENTATION_RELATIONSHIP( ) );
#4081 = AXIS2_PLACEMENT_3D ( 'NONE', #3089, #2745, #4139 ) ;
#4082 = DIRECTION ( 'NONE',  ( -0.4082482904638627952, -0.4082482904638663479, -0.8164965809277244801 ) ) ;
#4083 = VERTEX_POINT ( 'NONE', #1143 ) ;
#4084 = AXIS2_PLACEMENT_3D ( 'NONE', #4193, #329, #3147 ) ;
#4085 = ORIENTED_EDGE ( 'NONE', *, *, #3260, .F. ) ;
#4086 = PRODUCT_DEFINITION_SHAPE ( 'NONE', 'NONE',  #4354 ) ;
#4087 = DIRECTION ( 'NONE',  ( 0.000000000000000000, 0.000000000000000000, 1.000000000000000000 ) ) ;
#4088 = CARTESIAN_POINT ( 'NONE',  ( 6.741996154327455137, -6.741996154327426716, -4.516007691345212294 ) ) ;
#4089 = LINE ( 'NONE', #3724, #3322 ) ;
#4090 = CARTESIAN_POINT ( 'NONE',  ( 3.800000000000024691, -6.000000000000017764, -1.574011537017764306 ) ) ;
#4091 =( REPRESENTATION_RELATIONSHIP ('NONE','NONE', #3899, #2875 ) REPRESENTATION_RELATIONSHIP_WITH_TRANSFORMATION ( #3816 )SHAPE_REPRESENTATION_RELATIONSHIP( ) );
#4092 = VECTOR ( 'NONE', #3354, 1000.000000000000000 ) ;
#4093 = EDGE_CURVE ( 'NONE', #1861, #1982, #2094, .T. ) ;
#4094 = DIRECTION ( 'NONE',  ( 0.000000000000000000, 0.000000000000000000, 1.000000000000000000 ) ) ;
#4095 = CONTEXT_DEPENDENT_SHAPE_REPRESENTATION ( #2388, #861 ) ;
#4096 = LINE ( 'NONE', #3772, #77 ) ;
#4097 = DIRECTION ( 'NONE',  ( 1.000000000000000000, 0.000000000000000000, 0.000000000000000000 ) ) ;
#4098 = CARTESIAN_POINT ( 'NONE',  ( 1336.826600409047614, 664.7814939935515213, 907.5428517890160265 ) ) ;
#4099 = CONTEXT_DEPENDENT_SHAPE_REPRESENTATION ( #3624, #1257 ) ;
#4100 = VECTOR ( 'NONE', #1804, 1000.000000000000000 ) ;
#4101 = AXIS2_PLACEMENT_3D ( 'NONE', #2074, #1313, #7 ) ;
#4102 = DIRECTION ( 'NONE',  ( -1.000000000000000000, -3.491481338843133750E-15, -3.857361920880466567E-16 ) ) ;
#4103 = CARTESIAN_POINT ( 'NONE',  ( 3.800000000000016698, -3.800000000000003819, -1.574011537017765416 ) ) ;
#4104 = AXIS2_PLACEMENT_3D ( 'NONE', #2342, #3333, #3394 ) ;
#4105 = ORIENTED_EDGE ( 'NONE', *, *, #1041, .T. ) ;
#4106 = VERTEX_POINT ( 'NONE', #2191 ) ;
#4107 = VECTOR ( 'NONE', #3504, 1000.000000000000000 ) ;
#4108 =( REPRESENTATION_RELATIONSHIP ('NONE','NONE', #3899, #2875 ) REPRESENTATION_RELATIONSHIP_WITH_TRANSFORMATION ( #3828 )SHAPE_REPRESENTATION_RELATIONSHIP( ) );
#4109 = PRODUCT_DEFINITION ( 'UNKNOWN', '', #572, #499 ) ;
#4110 = VECTOR ( 'NONE', #1178, 1000.000000000000114 ) ;
#4111 = CARTESIAN_POINT ( 'NONE',  ( 1300.826600409047614, 664.7814939935515213, 907.5428517890160265 ) ) ;
#4112 = CARTESIAN_POINT ( 'NONE',  ( -1.574011537017759643, -3.800000000000001155, 5.999999999999996447 ) ) ;
#4113 = DIRECTION ( 'NONE',  ( 1.000000000000000000, -0.000000000000000000, -0.000000000000000000 ) ) ;
#4114 = DIRECTION ( 'NONE',  ( 0.000000000000000000, 4.132887772371912653E-16, -1.000000000000000000 ) ) ;
#4115 = AXIS2_PLACEMENT_3D ( 'NONE', #2970, #844, #1591 ) ;
#4116 = EDGE_CURVE ( 'NONE', #2854, #3783, #752, .T. ) ;
#4118 = CONTEXT_DEPENDENT_SHAPE_REPRESENTATION ( #3397, #3907 ) ;
#4117 =( REPRESENTATION_RELATIONSHIP ('NONE','NONE', #3899, #2875 ) REPRESENTATION_RELATIONSHIP_WITH_TRANSFORMATION ( #3419 )SHAPE_REPRESENTATION_RELATIONSHIP( ) );
#4119 = CARTESIAN_POINT ( 'NONE',  ( 1276.826600409047614, 676.7814939935515213, 931.5428517890160265 ) ) ;
#4120 = DIRECTION ( 'NONE',  ( 2.923440904347616238E-15, -0.7071067811865473507, -0.7071067811865477948 ) ) ;
#4121 = CARTESIAN_POINT ( 'NONE',  ( 1276.826600409047614, 664.7814939935515213, 871.5428517890160265 ) ) ;
#4122 = DIRECTION ( 'NONE',  ( 0.000000000000000000, 0.000000000000000000, 1.000000000000000000 ) ) ;
#4123 = AXIS2_PLACEMENT_3D ( 'NONE', #3030, #1755, #2347 ) ;
#4124 = PRODUCT_DEFINITION_SHAPE ( 'NONE', 'NONE',  #4362 ) ;
#4125 = FACE_OUTER_BOUND ( 'NONE', #2857, .T. ) ;
#4126 = ITEM_DEFINED_TRANSFORMATION ( 'NONE', 'NONE', #4203,  #3602 ) ;
#4127 = LINE ( 'NONE', #2827, #2081 ) ;
#4128 =( REPRESENTATION_RELATIONSHIP ('NONE','NONE', #3899, #2875 ) REPRESENTATION_RELATIONSHIP_WITH_TRANSFORMATION ( #102 )SHAPE_REPRESENTATION_RELATIONSHIP( ) );
#4129 = DIRECTION ( 'NONE',  ( -0.000000000000000000, -0.000000000000000000, 1.000000000000000000 ) ) ;
#4130 = VERTEX_POINT ( 'NONE', #2901 ) ;
#4131 = EDGE_LOOP ( 'NONE', ( #1168, #2693, #2859, #857 ) ) ;
#4132 = ORIENTED_EDGE ( 'NONE', *, *, #2192, .F. ) ;
#4133 = ADVANCED_FACE ( 'NONE', ( #2806 ), #4264, .F. ) ;
#4134 = DIRECTION ( 'NONE',  ( 0.000000000000000000, 0.000000000000000000, 1.000000000000000000 ) ) ;
#4135 = ORIENTED_EDGE ( 'NONE', *, *, #1256, .F. ) ;
#4136 = EDGE_CURVE ( 'NONE', #3827, #431, #74, .T. ) ;
#4137 = CARTESIAN_POINT ( 'NONE',  ( -6.000000000000065725, 3.800000000000003819, -1.574011537017761642 ) ) ;
#4138 = FACE_OUTER_BOUND ( 'NONE', #4131, .T. ) ;
#4139 = DIRECTION ( 'NONE',  ( 1.000000000000000000, 0.000000000000000000, 0.000000000000000000 ) ) ;
#4140 = DIRECTION ( 'NONE',  ( -3.359118466616399190E-15, -0.7071067811865479058, 0.7071067811865472397 ) ) ;
#4141 = FILL_AREA_STYLE ('',( #1527 ) ) ;
#4142 = DIRECTION ( 'NONE',  ( 0.000000000000000000, 0.000000000000000000, 1.000000000000000000 ) ) ;
#4143 = CARTESIAN_POINT ( 'NONE',  ( 1312.826600409047614, 640.7814939935514076, 883.5428517890160265 ) ) ;
#4144 = VECTOR ( 'NONE', #3142, 1000.000000000000000 ) ;
#4145 = LINE ( 'NONE', #2752, #2287 ) ;
#4146 = CONTEXT_DEPENDENT_SHAPE_REPRESENTATION ( #994, #2850 ) ;
#4147 = LINE ( 'NONE', #1072, #3094 ) ;
#4148 = ORIENTED_EDGE ( 'NONE', *, *, #2213, .F. ) ;
#4149 = ITEM_DEFINED_TRANSFORMATION ( 'NONE', 'NONE', #351,  #3602 ) ;
#4150 = VERTEX_POINT ( 'NONE', #3586 ) ;
#4151 =( REPRESENTATION_RELATIONSHIP ('NONE','NONE', #3899, #2875 ) REPRESENTATION_RELATIONSHIP_WITH_TRANSFORMATION ( #2638 )SHAPE_REPRESENTATION_RELATIONSHIP( ) );
#4152 = EDGE_CURVE ( 'NONE', #272, #2193, #1162, .T. ) ;
#4153 = ORIENTED_EDGE ( 'NONE', *, *, #4234, .T. ) ;
#4154 = EDGE_CURVE ( 'NONE', #2831, #1316, #3535, .T. ) ;
#4155 = FACE_OUTER_BOUND ( 'NONE', #3208, .T. ) ;
#4156 = AXIS2_PLACEMENT_3D ( 'NONE', #942, #230, #1262 ) ;
#4157 = PLANE ( 'NONE',  #2128 ) ;
#4158 = AXIS2_PLACEMENT_3D ( 'NONE', #3220, #2239, #3898 ) ;
#4159 = DIRECTION ( 'NONE',  ( 1.000000000000000000, 0.000000000000000000, 0.000000000000000000 ) ) ;
#4160 = DIRECTION ( 'NONE',  ( 0.000000000000000000, 0.000000000000000000, 1.000000000000000000 ) ) ;
#4161 = CARTESIAN_POINT ( 'NONE',  ( 3.800000000000001155, -1.574011537017760087, -6.000000000000007994 ) ) ;
#4162 = DIRECTION ( 'NONE',  ( 0.5773502691896262862, 0.5773502691896231775, 0.5773502691896279515 ) ) ;
#4163 = CARTESIAN_POINT ( 'NONE',  ( -2.485281374238636598, 5.999999999999973355, -6.000000000000000888 ) ) ;
#4164 = ITEM_DEFINED_TRANSFORMATION ( 'NONE', 'NONE', #617,  #3602 ) ;
#4165 = CARTESIAN_POINT ( 'NONE',  ( 1276.826600409047614, 676.7814939935515213, 895.5428517890160265 ) ) ;
#4166 = CARTESIAN_POINT ( 'NONE',  ( 6.741996154327436486, 4.516007691345177655, -6.741996154327444479 ) ) ;
#4167 = CARTESIAN_POINT ( 'NONE',  ( 4.516007691345202524, 6.741996154327424051, 6.741996154327460467 ) ) ;
#4168 = DIRECTION ( 'NONE',  ( 0.000000000000000000, 0.000000000000000000, 1.000000000000000000 ) ) ;
#4169 = DIRECTION ( 'NONE',  ( 1.000000000000000000, 0.000000000000000000, 0.000000000000000000 ) ) ;
#4170 =( REPRESENTATION_RELATIONSHIP ('NONE','NONE', #3899, #2875 ) REPRESENTATION_RELATIONSHIP_WITH_TRANSFORMATION ( #403 )SHAPE_REPRESENTATION_RELATIONSHIP( ) );
#4171 = CARTESIAN_POINT ( 'NONE',  ( 1312.826600409047614, 652.7814939935514076, 895.5428517890160265 ) ) ;
#4172 = PLANE ( 'NONE',  #330 ) ;
#4173 = DIRECTION ( 'NONE',  ( 1.179009462933705373E-15, -0.7071067811865432429, -0.7071067811865517916 ) ) ;
#4174 = FACE_OUTER_BOUND ( 'NONE', #939, .T. ) ;
#4175 = VERTEX_POINT ( 'NONE', #3873 ) ;
#4176 = CONTEXT_DEPENDENT_SHAPE_REPRESENTATION ( #459, #1886 ) ;
#4177 = ITEM_DEFINED_TRANSFORMATION ( 'NONE', 'NONE', #2994,  #3602 ) ;
#4178 = ORIENTED_EDGE ( 'NONE', *, *, #1448, .T. ) ;
#4179 = ORIENTED_EDGE ( 'NONE', *, *, #389, .F. ) ;
#4180 = VECTOR ( 'NONE', #2986, 1000.000000000000000 ) ;
#4181 = LINE ( 'NONE', #715, #2037 ) ;
#4182 = DIRECTION ( 'NONE',  ( 0.000000000000000000, 0.000000000000000000, 1.000000000000000000 ) ) ;
#4183 = CARTESIAN_POINT ( 'NONE',  ( 4.516007691345202524, 6.741996154327424051, 6.741996154327460467 ) ) ;
#4184 = CARTESIAN_POINT ( 'NONE',  ( -6.000000000000065725, -1.574011537017763640, 3.800000000000002043 ) ) ;
#4185 = CARTESIAN_POINT ( 'NONE',  ( 4.457429047582511572, 5.570423279073593470, -4.457429047582474269 ) ) ;
#4186 = VECTOR ( 'NONE', #4252, 999.9999999999998863 ) ;
#4187 = AXIS2_PLACEMENT_3D ( 'NONE', #1590, #1224, #2551 ) ;
#4188 = ITEM_DEFINED_TRANSFORMATION ( 'NONE', 'NONE', #1405,  #3602 ) ;
#4189 = DIRECTION ( 'NONE',  ( 1.000000000000000000, 0.000000000000000000, 0.000000000000000000 ) ) ;
#4190 = CARTESIAN_POINT ( 'NONE',  ( 3.800000000000001155, 1.574011537017763640, -6.000000000000007994 ) ) ;
#4191 = CARTESIAN_POINT ( 'NONE',  ( 5.570423279073615674, 3.344434816091363949, 5.570423279073621892 ) ) ;
#4192 = DIRECTION ( 'NONE',  ( 0.000000000000000000, 0.000000000000000000, 1.000000000000000000 ) ) ;
#4193 = CARTESIAN_POINT ( 'NONE',  ( 1312.826600409047614, 664.7814939935515213, 931.5428517890160265 ) ) ;
#4194 = CARTESIAN_POINT ( 'NONE',  ( 1.574011537017782514, -6.000000000000027534, 3.799999999999999822 ) ) ;
#4195 = DIRECTION ( 'NONE',  ( 0.000000000000000000, 4.132887772371912653E-16, -1.000000000000000000 ) ) ;
#4196 = CARTESIAN_POINT ( 'NONE',  ( -1.574011537017740991, -6.000000000000034639, -3.800000000000006928 ) ) ;
#4197 = EDGE_CURVE ( 'NONE', #1258, #2687, #424, .T. ) ;
#4198 = ORIENTED_EDGE ( 'NONE', *, *, #1201, .T. ) ;
#4199 = CONTEXT_DEPENDENT_SHAPE_REPRESENTATION ( #1605, #3119 ) ;
#4200 = VERTEX_POINT ( 'NONE', #2145 ) ;
#4201 = EDGE_LOOP ( 'NONE', ( #2247, #1077, #2393, #2878 ) ) ;
#4202 = CARTESIAN_POINT ( 'NONE',  ( -6.000000000000000000, 6.000000000000000000, -2.485281374238569541 ) ) ;
#4203 = AXIS2_PLACEMENT_3D ( 'NONE', #2749, #4142, #3796 ) ;
#4204 = DIRECTION ( 'NONE',  ( 0.000000000000000000, 0.000000000000000000, 1.000000000000000000 ) ) ;
#4205 = PLANE ( 'NONE',  #2741 ) ;
#4206 = CARTESIAN_POINT ( 'NONE',  ( 1.574011537017761864, 3.800000000000000711, -6.000000000000007994 ) ) ;
#4207 = DIRECTION ( 'NONE',  ( -0.7071067811865444641, -1.744997059445915186E-16, 0.7071067811865505703 ) ) ;
#4208 = DIRECTION ( 'NONE',  ( 1.000000000000000000, 0.000000000000000000, 0.000000000000000000 ) ) ;
#4209 = EDGE_CURVE ( 'NONE', #3789, #2330, #4238, .T. ) ;
#4210 = DIRECTION ( 'NONE',  ( 0.000000000000000000, -0.7071067811865474617, -0.7071067811865476838 ) ) ;
#4211 =( REPRESENTATION_RELATIONSHIP ('NONE','NONE', #3899, #2875 ) REPRESENTATION_RELATIONSHIP_WITH_TRANSFORMATION ( #3797 )SHAPE_REPRESENTATION_RELATIONSHIP( ) );
#4212 = DIRECTION ( 'NONE',  ( 1.000000000000000000, 0.000000000000000000, 0.000000000000000000 ) ) ;
#4213 = ITEM_DEFINED_TRANSFORMATION ( 'NONE', 'NONE', #3717,  #3602 ) ;
#4214 = DIRECTION ( 'NONE',  ( 1.000000000000000000, 0.000000000000000000, 0.000000000000000000 ) ) ;
#4215 = DIRECTION ( 'NONE',  ( -0.7071067811865474617, -2.098680354916827585E-15, -0.7071067811865475727 ) ) ;
#4216 = LINE ( 'NONE', #123, #4100 ) ;
#4217 = ITEM_DEFINED_TRANSFORMATION ( 'NONE', 'NONE', #1427,  #3602 ) ;
#4218 = DIRECTION ( 'NONE',  ( 3.371594313160667891E-15, -0.7071067811865479058, 0.7071067811865472397 ) ) ;
#4219 = ORIENTED_EDGE ( 'NONE', *, *, #4003, .T. ) ;
#4220 = VECTOR ( 'NONE', #1898, 1000.000000000000000 ) ;
#4221 = EDGE_CURVE ( 'NONE', #878, #2709, #399, .T. ) ;
#4222 = ORIENTED_EDGE ( 'NONE', *, *, #1633, .F. ) ;
#4223 = ORIENTED_EDGE ( 'NONE', *, *, #3484, .T. ) ;
#4224 = DIRECTION ( 'NONE',  ( -0.7071067811865455743, -0.7071067811865493491, -4.991297168606060877E-15 ) ) ;
#4225 = FACE_OUTER_BOUND ( 'NONE', #3205, .T. ) ;
#4226 = LINE ( 'NONE', #438, #481 ) ;
#4227 = DIRECTION ( 'NONE',  ( -0.7071067811865499042, 0.7071067811865452413, 6.592072389739516168E-16 ) ) ;
#4228 = PRODUCT_DEFINITION_SHAPE ( 'NONE', 'NONE',  #4307 ) ;
#4229 =( REPRESENTATION_RELATIONSHIP ('NONE','NONE', #3899, #2875 ) REPRESENTATION_RELATIONSHIP_WITH_TRANSFORMATION ( #1581 )SHAPE_REPRESENTATION_RELATIONSHIP( ) );
#4230 = AXIS2_PLACEMENT_3D ( 'NONE', #93, #863, #1109 ) ;
#4231 = DIRECTION ( 'NONE',  ( 1.000000000000000000, 0.000000000000000000, 0.000000000000000000 ) ) ;
#4232 = CARTESIAN_POINT ( 'NONE',  ( 1288.826600409047614, 640.7814939935514076, 907.5428517890160265 ) ) ;
#4233 = CARTESIAN_POINT ( 'NONE',  ( 3.800000000000024691, -6.000000000000018652, -1.574011537017764306 ) ) ;
#4234 = EDGE_CURVE ( 'NONE', #3100, #1561, #2170, .T. ) ;
#4235 = CONTEXT_DEPENDENT_SHAPE_REPRESENTATION ( #3249, #594 ) ;
#4236 = DIRECTION ( 'NONE',  ( 1.000000000000000000, 0.000000000000000000, 0.000000000000000000 ) ) ;
#4237 = DIRECTION ( 'NONE',  ( 0.000000000000000000, -0.8944271909999141901, 0.4472135954999614249 ) ) ;
#4238 = LINE ( 'NONE', #1456, #683 ) ;
#4239 =( REPRESENTATION_RELATIONSHIP ('NONE','NONE', #3899, #2875 ) REPRESENTATION_RELATIONSHIP_WITH_TRANSFORMATION ( #3064 )SHAPE_REPRESENTATION_RELATIONSHIP( ) );
#4240 = VERTEX_POINT ( 'NONE', #806 ) ;
#4241 = EDGE_CURVE ( 'NONE', #3961, #1908, #1779, .T. ) ;
#4242 = ORIENTED_EDGE ( 'NONE', *, *, #2396, .F. ) ;
#4243 = VERTEX_POINT ( 'NONE', #3246 ) ;
#4244 = CARTESIAN_POINT ( 'NONE',  ( 4.828427124746242249, -4.828427124746180965, -4.828427124746163202 ) ) ;
#4245 = EDGE_CURVE ( 'NONE', #3963, #1051, #3953, .T. ) ;
#4246 = ORIENTED_EDGE ( 'NONE', *, *, #3906, .T. ) ;
#4247 = EDGE_LOOP ( 'NONE', ( #2224, #4105, #3445 ) ) ;
#4248 = AXIS2_PLACEMENT_3D ( 'NONE', #2012, #284, #3118 ) ;
#4249 = DIRECTION ( 'NONE',  ( 0.000000000000000000, 0.8944271909999140791, 0.4472135954999615359 ) ) ;
#4250 = VECTOR ( 'NONE', #978, 1000.000000000000000 ) ;
#4251 = DIRECTION ( 'NONE',  ( 0.000000000000000000, 1.000000000000000000, 4.132887772371912653E-16 ) ) ;
#4252 = DIRECTION ( 'NONE',  ( -0.7071067811865483499, 1.744997059445915432E-16, -0.7071067811865467956 ) ) ;
#4253 = AXIS2_PLACEMENT_3D ( 'NONE', #575, #3727, #2898 ) ;
#4254 = DIRECTION ( 'NONE',  ( 0.000000000000000000, 0.000000000000000000, 1.000000000000000000 ) ) ;
#4255 = AXIS2_PLACEMENT_3D ( 'NONE', #1011, #4114, #2383 ) ;
#4256 = DIRECTION ( 'NONE',  ( 0.000000000000000000, -0.7071067811865474617, -0.7071067811865474617 ) ) ;
#4257 = ADVANCED_FACE ( 'NONE', ( #1825 ), #99, .F. ) ;
#4258 =( REPRESENTATION_RELATIONSHIP ('NONE','NONE', #3899, #2875 ) REPRESENTATION_RELATIONSHIP_WITH_TRANSFORMATION ( #1807 )SHAPE_REPRESENTATION_RELATIONSHIP( ) );
#4259 = DIRECTION ( 'NONE',  ( 0.000000000000000000, 0.000000000000000000, 1.000000000000000000 ) ) ;
#4260 = VECTOR ( 'NONE', #551, 1000.000000000000000 ) ;
#4261 = CONTEXT_DEPENDENT_SHAPE_REPRESENTATION ( #2861, #3679 ) ;
#4262 = CARTESIAN_POINT ( 'NONE',  ( 1324.826600409047614, 640.7814939935514076, 919.5428517890160265 ) ) ;
#4263 = DIRECTION ( 'NONE',  ( -0.7071067811865476838, 0.7071067811865474617, 0.000000000000000000 ) ) ;
#4264 = PLANE ( 'NONE',  #2064 ) ;
#4265 = EDGE_LOOP ( 'NONE', ( #2005, #625, #79, #3108 ) ) ;
#4266 = VECTOR ( 'NONE', #9, 1000.000000000000000 ) ;
#4267 = EDGE_LOOP ( 'NONE', ( #2651, #2625, #179, #835 ) ) ;
#4268 = PRODUCT_DEFINITION_SHAPE ( 'NONE', 'NONE',  #4284 ) ;
#4269 = ORIENTED_EDGE ( 'NONE', *, *, #1651, .F. ) ;
#4270 = DIRECTION ( 'NONE',  ( 0.000000000000000000, 1.000000000000000000, 0.000000000000000000 ) ) ;
#4271 = VECTOR ( 'NONE', #2862, 999.9999999999998863 ) ;
#4272 = EDGE_LOOP ( 'NONE', ( #3276, #4153, #689, #523 ) ) ;
#4273 = ORIENTED_EDGE ( 'NONE', *, *, #4234, .F. ) ;
#4274 = AXIS2_PLACEMENT_3D ( 'NONE', #28, #2728, #2408 ) ;
#4275 = ORIENTED_EDGE ( 'NONE', *, *, #2608, .T. ) ;
#4276 = CARTESIAN_POINT ( 'NONE',  ( -6.000000000000000000, 2.485281374238570429, 6.000000000000000000 ) ) ;
#4277 = DIRECTION ( 'NONE',  ( 0.7071067811865465735, -0.7071067811865485719, -4.006509738683883146E-15 ) ) ;
#4278 = CONTEXT_DEPENDENT_SHAPE_REPRESENTATION ( #2427, #3946 ) ;
#4279 = NEXT_ASSEMBLY_USAGE_OCCURRENCE ( 'NAUO1', ' ', ' ', #4109, #557, $ ) ;
#4280 = NEXT_ASSEMBLY_USAGE_OCCURRENCE ( 'NAUO2', ' ', ' ', #4109, #557, $ ) ;
#4281 = NEXT_ASSEMBLY_USAGE_OCCURRENCE ( 'NAUO3', ' ', ' ', #4109, #557, $ ) ;
#4282 = NEXT_ASSEMBLY_USAGE_OCCURRENCE ( 'NAUO4', ' ', ' ', #4109, #557, $ ) ;
#4283 = NEXT_ASSEMBLY_USAGE_OCCURRENCE ( 'NAUO5', ' ', ' ', #4109, #557, $ ) ;
#4284 = NEXT_ASSEMBLY_USAGE_OCCURRENCE ( 'NAUO6', ' ', ' ', #4109, #557, $ ) ;
#4285 = NEXT_ASSEMBLY_USAGE_OCCURRENCE ( 'NAUO7', ' ', ' ', #4109, #557, $ ) ;
#4286 = NEXT_ASSEMBLY_USAGE_OCCURRENCE ( 'NAUO8', ' ', ' ', #4109, #557, $ ) ;
#4287 = NEXT_ASSEMBLY_USAGE_OCCURRENCE ( 'NAUO9', ' ', ' ', #4109, #557, $ ) ;
#4288 = NEXT_ASSEMBLY_USAGE_OCCURRENCE ( 'NAUO10', ' ', ' ', #4109, #557, $ ) ;
#4289 = NEXT_ASSEMBLY_USAGE_OCCURRENCE ( 'NAUO11', ' ', ' ', #4109, #557, $ ) ;
#4290 = NEXT_ASSEMBLY_USAGE_OCCURRENCE ( 'NAUO12', ' ', ' ', #4109, #557, $ ) ;
#4291 = NEXT_ASSEMBLY_USAGE_OCCURRENCE ( 'NAUO13', ' ', ' ', #4109, #557, $ ) ;
#4292 = NEXT_ASSEMBLY_USAGE_OCCURRENCE ( 'NAUO14', ' ', ' ', #4109, #557, $ ) ;
#4293 = NEXT_ASSEMBLY_USAGE_OCCURRENCE ( 'NAUO15', ' ', ' ', #4109, #557, $ ) ;
#4294 = NEXT_ASSEMBLY_USAGE_OCCURRENCE ( 'NAUO16', ' ', ' ', #4109, #557, $ ) ;
#4295 = NEXT_ASSEMBLY_USAGE_OCCURRENCE ( 'NAUO17', ' ', ' ', #4109, #557, $ ) ;
#4296 = NEXT_ASSEMBLY_USAGE_OCCURRENCE ( 'NAUO18', ' ', ' ', #4109, #557, $ ) ;
#4297 = NEXT_ASSEMBLY_USAGE_OCCURRENCE ( 'NAUO19', ' ', ' ', #4109, #557, $ ) ;
#4298 = NEXT_ASSEMBLY_USAGE_OCCURRENCE ( 'NAUO20', ' ', ' ', #4109, #557, $ ) ;
#4299 = NEXT_ASSEMBLY_USAGE_OCCURRENCE ( 'NAUO21', ' ', ' ', #4109, #557, $ ) ;
#4300 = NEXT_ASSEMBLY_USAGE_OCCURRENCE ( 'NAUO22', ' ', ' ', #4109, #557, $ ) ;
#4301 = NEXT_ASSEMBLY_USAGE_OCCURRENCE ( 'NAUO23', ' ', ' ', #4109, #557, $ ) ;
#4302 = NEXT_ASSEMBLY_USAGE_OCCURRENCE ( 'NAUO24', ' ', ' ', #4109, #557, $ ) ;
#4303 = NEXT_ASSEMBLY_USAGE_OCCURRENCE ( 'NAUO25', ' ', ' ', #4109, #557, $ ) ;
#4304 = NEXT_ASSEMBLY_USAGE_OCCURRENCE ( 'NAUO26', ' ', ' ', #4109, #557, $ ) ;
#4305 = NEXT_ASSEMBLY_USAGE_OCCURRENCE ( 'NAUO27', ' ', ' ', #4109, #557, $ ) ;
#4306 = NEXT_ASSEMBLY_USAGE_OCCURRENCE ( 'NAUO28', ' ', ' ', #4109, #557, $ ) ;
#4307 = NEXT_ASSEMBLY_USAGE_OCCURRENCE ( 'NAUO29', ' ', ' ', #4109, #557, $ ) ;
#4308 = NEXT_ASSEMBLY_USAGE_OCCURRENCE ( 'NAUO30', ' ', ' ', #4109, #557, $ ) ;
#4309 = NEXT_ASSEMBLY_USAGE_OCCURRENCE ( 'NAUO31', ' ', ' ', #4109, #557, $ ) ;
#4310 = NEXT_ASSEMBLY_USAGE_OCCURRENCE ( 'NAUO32', ' ', ' ', #4109, #557, $ ) ;
#4311 = NEXT_ASSEMBLY_USAGE_OCCURRENCE ( 'NAUO33', ' ', ' ', #4109, #557, $ ) ;
#4312 = NEXT_ASSEMBLY_USAGE_OCCURRENCE ( 'NAUO34', ' ', ' ', #4109, #557, $ ) ;
#4313 = NEXT_ASSEMBLY_USAGE_OCCURRENCE ( 'NAUO35', ' ', ' ', #4109, #557, $ ) ;
#4314 = NEXT_ASSEMBLY_USAGE_OCCURRENCE ( 'NAUO36', ' ', ' ', #4109, #557, $ ) ;
#4315 = NEXT_ASSEMBLY_USAGE_OCCURRENCE ( 'NAUO37', ' ', ' ', #4109, #557, $ ) ;
#4316 = NEXT_ASSEMBLY_USAGE_OCCURRENCE ( 'NAUO38', ' ', ' ', #4109, #557, $ ) ;
#4317 = NEXT_ASSEMBLY_USAGE_OCCURRENCE ( 'NAUO39', ' ', ' ', #4109, #557, $ ) ;
#4318 = NEXT_ASSEMBLY_USAGE_OCCURRENCE ( 'NAUO40', ' ', ' ', #4109, #557, $ ) ;
#4319 = NEXT_ASSEMBLY_USAGE_OCCURRENCE ( 'NAUO41', ' ', ' ', #4109, #557, $ ) ;
#4320 = NEXT_ASSEMBLY_USAGE_OCCURRENCE ( 'NAUO42', ' ', ' ', #4109, #557, $ ) ;
#4321 = NEXT_ASSEMBLY_USAGE_OCCURRENCE ( 'NAUO43', ' ', ' ', #4109, #557, $ ) ;
#4322 = NEXT_ASSEMBLY_USAGE_OCCURRENCE ( 'NAUO44', ' ', ' ', #4109, #557, $ ) ;
#4323 = NEXT_ASSEMBLY_USAGE_OCCURRENCE ( 'NAUO45', ' ', ' ', #4109, #557, $ ) ;
#4324 = NEXT_ASSEMBLY_USAGE_OCCURRENCE ( 'NAUO46', ' ', ' ', #4109, #557, $ ) ;
#4325 = NEXT_ASSEMBLY_USAGE_OCCURRENCE ( 'NAUO47', ' ', ' ', #4109, #557, $ ) ;
#4326 = NEXT_ASSEMBLY_USAGE_OCCURRENCE ( 'NAUO48', ' ', ' ', #4109, #557, $ ) ;
#4327 = NEXT_ASSEMBLY_USAGE_OCCURRENCE ( 'NAUO49', ' ', ' ', #4109, #557, $ ) ;
#4328 = NEXT_ASSEMBLY_USAGE_OCCURRENCE ( 'NAUO50', ' ', ' ', #4109, #557, $ ) ;
#4329 = NEXT_ASSEMBLY_USAGE_OCCURRENCE ( 'NAUO51', ' ', ' ', #4109, #557, $ ) ;
#4330 = NEXT_ASSEMBLY_USAGE_OCCURRENCE ( 'NAUO52', ' ', ' ', #4109, #557, $ ) ;
#4331 = NEXT_ASSEMBLY_USAGE_OCCURRENCE ( 'NAUO53', ' ', ' ', #4109, #557, $ ) ;
#4332 = NEXT_ASSEMBLY_USAGE_OCCURRENCE ( 'NAUO54', ' ', ' ', #4109, #557, $ ) ;
#4333 = NEXT_ASSEMBLY_USAGE_OCCURRENCE ( 'NAUO55', ' ', ' ', #4109, #557, $ ) ;
#4334 = NEXT_ASSEMBLY_USAGE_OCCURRENCE ( 'NAUO56', ' ', ' ', #4109, #557, $ ) ;
#4335 = NEXT_ASSEMBLY_USAGE_OCCURRENCE ( 'NAUO57', ' ', ' ', #4109, #557, $ ) ;
#4336 = NEXT_ASSEMBLY_USAGE_OCCURRENCE ( 'NAUO58', ' ', ' ', #4109, #557, $ ) ;
#4337 = NEXT_ASSEMBLY_USAGE_OCCURRENCE ( 'NAUO59', ' ', ' ', #4109, #557, $ ) ;
#4338 = NEXT_ASSEMBLY_USAGE_OCCURRENCE ( 'NAUO60', ' ', ' ', #4109, #557, $ ) ;
#4339 = NEXT_ASSEMBLY_USAGE_OCCURRENCE ( 'NAUO61', ' ', ' ', #4109, #557, $ ) ;
#4340 = NEXT_ASSEMBLY_USAGE_OCCURRENCE ( 'NAUO62', ' ', ' ', #4109, #557, $ ) ;
#4341 = NEXT_ASSEMBLY_USAGE_OCCURRENCE ( 'NAUO63', ' ', ' ', #4109, #557, $ ) ;
#4342 = NEXT_ASSEMBLY_USAGE_OCCURRENCE ( 'NAUO64', ' ', ' ', #4109, #557, $ ) ;
#4343 = NEXT_ASSEMBLY_USAGE_OCCURRENCE ( 'NAUO65', ' ', ' ', #4109, #557, $ ) ;
#4344 = NEXT_ASSEMBLY_USAGE_OCCURRENCE ( 'NAUO66', ' ', ' ', #4109, #557, $ ) ;
#4345 = NEXT_ASSEMBLY_USAGE_OCCURRENCE ( 'NAUO67', ' ', ' ', #4109, #557, $ ) ;
#4346 = NEXT_ASSEMBLY_USAGE_OCCURRENCE ( 'NAUO68', ' ', ' ', #4109, #557, $ ) ;
#4347 = NEXT_ASSEMBLY_USAGE_OCCURRENCE ( 'NAUO69', ' ', ' ', #4109, #557, $ ) ;
#4348 = NEXT_ASSEMBLY_USAGE_OCCURRENCE ( 'NAUO70', ' ', ' ', #4109, #557, $ ) ;
#4349 = NEXT_ASSEMBLY_USAGE_OCCURRENCE ( 'NAUO71', ' ', ' ', #4109, #557, $ ) ;
#4350 = NEXT_ASSEMBLY_USAGE_OCCURRENCE ( 'NAUO72', ' ', ' ', #4109, #557, $ ) ;
#4351 = NEXT_ASSEMBLY_USAGE_OCCURRENCE ( 'NAUO73', ' ', ' ', #4109, #557, $ ) ;
#4352 = NEXT_ASSEMBLY_USAGE_OCCURRENCE ( 'NAUO74', ' ', ' ', #4109, #557, $ ) ;
#4353 = NEXT_ASSEMBLY_USAGE_OCCURRENCE ( 'NAUO75', ' ', ' ', #4109, #557, $ ) ;
#4354 = NEXT_ASSEMBLY_USAGE_OCCURRENCE ( 'NAUO76', ' ', ' ', #4109, #557, $ ) ;
#4355 = NEXT_ASSEMBLY_USAGE_OCCURRENCE ( 'NAUO77', ' ', ' ', #4109, #557, $ ) ;
#4356 = NEXT_ASSEMBLY_USAGE_OCCURRENCE ( 'NAUO78', ' ', ' ', #4109, #557, $ ) ;
#4357 = NEXT_ASSEMBLY_USAGE_OCCURRENCE ( 'NAUO79', ' ', ' ', #4109, #557, $ ) ;
#4358 = NEXT_ASSEMBLY_USAGE_OCCURRENCE ( 'NAUO80', ' ', ' ', #4109, #557, $ ) ;
#4359 = NEXT_ASSEMBLY_USAGE_OCCURRENCE ( 'NAUO81', ' ', ' ', #4109, #557, $ ) ;
#4360 = NEXT_ASSEMBLY_USAGE_OCCURRENCE ( 'NAUO82', ' ', ' ', #4109, #557, $ ) ;
#4361 = NEXT_ASSEMBLY_USAGE_OCCURRENCE ( 'NAUO83', ' ', ' ', #4109, #557, $ ) ;
#4362 = NEXT_ASSEMBLY_USAGE_OCCURRENCE ( 'NAUO84', ' ', ' ', #4109, #557, $ ) ;
#4363 = NEXT_ASSEMBLY_USAGE_OCCURRENCE ( 'NAUO85', ' ', ' ', #4109, #557, $ ) ;
#4364 = NEXT_ASSEMBLY_USAGE_OCCURRENCE ( 'NAUO86', ' ', ' ', #4109, #557, $ ) ;
#4365 = NEXT_ASSEMBLY_USAGE_OCCURRENCE ( 'NAUO87', ' ', ' ', #4109, #557, $ ) ;
#4366 = NEXT_ASSEMBLY_USAGE_OCCURRENCE ( 'NAUO88', ' ', ' ', #4109, #557, $ ) ;
#4367 = NEXT_ASSEMBLY_USAGE_OCCURRENCE ( 'NAUO89', ' ', ' ', #4109, #557, $ ) ;
#4368 = NEXT_ASSEMBLY_USAGE_OCCURRENCE ( 'NAUO90', ' ', ' ', #4109, #557, $ ) ;
#4369 = NEXT_ASSEMBLY_USAGE_OCCURRENCE ( 'NAUO91', ' ', ' ', #4109, #557, $ ) ;
#4370 = NEXT_ASSEMBLY_USAGE_OCCURRENCE ( 'NAUO92', ' ', ' ', #4109, #557, $ ) ;
#4371 = NEXT_ASSEMBLY_USAGE_OCCURRENCE ( 'NAUO93', ' ', ' ', #4109, #557, $ ) ;
#4372 = NEXT_ASSEMBLY_USAGE_OCCURRENCE ( 'NAUO94', ' ', ' ', #4109, #557, $ ) ;
#4373 = NEXT_ASSEMBLY_USAGE_OCCURRENCE ( 'NAUO95', ' ', ' ', #4109, #557, $ ) ;
#4374 = NEXT_ASSEMBLY_USAGE_OCCURRENCE ( 'NAUO96', ' ', ' ', #4109, #557, $ ) ;
#4375 = NEXT_ASSEMBLY_USAGE_OCCURRENCE ( 'NAUO97', ' ', ' ', #4109, #557, $ ) ;
#4376 = NEXT_ASSEMBLY_USAGE_OCCURRENCE ( 'NAUO98', ' ', ' ', #4109, #557, $ ) ;
#4377 = NEXT_ASSEMBLY_USAGE_OCCURRENCE ( 'NAUO99', ' ', ' ', #4109, #557, $ ) ;
#4378 = NEXT_ASSEMBLY_USAGE_OCCURRENCE ( 'NAUO100', ' ', ' ', #4109, #557, $ ) ;
#4379 = NEXT_ASSEMBLY_USAGE_OCCURRENCE ( 'NAUO101', ' ', ' ', #4109, #557, $ ) ;
#4380 = NEXT_ASSEMBLY_USAGE_OCCURRENCE ( 'NAUO102', ' ', ' ', #4109, #557, $ ) ;
#4381 = NEXT_ASSEMBLY_USAGE_OCCURRENCE ( 'NAUO103', ' ', ' ', #4109, #557, $ ) ;
#4382 = NEXT_ASSEMBLY_USAGE_OCCURRENCE ( 'NAUO104', ' ', ' ', #4109, #557, $ ) ;
#4383 = NEXT_ASSEMBLY_USAGE_OCCURRENCE ( 'NAUO105', ' ', ' ', #4109, #557, $ ) ;
#4384 = NEXT_ASSEMBLY_USAGE_OCCURRENCE ( 'NAUO106', ' ', ' ', #4109, #557, $ ) ;
#4385 = NEXT_ASSEMBLY_USAGE_OCCURRENCE ( 'NAUO107', ' ', ' ', #4109, #557, $ ) ;
#4386 = NEXT_ASSEMBLY_USAGE_OCCURRENCE ( 'NAUO108', ' ', ' ', #4109, #557, $ ) ;
#4387 = NEXT_ASSEMBLY_USAGE_OCCURRENCE ( 'NAUO109', ' ', ' ', #4109, #557, $ ) ;
#4388 = NEXT_ASSEMBLY_USAGE_OCCURRENCE ( 'NAUO110', ' ', ' ', #4109, #557, $ ) ;
#4389 = NEXT_ASSEMBLY_USAGE_OCCURRENCE ( 'NAUO111', ' ', ' ', #4109, #557, $ ) ;
#4390 = NEXT_ASSEMBLY_USAGE_OCCURRENCE ( 'NAUO112', ' ', ' ', #4109, #557, $ ) ;
#4391 = NEXT_ASSEMBLY_USAGE_OCCURRENCE ( 'NAUO113', ' ', ' ', #4109, #557, $ ) ;
#4392 = NEXT_ASSEMBLY_USAGE_OCCURRENCE ( 'NAUO114', ' ', ' ', #4109, #557, $ ) ;
#4393 = NEXT_ASSEMBLY_USAGE_OCCURRENCE ( 'NAUO115', ' ', ' ', #4109, #557, $ ) ;
#4394 = NEXT_ASSEMBLY_USAGE_OCCURRENCE ( 'NAUO116', ' ', ' ', #4109, #557, $ ) ;
#4395 = NEXT_ASSEMBLY_USAGE_OCCURRENCE ( 'NAUO117', ' ', ' ', #4109, #557, $ ) ;
#4396 = NEXT_ASSEMBLY_USAGE_OCCURRENCE ( 'NAUO118', ' ', ' ', #4109, #557, $ ) ;
#4397 = NEXT_ASSEMBLY_USAGE_OCCURRENCE ( 'NAUO119', ' ', ' ', #4109, #557, $ ) ;
#4398 = NEXT_ASSEMBLY_USAGE_OCCURRENCE ( 'NAUO120', ' ', ' ', #4109, #557, $ ) ;
#4399 = NEXT_ASSEMBLY_USAGE_OCCURRENCE ( 'NAUO121', ' ', ' ', #4109, #557, $ ) ;
#4400 = NEXT_ASSEMBLY_USAGE_OCCURRENCE ( 'NAUO122', ' ', ' ', #4109, #557, $ ) ;
#4401 = NEXT_ASSEMBLY_USAGE_OCCURRENCE ( 'NAUO123', ' ', ' ', #4109, #557, $ ) ;
#4402 = NEXT_ASSEMBLY_USAGE_OCCURRENCE ( 'NAUO124', ' ', ' ', #4109, #557, $ ) ;
#4403 = NEXT_ASSEMBLY_USAGE_OCCURRENCE ( 'NAUO125', ' ', ' ', #4109, #557, $ ) ;
#4404 = NEXT_ASSEMBLY_USAGE_OCCURRENCE ( 'NAUO126', ' ', ' ', #4109, #557, $ ) ;
#4405 = NEXT_ASSEMBLY_USAGE_OCCURRENCE ( 'NAUO127', ' ', ' ', #4109, #557, $ ) ;
#4406 = NEXT_ASSEMBLY_USAGE_OCCURRENCE ( 'NAUO128', ' ', ' ', #4109, #557, $ ) ;
#4407 = NEXT_ASSEMBLY_USAGE_OCCURRENCE ( 'NAUO129', ' ', ' ', #4109, #557, $ ) ;
#4408 = NEXT_ASSEMBLY_USAGE_OCCURRENCE ( 'NAUO130', ' ', ' ', #4109, #557, $ ) ;
#4409 = NEXT_ASSEMBLY_USAGE_OCCURRENCE ( 'NAUO131', ' ', ' ', #4109, #557, $ ) ;
#4410 = NEXT_ASSEMBLY_USAGE_OCCURRENCE ( 'NAUO132', ' ', ' ', #4109, #557, $ ) ;
#4411 = NEXT_ASSEMBLY_USAGE_OCCURRENCE ( 'NAUO133', ' ', ' ', #4109, #557, $ ) ;
#4412 = NEXT_ASSEMBLY_USAGE_OCCURRENCE ( 'NAUO134', ' ', ' ', #4109, #557, $ ) ;
#4413 = NEXT_ASSEMBLY_USAGE_OCCURRENCE ( 'NAUO135', ' ', ' ', #4109, #557, $ ) ;
#4414 = NEXT_ASSEMBLY_USAGE_OCCURRENCE ( 'NAUO136', ' ', ' ', #4109, #557, $ ) ;
#4415 = NEXT_ASSEMBLY_USAGE_OCCURRENCE ( 'NAUO137', ' ', ' ', #4109, #557, $ ) ;
#4416 = NEXT_ASSEMBLY_USAGE_OCCURRENCE ( 'NAUO138', ' ', ' ', #4109, #557, $ ) ;
#4417 = NEXT_ASSEMBLY_USAGE_OCCURRENCE ( 'NAUO139', ' ', ' ', #4109, #557, $ ) ;
#4418 = NEXT_ASSEMBLY_USAGE_OCCURRENCE ( 'NAUO140', ' ', ' ', #4109, #557, $ ) ;
#4419 = NEXT_ASSEMBLY_USAGE_OCCURRENCE ( 'NAUO141', ' ', ' ', #4109, #557, $ ) ;
#4420 = NEXT_ASSEMBLY_USAGE_OCCURRENCE ( 'NAUO142', ' ', ' ', #4109, #557, $ ) ;
#4421 = NEXT_ASSEMBLY_USAGE_OCCURRENCE ( 'NAUO143', ' ', ' ', #4109, #557, $ ) ;
#4422 = NEXT_ASSEMBLY_USAGE_OCCURRENCE ( 'NAUO144', ' ', ' ', #4109, #557, $ ) ;
#4423 = NEXT_ASSEMBLY_USAGE_OCCURRENCE ( 'NAUO145', ' ', ' ', #4109, #557, $ ) ;
#4424 = NEXT_ASSEMBLY_USAGE_OCCURRENCE ( 'NAUO146', ' ', ' ', #4109, #557, $ ) ;
#4425 = NEXT_ASSEMBLY_USAGE_OCCURRENCE ( 'NAUO147', ' ', ' ', #4109, #557, $ ) ;
#4426 = NEXT_ASSEMBLY_USAGE_OCCURRENCE ( 'NAUO148', ' ', ' ', #4109, #557, $ ) ;
#4427 = NEXT_ASSEMBLY_USAGE_OCCURRENCE ( 'NAUO149', ' ', ' ', #4109, #557, $ ) ;
#4428 = NEXT_ASSEMBLY_USAGE_OCCURRENCE ( 'NAUO150', ' ', ' ', #4109, #557, $ ) ;
#4429 = NEXT_ASSEMBLY_USAGE_OCCURRENCE ( 'NAUO151', ' ', ' ', #4109, #557, $ ) ;
#4430 = NEXT_ASSEMBLY_USAGE_OCCURRENCE ( 'NAUO152', ' ', ' ', #4109, #557, $ ) ;
#4431 = NEXT_ASSEMBLY_USAGE_OCCURRENCE ( 'NAUO153', ' ', ' ', #4109, #557, $ ) ;
#4432 = NEXT_ASSEMBLY_USAGE_OCCURRENCE ( 'NAUO154', ' ', ' ', #4109, #557, $ ) ;
#4433 = NEXT_ASSEMBLY_USAGE_OCCURRENCE ( 'NAUO155', ' ', ' ', #4109, #557, $ ) ;
#4434 = NEXT_ASSEMBLY_USAGE_OCCURRENCE ( 'NAUO156', ' ', ' ', #4109, #557, $ ) ;
#4435 = NEXT_ASSEMBLY_USAGE_OCCURRENCE ( 'NAUO157', ' ', ' ', #4109, #557, $ ) ;
#4436 = NEXT_ASSEMBLY_USAGE_OCCURRENCE ( 'NAUO158', ' ', ' ', #4109, #557, $ ) ;
#4437 = NEXT_ASSEMBLY_USAGE_OCCURRENCE ( 'NAUO159', ' ', ' ', #4109, #557, $ ) ;
#4438 = NEXT_ASSEMBLY_USAGE_OCCURRENCE ( 'NAUO160', ' ', ' ', #4109, #557, $ ) ;
#4439 = NEXT_ASSEMBLY_USAGE_OCCURRENCE ( 'NAUO161', ' ', ' ', #4109, #557, $ ) ;
#4440 = NEXT_ASSEMBLY_USAGE_OCCURRENCE ( 'NAUO162', ' ', ' ', #4109, #557, $ ) ;
#4441 = NEXT_ASSEMBLY_USAGE_OCCURRENCE ( 'NAUO163', ' ', ' ', #4109, #557, $ ) ;
#4442 = NEXT_ASSEMBLY_USAGE_OCCURRENCE ( 'NAUO164', ' ', ' ', #4109, #557, $ ) ;
#4443 = NEXT_ASSEMBLY_USAGE_OCCURRENCE ( 'NAUO165', ' ', ' ', #4109, #557, $ ) ;
#4444 = NEXT_ASSEMBLY_USAGE_OCCURRENCE ( 'NAUO166', ' ', ' ', #4109, #557, $ ) ;
#4445 = NEXT_ASSEMBLY_USAGE_OCCURRENCE ( 'NAUO167', ' ', ' ', #4109, #557, $ ) ;
#4446 = NEXT_ASSEMBLY_USAGE_OCCURRENCE ( 'NAUO168', ' ', ' ', #4109, #557, $ ) ;
#4447 = NEXT_ASSEMBLY_USAGE_OCCURRENCE ( 'NAUO169', ' ', ' ', #4109, #557, $ ) ;
#4448 = NEXT_ASSEMBLY_USAGE_OCCURRENCE ( 'NAUO170', ' ', ' ', #4109, #557, $ ) ;
#4449 = NEXT_ASSEMBLY_USAGE_OCCURRENCE ( 'NAUO171', ' ', ' ', #4109, #557, $ ) ;
#4450 = NEXT_ASSEMBLY_USAGE_OCCURRENCE ( 'NAUO172', ' ', ' ', #4109, #557, $ ) ;
#4451 = NEXT_ASSEMBLY_USAGE_OCCURRENCE ( 'NAUO173', ' ', ' ', #4109, #557, $ ) ;
#4452 = NEXT_ASSEMBLY_USAGE_OCCURRENCE ( 'NAUO174', ' ', ' ', #4109, #557, $ ) ;
#4453 = NEXT_ASSEMBLY_USAGE_OCCURRENCE ( 'NAUO175', ' ', ' ', #4109, #557, $ ) ;
#4454 = NEXT_ASSEMBLY_USAGE_OCCURRENCE ( 'NAUO176', ' ', ' ', #4109, #557, $ ) ;
#4455 = NEXT_ASSEMBLY_USAGE_OCCURRENCE ( 'NAUO177', ' ', ' ', #4109, #557, $ ) ;
#4456 = NEXT_ASSEMBLY_USAGE_OCCURRENCE ( 'NAUO178', ' ', ' ', #4109, #557, $ ) ;
#4457 = NEXT_ASSEMBLY_USAGE_OCCURRENCE ( 'NAUO179', ' ', ' ', #4109, #557, $ ) ;
#4458 = NEXT_ASSEMBLY_USAGE_OCCURRENCE ( 'NAUO180', ' ', ' ', #4109, #557, $ ) ;
#4459 = NEXT_ASSEMBLY_USAGE_OCCURRENCE ( 'NAUO181', ' ', ' ', #4109, #557, $ ) ;
#4460 = NEXT_ASSEMBLY_USAGE_OCCURRENCE ( 'NAUO182', ' ', ' ', #4109, #557, $ ) ;
#4461 = NEXT_ASSEMBLY_USAGE_OCCURRENCE ( 'NAUO183', ' ', ' ', #4109, #557, $ ) ;
#4462 = NEXT_ASSEMBLY_USAGE_OCCURRENCE ( 'NAUO184', ' ', ' ', #4109, #557, $ ) ;
#4463 = NEXT_ASSEMBLY_USAGE_OCCURRENCE ( 'NAUO185', ' ', ' ', #4109, #557, $ ) ;
#4464 = NEXT_ASSEMBLY_USAGE_OCCURRENCE ( 'NAUO186', ' ', ' ', #4109, #557, $ ) ;
#4465 = NEXT_ASSEMBLY_USAGE_OCCURRENCE ( 'NAUO187', ' ', ' ', #4109, #557, $ ) ;
#4466 = NEXT_ASSEMBLY_USAGE_OCCURRENCE ( 'NAUO188', ' ', ' ', #4109, #557, $ ) ;
#4467 = NEXT_ASSEMBLY_USAGE_OCCURRENCE ( 'NAUO189', ' ', ' ', #4109, #557, $ ) ;
#4468 = NEXT_ASSEMBLY_USAGE_OCCURRENCE ( 'NAUO190', ' ', ' ', #4109, #557, $ ) ;
#4469 = NEXT_ASSEMBLY_USAGE_OCCURRENCE ( 'NAUO191', ' ', ' ', #4109, #557, $ ) ;
#4470 = NEXT_ASSEMBLY_USAGE_OCCURRENCE ( 'NAUO192', ' ', ' ', #4109, #557, $ ) ;
#4471 = NEXT_ASSEMBLY_USAGE_OCCURRENCE ( 'NAUO193', ' ', ' ', #4109, #557, $ ) ;
#4472 = NEXT_ASSEMBLY_USAGE_OCCURRENCE ( 'NAUO194', ' ', ' ', #4109, #557, $ ) ;
#4473 = NEXT_ASSEMBLY_USAGE_OCCURRENCE ( 'NAUO195', ' ', ' ', #4109, #557, $ ) ;
#4474 = NEXT_ASSEMBLY_USAGE_OCCURRENCE ( 'NAUO196', ' ', ' ', #4109, #557, $ ) ;
#4475 = NEXT_ASSEMBLY_USAGE_OCCURRENCE ( 'NAUO197', ' ', ' ', #4109, #557, $ ) ;
#4476 = NEXT_ASSEMBLY_USAGE_OCCURRENCE ( 'NAUO198', ' ', ' ', #4109, #557, $ ) ;
#4477 = NEXT_ASSEMBLY_USAGE_OCCURRENCE ( 'NAUO199', ' ', ' ', #4109, #557, $ ) ;
#4478 = NEXT_ASSEMBLY_USAGE_OCCURRENCE ( 'NAUO200', ' ', ' ', #4109, #557, $ ) ;
#4479 = NEXT_ASSEMBLY_USAGE_OCCURRENCE ( 'NAUO201', ' ', ' ', #4109, #557, $ ) ;
#4480 = NEXT_ASSEMBLY_USAGE_OCCURRENCE ( 'NAUO202', ' ', ' ', #4109, #557, $ ) ;
#4481 = NEXT_ASSEMBLY_USAGE_OCCURRENCE ( 'NAUO203', ' ', ' ', #4109, #557, $ ) ;
#4482 = NEXT_ASSEMBLY_USAGE_OCCURRENCE ( 'NAUO204', ' ', ' ', #4109, #557, $ ) ;
#4483 = NEXT_ASSEMBLY_USAGE_OCCURRENCE ( 'NAUO205', ' ', ' ', #4109, #557, $ ) ;
#4484 = NEXT_ASSEMBLY_USAGE_OCCURRENCE ( 'NAUO206', ' ', ' ', #4109, #557, $ ) ;
#4485 = NEXT_ASSEMBLY_USAGE_OCCURRENCE ( 'NAUO207', ' ', ' ', #4109, #557, $ ) ;
#4486 = NEXT_ASSEMBLY_USAGE_OCCURRENCE ( 'NAUO208', ' ', ' ', #4109, #557, $ ) ;
#4487 = NEXT_ASSEMBLY_USAGE_OCCURRENCE ( 'NAUO209', ' ', ' ', #4109, #557, $ ) ;
#4488 = NEXT_ASSEMBLY_USAGE_OCCURRENCE ( 'NAUO210', ' ', ' ', #4109, #557, $ ) ;
#4489 = NEXT_ASSEMBLY_USAGE_OCCURRENCE ( 'NAUO211', ' ', ' ', #4109, #557, $ ) ;
#4490 = NEXT_ASSEMBLY_USAGE_OCCURRENCE ( 'NAUO212', ' ', ' ', #4109, #557, $ ) ;
#4491 = NEXT_ASSEMBLY_USAGE_OCCURRENCE ( 'NAUO213', ' ', ' ', #4109, #557, $ ) ;
#4492 = NEXT_ASSEMBLY_USAGE_OCCURRENCE ( 'NAUO214', ' ', ' ', #4109, #557, $ ) ;
#4493 = NEXT_ASSEMBLY_USAGE_OCCURRENCE ( 'NAUO215', ' ', ' ', #4109, #557, $ ) ;
#4494 = NEXT_ASSEMBLY_USAGE_OCCURRENCE ( 'NAUO216', ' ', ' ', #4109, #557, $ ) ;
ENDSEC;
END-ISO-10303-21;
