  0
SECTION
  2
HEADER
  9
$ACADVER
  1
AC1003
  9
$EXTMIN
 10
0.86908956984394
 20
0.523359789136699
  9
$EXTMAX
 10
26.7352055700015
 20
-12.0750627942754
  9
$INSUNITS
 70
1
  9
$INSBASE
 10
13.8021475699227
 20
-5.77585150256935
999
Created with OMAX LAYOUT for Windows. (www.omax.com) 18-05-2026
  0
ENDSEC
  0
SECTION
  2
TABLES
  0
TABLE
  2
LAYER
 70
    10
  0
LAYER
  2
0
 70
     0
 62
     7
  6
CONTINUOUS
  0
LAYER
  2
1
 70
     0
 62
     7
  6
CONTINUOUS
  0
LAYER
  2
2
 70
     0
 62
     7
  6
CONTINUOUS
  0
LAYER
  2
3
 70
     0
 62
     7
  6
CONTINUOUS
  0
LAYER
  2
4
 70
     0
 62
     7
  6
CONTINUOUS
  0
LAYER
  2
5
 70
     0
 62
     7
  6
CONTINUOUS
  0
LAYER
  2
6
 70
     0
 62
     7
  6
CONTINUOUS
  0
LAYER
  2
7
 70
     0
 62
     7
  6
CONTINUOUS
  0
LAYER
  2
8
 70
     0
 62
     7
  6
CONTINUOUS
  0
LAYER
  2
9
 70
     0
 62
     7
  6
CONTINUOUS
  0
LAYER
  2
10
 70
     0
 62
     7
  6
CONTINUOUS
  0
LAYER
  2
11
 70
     0
 62
     7
  6
CONTINUOUS
  0
LAYER
  2
12
 70
     0
 62
     7
  6
CONTINUOUS
  0
LAYER
  2
13
 70
     0
 62
     7
  6
CONTINUOUS
  0
LAYER
  2
14
 70
     0
 62
     7
  6
CONTINUOUS
  0
LAYER
  2
15
 70
     0
 62
     7
  6
CONTINUOUS
  0
LAYER
  2
16
 70
     0
 62
     7
  6
CONTINUOUS
  0
LAYER
  2
17
 70
     0
 62
     7
  6
CONTINUOUS
  0
LAYER
  2
18
 70
     0
 62
     7
  6
CONTINUOUS
  0
LAYER
  2
19
 70
     0
 62
     7
  6
CONTINUOUS
  0
LAYER
  2
20
 70
     0
 62
     7
  6
CONTINUOUS
  0
LAYER
  2
21
 70
     0
 62
     7
  6
CONTINUOUS
  0
LAYER
  2
22
 70
     0
 62
     7
  6
CONTINUOUS
  0
LAYER
  2
23
 70
     0
 62
     7
  6
CONTINUOUS
  0
LAYER
  2
24
 70
     0
 62
     7
  6
CONTINUOUS
  0
LAYER
  2
25
 70
     0
 62
     7
  6
CONTINUOUS
  0
LAYER
  2
26
 70
     0
 62
     7
  6
CONTINUOUS
  0
LAYER
  2
27
 70
     0
 62
     7
  6
CONTINUOUS
  0
LAYER
  2
28
 70
     0
 62
     7
  6
CONTINUOUS
  0
LAYER
  2
29
 70
     0
 62
     7
  6
CONTINUOUS
  0
LAYER
  2
30
 70
     0
 62
     7
  6
CONTINUOUS
  0
LAYER
  2
31
 70
     0
 62
     7
  6
CONTINUOUS
  0
ENDTAB
  0
ENDSEC
  0
SECTION
  2
ENTITIES
  0
LINE
  8
0
  6
CONTINUOUS
 62
0
 10
0.86908956984394
 20
-12.0750627942754
 30
0.0
 11
4.55360319327179
 21
-9.30301026609308
 31
0.0
  0
LINE
  8
0
  6
CONTINUOUS
 62
0
 10
11.0616393977808
 20
-11.0230124741817
 30
0.0
 11
15.8220005310163
 21
-8.77304455905695
 31
0.0
  0
LINE
  8
0
  6
CONTINUOUS
 62
0
 10
15.7095301297084
 20
-8.5789053076536
 30
0.0
 11
17.857201504804
 21
-5.60659653848141
 31
0.0
  0
LINE
  8
0
  6
CONTINUOUS
 62
0
 10
11.2652502726171
 20
-2.94993816377199
 30
0.0
 11
7.03568601325174
 21
-2.8836725714898
 31
0.0
  0
LINE
  8
0
  6
CONTINUOUS
 62
0
 10
1.10531004184394
 20
0.523359789136699
 30
0.0
 11
0.86908956984394
 21
0.523359789136699
 31
0.0
  0
LINE
  8
3
  6
CONTINUOUS
 62
3
 10
4.76093443149236
 20
-9.41620862760873
 30
0.0
 11
4.77905932976713
 21
-9.42610442915292
 31
0.0
  0
LINE
  8
3
  6
CONTINUOUS
 62
3
 10
4.77905932976713
 20
-9.42610442915292
 30
0.0
 11
4.79780983839343
 21
-9.43516703723601
 31
0.0
  0
LINE
  8
3
  6
CONTINUOUS
 62
3
 10
4.79780983839343
 20
-9.43516703723601
 30
0.0
 11
4.81697742058744
 21
-9.44308364668222
 31
0.0
  0
LINE
  8
3
  6
CONTINUOUS
 62
3
 10
4.81697742058744
 20
-9.44308364668222
 30
0.0
 11
4.83645526482571
 21
-9.4500627942754
 31
0.0
  0
LINE
  8
3
  6
CONTINUOUS
 62
3
 10
4.83645526482571
 20
-9.4500627942754
 30
0.0
 11
4.8563501826317
 21
-9.45600037056934
 31
0.0
  0
LINE
  8
3
  6
CONTINUOUS
 62
3
 10
4.8563501826317
 20
-9.45600037056934
 30
0.0
 11
4.876560448745
 21
-9.46089605767262
 31
0.0
  0
LINE
  8
3
  6
CONTINUOUS
 62
3
 10
4.876560448745
 20
-9.46089605767262
 30
0.0
 11
4.8969767085106
 21
-9.46475033242237
 31
0.0
  0
LINE
  8
3
  6
CONTINUOUS
 62
3
 10
4.8969767085106
 20
-9.46475033242237
 30
0.0
 11
4.91749723666815
 21
-9.46745860853525
 31
0.0
  0
LINE
  8
3
  6
CONTINUOUS
 62
3
 10
4.91749723666815
 20
-9.46745860853525
 30
0.0
 11
4.93822630160957
 21
-9.46912531334888
 31
0.0
  0
LINE
  8
3
  6
CONTINUOUS
 62
3
 10
4.93822630160957
 20
-9.46912531334888
 30
0.0
 11
4.95895536655099
 21
-9.46964617847136
 31
0.0
  0
LINE
  8
3
  6
CONTINUOUS
 62
3
 10
4.95895536655099
 20
-9.46964617847136
 30
0.0
 11
4.99833067172674
 21
-9.46964617847136
 31
0.0
  0
LINE
  8
3
  6
CONTINUOUS
 62
3
 10
4.99833067172674
 20
-9.46964617847136
 30
0.0
 11
5.08020679070461
 21
-9.46100032606455
 31
0.0
  0
LINE
  8
3
  6
CONTINUOUS
 62
3
 10
5.08020679070461
 20
-9.46100032606455
 30
0.0
 11
5.15843351596504
 21
-9.43558363396656
 31
0.0
  0
LINE
  8
3
  6
CONTINUOUS
 62
3
 10
5.15843351596504
 20
-9.43558363396656
 30
0.0
 11
5.22978869988429
 21
-9.39443783242237
 31
0.0
  0
LINE
  8
3
  6
CONTINUOUS
 62
3
 10
5.22978869988429
 20
-9.39443783242237
 30
0.0
 11
5.29093575392075
 21
-9.3393335767461
 31
0.0
  0
LINE
  8
3
  6
CONTINUOUS
 62
3
 10
5.29093575392075
 20
-9.3393335767461
 30
0.0
 11
5.33926796827622
 21
-9.27277124204965
 31
0.0
  0
LINE
  8
3
  6
CONTINUOUS
 62
3
 10
5.33926796827622
 20
-9.27277124204965
 30
0.0
 11
5.37280932976713
 21
-9.19756289600066
 31
0.0
  0
LINE
  8
3
  6
CONTINUOUS
 62
3
 10
5.37280932976713
 20
-9.19756289600066
 30
0.0
 11
5.3898940872541
 21
-9.11704194822641
 31
0.0
  0
LINE
  8
3
  6
CONTINUOUS
 62
3
 10
5.3898940872541
 20
-9.11704194822641
 30
0.0
 11
5.3898940872541
 21
-9.03475034513803
 31
0.0
  0
LINE
  8
3
  6
CONTINUOUS
 62
3
 10
5.3898940872541
 20
-9.03475034513803
 30
0.0
 11
5.37280932976713
 21
-8.95422939736378
 31
0.0
  0
LINE
  8
3
  6
CONTINUOUS
 62
3
 10
5.37280932976713
 20
-8.95422939736378
 30
0.0
 11
5.33926796827622
 21
-8.87912531970672
 31
0.0
  0
LINE
  8
3
  6
CONTINUOUS
 62
3
 10
5.33926796827622
 20
-8.87912531970672
 30
0.0
 11
5.29093575392075
 21
-8.81245871661834
 31
0.0
  0
LINE
  8
3
  6
CONTINUOUS
 62
3
 10
5.29093575392075
 20
-8.81245871661834
 30
0.0
 11
5.22978869988429
 21
-8.75745872933399
 31
0.0
  0
LINE
  8
3
  6
CONTINUOUS
 62
3
 10
5.22978869988429
 20
-8.75745872933399
 30
0.0
 11
5.15843351596504
 21
-8.71631276884409
 31
0.0
  0
LINE
  8
3
  6
CONTINUOUS
 62
3
 10
5.15843351596504
 20
-8.71631276884409
 30
0.0
 11
5.08020679070461
 21
-8.69079180835418
 31
0.0
  0
LINE
  8
3
  6
CONTINUOUS
 62
3
 10
5.08020679070461
 20
-8.69079180835418
 30
0.0
 11
4.99833067172678
 21
-8.682250383285
 31
0.0
  0
LINE
  8
3
  6
CONTINUOUS
 62
3
 10
4.99833067172678
 20
-8.682250383285
 30
0.0
 11
4.95353849643378
 21
-8.682250383285
 31
0.0
  0
LINE
  8
3
  6
CONTINUOUS
 62
3
 10
4.95353849643378
 20
-8.682250383285
 30
0.0
 11
4.95093432976713
 21
-8.68235433378549
 31
0.0
  0
LINE
  8
3
  6
CONTINUOUS
 62
3
 10
4.95093432976713
 20
-8.68235433378549
 30
0.0
 11
4.94822589470851
 21
-8.68235433378549
 31
0.0
  0
LINE
  8
3
  6
CONTINUOUS
 62
3
 10
4.94822589470851
 20
-8.68235433378549
 30
0.0
 11
4.93749642286607
 21
-8.68277108946176
 31
0.0
  0
LINE
  8
3
  6
CONTINUOUS
 62
3
 10
4.93749642286607
 20
-8.68277108946176
 30
0.0
 11
4.9320795527489
 21
-8.68318784513803
 31
0.0
  0
LINE
  8
3
  6
CONTINUOUS
 62
3
 10
4.9320795527489
 20
-8.68318784513803
 30
0.0
 11
4.95968524529445
 21
-8.64110442279509
 31
0.0
  0
LINE
  8
3
  6
CONTINUOUS
 62
3
 10
4.95968524529445
 20
-8.64110442279509
 30
0.0
 11
4.98885242058745
 21
-8.59995878019662
 31
0.0
  0
LINE
  8
3
  6
CONTINUOUS
 62
3
 10
4.98885242058745
 20
-8.59995878019662
 30
0.0
 11
5.01895546827623
 21
-8.55933352588347
 31
0.0
  0
LINE
  8
3
  6
CONTINUOUS
 62
3
 10
5.01895546827623
 20
-8.55933352588347
 30
0.0
 11
5.04957985792469
 21
-8.5190210767461
 31
0.0
  0
LINE
  8
3
  6
CONTINUOUS
 62
3
 10
5.04957985792469
 20
-8.5190210767461
 30
0.0
 11
5.0805170527489
 21
-8.47881289600066
 31
0.0
  0
LINE
  8
3
  6
CONTINUOUS
 62
3
 10
5.0805170527489
 20
-8.47881289600066
 30
0.0
 11
5.11114398552882
 21
-8.43850044686329
 31
0.0
  0
LINE
  8
3
  6
CONTINUOUS
 62
3
 10
5.11114398552882
 20
-8.43850044686329
 30
0.0
 11
5.14103849643378
 21
-8.39766697365772
 31
0.0
  0
LINE
  8
3
  6
CONTINUOUS
 62
3
 10
5.14103849643378
 20
-8.39766697365772
 30
0.0
 11
5.16978859815906
 21
-8.35620852588347
 31
0.0
  0
LINE
  8
3
  6
CONTINUOUS
 62
3
 10
5.16978859815906
 20
-8.35620852588347
 30
0.0
 11
5.19708148552886
 21
-8.31391688464812
 31
0.0
  0
LINE
  8
3
  6
CONTINUOUS
 62
3
 10
5.19708148552886
 20
-8.31391688464812
 30
0.0
 11
5.22228900506008
 21
-8.27027102588347
 31
0.0
  0
LINE
  8
3
  6
CONTINUOUS
 62
3
 10
5.22228900506008
 20
-8.27027102588347
 30
0.0
 11
5.2624984573713
 21
-8.19350024341277
 31
0.0
  0
LINE
  8
3
  6
CONTINUOUS
 62
3
 10
5.2624984573713
 20
-8.19350024341277
 30
0.0
 11
5.29937132114083
 21
-8.11672946094205
 31
0.0
  0
LINE
  8
3
  6
CONTINUOUS
 62
3
 10
5.29937132114083
 20
-8.11672946094205
 30
0.0
 11
5.33312121941556
 21
-8.03995867847135
 31
0.0
  0
LINE
  8
3
  6
CONTINUOUS
 62
3
 10
5.33312121941556
 20
-8.03995867847135
 30
0.0
 11
5.36364388380359
 21
-7.96297935921682
 31
0.0
  0
LINE
  8
3
  6
CONTINUOUS
 62
3
 10
5.36364388380359
 20
-7.96297935921682
 30
0.0
 11
5.39114276482571
 21
-7.88600035785371
 31
0.0
  0
LINE
  8
3
  6
CONTINUOUS
 62
3
 10
5.39114276482571
 20
-7.88600035785371
 30
0.0
 11
5.41572594557114
 21
-7.80870855131477
 31
0.0
  0
LINE
  8
3
  6
CONTINUOUS
 62
3
 10
5.41572594557114
 20
-7.80870855131477
 30
0.0
 11
5.43739342603993
 21
-7.73120852588347
 31
0.0
  0
LINE
  8
3
  6
CONTINUOUS
 62
3
 10
5.43739342603993
 20
-7.73120852588347
 30
0.0
 11
5.45624693149237
 21
-7.6533960131678
 31
0.0
  0
LINE
  8
3
  6
CONTINUOUS
 62
3
 10
5.45624693149237
 20
-7.6533960131678
 30
0.0
 11
5.47239327345201
 21
-7.57516706266733
 31
0.0
  0
LINE
  8
3
  6
CONTINUOUS
 62
3
 10
5.47239327345201
 20
-7.57516706266733
 30
0.0
 11
5.48593417717922
 21
-7.49662530699107
 31
0.0
  0
LINE
  8
3
  6
CONTINUOUS
 62
3
 10
5.48593417717922
 20
-7.49662530699107
 30
0.0
 11
5.49687218580552
 21
-7.41766711352997
 31
0.0
  0
LINE
  8
3
  6
CONTINUOUS
 62
3
 10
5.49687218580552
 20
-7.41766711352997
 30
0.0
 11
5.50541329298327
 21
-7.33818789600067
 31
0.0
  0
LINE
  8
3
  6
CONTINUOUS
 62
3
 10
5.50541329298327
 20
-7.33818789600067
 30
0.0
 11
5.51156004184394
 21
-7.25818765440316
 31
0.0
  0
LINE
  8
3
  6
CONTINUOUS
 62
3
 10
5.51156004184394
 20
-7.25818765440316
 30
0.0
 11
5.515414157648
 21
-7.17756275612843
 31
0.0
  0
LINE
  8
3
  6
CONTINUOUS
 62
3
 10
5.515414157648
 20
-7.17756275612843
 30
0.0
 11
5.51697691196115
 21
-7.09631288328501
 31
0.0
  0
LINE
  8
3
  6
CONTINUOUS
 62
3
 10
5.51697691196115
 20
-7.09631288328501
 30
0.0
 11
5.5164555700015
 21
-7.01433376748095
 31
0.0
  0
LINE
  8
3
  6
CONTINUOUS
 62
3
 10
5.5164555700015
 20
-7.01433376748095
 30
0.0
 11
5.51395567172677
 21
-6.93162540871631
 31
0.0
  0
LINE
  8
3
  6
CONTINUOUS
 62
3
 10
5.51395567172677
 20
-6.93162540871631
 30
0.0
 11
5.50937167717922
 21
-6.84818780699107
 31
0.0
  0
LINE
  8
3
  6
CONTINUOUS
 62
3
 10
5.50937167717922
 20
-6.84818780699107
 30
0.0
 11
5.50301766310043
 21
-6.76381274341276
 31
0.0
  0
LINE
  8
3
  6
CONTINUOUS
 62
3
 10
5.50301766310043
 20
-6.76381274341276
 30
0.0
 11
5.49812213494292
 21
-6.68100011625619
 31
0.0
  0
LINE
  8
3
  6
CONTINUOUS
 62
3
 10
5.49812213494292
 20
-6.68100011625619
 30
0.0
 11
5.49697645419745
 21
-6.60683350045217
 31
0.0
  0
LINE
  8
3
  6
CONTINUOUS
 62
3
 10
5.49697645419745
 20
-6.60683350045217
 30
0.0
 11
5.49697645419745
 21
-6.53995867847135
 31
0.0
  0
LINE
  8
3
  6
CONTINUOUS
 62
3
 10
5.49697645419745
 20
-6.53995867847135
 30
0.0
 11
5.49583077345201
 21
-6.47881289600067
 31
0.0
  0
LINE
  8
3
  6
CONTINUOUS
 62
3
 10
5.49583077345201
 20
-6.47881289600067
 30
0.0
 11
5.49093524529445
 21
-6.42204193551075
 31
0.0
  0
LINE
  8
3
  6
CONTINUOUS
 62
3
 10
5.49093524529445
 20
-6.42204193551075
 30
0.0
 11
5.47989296827622
 21
-6.36839584786426
 31
0.0
  0
LINE
  8
3
  6
CONTINUOUS
 62
3
 10
5.47989296827622
 20
-6.36839584786426
 30
0.0
 11
5.45999677890449
 21
-6.31631251453095
 31
0.0
  0
LINE
  8
3
  6
CONTINUOUS
 62
3
 10
5.45999677890449
 20
-6.31631251453095
 30
0.0
 11
5.42905958408028
 21
-6.26454198637339
 31
0.0
  0
LINE
  8
3
  6
CONTINUOUS
 62
3
 10
5.42905958408028
 20
-6.26454198637339
 30
0.0
 11
5.38437294874501
 21
-6.2115208732956
 31
0.0
  0
LINE
  8
3
  6
CONTINUOUS
 62
3
 10
5.38437294874501
 20
-6.2115208732956
 30
0.0
 11
5.32364296827622
 21
-6.15600049772591
 31
0.0
  0
LINE
  8
3
  6
CONTINUOUS
 62
3
 10
5.32364296827622
 20
-6.15600049772591
 30
0.0
 11
5.24416502231268
 21
-6.09943807401985
 31
0.0
  0
LINE
  8
3
  6
CONTINUOUS
 62
3
 10
5.24416502231268
 20
-6.09943807401985
 30
0.0
 11
5.16583148552882
 21
-6.05995850045217
 31
0.0
  0
LINE
  8
3
  6
CONTINUOUS
 62
3
 10
5.16583148552882
 20
-6.05995850045217
 30
0.0
 11
5.08916369988429
 21
-6.03672953723603
 31
0.0
  0
LINE
  8
3
  6
CONTINUOUS
 62
3
 10
5.08916369988429
 20
-6.03672953723603
 30
0.0
 11
5.01447701368638
 21
-6.02829206266733
 31
0.0
  0
LINE
  8
3
  6
CONTINUOUS
 62
3
 10
5.01447701368638
 20
-6.02829206266733
 30
0.0
 11
4.94260048780748
 21
-6.03370893278449
 31
0.0
  0
LINE
  8
3
  6
CONTINUOUS
 62
3
 10
4.94260048780748
 20
-6.03370893278449
 30
0.0
 11
4.87374774529445
 21
-6.05172956266733
 31
0.0
  0
LINE
  8
3
  6
CONTINUOUS
 62
3
 10
4.87374774529445
 20
-6.05172956266733
 30
0.0
 11
4.80874784701973
 21
-6.0812089073532
 31
0.0
  0
LINE
  8
3
  6
CONTINUOUS
 62
3
 10
4.80874784701973
 20
-6.0812089073532
 30
0.0
 11
4.74780932976713
 21
-6.12120855131477
 31
0.0
  0
LINE
  8
3
  6
CONTINUOUS
 62
3
 10
4.74780932976713
 20
-6.12120855131477
 30
0.0
 11
4.69176888380359
 21
-6.17037554858855
 31
0.0
  0
LINE
  8
3
  6
CONTINUOUS
 62
3
 10
4.69176888380359
 20
-6.17037554858855
 30
0.0
 11
4.64093422804185
 21
-6.2276672152552
 31
0.0
  0
LINE
  8
3
  6
CONTINUOUS
 62
3
 10
4.64093422804185
 20
-6.2276672152552
 30
0.0
 11
4.59593351596504
 21
-6.29193787056934
 31
0.0
  0
LINE
  8
3
  6
CONTINUOUS
 62
3
 10
4.59593351596504
 20
-6.29193787056934
 30
0.0
 11
4.55728808953276
 21
-6.36204183378548
 31
0.0
  0
LINE
  8
3
  6
CONTINUOUS
 62
3
 10
4.55728808953276
 20
-6.36204183378548
 30
0.0
 11
4.52541502231268
 21
-6.4368334241582
 31
0.0
  0
LINE
  8
3
  6
CONTINUOUS
 62
3
 10
4.52541502231268
 20
-6.4368334241582
 30
0.0
 11
4.50093483839343
 21
-6.51527122933398
 31
0.0
  0
LINE
  8
3
  6
CONTINUOUS
 62
3
 10
4.50093483839343
 20
-6.51527122933398
 30
0.0
 11
4.48437142286607
 21
-6.5961046643926
 31
0.0
  0
LINE
  8
3
  6
CONTINUOUS
 62
3
 10
4.48437142286607
 20
-6.5961046643926
 30
0.0
 11
4.47510170851059
 21
-6.68058367847135
 31
0.0
  0
LINE
  8
3
  6
CONTINUOUS
 62
3
 10
4.47510170851059
 20
-6.68058367847135
 30
0.0
 11
4.4719761998843
 21
-6.76329203723603
 31
0.0
  0
LINE
  8
3
  6
CONTINUOUS
 62
3
 10
4.4719761998843
 20
-6.76329203723603
 30
0.0
 11
4.47374621941555
 21
-6.84454191007945
 31
0.0
  0
LINE
  8
3
  6
CONTINUOUS
 62
3
 10
4.47374621941555
 20
-6.84454191007945
 30
0.0
 11
4.47854002231268
 21
-6.92485432106985
 31
0.0
  0
LINE
  8
3
  6
CONTINUOUS
 62
3
 10
4.47854002231268
 20
-6.92485432106985
 30
0.0
 11
4.49156085564603
 21
-7.08360453723603
 31
0.0
  0
LINE
  8
3
  6
CONTINUOUS
 62
3
 10
4.49156085564603
 20
-7.08360453723603
 30
0.0
 11
4.49645638380359
 21
-7.16277126748095
 31
0.0
  0
LINE
  8
3
  6
CONTINUOUS
 62
3
 10
4.49645638380359
 20
-7.16277126748095
 30
0.0
 11
4.49843494011866
 21
-7.24235443551075
 31
0.0
  0
LINE
  8
3
  6
CONTINUOUS
 62
3
 10
4.49843494011866
 20
-7.24235443551075
 30
0.0
 11
4.49562223666815
 21
-7.32256289600068
 31
0.0
  0
LINE
  8
3
  6
CONTINUOUS
 62
3
 10
4.49562223666815
 20
-7.32256289600068
 30
0.0
 11
4.48666278435697
 21
-7.40391703723603
 31
0.0
  0
LINE
  8
3
  6
CONTINUOUS
 62
3
 10
4.48666278435697
 20
-7.40391703723603
 30
0.0
 11
4.46989337517729
 21
-7.48672934650115
 31
0.0
  0
LINE
  8
3
  6
CONTINUOUS
 62
3
 10
4.46989337517729
 20
-7.48672934650115
 30
0.0
 11
4.44385170851059
 21
-7.57131294686327
 31
0.0
  0
LINE
  8
3
  6
CONTINUOUS
 62
3
 10
4.44385170851059
 20
-7.57131294686327
 30
0.0
 11
4.41187182976713
 21
-7.64808372933398
 31
0.0
  0
LINE
  8
3
  6
CONTINUOUS
 62
3
 10
4.41187182976713
 20
-7.64808372933398
 30
0.0
 11
4.37395628207831
 21
-7.72256283242237
 31
0.0
  0
LINE
  8
3
  6
CONTINUOUS
 62
3
 10
4.37395628207831
 20
-7.72256283242237
 30
0.0
 11
4.33103839470855
 21
-7.79537523069709
 31
0.0
  0
LINE
  8
3
  6
CONTINUOUS
 62
3
 10
4.33103839470855
 20
-7.79537523069709
 30
0.0
 11
4.28437193149237
 21
-7.86683372933398
 31
0.0
  0
LINE
  8
3
  6
CONTINUOUS
 62
3
 10
4.28437193149237
 20
-7.86683372933398
 30
0.0
 11
4.23510130160957
 21
-7.93735444822642
 31
0.0
  0
LINE
  8
3
  6
CONTINUOUS
 62
3
 10
4.23510130160957
 20
-7.93735444822642
 30
0.0
 11
4.1843734573713
 21
-8.00725019255012
 31
0.0
  0
LINE
  8
3
  6
CONTINUOUS
 62
3
 10
4.1843734573713
 20
-8.00725019255012
 30
0.0
 11
4.13333026482571
 21
-8.07704198637339
 31
0.0
  0
LINE
  8
3
  6
CONTINUOUS
 62
3
 10
4.13333026482571
 20
-8.07704198637339
 30
0.0
 11
4.08301695102363
 21
-8.14714626748097
 31
0.0
  0
LINE
  8
3
  6
CONTINUOUS
 62
3
 10
4.08301695102363
 20
-8.14714626748097
 30
0.0
 11
4.03468473666815
 21
-8.21797947365772
 31
0.0
  0
LINE
  8
3
  6
CONTINUOUS
 62
3
 10
4.03468473666815
 20
-8.21797947365772
 30
0.0
 11
3.98947548780748
 21
-8.28995867847136
 31
0.0
  0
LINE
  8
3
  6
CONTINUOUS
 62
3
 10
3.98947548780748
 20
-8.28995867847136
 30
0.0
 11
3.9485386998843
 21
-8.36339605131479
 31
0.0
  0
LINE
  8
3
  6
CONTINUOUS
 62
3
 10
3.9485386998843
 20
-8.36339605131479
 30
0.0
 11
3.91291451368638
 21
-8.43870866575571
 31
0.0
  0
LINE
  8
3
  6
CONTINUOUS
 62
3
 10
3.91291451368638
 20
-8.43870866575571
 30
0.0
 11
3.86926929070461
 21
-8.54725015440317
 31
0.0
  0
LINE
  8
3
  6
CONTINUOUS
 62
3
 10
3.86926929070461
 20
-8.54725015440317
 30
0.0
 11
3.84322762403796
 21
-8.62391698637338
 31
0.0
  0
LINE
  8
3
  6
CONTINUOUS
 62
3
 10
3.84322762403796
 20
-8.62391698637338
 30
0.0
 11
3.83072558953276
 21
-8.674437883285
 31
0.0
  0
LINE
  8
3
  6
CONTINUOUS
 62
3
 10
3.83072558953276
 20
-8.674437883285
 30
0.0
 11
3.82791288608221
 21
-8.70464615304005
 31
0.0
  0
LINE
  8
3
  6
CONTINUOUS
 62
3
 10
3.82791288608221
 20
-8.70464615304005
 30
0.0
 11
3.83072558953276
 21
-8.72037542143198
 31
0.0
  0
LINE
  8
3
  6
CONTINUOUS
 62
3
 10
3.83072558953276
 20
-8.72037542143198
 30
0.0
 11
3.8352065872541
 21
-8.72756294686329
 31
0.0
  0
LINE
  8
3
  6
CONTINUOUS
 62
3
 10
3.8352065872541
 20
-8.72756294686329
 30
0.0
 11
3.83739368035308
 21
-8.73193776884409
 31
0.0
  0
LINE
  8
3
  6
CONTINUOUS
 62
3
 10
3.83739368035308
 20
-8.73193776884409
 30
0.0
 11
3.83332975619941
 21
-8.73933351316781
 31
0.0
  0
LINE
  8
3
  6
CONTINUOUS
 62
3
 10
3.83332975619941
 20
-8.73933351316781
 30
0.0
 11
3.81906024529445
 21
-8.7555834877365
 31
0.0
  0
LINE
  8
3
  6
CONTINUOUS
 62
3
 10
3.81906024529445
 20
-8.7555834877365
 30
0.0
 11
3.79051868035307
 21
-8.78652100045216
 31
0.0
  0
LINE
  8
3
  6
CONTINUOUS
 62
3
 10
3.79051868035307
 20
-8.78652100045216
 30
0.0
 11
3.76208138380359
 21
-8.7555834877365
 31
0.0
  0
LINE
  8
3
  6
CONTINUOUS
 62
3
 10
3.76208138380359
 20
-8.7555834877365
 30
0.0
 11
3.74780932976713
 21
-8.73933351316781
 31
0.0
  0
LINE
  8
3
  6
CONTINUOUS
 62
3
 10
3.74780932976713
 20
-8.73933351316781
 30
0.0
 11
3.743747948745
 21
-8.73193776884409
 31
0.0
  0
LINE
  8
3
  6
CONTINUOUS
 62
3
 10
3.743747948745
 20
-8.73193776884409
 30
0.0
 11
3.74593504184394
 21
-8.72756294686329
 31
0.0
  0
LINE
  8
3
  6
CONTINUOUS
 62
3
 10
3.74593504184394
 20
-8.72756294686329
 30
0.0
 11
3.75041349643378
 21
-8.72037542143198
 31
0.0
  0
LINE
  8
3
  6
CONTINUOUS
 62
3
 10
3.75041349643378
 20
-8.72037542143198
 30
0.0
 11
3.7532261998843
 21
-8.70464615304005
 31
0.0
  0
LINE
  8
3
  6
CONTINUOUS
 62
3
 10
3.7532261998843
 20
-8.70464615304005
 30
0.0
 11
3.75030922804185
 21
-8.674437883285
 31
0.0
  0
LINE
  8
3
  6
CONTINUOUS
 62
3
 10
3.75030922804185
 20
-8.674437883285
 30
0.0
 11
3.73780973666815
 21
-8.62391698637338
 31
0.0
  0
LINE
  8
3
  6
CONTINUOUS
 62
3
 10
3.73780973666815
 20
-8.62391698637338
 30
0.0
 11
3.7117680700015
 21
-8.54725015440317
 31
0.0
  0
LINE
  8
3
  6
CONTINUOUS
 62
3
 10
3.7117680700015
 20
-8.54725015440317
 30
0.0
 11
3.66812284701973
 21
-8.43870866575571
 31
0.0
  0
LINE
  8
3
  6
CONTINUOUS
 62
3
 10
3.66812284701973
 20
-8.43870866575571
 30
0.0
 11
3.63249611769028
 21
-8.36339605131479
 31
0.0
  0
LINE
  8
3
  6
CONTINUOUS
 62
3
 10
3.63249611769028
 20
-8.36339605131479
 30
0.0
 11
3.59155932976713
 21
-8.28995867847136
 31
0.0
  0
LINE
  8
3
  6
CONTINUOUS
 62
3
 10
3.59155932976713
 20
-8.28995867847136
 30
0.0
 11
3.54635262403795
 21
-8.21797947365772
 31
0.0
  0
LINE
  8
3
  6
CONTINUOUS
 62
3
 10
3.54635262403795
 20
-8.21797947365772
 30
0.0
 11
3.49801786655099
 21
-8.14714626748097
 31
0.0
  0
LINE
  8
3
  6
CONTINUOUS
 62
3
 10
3.49801786655099
 20
-8.14714626748097
 30
0.0
 11
3.44780882114083
 21
-8.07704198637339
 31
0.0
  0
LINE
  8
3
  6
CONTINUOUS
 62
3
 10
3.44780882114083
 20
-8.07704198637339
 30
0.0
 11
3.39666390333485
 21
-8.00725019255012
 31
0.0
  0
LINE
  8
3
  6
CONTINUOUS
 62
3
 10
3.39666390333485
 20
-8.00725019255012
 30
0.0
 11
3.34593351596504
 21
-7.93735444822642
 31
0.0
  0
LINE
  8
3
  6
CONTINUOUS
 62
3
 10
3.34593351596504
 20
-7.93735444822642
 30
0.0
 11
3.29666288608221
 21
-7.86683372933398
 31
0.0
  0
LINE
  8
3
  6
CONTINUOUS
 62
3
 10
3.29666288608221
 20
-7.86683372933398
 30
0.0
 11
3.24999642286607
 21
-7.79537523069709
 31
0.0
  0
LINE
  8
3
  6
CONTINUOUS
 62
3
 10
3.24999642286607
 20
-7.79537523069709
 30
0.0
 11
3.20718534701973
 21
-7.72256283242237
 31
0.0
  0
LINE
  8
3
  6
CONTINUOUS
 62
3
 10
3.20718534701973
 20
-7.72256283242237
 30
0.0
 11
3.16916298780748
 21
-7.64808372933398
 31
0.0
  0
LINE
  8
3
  6
CONTINUOUS
 62
3
 10
3.16916298780748
 20
-7.64808372933398
 30
0.0
 11
3.13728992058744
 21
-7.57131294686327
 31
0.0
  0
LINE
  8
3
  6
CONTINUOUS
 62
3
 10
3.13728992058744
 20
-7.57131294686327
 30
0.0
 11
3.11114398552882
 21
-7.48672934650115
 31
0.0
  0
LINE
  8
3
  6
CONTINUOUS
 62
3
 10
3.11114398552882
 20
-7.48672934650115
 30
0.0
 11
3.09437203321764
 21
-7.40391703723603
 31
0.0
  0
LINE
  8
3
  6
CONTINUOUS
 62
3
 10
3.09437203321764
 20
-7.40391703723603
 30
0.0
 11
3.08541512403796
 21
-7.32256289600068
 31
0.0
  0
LINE
  8
3
  6
CONTINUOUS
 62
3
 10
3.08541512403796
 20
-7.32256289600068
 30
0.0
 11
3.08270668897937
 21
-7.24235443551075
 31
0.0
  0
LINE
  8
3
  6
CONTINUOUS
 62
3
 10
3.08270668897937
 20
-7.24235443551075
 30
0.0
 11
3.08458097690252
 21
-7.16277126748095
 31
0.0
  0
LINE
  8
3
  6
CONTINUOUS
 62
3
 10
3.08458097690252
 20
-7.16277126748095
 30
0.0
 11
3.08958077345201
 21
-7.08360453723603
 31
0.0
  0
LINE
  8
3
  6
CONTINUOUS
 62
3
 10
3.08958077345201
 20
-7.08360453723603
 30
0.0
 11
3.10249733839343
 21
-6.92485432106985
 31
0.0
  0
LINE
  8
3
  6
CONTINUOUS
 62
3
 10
3.10249733839343
 20
-6.92485432106985
 30
0.0
 11
3.10739286655099
 21
-6.84454191007945
 31
0.0
  0
LINE
  8
3
  6
CONTINUOUS
 62
3
 10
3.10739286655099
 20
-6.84454191007945
 30
0.0
 11
3.10905861769032
 21
-6.76329203723603
 31
0.0
  0
LINE
  8
3
  6
CONTINUOUS
 62
3
 10
3.10905861769032
 20
-6.76329203723603
 30
0.0
 11
3.10603992058744
 21
-6.68058367847135
 31
0.0
  0
LINE
  8
3
  6
CONTINUOUS
 62
3
 10
3.10603992058744
 20
-6.68058367847135
 30
0.0
 11
3.09666339470855
 21
-6.5961046643926
 31
0.0
  0
LINE
  8
3
  6
CONTINUOUS
 62
3
 10
3.09666339470855
 20
-6.5961046643926
 30
0.0
 11
3.08010252231268
 21
-6.51527122933398
 31
0.0
  0
LINE
  8
3
  6
CONTINUOUS
 62
3
 10
3.08010252231268
 20
-6.51527122933398
 30
0.0
 11
3.05562233839343
 21
-6.4368334241582
 31
0.0
  0
LINE
  8
3
  6
CONTINUOUS
 62
3
 10
3.05562233839343
 20
-6.4368334241582
 30
0.0
 11
3.02385099643378
 21
-6.36204183378548
 31
0.0
  0
LINE
  8
3
  6
CONTINUOUS
 62
3
 10
3.02385099643378
 20
-6.36204183378548
 30
0.0
 11
2.98510130160957
 21
-6.29193787056934
 31
0.0
  0
LINE
  8
3
  6
CONTINUOUS
 62
3
 10
2.98510130160957
 20
-6.29193787056934
 30
0.0
 11
2.94010058953276
 21
-6.2276672152552
 31
0.0
  0
LINE
  8
3
  6
CONTINUOUS
 62
3
 10
2.94010058953276
 20
-6.2276672152552
 30
0.0
 11
2.88926847690252
 21
-6.17037554858855
 31
0.0
  0
LINE
  8
3
  6
CONTINUOUS
 62
3
 10
2.88926847690252
 20
-6.17037554858855
 30
0.0
 11
2.83322548780748
 21
-6.12120855131477
 31
0.0
  0
LINE
  8
3
  6
CONTINUOUS
 62
3
 10
2.83322548780748
 20
-6.12120855131477
 30
0.0
 11
2.77239378207831
 21
-6.0812089073532
 31
0.0
  0
LINE
  8
3
  6
CONTINUOUS
 62
3
 10
2.77239378207831
 20
-6.0812089073532
 30
0.0
 11
2.70728961541166
 21
-6.05172956266733
 31
0.0
  0
LINE
  8
3
  6
CONTINUOUS
 62
3
 10
2.70728961541166
 20
-6.05172956266733
 30
0.0
 11
2.63853859815906
 21
-6.03370893278449
 31
0.0
  0
LINE
  8
3
  6
CONTINUOUS
 62
3
 10
2.63853859815906
 20
-6.03370893278449
 30
0.0
 11
2.56656034701973
 21
-6.02829206266733
 31
0.0
  0
LINE
  8
3
  6
CONTINUOUS
 62
3
 10
2.56656034701973
 20
-6.02829206266733
 30
0.0
 11
2.49197538608221
 21
-6.03672953723603
 31
0.0
  0
LINE
  8
3
  6
CONTINUOUS
 62
3
 10
2.49197538608221
 20
-6.03672953723603
 30
0.0
 11
2.41520587517729
 21
-6.05995850045217
 31
0.0
  0
LINE
  8
3
  6
CONTINUOUS
 62
3
 10
2.41520587517729
 20
-6.05995850045217
 30
0.0
 11
2.33687233839343
 21
-6.09943807401985
 31
0.0
  0
LINE
  8
3
  6
CONTINUOUS
 62
3
 10
2.33687233839343
 20
-6.09943807401985
 30
0.0
 11
2.25749611769028
 21
-6.15600049772591
 31
0.0
  0
LINE
  8
3
  6
CONTINUOUS
 62
3
 10
2.25749611769028
 20
-6.15600049772591
 30
0.0
 11
2.19666441196115
 21
-6.2115208732956
 31
0.0
  0
LINE
  8
3
  6
CONTINUOUS
 62
3
 10
2.19666441196115
 20
-6.2115208732956
 30
0.0
 11
2.15197650506008
 21
-6.26454198637339
 31
0.0
  0
LINE
  8
3
  6
CONTINUOUS
 62
3
 10
2.15197650506008
 20
-6.26454198637339
 30
0.0
 11
2.12103931023587
 21
-6.31631251453095
 31
0.0
  0
LINE
  8
3
  6
CONTINUOUS
 62
3
 10
2.12103931023587
 20
-6.31631251453095
 30
0.0
 11
2.10124611769028
 21
-6.36839584786426
 31
0.0
  0
LINE
  8
3
  6
CONTINUOUS
 62
3
 10
2.10124611769028
 20
-6.36839584786426
 30
0.0
 11
2.09010211541165
 21
-6.42204193551075
 31
0.0
  0
LINE
  8
3
  6
CONTINUOUS
 62
3
 10
2.09010211541165
 20
-6.42204193551075
 30
0.0
 11
2.0852065872541
 21
-6.47881289600067
 31
0.0
  0
LINE
  8
3
  6
CONTINUOUS
 62
3
 10
2.0852065872541
 20
-6.47881289600067
 30
0.0
 11
2.08405963494291
 21
-6.53995867847135
 31
0.0
  0
LINE
  8
3
  6
CONTINUOUS
 62
3
 10
2.08405963494291
 20
-6.53995867847135
 30
0.0
 11
2.08416390333484
 21
-6.60683350045217
 31
0.0
  0
LINE
  8
3
  6
CONTINUOUS
 62
3
 10
2.08416390333484
 20
-6.60683350045217
 30
0.0
 11
2.08301695102363
 21
-6.68100011625619
 31
0.0
  0
LINE
  8
3
  6
CONTINUOUS
 62
3
 10
2.08301695102363
 20
-6.68100011625619
 30
0.0
 11
2.07812142286607
 21
-6.76381274341276
 31
0.0
  0
LINE
  8
3
  6
CONTINUOUS
 62
3
 10
2.07812142286607
 20
-6.76381274341276
 30
0.0
 11
2.07166441196114
 21
-6.84818780699107
 31
0.0
  0
LINE
  8
3
  6
CONTINUOUS
 62
3
 10
2.07166441196114
 20
-6.84818780699107
 30
0.0
 11
2.0671859573713
 21
-6.93162540871631
 31
0.0
  0
LINE
  8
3
  6
CONTINUOUS
 62
3
 10
2.0671859573713
 20
-6.93162540871631
 30
0.0
 11
2.06458179070461
 21
-7.01433376748095
 31
0.0
  0
LINE
  8
3
  6
CONTINUOUS
 62
3
 10
2.06458179070461
 20
-7.01433376748095
 30
0.0
 11
2.06406044874496
 21
-7.09631288328501
 31
0.0
  0
LINE
  8
3
  6
CONTINUOUS
 62
3
 10
2.06406044874496
 20
-7.09631288328501
 30
0.0
 11
2.06562193149236
 21
-7.17756275612843
 31
0.0
  0
LINE
  8
3
  6
CONTINUOUS
 62
3
 10
2.06562193149236
 20
-7.17756275612843
 30
0.0
 11
2.06947731886217
 21
-7.25818765440316
 31
0.0
  0
LINE
  8
3
  6
CONTINUOUS
 62
3
 10
2.06947731886217
 20
-7.25818765440316
 30
0.0
 11
2.07562152459134
 21
-7.33818789600067
 31
0.0
  0
LINE
  8
3
  6
CONTINUOUS
 62
3
 10
2.07562152459134
 20
-7.33818789600067
 30
0.0
 11
2.08416390333484
 21
-7.41766711352997
 31
0.0
  0
LINE
  8
3
  6
CONTINUOUS
 62
3
 10
2.08416390333484
 20
-7.41766711352997
 30
0.0
 11
2.09510191196114
 21
-7.49662530699107
 31
0.0
  0
LINE
  8
3
  6
CONTINUOUS
 62
3
 10
2.09510191196114
 20
-7.49662530699107
 30
0.0
 11
2.1086440872541
 21
-7.57516706266733
 31
0.0
  0
LINE
  8
3
  6
CONTINUOUS
 62
3
 10
2.1086440872541
 20
-7.57516706266733
 30
0.0
 11
2.12478788608221
 21
-7.6533960131678
 31
0.0
  0
LINE
  8
3
  6
CONTINUOUS
 62
3
 10
2.12478788608221
 20
-7.6533960131678
 30
0.0
 11
2.14374693149236
 21
-7.73120852588347
 31
0.0
  0
LINE
  8
3
  6
CONTINUOUS
 62
3
 10
2.14374693149236
 20
-7.73120852588347
 30
0.0
 11
2.16541441196115
 21
-7.80870855131477
 31
0.0
  0
LINE
  8
3
  6
CONTINUOUS
 62
3
 10
2.16541441196115
 20
-7.80870855131477
 30
0.0
 11
2.1898920527489
 21
-7.88600035785371
 31
0.0
  0
LINE
  8
3
  6
CONTINUOUS
 62
3
 10
2.1898920527489
 20
-7.88600035785371
 30
0.0
 11
2.21739347690252
 21
-7.96297935921682
 31
0.0
  0
LINE
  8
3
  6
CONTINUOUS
 62
3
 10
2.21739347690252
 20
-7.96297935921682
 30
0.0
 11
2.24801786655099
 21
-8.03995867847135
 31
0.0
  0
LINE
  8
3
  6
CONTINUOUS
 62
3
 10
2.24801786655099
 20
-8.03995867847135
 30
0.0
 11
2.28166349643378
 21
-8.11672946094205
 31
0.0
  0
LINE
  8
3
  6
CONTINUOUS
 62
3
 10
2.28166349643378
 20
-8.11672946094205
 30
0.0
 11
2.31853890333484
 21
-8.19350024341277
 31
0.0
  0
LINE
  8
3
  6
CONTINUOUS
 62
3
 10
2.31853890333484
 20
-8.19350024341277
 30
0.0
 11
2.35874835564603
 21
-8.27027102588347
 31
0.0
  0
LINE
  8
3
  6
CONTINUOUS
 62
3
 10
2.35874835564603
 20
-8.27027102588347
 30
0.0
 11
2.38593443149237
 21
-8.31704207538298
 31
0.0
  0
LINE
  8
3
  6
CONTINUOUS
 62
3
 10
2.38593443149237
 20
-8.31704207538298
 30
0.0
 11
2.41541441196115
 21
-8.36235432106983
 31
0.0
  0
LINE
  8
3
  6
CONTINUOUS
 62
3
 10
2.41541441196115
 20
-8.36235432106983
 30
0.0
 11
2.44656014356921
 21
-8.40672942279509
 31
0.0
  0
LINE
  8
3
  6
CONTINUOUS
 62
3
 10
2.44656014356921
 20
-8.40672942279509
 30
0.0
 11
2.47885028435697
 21
-8.45037528155974
 31
0.0
  0
LINE
  8
3
  6
CONTINUOUS
 62
3
 10
2.47885028435697
 20
-8.45037528155974
 30
0.0
 11
2.51187284701973
 21
-8.49360438464812
 31
0.0
  0
LINE
  8
3
  6
CONTINUOUS
 62
3
 10
2.51187284701973
 20
-8.49360438464812
 30
0.0
 11
2.54499713494292
 21
-8.53672953723601
 31
0.0
  0
LINE
  8
3
  6
CONTINUOUS
 62
3
 10
2.54499713494292
 20
-8.53672953723601
 30
0.0
 11
2.57770434929839
 21
-8.58006290871632
 31
0.0
  0
LINE
  8
3
  6
CONTINUOUS
 62
3
 10
2.57770434929839
 20
-8.58006290871632
 30
0.0
 11
2.609475691258
 21
-8.62402125476531
 31
0.0
  0
LINE
  8
3
  6
CONTINUOUS
 62
3
 10
2.609475691258
 20
-8.62402125476531
 30
0.0
 11
2.63978981886217
 21
-8.66870852588347
 31
0.0
  0
LINE
  8
3
  6
CONTINUOUS
 62
3
 10
2.63978981886217
 20
-8.66870852588347
 30
0.0
 11
2.6680185786278
 21
-8.71464606403044
 31
0.0
  0
LINE
  8
3
  6
CONTINUOUS
 62
3
 10
2.6680185786278
 20
-8.71464606403044
 30
0.0
 11
2.58822528435697
 21
-8.71225043414763
 31
0.0
  0
LINE
  8
3
  6
CONTINUOUS
 62
3
 10
2.58822528435697
 20
-8.71225043414763
 30
0.0
 11
2.50958148552882
 21
-8.72610446094207
 31
0.0
  0
LINE
  8
3
  6
CONTINUOUS
 62
3
 10
2.50958148552882
 20
-8.72610446094207
 30
0.0
 11
2.43530932976713
 21
-8.75537526884409
 31
0.0
  0
LINE
  8
3
  6
CONTINUOUS
 62
3
 10
2.43530932976713
 20
-8.75537526884409
 30
0.0
 11
2.36853941196114
 21
-8.79912539600066
 31
0.0
  0
LINE
  8
3
  6
CONTINUOUS
 62
3
 10
2.36853941196114
 20
-8.79912539600066
 30
0.0
 11
2.31197762403796
 21
-8.8554796008143
 31
0.0
  0
LINE
  8
3
  6
CONTINUOUS
 62
3
 10
2.31197762403796
 20
-8.8554796008143
 30
0.0
 11
2.26791278435697
 21
-8.92204193551075
 31
0.0
  0
LINE
  8
3
  6
CONTINUOUS
 62
3
 10
2.26791278435697
 20
-8.92204193551075
 30
0.0
 11
2.23822681023587
 21
-8.9961046008143
 31
0.0
  0
LINE
  8
3
  6
CONTINUOUS
 62
3
 10
2.23822681023587
 20
-8.9961046008143
 30
0.0
 11
2.22405902459134
 21
-9.07475030699106
 31
0.0
  0
LINE
  8
3
  6
CONTINUOUS
 62
3
 10
2.22405902459134
 20
-9.07475030699106
 30
0.0
 11
2.22593585564603
 21
-9.1545420118047
 31
0.0
  0
LINE
  8
3
  6
CONTINUOUS
 62
3
 10
2.22593585564603
 20
-9.1545420118047
 30
0.0
 11
2.24406075392075
 21
-9.23225025612843
 31
0.0
  0
LINE
  8
3
  6
CONTINUOUS
 62
3
 10
2.24406075392075
 20
-9.23225025612843
 30
0.0
 11
2.2773935786278
 21
-9.30485443551075
 31
0.0
  0
LINE
  8
3
  6
CONTINUOUS
 62
3
 10
2.2773935786278
 20
-9.30485443551075
 30
0.0
 11
2.32468565219551
 21
-9.36912540871632
 31
0.0
  0
LINE
  8
3
  6
CONTINUOUS
 62
3
 10
2.32468565219551
 20
-9.36912540871632
 30
0.0
 11
2.38395587517729
 21
-9.42256280063323
 31
0.0
  0
LINE
  8
3
  6
CONTINUOUS
 62
3
 10
2.38395587517729
 20
-9.42256280063323
 30
0.0
 11
2.45280861769028
 21
-9.46297951816253
 31
0.0
  0
LINE
  8
3
  6
CONTINUOUS
 62
3
 10
2.45280861769028
 20
-9.46297951816253
 30
0.0
 11
2.52843371941555
 21
-9.48870869754485
 31
0.0
  0
LINE
  8
3
  6
CONTINUOUS
 62
3
 10
2.52843371941555
 20
-9.48870869754485
 30
0.0
 11
2.60760140333484
 21
-9.49850023069711
 31
0.0
  0
LINE
  8
3
  6
CONTINUOUS
 62
3
 10
2.60760140333484
 20
-9.49850023069711
 30
0.0
 11
2.68718361769028
 21
-9.49225032606454
 31
0.0
  0
LINE
  8
3
  6
CONTINUOUS
 62
3
 10
2.68718361769028
 20
-9.49225032606454
 30
0.0
 11
2.76385140333484
 21
-9.47006277520191
 31
0.0
  0
LINE
  8
3
  6
CONTINUOUS
 62
3
 10
2.76385140333484
 20
-9.47006277520191
 30
0.0
 11
2.83447670851059
 21
-9.43277108946176
 31
0.0
  0
LINE
  8
3
  6
CONTINUOUS
 62
3
 10
2.83447670851059
 20
-9.43277108946176
 30
0.0
 11
2.84718473666815
 21
-9.44745862760873
 31
0.0
  0
LINE
  8
3
  6
CONTINUOUS
 62
3
 10
2.84718473666815
 20
-9.44745862760873
 30
0.0
 11
2.87260079298327
 21
-9.47725030063323
 31
0.0
  0
LINE
  8
3
  6
CONTINUOUS
 62
3
 10
2.87260079298327
 20
-9.47725030063323
 30
0.0
 11
2.88541308953276
 21
-9.4919378387802
 31
0.0
  0
LINE
  8
3
  6
CONTINUOUS
 62
3
 10
2.88541308953276
 20
-9.4919378387802
 30
0.0
 11
2.898538191258
 21
-9.50631273069711
 31
0.0
  0
LINE
  8
3
  6
CONTINUOUS
 62
3
 10
2.898538191258
 20
-9.50631273069711
 30
0.0
 11
2.91208036655099
 21
-9.5203752942754
 31
0.0
  0
LINE
  8
3
  6
CONTINUOUS
 62
3
 10
2.91208036655099
 20
-9.5203752942754
 30
0.0
 11
2.92593534701973
 21
-9.53370861489307
 31
0.0
  0
LINE
  8
3
  6
CONTINUOUS
 62
3
 10
2.92593534701973
 20
-9.53370861489307
 30
0.0
 11
2.94041339470855
 21
-9.54641696094207
 31
0.0
  0
LINE
  8
3
  6
CONTINUOUS
 62
3
 10
2.94041339470855
 20
-9.54641696094207
 30
0.0
 11
2.95562132114083
 21
-9.55829195458424
 31
0.0
  0
LINE
  8
3
  6
CONTINUOUS
 62
3
 10
2.95562132114083
 20
-9.55829195458424
 30
0.0
 11
2.97155912631662
 21
-9.56912521798146
 31
0.0
  0
LINE
  8
3
  6
CONTINUOUS
 62
3
 10
2.97155912631662
 20
-9.56912521798146
 30
0.0
 11
3.0046859573713
 21
-9.58547946094207
 31
0.0
  0
LINE
  8
3
  6
CONTINUOUS
 62
3
 10
3.0046859573713
 20
-9.58547946094207
 30
0.0
 11
3.04228869988429
 21
-9.59777105131479
 31
0.0
  0
LINE
  8
3
  6
CONTINUOUS
 62
3
 10
3.04228869988429
 20
-9.59777105131479
 30
0.0
 11
3.08270668897937
 21
-9.60735452452035
 31
0.0
  0
LINE
  8
3
  6
CONTINUOUS
 62
3
 10
3.08270668897937
 20
-9.60735452452035
 30
0.0
 11
3.12406055047024
 21
-9.6155836212509
 31
0.0
  0
LINE
  8
3
  6
CONTINUOUS
 62
3
 10
3.12406055047024
 20
-9.6155836212509
 30
0.0
 11
3.16468453321764
 21
-9.62412536421152
 31
0.0
  0
LINE
  8
3
  6
CONTINUOUS
 62
3
 10
3.16468453321764
 20
-9.62412536421152
 30
0.0
 11
3.20280861769028
 21
-9.63422938464812
 31
0.0
  0
LINE
  8
3
  6
CONTINUOUS
 62
3
 10
3.20280861769028
 20
-9.63422938464812
 30
0.0
 11
3.23666278435697
 21
-9.64735448637338
 31
0.0
  0
LINE
  8
3
  6
CONTINUOUS
 62
3
 10
3.23666278435697
 20
-9.64735448637338
 30
0.0
 11
3.26447701368638
 21
-9.66516689736378
 31
0.0
  0
LINE
  8
3
  6
CONTINUOUS
 62
3
 10
3.26447701368638
 20
-9.66516689736378
 30
0.0
 11
3.2844761998843
 21
-9.68881277520191
 31
0.0
  0
LINE
  8
3
  6
CONTINUOUS
 62
3
 10
3.2844761998843
 20
-9.68881277520191
 30
0.0
 11
3.29489286655099
 21
-9.71995866575571
 31
0.0
  0
LINE
  8
3
  6
CONTINUOUS
 62
3
 10
3.29489286655099
 20
-9.71995866575571
 30
0.0
 11
3.30447538608221
 21
-9.78589618482919
 31
0.0
  0
LINE
  8
3
  6
CONTINUOUS
 62
3
 10
3.30447538608221
 20
-9.78589618482919
 30
0.0
 11
3.30989225619941
 21
-9.82402106403045
 31
0.0
  0
LINE
  8
3
  6
CONTINUOUS
 62
3
 10
3.30989225619941
 20
-9.82402106403045
 30
0.0
 11
3.31166481886217
 21
-9.84235449908904
 31
0.0
  0
LINE
  8
3
  6
CONTINUOUS
 62
3
 10
3.31166481886217
 20
-9.84235449908904
 30
0.0
 11
3.31030932976713
 21
-9.84902115939788
 31
0.0
  0
LINE
  8
3
  6
CONTINUOUS
 62
3
 10
3.31030932976713
 20
-9.84902115939788
 30
0.0
 11
3.30614368035307
 21
-9.85214619118702
 31
0.0
  0
LINE
  8
3
  6
CONTINUOUS
 62
3
 10
3.30614368035307
 20
-9.85214619118702
 30
0.0
 11
3.29978839470855
 21
-9.85964620390268
 31
0.0
  0
LINE
  8
3
  6
CONTINUOUS
 62
3
 10
3.29978839470855
 20
-9.85964620390268
 30
0.0
 11
3.29166308953276
 21
-9.8797502942754
 31
0.0
  0
LINE
  8
3
  6
CONTINUOUS
 62
3
 10
3.29166308953276
 20
-9.8797502942754
 30
0.0
 11
3.28218483839343
 21
-9.92047949908904
 31
0.0
  0
LINE
  8
3
  6
CONTINUOUS
 62
3
 10
3.28218483839343
 20
-9.92047949908904
 30
0.0
 11
3.27197670851059
 21
-9.98995864668222
 31
0.0
  0
LINE
  8
3
  6
CONTINUOUS
 62
3
 10
3.27197670851059
 20
-9.98995864668222
 30
0.0
 11
3.26135150506008
 21
-10.0962086148931
 31
0.0
  0
LINE
  8
3
  6
CONTINUOUS
 62
3
 10
3.26135150506008
 20
-10.0962086148931
 30
0.0
 11
3.2563517085106
 21
-10.1730836657557
 31
0.0
  0
LINE
  8
3
  6
CONTINUOUS
 62
3
 10
3.2563517085106
 20
-10.1730836657557
 30
0.0
 11
3.25343473666815
 21
-10.2541253197067
 31
0.0
  0
LINE
  8
3
  6
CONTINUOUS
 62
3
 10
3.25343473666815
 20
-10.2541253197067
 30
0.0
 11
3.25270485792469
 21
-10.3383961148931
 31
0.0
  0
LINE
  8
3
  6
CONTINUOUS
 62
3
 10
3.25270485792469
 20
-10.3383961148931
 30
0.0
 11
3.25406034701973
 21
-10.4249585894618
 31
0.0
  0
LINE
  8
3
  6
CONTINUOUS
 62
3
 10
3.25406034701973
 20
-10.4249585894618
 30
0.0
 11
3.25749611769028
 21
-10.5126669037216
 31
0.0
  0
LINE
  8
3
  6
CONTINUOUS
 62
3
 10
3.25749611769028
 20
-10.5126669037216
 30
0.0
 11
3.26291298780748
 21
-10.6005835958196
 31
0.0
  0
LINE
  8
3
  6
CONTINUOUS
 62
3
 10
3.26291298780748
 20
-10.6005835958196
 30
0.0
 11
3.2703109573713
 21
-10.6877712039027
 31
0.0
  0
LINE
  8
3
  6
CONTINUOUS
 62
3
 10
3.2703109573713
 20
-10.6877712039027
 30
0.0
 11
3.27958067172674
 21
-10.7730836498611
 31
0.0
  0
LINE
  8
3
  6
CONTINUOUS
 62
3
 10
3.27958067172674
 20
-10.7730836498611
 30
0.0
 11
3.29072721713689
 21
-10.8557919291529
 31
0.0
  0
LINE
  8
3
  6
CONTINUOUS
 62
3
 10
3.29072721713689
 20
-10.8557919291529
 30
0.0
 11
3.30374805047024
 21
-10.9345419831945
 31
0.0
  0
LINE
  8
3
  6
CONTINUOUS
 62
3
 10
3.30374805047024
 20
-10.9345419831945
 30
0.0
 11
3.31853890333485
 21
-11.0087085989985
 31
0.0
  0
LINE
  8
3
  6
CONTINUOUS
 62
3
 10
3.31853890333485
 20
-11.0087085989985
 30
0.0
 11
3.34489337517729
 21
-11.0907919831945
 31
0.0
  0
LINE
  8
3
  6
CONTINUOUS
 62
3
 10
3.34489337517729
 20
-11.0907919831945
 30
0.0
 11
3.38156024529445
 21
-11.1506878165278
 31
0.0
  0
LINE
  8
3
  6
CONTINUOUS
 62
3
 10
3.38156024529445
 20
-11.1506878165278
 30
0.0
 11
3.42645668897937
 21
-11.1901669927312
 31
0.0
  0
LINE
  8
3
  6
CONTINUOUS
 62
3
 10
3.42645668897937
 20
-11.1901669927312
 30
0.0
 11
3.4773930700015
 21
-11.2110003260645
 31
0.0
  0
LINE
  8
3
  6
CONTINUOUS
 62
3
 10
3.4773930700015
 20
-11.2110003260645
 30
0.0
 11
3.53218483839343
 21
-11.2149586307877
 31
0.0
  0
LINE
  8
3
  6
CONTINUOUS
 62
3
 10
3.53218483839343
 20
-11.2149586307877
 30
0.0
 11
3.58874662631662
 21
-11.2037086117142
 31
0.0
  0
LINE
  8
3
  6
CONTINUOUS
 62
3
 10
3.58874662631662
 20
-11.2037086117142
 30
0.0
 11
3.64510242058744
 21
-11.179125272023
 31
0.0
  0
LINE
  8
3
  6
CONTINUOUS
 62
3
 10
3.64510242058744
 20
-11.179125272023
 30
0.0
 11
3.69885150506008
 21
-11.142979425974
 31
0.0
  0
LINE
  8
3
  6
CONTINUOUS
 62
3
 10
3.69885150506008
 20
-11.142979425974
 30
0.0
 11
3.74801786655099
 21
-11.0969377783808
 31
0.0
  0
LINE
  8
3
  6
CONTINUOUS
 62
3
 10
3.74801786655099
 20
-11.0969377783808
 30
0.0
 11
3.79051868035307
 21
-11.0427711435033
 31
0.0
  0
LINE
  8
3
  6
CONTINUOUS
 62
3
 10
3.79051868035307
 20
-11.0427711435033
 30
0.0
 11
3.83301695102362
 21
-11.0969377783808
 31
0.0
  0
LINE
  8
3
  6
CONTINUOUS
 62
3
 10
3.83301695102362
 20
-11.0969377783808
 30
0.0
 11
3.88218585564603
 21
-11.142979425974
 31
0.0
  0
LINE
  8
3
  6
CONTINUOUS
 62
3
 10
3.88218585564603
 20
-11.142979425974
 30
0.0
 11
3.93603920851059
 21
-11.179125272023
 31
0.0
  0
LINE
  8
3
  6
CONTINUOUS
 62
3
 10
3.93603920851059
 20
-11.179125272023
 30
0.0
 11
3.992288191258
 21
-11.2037086117142
 31
0.0
  0
LINE
  8
3
  6
CONTINUOUS
 62
3
 10
3.992288191258
 20
-11.2037086117142
 30
0.0
 11
4.04885252231268
 21
-11.2149586307877
 31
0.0
  0
LINE
  8
3
  6
CONTINUOUS
 62
3
 10
4.04885252231268
 20
-11.2149586307877
 30
0.0
 11
4.10374601596504
 21
-11.2110003260645
 31
0.0
  0
LINE
  8
3
  6
CONTINUOUS
 62
3
 10
4.10374601596504
 20
-11.2110003260645
 30
0.0
 11
4.15458067172674
 21
-11.1901669927312
 31
0.0
  0
LINE
  8
3
  6
CONTINUOUS
 62
3
 10
4.15458067172674
 20
-11.1901669927312
 30
0.0
 11
4.19947711541166
 21
-11.1506878165278
 31
0.0
  0
LINE
  8
3
  6
CONTINUOUS
 62
3
 10
4.19947711541166
 20
-11.1506878165278
 30
0.0
 11
4.23614398552882
 21
-11.0907919831945
 31
0.0
  0
LINE
  8
3
  6
CONTINUOUS
 62
3
 10
4.23614398552882
 20
-11.0907919831945
 30
0.0
 11
4.2626001826317
 21
-11.0087085989985
 31
0.0
  0
LINE
  8
3
  6
CONTINUOUS
 62
3
 10
4.2626001826317
 20
-11.0087085989985
 30
0.0
 11
4.27728931023587
 21
-10.9345419831945
 31
0.0
  0
LINE
  8
3
  6
CONTINUOUS
 62
3
 10
4.27728931023587
 20
-10.9345419831945
 30
0.0
 11
4.29031014356922
 21
-10.8557919291529
 31
0.0
  0
LINE
  8
3
  6
CONTINUOUS
 62
3
 10
4.29031014356922
 20
-10.8557919291529
 30
0.0
 11
4.30145668897937
 21
-10.7730836498611
 31
0.0
  0
LINE
  8
3
  6
CONTINUOUS
 62
3
 10
4.30145668897937
 20
-10.7730836498611
 30
0.0
 11
4.31072640333484
 21
-10.6877712039027
 31
0.0
  0
LINE
  8
3
  6
CONTINUOUS
 62
3
 10
4.31072640333484
 20
-10.6877712039027
 30
0.0
 11
4.31812182976713
 21
-10.6005835958196
 31
0.0
  0
LINE
  8
3
  6
CONTINUOUS
 62
3
 10
4.31812182976713
 20
-10.6005835958196
 30
0.0
 11
4.32353869988429
 21
-10.5126669037216
 31
0.0
  0
LINE
  8
3
  6
CONTINUOUS
 62
3
 10
4.32353869988429
 20
-10.5126669037216
 30
0.0
 11
4.32697701368638
 21
-10.4249585894618
 31
0.0
  0
LINE
  8
3
  6
CONTINUOUS
 62
3
 10
4.32697701368638
 20
-10.4249585894618
 30
0.0
 11
4.32832995964992
 21
-10.3383961148931
 31
0.0
  0
LINE
  8
3
  6
CONTINUOUS
 62
3
 10
4.32832995964992
 20
-10.3383961148931
 30
0.0
 11
4.32760262403795
 21
-10.2541253197067
 31
0.0
  0
LINE
  8
3
  6
CONTINUOUS
 62
3
 10
4.32760262403795
 20
-10.2541253197067
 30
0.0
 11
4.32478992058745
 21
-10.1730836657557
 31
0.0
  0
LINE
  8
3
  6
CONTINUOUS
 62
3
 10
4.32478992058745
 20
-10.1730836657557
 30
0.0
 11
4.31968585564603
 21
-10.0962086148931
 31
0.0
  0
LINE
  8
3
  6
CONTINUOUS
 62
3
 10
4.31968585564603
 20
-10.0962086148931
 30
0.0
 11
4.30906065219551
 21
-9.98995864668222
 31
0.0
  0
LINE
  8
3
  6
CONTINUOUS
 62
3
 10
4.30906065219551
 20
-9.98995864668222
 30
0.0
 11
4.29885252231268
 21
-9.92047949908904
 31
0.0
  0
LINE
  8
3
  6
CONTINUOUS
 62
3
 10
4.29885252231268
 20
-9.92047949908904
 30
0.0
 11
4.28947599643378
 21
-9.8797502942754
 31
0.0
  0
LINE
  8
3
  6
CONTINUOUS
 62
3
 10
4.28947599643378
 20
-9.8797502942754
 30
0.0
 11
4.28124642286606
 21
-9.85964620390268
 31
0.0
  0
LINE
  8
3
  6
CONTINUOUS
 62
3
 10
4.28124642286606
 20
-9.85964620390268
 30
0.0
 11
4.27489368035307
 21
-9.85214619118702
 31
0.0
  0
LINE
  8
3
  6
CONTINUOUS
 62
3
 10
4.27489368035307
 20
-9.85214619118702
 30
0.0
 11
4.27082975619941
 21
-9.84902115939788
 31
0.0
  0
LINE
  8
3
  6
CONTINUOUS
 62
3
 10
4.27082975619941
 20
-9.84902115939788
 30
0.0
 11
4.26937254184394
 21
-9.84235449908904
 31
0.0
  0
LINE
  8
3
  6
CONTINUOUS
 62
3
 10
4.26937254184394
 20
-9.84235449908904
 30
0.0
 11
4.2711425613752
 21
-9.82402106403045
 31
0.0
  0
LINE
  8
3
  6
CONTINUOUS
 62
3
 10
4.2711425613752
 20
-9.82402106403045
 30
0.0
 11
4.27655943149237
 21
-9.78589618482919
 31
0.0
  0
LINE
  8
3
  6
CONTINUOUS
 62
3
 10
4.27655943149237
 20
-9.78589618482919
 30
0.0
 11
4.28614195102362
 21
-9.71995866575571
 31
0.0
  0
LINE
  8
3
  6
CONTINUOUS
 62
3
 10
4.28614195102362
 20
-9.71995866575571
 30
0.0
 11
4.29655861769032
 21
-9.68881277520191
 31
0.0
  0
LINE
  8
3
  6
CONTINUOUS
 62
3
 10
4.29655861769032
 20
-9.68881277520191
 30
0.0
 11
4.31656034701973
 21
-9.66516689736378
 31
0.0
  0
LINE
  8
3
  6
CONTINUOUS
 62
3
 10
4.31656034701973
 20
-9.66516689736378
 30
0.0
 11
4.34437203321764
 21
-9.64735448637338
 31
0.0
  0
LINE
  8
3
  6
CONTINUOUS
 62
3
 10
4.34437203321764
 20
-9.64735448637338
 30
0.0
 11
4.3782261998843
 21
-9.63422938464812
 31
0.0
  0
LINE
  8
3
  6
CONTINUOUS
 62
3
 10
4.3782261998843
 20
-9.63422938464812
 30
0.0
 11
4.41635028435697
 21
-9.62412536421152
 31
0.0
  0
LINE
  8
3
  6
CONTINUOUS
 62
3
 10
4.41635028435697
 20
-9.62412536421152
 30
0.0
 11
4.45697681023587
 21
-9.6155836212509
 31
0.0
  0
LINE
  8
3
  6
CONTINUOUS
 62
3
 10
4.45697681023587
 20
-9.6155836212509
 30
0.0
 11
4.49843494011866
 21
-9.60735452452035
 31
0.0
  0
LINE
  8
3
  6
CONTINUOUS
 62
3
 10
4.49843494011866
 20
-9.60735452452035
 30
0.0
 11
4.53874611769032
 21
-9.59777105131479
 31
0.0
  0
LINE
  8
3
  6
CONTINUOUS
 62
3
 10
4.53874611769032
 20
-9.59777105131479
 30
0.0
 11
4.57645567172677
 21
-9.58547946094207
 31
0.0
  0
LINE
  8
3
  6
CONTINUOUS
 62
3
 10
4.57645567172677
 20
-9.58547946094207
 30
0.0
 11
4.60947569125799
 21
-9.56912521798146
 31
0.0
  0
LINE
  8
3
  6
CONTINUOUS
 62
3
 10
4.60947569125799
 20
-9.56912521798146
 30
0.0
 11
4.62614337517729
 21
-9.55777108946176
 31
0.0
  0
LINE
  8
3
  6
CONTINUOUS
 62
3
 10
4.62614337517729
 20
-9.55777108946176
 30
0.0
 11
4.64197691196115
 21
-9.5452711212509
 31
0.0
  0
LINE
  8
3
  6
CONTINUOUS
 62
3
 10
4.64197691196115
 20
-9.5452711212509
 30
0.0
 11
4.6570805700015
 21
-9.53193780063323
 31
0.0
  0
LINE
  8
3
  6
CONTINUOUS
 62
3
 10
4.6570805700015
 20
-9.53193780063323
 30
0.0
 11
4.67155861769032
 21
-9.51777112760873
 31
0.0
  0
LINE
  8
3
  6
CONTINUOUS
 62
3
 10
4.67155861769032
 20
-9.51777112760873
 30
0.0
 11
4.68551786655099
 21
-9.50308358946176
 31
0.0
  0
LINE
  8
3
  6
CONTINUOUS
 62
3
 10
4.68551786655099
 20
-9.50308358946176
 30
0.0
 11
4.69916431023587
 21
-9.48787534513803
 31
0.0
  0
LINE
  8
3
  6
CONTINUOUS
 62
3
 10
4.69916431023587
 20
-9.48787534513803
 30
0.0
 11
4.71260221713693
 21
-9.47245856403044
 31
0.0
  0
LINE
  8
3
  6
CONTINUOUS
 62
3
 10
4.71260221713693
 20
-9.47245856403044
 30
0.0
 11
4.7258315872541
 21
-9.45683356403044
 31
0.0
  0
LINE
  8
3
  6
CONTINUOUS
 62
3
 10
4.7258315872541
 20
-9.45683356403044
 30
0.0
 11
4.75249632114083
 21
-9.42610442915292
 31
0.0
  0
LINE
  8
3
  6
CONTINUOUS
 62
3
 10
4.75249632114083
 20
-9.42610442915292
 30
0.0
 11
4.75333046827622
 21
-9.4251669672999
 31
0.0
  0
LINE
  8
3
  6
CONTINUOUS
 62
3
 10
4.75333046827622
 20
-9.4251669672999
 30
0.0
 11
4.75416461541166
 21
-9.42412523705494
 31
0.0
  0
LINE
  8
3
  6
CONTINUOUS
 62
3
 10
4.75416461541166
 20
-9.42412523705494
 30
0.0
 11
4.75510048780748
 21
-9.42318777520191
 31
0.0
  0
LINE
  8
3
  6
CONTINUOUS
 62
3
 10
4.75510048780748
 20
-9.42318777520191
 30
0.0
 11
4.75593463494292
 21
-9.42214620390268
 31
0.0
  0
LINE
  8
3
  6
CONTINUOUS
 62
3
 10
4.75593463494292
 20
-9.42214620390268
 30
0.0
 11
4.75676878207831
 21
-9.42120858310393
 31
0.0
  0
LINE
  8
3
  6
CONTINUOUS
 62
3
 10
4.75676878207831
 20
-9.42120858310393
 30
0.0
 11
4.75760038608221
 21
-9.4201670118047
 31
0.0
  0
LINE
  8
3
  6
CONTINUOUS
 62
3
 10
4.75760038608221
 20
-9.4201670118047
 30
0.0
 11
4.75843453321764
 21
-9.41922939100595
 31
0.0
  0
LINE
  8
3
  6
CONTINUOUS
 62
3
 10
4.75843453321764
 20
-9.41922939100595
 30
0.0
 11
4.76010028435697
 21
-9.41714608946176
 31
0.0
  0
LINE
  8
3
  6
CONTINUOUS
 62
3
 10
4.76010028435697
 20
-9.41714608946176
 30
0.0
 11
4.76093443149236
 21
-9.41620862760873
 31
0.0
  0
LINE
  8
3
  6
CONTINUOUS
 62
3
 10
8.97260181023587
 20
-9.52360443551075
 30
0.0
 11
9.04437279615709
 21
-9.56527110217742
 31
0.0
  0
LINE
  8
3
  6
CONTINUOUS
 62
3
 10
9.04437279615709
 20
-9.56527110217742
 30
0.0
 11
9.12312213494292
 21
-9.59089617211353
 31
0.0
  0
LINE
  8
3
  6
CONTINUOUS
 62
3
 10
9.12312213494292
 20
-9.59089617211353
 30
0.0
 11
9.20562259270658
 21
-9.59954202452035
 31
0.0
  0
LINE
  8
3
  6
CONTINUOUS
 62
3
 10
9.20562259270658
 20
-9.59954202452035
 30
0.0
 11
9.28801751051256
 21
-9.59058368482919
 31
0.0
  0
LINE
  8
3
  6
CONTINUOUS
 62
3
 10
9.28801751051256
 20
-9.59058368482919
 30
0.0
 11
9.36676812086414
 21
-9.56464612760873
 31
0.0
  0
LINE
  8
3
  6
CONTINUOUS
 62
3
 10
9.36676812086414
 20
-9.56464612760873
 30
0.0
 11
9.4383305700015
 21
-9.52287535149586
 31
0.0
  0
LINE
  8
3
  6
CONTINUOUS
 62
3
 10
9.4383305700015
 20
-9.52287535149586
 30
0.0
 11
9.49958062086414
 21
-9.46693774341277
 31
0.0
  0
LINE
  8
3
  6
CONTINUOUS
 62
3
 10
9.49958062086414
 20
-9.46693774341277
 30
0.0
 11
9.5477055700015
 21
-9.39943794686329
 31
0.0
  0
LINE
  8
3
  6
CONTINUOUS
 62
3
 10
9.5477055700015
 20
-9.39943794686329
 30
0.0
 11
9.58062259270658
 21
-9.32339608946176
 31
0.0
  0
LINE
  8
3
  6
CONTINUOUS
 62
3
 10
9.58062259270658
 20
-9.32339608946176
 30
0.0
 11
9.59697619988429
 21
-9.24214621661834
 31
0.0
  0
LINE
  8
3
  6
CONTINUOUS
 62
3
 10
9.59697619988429
 20
-9.24214621661834
 30
0.0
 11
9.59593478753079
 21
-9.15922932106983
 31
0.0
  0
LINE
  8
3
  6
CONTINUOUS
 62
3
 10
9.59593478753079
 20
-9.15922932106983
 30
0.0
 11
9.57749708408028
 21
-9.07839620390268
 31
0.0
  0
LINE
  8
3
  6
CONTINUOUS
 62
3
 10
9.57749708408028
 20
-9.07839620390268
 30
0.0
 11
9.54249723666815
 21
-9.00318785785369
 31
0.0
  0
LINE
  8
3
  6
CONTINUOUS
 62
3
 10
9.54249723666815
 20
-9.00318785785369
 30
0.0
 11
9.53041354729642
 21
-8.98297949908904
 31
0.0
  0
LINE
  8
3
  6
CONTINUOUS
 62
3
 10
9.53041354729642
 20
-8.98297949908904
 30
0.0
 11
9.52833072258937
 21
-8.97964608946176
 31
0.0
  0
LINE
  8
3
  6
CONTINUOUS
 62
3
 10
9.52833072258937
 20
-8.97964608946176
 30
0.0
 11
9.52635089470855
 21
-8.97620872933399
 31
0.0
  0
LINE
  8
3
  6
CONTINUOUS
 62
3
 10
9.52635089470855
 20
-8.97620872933399
 30
0.0
 11
9.5242680700015
 21
-8.97287531970671
 31
0.0
  0
LINE
  8
3
  6
CONTINUOUS
 62
3
 10
9.5242680700015
 20
-8.97287531970671
 30
0.0
 11
9.52228951368638
 21
-8.96943764168751
 31
0.0
  0
LINE
  8
3
  6
CONTINUOUS
 62
3
 10
9.52228951368638
 20
-8.96943764168751
 30
0.0
 11
9.49749779615709
 21
-8.93297930835418
 31
0.0
  0
LINE
  8
3
  6
CONTINUOUS
 62
3
 10
9.49749779615709
 20
-8.93297930835418
 30
0.0
 11
9.46874769443185
 21
-8.89943794686329
 31
0.0
  0
LINE
  8
3
  6
CONTINUOUS
 62
3
 10
9.46874769443185
 20
-8.89943794686329
 30
0.0
 11
9.43645501051256
 21
-8.86933362760873
 31
0.0
  0
LINE
  8
3
  6
CONTINUOUS
 62
3
 10
9.43645501051256
 20
-8.86933362760873
 30
0.0
 11
9.40103936109851
 21
-8.84308374204965
 31
0.0
  0
LINE
  8
3
  6
CONTINUOUS
 62
3
 10
9.40103936109851
 20
-8.84308374204965
 30
0.0
 11
9.36291400506008
 21
-8.82100014168751
 31
0.0
  0
LINE
  8
3
  6
CONTINUOUS
 62
3
 10
9.36291400506008
 20
-8.82100014168751
 30
0.0
 11
9.32249728753079
 21
-8.80318773069711
 31
0.0
  0
LINE
  8
3
  6
CONTINUOUS
 62
3
 10
9.32249728753079
 20
-8.80318773069711
 30
0.0
 11
9.28030927890449
 21
-8.79016689736378
 31
0.0
  0
LINE
  8
3
  6
CONTINUOUS
 62
3
 10
9.28030927890449
 20
-8.79016689736378
 30
0.0
 11
9.23697686109851
 21
-8.78183369118702
 31
0.0
  0
LINE
  8
3
  6
CONTINUOUS
 62
3
 10
9.23697686109851
 20
-8.78183369118702
 30
0.0
 11
9.1930175613752
 21
-8.77839601316781
 31
0.0
  0
LINE
  8
3
  6
CONTINUOUS
 62
3
 10
9.1930175613752
 20
-8.77839601316781
 30
0.0
 11
9.14885099643378
 21
-8.77995876748097
 31
0.0
  0
LINE
  8
3
  6
CONTINUOUS
 62
3
 10
9.14885099643378
 20
-8.77995876748097
 30
0.0
 11
9.19458031568835
 21
-8.68839617847136
 31
0.0
  0
LINE
  8
3
  6
CONTINUOUS
 62
3
 10
9.19458031568835
 20
-8.68839617847136
 30
0.0
 11
9.23853834384591
 21
-8.59995878019662
 31
0.0
  0
LINE
  8
3
  6
CONTINUOUS
 62
3
 10
9.23853834384591
 20
-8.59995878019662
 30
0.0
 11
9.25885160678536
 21
-8.5586046008143
 31
0.0
  0
LINE
  8
3
  6
CONTINUOUS
 62
3
 10
9.25885160678536
 20
-8.5586046008143
 30
0.0
 11
9.27749784701973
 21
-8.52016707538298
 31
0.0
  0
LINE
  8
3
  6
CONTINUOUS
 62
3
 10
9.27749784701973
 20
-8.52016707538298
 30
0.0
 11
9.2940599909813
 21
-8.48537544686329
 31
0.0
  0
LINE
  8
3
  6
CONTINUOUS
 62
3
 10
9.2940599909813
 20
-8.48537544686329
 30
0.0
 11
9.30812223666815
 21
-8.45485437193246
 31
0.0
  0
LINE
  8
3
  6
CONTINUOUS
 62
3
 10
9.30812223666815
 20
-8.45485437193246
 30
0.0
 11
9.31926751051256
 21
-8.42943767983448
 31
0.0
  0
LINE
  8
3
  6
CONTINUOUS
 62
3
 10
9.31926751051256
 20
-8.42943767983448
 30
0.0
 11
9.32718427890449
 21
-8.4096460767461
 31
0.0
  0
LINE
  8
3
  6
CONTINUOUS
 62
3
 10
9.32718427890449
 20
-8.4096460767461
 30
0.0
 11
9.35364301913886
 21
-8.33141680835418
 31
0.0
  0
LINE
  8
3
  6
CONTINUOUS
 62
3
 10
9.35364301913886
 20
-8.33141680835418
 30
0.0
 11
9.3758305700015
 21
-8.2533960767461
 31
0.0
  0
LINE
  8
3
  6
CONTINUOUS
 62
3
 10
9.3758305700015
 20
-8.2533960767461
 30
0.0
 11
9.39385119988429
 21
-8.17537534513803
 31
0.0
  0
LINE
  8
3
  6
CONTINUOUS
 62
3
 10
9.39385119988429
 20
-8.17537534513803
 30
0.0
 11
9.408121982355
 21
-8.09756283242237
 31
0.0
  0
LINE
  8
3
  6
CONTINUOUS
 62
3
 10
9.408121982355
 20
-8.09756283242237
 30
0.0
 11
9.41874718580556
 21
-8.0197503197067
 31
0.0
  0
LINE
  8
3
  6
CONTINUOUS
 62
3
 10
9.41874718580556
 20
-8.0197503197067
 30
0.0
 11
9.42593534701973
 21
-7.942042075383
 31
0.0
  0
LINE
  8
3
  6
CONTINUOUS
 62
3
 10
9.42593534701973
 20
-7.942042075383
 30
0.0
 11
9.43010099643378
 21
-7.8643335131678
 31
0.0
  0
LINE
  8
3
  6
CONTINUOUS
 62
3
 10
9.43010099643378
 20
-7.8643335131678
 30
0.0
 11
9.43135094557115
 21
-7.78652100045217
 31
0.0
  0
LINE
  8
3
  6
CONTINUOUS
 62
3
 10
9.43135094557115
 20
-7.78652100045217
 30
0.0
 11
9.42999672804185
 21
-7.70881275612843
 31
0.0
  0
LINE
  8
3
  6
CONTINUOUS
 62
3
 10
9.42999672804185
 20
-7.70881275612843
 30
0.0
 11
9.42624688062977
 21
-7.63100024341276
 31
0.0
  0
LINE
  8
3
  6
CONTINUOUS
 62
3
 10
9.42624688062977
 20
-7.63100024341276
 30
0.0
 11
9.42030994011867
 21
-7.55308378019662
 31
0.0
  0
LINE
  8
3
  6
CONTINUOUS
 62
3
 10
9.42030994011867
 20
-7.55308378019662
 30
0.0
 11
9.41249744011867
 21
-7.47506273069709
 31
0.0
  0
LINE
  8
3
  6
CONTINUOUS
 62
3
 10
9.41249744011867
 20
-7.47506273069709
 30
0.0
 11
9.40301791741358
 21
-7.39693773069709
 31
0.0
  0
LINE
  8
3
  6
CONTINUOUS
 62
3
 10
9.40301791741358
 20
-7.39693773069709
 30
0.0
 11
9.39208118035307
 21
-7.31860451180469
 31
0.0
  0
LINE
  8
3
  6
CONTINUOUS
 62
3
 10
9.39208118035307
 20
-7.31860451180469
 30
0.0
 11
9.3799974909813
 21
-7.24016702452036
 31
0.0
  0
LINE
  8
3
  6
CONTINUOUS
 62
3
 10
9.3799974909813
 20
-7.24016702452036
 30
0.0
 11
9.36697665764799
 21
-7.16141704995166
 31
0.0
  0
LINE
  8
3
  6
CONTINUOUS
 62
3
 10
9.36697665764799
 20
-7.16141704995166
 30
0.0
 11
9.35322594557115
 21
-7.08245853859914
 31
0.0
  0
LINE
  8
3
  6
CONTINUOUS
 62
3
 10
9.35322594557115
 20
-7.08245853859914
 30
0.0
 11
9.34208067172678
 21
-7.01037538328501
 31
0.0
  0
LINE
  8
3
  6
CONTINUOUS
 62
3
 10
9.34208067172678
 20
-7.01037538328501
 30
0.0
 11
9.33218534701973
 21
-6.9344377942754
 31
0.0
  0
LINE
  8
3
  6
CONTINUOUS
 62
3
 10
9.33218534701973
 20
-6.9344377942754
 30
0.0
 11
9.32166441196115
 21
-6.8565210131678
 31
0.0
  0
LINE
  8
3
  6
CONTINUOUS
 62
3
 10
9.32166441196115
 20
-6.8565210131678
 30
0.0
 11
9.30874784701973
 21
-6.77829206266733
 31
0.0
  0
LINE
  8
3
  6
CONTINUOUS
 62
3
 10
9.30874784701973
 20
-6.77829206266733
 30
0.0
 11
9.29176862949044
 21
-6.70152128019662
 31
0.0
  0
LINE
  8
3
  6
CONTINUOUS
 62
3
 10
9.29176862949044
 20
-6.70152128019662
 30
0.0
 11
9.26864266310044
 21
-6.62777110217741
 31
0.0
  0
LINE
  8
3
  6
CONTINUOUS
 62
3
 10
9.26864266310044
 20
-6.62777110217741
 30
0.0
 11
9.23780973666815
 21
-6.55902135649056
 31
0.0
  0
LINE
  8
3
  6
CONTINUOUS
 62
3
 10
9.23780973666815
 20
-6.55902135649056
 30
0.0
 11
9.19728875074693
 21
-6.49672925749154
 31
0.0
  0
LINE
  8
3
  6
CONTINUOUS
 62
3
 10
9.19728875074693
 20
-6.49672925749154
 30
0.0
 11
9.14541395419744
 21
-6.44277100045217
 31
0.0
  0
LINE
  8
3
  6
CONTINUOUS
 62
3
 10
9.14541395419744
 20
-6.44277100045217
 30
0.0
 11
9.08020551913886
 21
-6.39891724068654
 31
0.0
  0
LINE
  8
3
  6
CONTINUOUS
 62
3
 10
9.08020551913886
 20
-6.39891724068654
 30
0.0
 11
8.99937208408028
 21
-6.36120832243296
 31
0.0
  0
LINE
  8
3
  6
CONTINUOUS
 62
3
 10
8.99937208408028
 20
-6.36120832243296
 30
0.0
 11
8.91520587517729
 21
-6.3322503197067
 31
0.0
  0
LINE
  8
3
  6
CONTINUOUS
 62
3
 10
8.91520587517729
 20
-6.3322503197067
 30
0.0
 11
8.82978844557114
 21
-6.3136047152552
 31
0.0
  0
LINE
  8
3
  6
CONTINUOUS
 62
3
 10
8.82978844557114
 20
-6.3136047152552
 30
0.0
 11
8.74530943149237
 21
-6.30683362760875
 31
0.0
  0
LINE
  8
3
  6
CONTINUOUS
 62
3
 10
8.74530943149237
 20
-6.30683362760875
 30
0.0
 11
8.66406019443181
 21
-6.31339617847134
 31
0.0
  0
LINE
  8
3
  6
CONTINUOUS
 62
3
 10
8.66406019443181
 20
-6.31339617847134
 30
0.0
 11
8.58833082431465
 21
-6.33495875476532
 31
0.0
  0
LINE
  8
3
  6
CONTINUOUS
 62
3
 10
8.58833082431465
 20
-6.33495875476532
 30
0.0
 11
8.5201011490217
 21
-6.37318774341276
 31
0.0
  0
LINE
  8
3
  6
CONTINUOUS
 62
3
 10
8.5201011490217
 20
-6.37318774341276
 30
0.0
 11
8.46166380160957
 21
-6.42954226611784
 31
0.0
  0
LINE
  8
3
  6
CONTINUOUS
 62
3
 10
8.46166380160957
 20
-6.42954226611784
 30
0.0
 11
8.41531014356922
 21
-6.50558380562792
 31
0.0
  0
LINE
  8
3
  6
CONTINUOUS
 62
3
 10
8.41531014356922
 20
-6.50558380562792
 30
0.0
 11
8.38322599643378
 21
-6.60297938464812
 31
0.0
  0
LINE
  8
3
  6
CONTINUOUS
 62
3
 10
8.38322599643378
 20
-6.60297938464812
 30
0.0
 11
8.36999662631662
 21
-6.68214643278449
 31
0.0
  0
LINE
  8
3
  6
CONTINUOUS
 62
3
 10
8.36999662631662
 20
-6.68214643278449
 30
0.0
 11
8.36478829298327
 21
-6.7619378197067
 31
0.0
  0
LINE
  8
3
  6
CONTINUOUS
 62
3
 10
8.36478829298327
 20
-6.7619378197067
 30
0.0
 11
8.36645531568835
 21
-6.84214628019662
 31
0.0
  0
LINE
  8
3
  6
CONTINUOUS
 62
3
 10
8.36645531568835
 20
-6.84214628019662
 30
0.0
 11
8.37385201368638
 21
-6.92277117847134
 31
0.0
  0
LINE
  8
3
  6
CONTINUOUS
 62
3
 10
8.37385201368638
 20
-6.92277117847134
 30
0.0
 11
8.38551862949044
 21
-7.00370856403044
 31
0.0
  0
LINE
  8
3
  6
CONTINUOUS
 62
3
 10
8.38551862949044
 20
-7.00370856403044
 30
0.0
 11
8.40062228753079
 21
-7.08495875476532
 31
0.0
  0
LINE
  8
3
  6
CONTINUOUS
 62
3
 10
8.40062228753079
 20
-7.08495875476532
 30
0.0
 11
8.41760150506008
 21
-7.16631289600068
 31
0.0
  0
LINE
  8
3
  6
CONTINUOUS
 62
3
 10
8.41760150506008
 20
-7.16631289600068
 30
0.0
 11
8.43551786655099
 21
-7.2477709877365
 31
0.0
  0
LINE
  8
3
  6
CONTINUOUS
 62
3
 10
8.43551786655099
 20
-7.2477709877365
 30
0.0
 11
8.45301842603992
 21
-7.32933366575571
 31
0.0
  0
LINE
  8
3
  6
CONTINUOUS
 62
3
 10
8.45301842603992
 20
-7.32933366575571
 30
0.0
 11
8.46895495964992
 21
-7.410792075383
 31
0.0
  0
LINE
  8
3
  6
CONTINUOUS
 62
3
 10
8.46895495964992
 20
-7.410792075383
 30
0.0
 11
8.48218432976713
 21
-7.49214621661835
 31
0.0
  0
LINE
  8
3
  6
CONTINUOUS
 62
3
 10
8.48218432976713
 20
-7.49214621661835
 30
0.0
 11
8.49135104729642
 21
-7.57329182106985
 31
0.0
  0
LINE
  8
3
  6
CONTINUOUS
 62
3
 10
8.49135104729642
 20
-7.57329182106985
 30
0.0
 11
8.49541369988429
 21
-7.65422952452036
 31
0.0
  0
LINE
  8
3
  6
CONTINUOUS
 62
3
 10
8.49541369988429
 20
-7.65422952452036
 30
0.0
 11
8.49312233839343
 21
-7.73485442279508
 31
0.0
  0
LINE
  8
3
  6
CONTINUOUS
 62
3
 10
8.49312233839343
 20
-7.73485442279508
 30
0.0
 11
8.48322701368638
 21
-7.81506288328501
 31
0.0
  0
LINE
  8
3
  6
CONTINUOUS
 62
3
 10
8.48322701368638
 20
-7.81506288328501
 30
0.0
 11
8.46447650506008
 21
-7.8947503197067
 31
0.0
  0
LINE
  8
3
  6
CONTINUOUS
 62
3
 10
8.46447650506008
 20
-7.8947503197067
 30
0.0
 11
8.45343422804185
 21
-7.92672956266733
 31
0.0
  0
LINE
  8
3
  6
CONTINUOUS
 62
3
 10
8.45343422804185
 20
-7.92672956266733
 30
0.0
 11
8.43968478753079
 21
-7.95756280699107
 31
0.0
  0
LINE
  8
3
  6
CONTINUOUS
 62
3
 10
8.43968478753079
 20
-7.95756280699107
 30
0.0
 11
8.42395551913886
 21
-7.98756285785367
 31
0.0
  0
LINE
  8
3
  6
CONTINUOUS
 62
3
 10
8.42395551913886
 20
-7.98756285785367
 30
0.0
 11
8.40676776482571
 21
-8.01683366575572
 31
0.0
  0
LINE
  8
3
  6
CONTINUOUS
 62
3
 10
8.40676776482571
 20
-8.01683366575572
 30
0.0
 11
8.3883300613752
 21
-8.04579198637339
 31
0.0
  0
LINE
  8
3
  6
CONTINUOUS
 62
3
 10
8.3883300613752
 20
-8.04579198637339
 30
0.0
 11
8.35051751051256
 21
-8.10308365304005
 31
0.0
  0
LINE
  8
3
  6
CONTINUOUS
 62
3
 10
8.35051751051256
 20
-8.10308365304005
 30
0.0
 11
8.33197681023587
 21
-8.13193770526579
 31
0.0
  0
LINE
  8
3
  6
CONTINUOUS
 62
3
 10
8.33197681023587
 20
-8.13193770526579
 30
0.0
 11
8.31447625074693
 21
-8.16131278155974
 31
0.0
  0
LINE
  8
3
  6
CONTINUOUS
 62
3
 10
8.31447625074693
 20
-8.16131278155974
 30
0.0
 11
8.29833118035307
 21
-8.19131283242237
 31
0.0
  0
LINE
  8
3
  6
CONTINUOUS
 62
3
 10
8.29833118035307
 20
-8.19131283242237
 30
0.0
 11
8.21155953321764
 21
-8.36360458809864
 31
0.0
  0
LINE
  8
3
  6
CONTINUOUS
 62
3
 10
8.21155953321764
 20
-8.36360458809864
 30
0.0
 11
8.18291369988429
 21
-8.42120874204965
 31
0.0
  0
LINE
  8
3
  6
CONTINUOUS
 62
3
 10
8.18291369988429
 20
-8.42120874204965
 30
0.0
 11
8.15478920851059
 21
-8.47902111489307
 31
0.0
  0
LINE
  8
3
  6
CONTINUOUS
 62
3
 10
8.15478920851059
 20
-8.47902111489307
 30
0.0
 11
8.12718478753079
 21
-8.53704202452035
 31
0.0
  0
LINE
  8
3
  6
CONTINUOUS
 62
3
 10
8.12718478753079
 20
-8.53704202452035
 30
0.0
 11
8.10051751051256
 21
-8.59547937193246
 31
0.0
  0
LINE
  8
3
  6
CONTINUOUS
 62
3
 10
8.10051751051256
 20
-8.59547937193246
 30
0.0
 11
8.07489291741359
 21
-8.65443774341277
 31
0.0
  0
LINE
  8
3
  6
CONTINUOUS
 62
3
 10
8.07489291741359
 20
-8.65443774341277
 30
0.0
 11
8.05041400506008
 21
-8.71381287056935
 31
0.0
  0
LINE
  8
3
  6
CONTINUOUS
 62
3
 10
8.05041400506008
 20
-8.71381287056935
 30
0.0
 11
8.02749784701973
 21
-8.77381265440317
 31
0.0
  0
LINE
  8
3
  6
CONTINUOUS
 62
3
 10
8.02749784701973
 20
-8.77381265440317
 30
0.0
 11
8.01968534701973
 21
-8.80058356403044
 31
0.0
  0
LINE
  8
3
  6
CONTINUOUS
 62
3
 10
8.01968534701973
 20
-8.80058356403044
 30
0.0
 11
8.01249718580552
 21
-8.83527124204965
 31
0.0
  0
LINE
  8
3
  6
CONTINUOUS
 62
3
 10
8.01249718580552
 20
-8.83527124204965
 30
0.0
 11
8.00531029615709
 21
-8.87589617847136
 31
0.0
  0
LINE
  8
3
  6
CONTINUOUS
 62
3
 10
8.00531029615709
 20
-8.87589617847136
 30
0.0
 11
7.99791359815906
 21
-8.92037523069711
 31
0.0
  0
LINE
  8
3
  6
CONTINUOUS
 62
3
 10
7.99791359815906
 20
-8.92037523069711
 30
0.0
 11
7.98968529615709
 21
-8.96672952452035
 31
0.0
  0
LINE
  8
3
  6
CONTINUOUS
 62
3
 10
7.98968529615709
 20
-8.96672952452035
 30
0.0
 11
7.98031004184394
 21
-9.01277101316781
 31
0.0
  0
LINE
  8
3
  6
CONTINUOUS
 62
3
 10
7.98031004184394
 20
-9.01277101316781
 30
0.0
 11
7.96926776482571
 21
-9.05662540871632
 31
0.0
  0
LINE
  8
3
  6
CONTINUOUS
 62
3
 10
7.96926776482571
 20
-9.05662540871632
 30
0.0
 11
7.95624693149237
 21
-9.09610434650115
 31
0.0
  0
LINE
  8
3
  6
CONTINUOUS
 62
3
 10
7.95624693149237
 20
-9.09610434650115
 30
0.0
 11
7.94083046827622
 21
-9.12933353859913
 31
0.0
  0
LINE
  8
3
  6
CONTINUOUS
 62
3
 10
7.94083046827622
 20
-9.12933353859913
 30
0.0
 11
7.92249703321764
 21
-9.15412525612843
 31
0.0
  0
LINE
  8
3
  6
CONTINUOUS
 62
3
 10
7.92249703321764
 20
-9.15412525612843
 30
0.0
 11
7.90405932976713
 21
-9.12933353859913
 31
0.0
  0
LINE
  8
3
  6
CONTINUOUS
 62
3
 10
7.90405932976713
 20
-9.12933353859913
 30
0.0
 11
7.88864286655099
 21
-9.09610434650115
 31
0.0
  0
LINE
  8
3
  6
CONTINUOUS
 62
3
 10
7.88864286655099
 20
-9.09610434650115
 30
0.0
 11
7.87562203321764
 21
-9.05662540871632
 31
0.0
  0
LINE
  8
3
  6
CONTINUOUS
 62
3
 10
7.87562203321764
 20
-9.05662540871632
 30
0.0
 11
7.86468529615709
 21
-9.01277101316781
 31
0.0
  0
LINE
  8
3
  6
CONTINUOUS
 62
3
 10
7.86468529615709
 20
-9.01277101316781
 30
0.0
 11
7.85520577345201
 21
-8.96672952452035
 31
0.0
  0
LINE
  8
3
  6
CONTINUOUS
 62
3
 10
7.85520577345201
 20
-8.96672952452035
 30
0.0
 11
7.84708046827622
 21
-8.92037523069711
 31
0.0
  0
LINE
  8
3
  6
CONTINUOUS
 62
3
 10
7.84708046827622
 20
-8.92037523069711
 30
0.0
 11
7.83958077345201
 21
-8.87589617847136
 31
0.0
  0
LINE
  8
3
  6
CONTINUOUS
 62
3
 10
7.83958077345201
 20
-8.87589617847136
 30
0.0
 11
7.83239261223784
 21
-8.83527124204965
 31
0.0
  0
LINE
  8
3
  6
CONTINUOUS
 62
3
 10
7.83239261223784
 20
-8.83527124204965
 30
0.0
 11
7.82520572258937
 21
-8.80058356403045
 31
0.0
  0
LINE
  8
3
  6
CONTINUOUS
 62
3
 10
7.82520572258937
 20
-8.80058356403045
 30
0.0
 11
7.8174974909813
 21
-8.77381265440317
 31
0.0
  0
LINE
  8
3
  6
CONTINUOUS
 62
3
 10
7.8174974909813
 20
-8.77381265440317
 30
0.0
 11
7.79447579298327
 21
-8.71381287056935
 31
0.0
  0
LINE
  8
3
  6
CONTINUOUS
 62
3
 10
7.79447579298327
 20
-8.71381287056935
 30
0.0
 11
7.7701011490217
 21
-8.65443774341277
 31
0.0
  0
LINE
  8
3
  6
CONTINUOUS
 62
3
 10
7.7701011490217
 20
-8.65443774341277
 30
0.0
 11
7.74437228753079
 21
-8.59547937193246
 31
0.0
  0
LINE
  8
3
  6
CONTINUOUS
 62
3
 10
7.74437228753079
 20
-8.59547937193246
 30
0.0
 11
7.71770501051256
 21
-8.53704202452035
 31
0.0
  0
LINE
  8
3
  6
CONTINUOUS
 62
3
 10
7.71770501051256
 20
-8.53704202452035
 30
0.0
 11
7.69020612949044
 21
-8.47902111489308
 31
0.0
  0
LINE
  8
3
  6
CONTINUOUS
 62
3
 10
7.69020612949044
 20
-8.47902111489308
 30
0.0
 11
7.66197609815906
 21
-8.42120874204965
 31
0.0
  0
LINE
  8
3
  6
CONTINUOUS
 62
3
 10
7.66197609815906
 20
-8.42120874204965
 30
0.0
 11
7.63333026482571
 21
-8.36360458809864
 31
0.0
  0
LINE
  8
3
  6
CONTINUOUS
 62
3
 10
7.63333026482571
 20
-8.36360458809864
 30
0.0
 11
7.54655988925607
 21
-8.19131283242237
 31
0.0
  0
LINE
  8
3
  6
CONTINUOUS
 62
3
 10
7.54655988925607
 20
-8.19131283242237
 30
0.0
 11
7.53041354729642
 21
-8.16131278155974
 31
0.0
  0
LINE
  8
3
  6
CONTINUOUS
 62
3
 10
7.53041354729642
 20
-8.16131278155974
 30
0.0
 11
7.51291425937323
 21
-8.13193770526579
 31
0.0
  0
LINE
  8
3
  6
CONTINUOUS
 62
3
 10
7.51291425937323
 20
-8.13193770526579
 30
0.0
 11
7.49437228753079
 21
-8.10308365304005
 31
0.0
  0
LINE
  8
3
  6
CONTINUOUS
 62
3
 10
7.49437228753079
 20
-8.10308365304005
 30
0.0
 11
7.45655973666815
 21
-8.04579198637339
 31
0.0
  0
LINE
  8
3
  6
CONTINUOUS
 62
3
 10
7.45655973666815
 20
-8.04579198637339
 30
0.0
 11
7.43822630160957
 21
-8.01683366575572
 31
0.0
  0
LINE
  8
3
  6
CONTINUOUS
 62
3
 10
7.43822630160957
 20
-8.01683366575572
 30
0.0
 11
7.42093427890449
 21
-7.98756285785367
 31
0.0
  0
LINE
  8
3
  6
CONTINUOUS
 62
3
 10
7.42093427890449
 20
-7.98756285785367
 30
0.0
 11
7.40520501051256
 21
-7.95756280699107
 31
0.0
  0
LINE
  8
3
  6
CONTINUOUS
 62
3
 10
7.40520501051256
 20
-7.95756280699107
 30
0.0
 11
7.39155983839343
 21
-7.92672956266733
 31
0.0
  0
LINE
  8
3
  6
CONTINUOUS
 62
3
 10
7.39155983839343
 20
-7.92672956266733
 30
0.0
 11
7.38041329298327
 21
-7.8947503197067
 31
0.0
  0
LINE
  8
3
  6
CONTINUOUS
 62
3
 10
7.38041329298327
 20
-7.8947503197067
 30
0.0
 11
7.36176832431465
 21
-7.81506288328501
 31
0.0
  0
LINE
  8
3
  6
CONTINUOUS
 62
3
 10
7.36176832431465
 20
-7.81506288328501
 30
0.0
 11
7.35187172804185
 21
-7.73485442279508
 31
0.0
  0
LINE
  8
3
  6
CONTINUOUS
 62
3
 10
7.35187172804185
 20
-7.73485442279508
 30
0.0
 11
7.34947609815906
 21
-7.65422952452036
 31
0.0
  0
LINE
  8
3
  6
CONTINUOUS
 62
3
 10
7.34947609815906
 20
-7.65422952452036
 30
0.0
 11
7.35353875074693
 21
-7.57329182106985
 31
0.0
  0
LINE
  8
3
  6
CONTINUOUS
 62
3
 10
7.35353875074693
 20
-7.57329182106985
 30
0.0
 11
7.36270546827622
 21
-7.49214621661835
 31
0.0
  0
LINE
  8
3
  6
CONTINUOUS
 62
3
 10
7.36270546827622
 20
-7.49214621661835
 30
0.0
 11
7.37593483839343
 21
-7.410792075383
 31
0.0
  0
LINE
  8
3
  6
CONTINUOUS
 62
3
 10
7.37593483839343
 20
-7.410792075383
 30
0.0
 11
7.39187264356922
 21
-7.32933366575571
 31
0.0
  0
LINE
  8
3
  6
CONTINUOUS
 62
3
 10
7.39187264356922
 20
-7.32933366575571
 30
0.0
 11
7.40937193149237
 21
-7.2477709877365
 31
0.0
  0
LINE
  8
3
  6
CONTINUOUS
 62
3
 10
7.40937193149237
 20
-7.2477709877365
 30
0.0
 11
7.42728829298327
 21
-7.16631289600068
 31
0.0
  0
LINE
  8
3
  6
CONTINUOUS
 62
3
 10
7.42728829298327
 20
-7.16631289600068
 30
0.0
 11
7.44437177890449
 21
-7.08495875476532
 31
0.0
  0
LINE
  8
3
  6
CONTINUOUS
 62
3
 10
7.44437177890449
 20
-7.08495875476532
 30
0.0
 11
7.45937244011867
 21
-7.00370856403044
 31
0.0
  0
LINE
  8
3
  6
CONTINUOUS
 62
3
 10
7.45937244011867
 20
-7.00370856403044
 30
0.0
 11
7.47114332431465
 21
-6.92277117847134
 31
0.0
  0
LINE
  8
3
  6
CONTINUOUS
 62
3
 10
7.47114332431465
 20
-6.92277117847134
 30
0.0
 11
7.478434482355
 21
-6.84214628019662
 31
0.0
  0
LINE
  8
3
  6
CONTINUOUS
 62
3
 10
7.478434482355
 20
-6.84214628019662
 30
0.0
 11
7.48010150506008
 21
-6.7619378197067
 31
0.0
  0
LINE
  8
3
  6
CONTINUOUS
 62
3
 10
7.48010150506008
 20
-6.7619378197067
 30
0.0
 11
7.47489317172678
 21
-6.68214643278449
 31
0.0
  0
LINE
  8
3
  6
CONTINUOUS
 62
3
 10
7.47489317172678
 20
-6.68214643278449
 30
0.0
 11
7.46166380160957
 21
-6.60297938464812
 31
0.0
  0
LINE
  8
3
  6
CONTINUOUS
 62
3
 10
7.46166380160957
 20
-6.60297938464812
 30
0.0
 11
7.42958092603993
 21
-6.50558380562792
 31
0.0
  0
LINE
  8
3
  6
CONTINUOUS
 62
3
 10
7.42958092603993
 20
-6.50558380562792
 30
0.0
 11
7.38322599643378
 21
-6.42954226611784
 31
0.0
  0
LINE
  8
3
  6
CONTINUOUS
 62
3
 10
7.38322599643378
 20
-6.42954226611784
 30
0.0
 11
7.3247886490217
 21
-6.37318774341276
 31
0.0
  0
LINE
  8
3
  6
CONTINUOUS
 62
3
 10
7.3247886490217
 20
-6.37318774341276
 30
0.0
 11
7.25666451368638
 21
-6.33495875476532
 31
0.0
  0
LINE
  8
3
  6
CONTINUOUS
 62
3
 10
7.25666451368638
 20
-6.33495875476532
 30
0.0
 11
7.18083087517729
 21
-6.31339617847134
 31
0.0
  0
LINE
  8
3
  6
CONTINUOUS
 62
3
 10
7.18083087517729
 20
-6.31339617847134
 30
0.0
 11
7.09958036655099
 21
-6.30683362760875
 31
0.0
  0
LINE
  8
3
  6
CONTINUOUS
 62
3
 10
7.09958036655099
 20
-6.30683362760875
 30
0.0
 11
7.01520562086414
 21
-6.3136047152552
 31
0.0
  0
LINE
  8
3
  6
CONTINUOUS
 62
3
 10
7.01520562086414
 20
-6.3136047152552
 30
0.0
 11
6.92978946282374
 21
-6.3322503197067
 31
0.0
  0
LINE
  8
3
  6
CONTINUOUS
 62
3
 10
6.92978946282374
 20
-6.3322503197067
 30
0.0
 11
6.84551771396307
 21
-6.36120832243296
 31
0.0
  0
LINE
  8
3
  6
CONTINUOUS
 62
3
 10
6.84551771396307
 20
-6.36120832243296
 30
0.0
 11
6.76478854729642
 21
-6.39891724068654
 31
0.0
  0
LINE
  8
3
  6
CONTINUOUS
 62
3
 10
6.76478854729642
 20
-6.39891724068654
 30
0.0
 11
6.69958011223784
 21
-6.44277100045217
 31
0.0
  0
LINE
  8
3
  6
CONTINUOUS
 62
3
 10
6.69958011223784
 20
-6.44277100045217
 30
0.0
 11
6.64760104729642
 21
-6.49672925749154
 31
0.0
  0
LINE
  8
3
  6
CONTINUOUS
 62
3
 10
6.64760104729642
 20
-6.49672925749154
 30
0.0
 11
6.6070800613752
 21
-6.55902135649056
 31
0.0
  0
LINE
  8
3
  6
CONTINUOUS
 62
3
 10
6.6070800613752
 20
-6.55902135649056
 30
0.0
 11
6.57624713494291
 21
-6.62777110217741
 31
0.0
  0
LINE
  8
3
  6
CONTINUOUS
 62
3
 10
6.57624713494291
 20
-6.62777110217741
 30
0.0
 11
6.55322670851059
 21
-6.70152128019662
 31
0.0
  0
LINE
  8
3
  6
CONTINUOUS
 62
3
 10
6.55322670851059
 20
-6.70152128019662
 30
0.0
 11
6.53614322258937
 21
-6.77829206266733
 31
0.0
  0
LINE
  8
3
  6
CONTINUOUS
 62
3
 10
6.53614322258937
 20
-6.77829206266733
 30
0.0
 11
6.52322665764799
 21
-6.8565210131678
 31
0.0
  0
LINE
  8
3
  6
CONTINUOUS
 62
3
 10
6.52322665764799
 20
-6.8565210131678
 30
0.0
 11
6.5128099909813
 21
-6.9344377942754
 31
0.0
  0
LINE
  8
3
  6
CONTINUOUS
 62
3
 10
6.5128099909813
 20
-6.9344377942754
 30
0.0
 11
6.50291339470855
 21
-7.01037538328501
 31
0.0
  0
LINE
  8
3
  6
CONTINUOUS
 62
3
 10
6.50291339470855
 20
-7.01037538328501
 30
0.0
 11
6.49176812086414
 21
-7.08245853859914
 31
0.0
  0
LINE
  8
3
  6
CONTINUOUS
 62
3
 10
6.49176812086414
 20
-7.08245853859914
 30
0.0
 11
6.47801868035308
 21
-7.16141704995166
 31
0.0
  0
LINE
  8
3
  6
CONTINUOUS
 62
3
 10
6.47801868035308
 20
-7.16141704995166
 30
0.0
 11
6.4648935786278
 21
-7.24016702452036
 31
0.0
  0
LINE
  8
3
  6
CONTINUOUS
 62
3
 10
6.4648935786278
 20
-7.24016702452036
 30
0.0
 11
6.45280988925607
 21
-7.31860451180469
 31
0.0
  0
LINE
  8
3
  6
CONTINUOUS
 62
3
 10
6.45280988925607
 20
-7.31860451180469
 30
0.0
 11
6.44187188062977
 21
-7.39693773069709
 31
0.0
  0
LINE
  8
3
  6
CONTINUOUS
 62
3
 10
6.44187188062977
 20
-7.39693773069709
 30
0.0
 11
6.43239362949044
 21
-7.47506273069709
 31
0.0
  0
LINE
  8
3
  6
CONTINUOUS
 62
3
 10
6.43239362949044
 20
-7.47506273069709
 30
0.0
 11
6.42458112949044
 21
-7.55308378019662
 31
0.0
  0
LINE
  8
3
  6
CONTINUOUS
 62
3
 10
6.42458112949044
 20
-7.55308378019662
 30
0.0
 11
6.41864291741363
 21
-7.63100024341276
 31
0.0
  0
LINE
  8
3
  6
CONTINUOUS
 62
3
 10
6.41864291741363
 20
-7.63100024341276
 30
0.0
 11
6.4148930700015
 21
-7.70881275612843
 31
0.0
  0
LINE
  8
3
  6
CONTINUOUS
 62
3
 10
6.4148930700015
 20
-7.70881275612843
 30
0.0
 11
6.41353885247221
 21
-7.78652100045217
 31
0.0
  0
LINE
  8
3
  6
CONTINUOUS
 62
3
 10
6.41353885247221
 20
-7.78652100045217
 30
0.0
 11
6.41478880160957
 21
-7.8643335131678
 31
0.0
  0
LINE
  8
3
  6
CONTINUOUS
 62
3
 10
6.41478880160957
 20
-7.8643335131678
 30
0.0
 11
6.41895572258937
 21
-7.942042075383
 31
0.0
  0
LINE
  8
3
  6
CONTINUOUS
 62
3
 10
6.41895572258937
 20
-7.942042075383
 30
0.0
 11
6.42624688062977
 21
-8.0197503197067
 31
0.0
  0
LINE
  8
3
  6
CONTINUOUS
 62
3
 10
6.42624688062977
 20
-8.0197503197067
 30
0.0
 11
6.43687208408028
 21
-8.09756283242237
 31
0.0
  0
LINE
  8
3
  6
CONTINUOUS
 62
3
 10
6.43687208408028
 20
-8.09756283242237
 30
0.0
 11
6.45103859815906
 21
-8.17537534513803
 31
0.0
  0
LINE
  8
3
  6
CONTINUOUS
 62
3
 10
6.45103859815906
 20
-8.17537534513803
 30
0.0
 11
6.46916349643378
 21
-8.2533960767461
 31
0.0
  0
LINE
  8
3
  6
CONTINUOUS
 62
3
 10
6.46916349643378
 20
-8.2533960767461
 30
0.0
 11
6.49124677890449
 21
-8.33141680835418
 31
0.0
  0
LINE
  8
3
  6
CONTINUOUS
 62
3
 10
6.49124677890449
 20
-8.33141680835418
 30
0.0
 11
6.51780978753079
 21
-8.4096460767461
 31
0.0
  0
LINE
  8
3
  6
CONTINUOUS
 62
3
 10
6.51780978753079
 20
-8.4096460767461
 30
0.0
 11
6.52385099643378
 21
-8.42506285785369
 31
0.0
  0
LINE
  8
3
  6
CONTINUOUS
 62
3
 10
6.52385099643378
 20
-8.42506285785369
 30
0.0
 11
6.5320805700015
 21
-8.44412521798145
 31
0.0
  0
LINE
  8
3
  6
CONTINUOUS
 62
3
 10
6.5320805700015
 20
-8.44412521798145
 30
0.0
 11
6.54218443149237
 21
-8.46672952452035
 31
0.0
  0
LINE
  8
3
  6
CONTINUOUS
 62
3
 10
6.54218443149237
 20
-8.46672952452035
 30
0.0
 11
6.55416385247221
 21
-8.49235443551075
 31
0.0
  0
LINE
  8
3
  6
CONTINUOUS
 62
3
 10
6.55416385247221
 20
-8.49235443551075
 30
0.0
 11
6.56760175937323
 21
-8.52058351316781
 31
0.0
  0
LINE
  8
3
  6
CONTINUOUS
 62
3
 10
6.56760175937323
 20
-8.52058351316781
 30
0.0
 11
6.61520536655099
 21
-8.61787514168751
 31
0.0
  0
LINE
  8
3
  6
CONTINUOUS
 62
3
 10
6.61520536655099
 20
-8.61787514168751
 30
0.0
 11
6.65083082431465
 21
-8.68933364032439
 31
0.0
  0
LINE
  8
3
  6
CONTINUOUS
 62
3
 10
6.65083082431465
 20
-8.68933364032439
 30
0.0
 11
6.62937188062977
 21
-8.69641689736378
 31
0.0
  0
LINE
  8
3
  6
CONTINUOUS
 62
3
 10
6.62937188062977
 20
-8.69641689736378
 30
0.0
 11
6.60843427890449
 21
-8.70475042143198
 31
0.0
  0
LINE
  8
3
  6
CONTINUOUS
 62
3
 10
6.60843427890449
 20
-8.70475042143198
 30
0.0
 11
6.58791375074693
 21
-8.71422930835418
 31
0.0
  0
LINE
  8
3
  6
CONTINUOUS
 62
3
 10
6.58791375074693
 20
-8.71422930835418
 30
0.0
 11
6.5680175613752
 21
-8.72495878019662
 31
0.0
  0
LINE
  8
3
  6
CONTINUOUS
 62
3
 10
6.5680175613752
 20
-8.72495878019662
 30
0.0
 11
6.548746982355
 21
-8.73672934650115
 31
0.0
  0
LINE
  8
3
  6
CONTINUOUS
 62
3
 10
6.548746982355
 20
-8.73672934650115
 30
0.0
 11
6.53020501051256
 21
-8.74954196094207
 31
0.0
  0
LINE
  8
3
  6
CONTINUOUS
 62
3
 10
6.53020501051256
 20
-8.74954196094207
 30
0.0
 11
6.51249718580552
 21
-8.76350025612843
 31
0.0
  0
LINE
  8
3
  6
CONTINUOUS
 62
3
 10
6.51249718580552
 20
-8.76350025612843
 30
0.0
 11
6.49551796827622
 21
-8.77839601316781
 31
0.0
  0
LINE
  8
3
  6
CONTINUOUS
 62
3
 10
6.49551796827622
 20
-8.77839601316781
 30
0.0
 11
6.47947589470855
 21
-8.79422954995167
 31
0.0
  0
LINE
  8
3
  6
CONTINUOUS
 62
3
 10
6.47947589470855
 20
-8.79422954995167
 30
0.0
 11
6.46437223666816
 21
-8.81100023069711
 31
0.0
  0
LINE
  8
3
  6
CONTINUOUS
 62
3
 10
6.46437223666816
 20
-8.81100023069711
 30
0.0
 11
6.45718534701973
 21
-8.8194377052658
 31
0.0
  0
LINE
  8
3
  6
CONTINUOUS
 62
3
 10
6.45718534701973
 20
-8.8194377052658
 30
0.0
 11
6.44999718580552
 21
-8.82777122933399
 31
0.0
  0
LINE
  8
3
  6
CONTINUOUS
 62
3
 10
6.44999718580552
 20
-8.82777122933399
 30
0.0
 11
6.42843524529445
 21
-8.85308365304005
 31
0.0
  0
LINE
  8
3
  6
CONTINUOUS
 62
3
 10
6.42843524529445
 20
-8.85308365304005
 30
0.0
 11
6.42124708408028
 21
-8.86141685921681
 31
0.0
  0
LINE
  8
3
  6
CONTINUOUS
 62
3
 10
6.42124708408028
 20
-8.86141685921681
 30
0.0
 11
6.41416446282374
 21
-8.86985433378549
 31
0.0
  0
LINE
  8
3
  6
CONTINUOUS
 62
3
 10
6.41416446282374
 20
-8.86985433378549
 30
0.0
 11
6.39978941196115
 21
-8.8867296008143
 31
0.0
  0
LINE
  8
3
  6
CONTINUOUS
 62
3
 10
6.39978941196115
 20
-8.8867296008143
 30
0.0
 11
6.39260125074693
 21
-8.89506280699106
 31
0.0
  0
LINE
  8
3
  6
CONTINUOUS
 62
3
 10
6.39260125074693
 20
-8.89506280699106
 30
0.0
 11
6.345621982355
 21
-8.96360433378549
 31
0.0
  0
LINE
  8
3
  6
CONTINUOUS
 62
3
 10
6.345621982355
 20
-8.96360433378549
 30
0.0
 11
6.31416344557114
 21
-9.04047938464812
 31
0.0
  0
LINE
  8
3
  6
CONTINUOUS
 62
3
 10
6.31416344557114
 20
-9.04047938464812
 30
0.0
 11
6.29947686109851
 21
-9.12214601316781
 31
0.0
  0
LINE
  8
3
  6
CONTINUOUS
 62
3
 10
6.29947686109851
 20
-9.12214601316781
 30
0.0
 11
6.30218529615709
 21
-9.20516685921681
 31
0.0
  0
LINE
  8
3
  6
CONTINUOUS
 62
3
 10
6.30218529615709
 20
-9.20516685921681
 30
0.0
 11
6.32239301913886
 21
-9.28568780699106
 31
0.0
  0
LINE
  8
3
  6
CONTINUOUS
 62
3
 10
6.32239301913886
 20
-9.28568780699106
 30
0.0
 11
6.35895562086414
 21
-9.36027117847136
 31
0.0
  0
LINE
  8
3
  6
CONTINUOUS
 62
3
 10
6.35895562086414
 20
-9.36027117847136
 30
0.0
 11
6.41031034701973
 21
-9.42547945458424
 31
0.0
  0
LINE
  8
3
  6
CONTINUOUS
 62
3
 10
6.41031034701973
 20
-9.42547945458424
 30
0.0
 11
6.4742675613752
 21
-9.4785002497706
 31
0.0
  0
LINE
  8
3
  6
CONTINUOUS
 62
3
 10
6.4742675613752
 20
-9.4785002497706
 30
0.0
 11
6.54791410678536
 21
-9.51693777520191
 31
0.0
  0
LINE
  8
3
  6
CONTINUOUS
 62
3
 10
6.54791410678536
 20
-9.51693777520191
 30
0.0
 11
6.62791339470855
 21
-9.53902105767262
 31
0.0
  0
LINE
  8
3
  6
CONTINUOUS
 62
3
 10
6.62791339470855
 20
-9.53902105767262
 30
0.0
 11
6.71083092603993
 21
-9.5438127942754
 31
0.0
  0
LINE
  8
3
  6
CONTINUOUS
 62
3
 10
6.71083092603993
 20
-9.5438127942754
 30
0.0
 11
6.79291431023587
 21
-9.53120855767262
 31
0.0
  0
LINE
  8
3
  6
CONTINUOUS
 62
3
 10
6.79291431023587
 20
-9.53120855767262
 30
0.0
 11
6.8704136998843
 21
-9.50162526248625
 31
0.0
  0
LINE
  8
3
  6
CONTINUOUS
 62
3
 10
6.8704136998843
 20
-9.50162526248625
 30
0.0
 11
6.87312213494292
 21
-9.53225028791757
 31
0.0
  0
LINE
  8
3
  6
CONTINUOUS
 62
3
 10
6.87312213494292
 20
-9.53225028791757
 30
0.0
 11
6.87708051913886
 21
-9.56245855767262
 31
0.0
  0
LINE
  8
3
  6
CONTINUOUS
 62
3
 10
6.87708051913886
 20
-9.56245855767262
 30
0.0
 11
6.88239312086414
 21
-9.5921461212509
 31
0.0
  0
LINE
  8
3
  6
CONTINUOUS
 62
3
 10
6.88239312086414
 20
-9.5921461212509
 30
0.0
 11
6.88937274529445
 21
-9.62141692915292
 31
0.0
  0
LINE
  8
3
  6
CONTINUOUS
 62
3
 10
6.88937274529445
 20
-9.62141692915292
 30
0.0
 11
6.89822665764799
 21
-9.65006276248625
 31
0.0
  0
LINE
  8
3
  6
CONTINUOUS
 62
3
 10
6.89822665764799
 20
-9.65006276248625
 30
0.0
 11
6.90926766310044
 21
-9.6779795118047
 31
0.0
  0
LINE
  8
3
  6
CONTINUOUS
 62
3
 10
6.90926766310044
 20
-9.6779795118047
 30
0.0
 11
6.92260130160957
 21
-9.70527112760873
 31
0.0
  0
LINE
  8
3
  6
CONTINUOUS
 62
3
 10
6.92260130160957
 20
-9.70527112760873
 30
0.0
 11
6.93843483839343
 21
-9.73172939100595
 31
0.0
  0
LINE
  8
3
  6
CONTINUOUS
 62
3
 10
6.93843483839343
 20
-9.73172939100595
 30
0.0
 11
6.95718534701973
 21
-9.75725035149586
 31
0.0
  0
LINE
  8
3
  6
CONTINUOUS
 62
3
 10
6.95718534701973
 20
-9.75725035149586
 30
0.0
 11
6.97885155592272
 21
-9.78193780063323
 31
0.0
  0
LINE
  8
3
  6
CONTINUOUS
 62
3
 10
6.97885155592272
 20
-9.78193780063323
 30
0.0
 11
6.99728925937323
 21
-9.80089605131479
 31
0.0
  0
LINE
  8
3
  6
CONTINUOUS
 62
3
 10
6.99728925937323
 20
-9.80089605131479
 30
0.0
 11
7.01614276482571
 21
-9.81975035149586
 31
0.0
  0
LINE
  8
3
  6
CONTINUOUS
 62
3
 10
7.01614276482571
 20
-9.81975035149586
 30
0.0
 11
7.0352060786278
 21
-9.83829200544687
 31
0.0
  0
LINE
  8
3
  6
CONTINUOUS
 62
3
 10
7.0352060786278
 20
-9.83829200544687
 30
0.0
 11
7.05468519443185
 21
-9.85652117211353
 31
0.0
  0
LINE
  8
3
  6
CONTINUOUS
 62
3
 10
7.05468519443185
 20
-9.85652117211353
 30
0.0
 11
7.07458011223784
 21
-9.87412536421151
 31
0.0
  0
LINE
  8
3
  6
CONTINUOUS
 62
3
 10
7.07458011223784
 20
-9.87412536421151
 30
0.0
 11
7.09499764356922
 21
-9.89120869118702
 31
0.0
  0
LINE
  8
3
  6
CONTINUOUS
 62
3
 10
7.09499764356922
 20
-9.89120869118702
 30
0.0
 11
7.11593524529445
 21
-9.90756277520191
 31
0.0
  0
LINE
  8
3
  6
CONTINUOUS
 62
3
 10
7.11593524529445
 20
-9.90756277520191
 30
0.0
 11
7.13739291741359
 21
-9.92308366575571
 31
0.0
  0
LINE
  8
3
  6
CONTINUOUS
 62
3
 10
7.13739291741359
 20
-9.92308366575571
 30
0.0
 11
7.15947619988429
 21
-9.93777120390268
 31
0.0
  0
LINE
  8
3
  6
CONTINUOUS
 62
3
 10
7.15947619988429
 20
-9.93777120390268
 30
0.0
 11
7.18218509270658
 21
-9.95131274341277
 31
0.0
  0
LINE
  8
3
  6
CONTINUOUS
 62
3
 10
7.18218509270658
 20
-9.95131274341277
 30
0.0
 11
7.20780968580555
 21
-9.96350022433928
 31
0.0
  0
LINE
  8
3
  6
CONTINUOUS
 62
3
 10
7.20780968580555
 20
-9.96350022433928
 30
0.0
 11
7.23510130160957
 21
-9.97287531970671
 31
0.0
  0
LINE
  8
3
  6
CONTINUOUS
 62
3
 10
7.23510130160957
 20
-9.97287531970671
 30
0.0
 11
7.2633300613752
 21
-9.98027106403044
 31
0.0
  0
LINE
  8
3
  6
CONTINUOUS
 62
3
 10
7.2633300613752
 20
-9.98027106403044
 30
0.0
 11
7.29218443149237
 21
-9.98641701816253
 31
0.0
  0
LINE
  8
3
  6
CONTINUOUS
 62
3
 10
7.29218443149237
 20
-9.98641701816253
 30
0.0
 11
7.3211430700015
 21
-9.99225032606455
 31
0.0
  0
LINE
  8
3
  6
CONTINUOUS
 62
3
 10
7.3211430700015
 20
-9.99225032606455
 30
0.0
 11
7.34958036655099
 21
-9.99870860853525
 31
0.0
  0
LINE
  8
3
  6
CONTINUOUS
 62
3
 10
7.34958036655099
 20
-9.99870860853525
 30
0.0
 11
7.37718478753079
 21
-10.0066252179815
 31
0.0
  0
LINE
  8
3
  6
CONTINUOUS
 62
3
 10
7.37718478753079
 20
-10.0066252179815
 30
0.0
 11
7.40333072258937
 21
-10.0168336657557
 31
0.0
  0
LINE
  8
3
  6
CONTINUOUS
 62
3
 10
7.40333072258937
 20
-10.0168336657557
 30
0.0
 11
7.42760109815906
 21
-10.0301669863734
 31
0.0
  0
LINE
  8
3
  6
CONTINUOUS
 62
3
 10
7.42760109815906
 20
-10.0301669863734
 30
0.0
 11
7.44947584384591
 21
-10.0475628006332
 31
0.0
  0
LINE
  8
3
  6
CONTINUOUS
 62
3
 10
7.44947584384591
 20
-10.0475628006332
 30
0.0
 11
7.45968524529445
 21
-10.0602711466822
 31
0.0
  0
LINE
  8
3
  6
CONTINUOUS
 62
3
 10
7.45968524529445
 20
-10.0602711466822
 30
0.0
 11
7.46603925937323
 21
-10.0747503069911
 31
0.0
  0
LINE
  8
3
  6
CONTINUOUS
 62
3
 10
7.46603925937323
 20
-10.0747503069911
 30
0.0
 11
7.46937203321764
 21
-10.0905836848292
 31
0.0
  0
LINE
  8
3
  6
CONTINUOUS
 62
3
 10
7.46937203321764
 20
-10.0905836848292
 30
0.0
 11
7.47020618035307
 21
-10.1076670118047
 31
0.0
  0
LINE
  8
3
  6
CONTINUOUS
 62
3
 10
7.47020618035307
 20
-10.1076670118047
 30
0.0
 11
7.46916349643378
 21
-10.125583691187
 31
0.0
  0
LINE
  8
3
  6
CONTINUOUS
 62
3
 10
7.46916349643378
 20
-10.125583691187
 30
0.0
 11
7.46697640333485
 21
-10.1440210767461
 31
0.0
  0
LINE
  8
3
  6
CONTINUOUS
 62
3
 10
7.46697640333485
 20
-10.1440210767461
 30
0.0
 11
7.46155953321764
 21
-10.1811043846481
 31
0.0
  0
LINE
  8
3
  6
CONTINUOUS
 62
3
 10
7.46155953321764
 20
-10.1811043846481
 30
0.0
 11
7.45958097690252
 21
-10.1992294418686
 31
0.0
  0
LINE
  8
3
  6
CONTINUOUS
 62
3
 10
7.45958097690252
 20
-10.1992294418686
 30
0.0
 11
7.45885109815906
 21
-10.2166252561284
 31
0.0
  0
LINE
  8
3
  6
CONTINUOUS
 62
3
 10
7.45885109815906
 20
-10.2166252561284
 30
0.0
 11
7.4586425613752
 21
-10.272041999089
 31
0.0
  0
LINE
  8
3
  6
CONTINUOUS
 62
3
 10
7.4586425613752
 20
-10.272041999089
 30
0.0
 11
7.45697681023587
 21
-10.3275628514959
 31
0.0
  0
LINE
  8
3
  6
CONTINUOUS
 62
3
 10
7.45697681023587
 20
-10.3275628514959
 30
0.0
 11
7.45447691196115
 21
-10.3830837039027
 31
0.0
  0
LINE
  8
3
  6
CONTINUOUS
 62
3
 10
7.45447691196115
 20
-10.3830837039027
 30
0.0
 11
7.45155994011867
 21
-10.4387086657557
 31
0.0
  0
LINE
  8
3
  6
CONTINUOUS
 62
3
 10
7.45155994011867
 20
-10.4387086657557
 30
0.0
 11
7.44895577345201
 21
-10.4942295181625
 31
0.0
  0
LINE
  8
3
  6
CONTINUOUS
 62
3
 10
7.44895577345201
 20
-10.4942295181625
 30
0.0
 11
7.44708021396307
 21
-10.5497503705693
 31
0.0
  0
LINE
  8
3
  6
CONTINUOUS
 62
3
 10
7.44708021396307
 20
-10.5497503705693
 30
0.0
 11
7.44656014356922
 21
-10.605062845138
 31
0.0
  0
LINE
  8
3
  6
CONTINUOUS
 62
3
 10
7.44656014356922
 20
-10.605062845138
 30
0.0
 11
7.44801862949044
 21
-10.6602710513148
 31
0.0
  0
LINE
  8
3
  6
CONTINUOUS
 62
3
 10
7.44801862949044
 20
-10.6602710513148
 30
0.0
 11
7.45187274529445
 21
-10.7153753069911
 31
0.0
  0
LINE
  8
3
  6
CONTINUOUS
 62
3
 10
7.45187274529445
 20
-10.7153753069911
 30
0.0
 11
7.45885109815906
 21
-10.7701669959101
 31
0.0
  0
LINE
  8
3
  6
CONTINUOUS
 62
3
 10
7.45885109815906
 20
-10.7701669959101
 30
0.0
 11
7.47583031568835
 21
-10.8520419227951
 31
0.0
  0
LINE
  8
3
  6
CONTINUOUS
 62
3
 10
7.47583031568835
 20
-10.8520419227951
 30
0.0
 11
7.49916354729642
 21
-10.9248544800156
 31
0.0
  0
LINE
  8
3
  6
CONTINUOUS
 62
3
 10
7.49916354729642
 20
-10.9248544800156
 30
0.0
 11
7.52885079298327
 21
-10.9890211053563
 31
0.0
  0
LINE
  8
3
  6
CONTINUOUS
 62
3
 10
7.52885079298327
 20
-10.9890211053563
 30
0.0
 11
7.56478905592272
 21
-11.0447502561284
 31
0.0
  0
LINE
  8
3
  6
CONTINUOUS
 62
3
 10
7.56478905592272
 20
-11.0447502561284
 30
0.0
 11
7.6070800613752
 21
-11.0924586085353
 31
0.0
  0
LINE
  8
3
  6
CONTINUOUS
 62
3
 10
7.6070800613752
 20
-11.0924586085353
 30
0.0
 11
7.65551781568835
 21
-11.1324586498611
 31
0.0
  0
LINE
  8
3
  6
CONTINUOUS
 62
3
 10
7.65551781568835
 20
-11.1324586498611
 30
0.0
 11
7.71020531568835
 21
-11.1650627879176
 31
0.0
  0
LINE
  8
3
  6
CONTINUOUS
 62
3
 10
7.71020531568835
 20
-11.1650627879176
 30
0.0
 11
7.77083102776516
 21
-11.1905835894618
 31
0.0
  0
LINE
  8
3
  6
CONTINUOUS
 62
3
 10
7.77083102776516
 20
-11.1905835894618
 30
0.0
 11
7.83760094557114
 21
-11.20943781017
 31
0.0
  0
LINE
  8
3
  6
CONTINUOUS
 62
3
 10
7.83760094557114
 20
-11.20943781017
 30
0.0
 11
7.91041334384591
 21
-11.2220419672999
 31
0.0
  0
LINE
  8
3
  6
CONTINUOUS
 62
3
 10
7.91041334384591
 20
-11.2220419672999
 30
0.0
 11
7.93447645419744
 21
-11.2220419672999
 31
0.0
  0
LINE
  8
3
  6
CONTINUOUS
 62
3
 10
7.93447645419744
 20
-11.2220419672999
 30
0.0
 11
8.00728885247221
 21
-11.20943781017
 31
0.0
  0
LINE
  8
3
  6
CONTINUOUS
 62
3
 10
8.00728885247221
 20
-11.20943781017
 30
0.0
 11
8.07406004184394
 21
-11.1905835894618
 31
0.0
  0
LINE
  8
3
  6
CONTINUOUS
 62
3
 10
8.07406004184394
 20
-11.1905835894618
 30
0.0
 11
8.13478875074693
 21
-11.1650627879176
 31
0.0
  0
LINE
  8
3
  6
CONTINUOUS
 62
3
 10
8.13478875074693
 20
-11.1650627879176
 30
0.0
 11
8.189371982355
 21
-11.1324586498611
 31
0.0
  0
LINE
  8
3
  6
CONTINUOUS
 62
3
 10
8.189371982355
 20
-11.1324586498611
 30
0.0
 11
8.23780973666815
 21
-11.0924586085353
 31
0.0
  0
LINE
  8
3
  6
CONTINUOUS
 62
3
 10
8.23780973666815
 20
-11.0924586085353
 30
0.0
 11
8.28010201368638
 21
-11.0447502561284
 31
0.0
  0
LINE
  8
3
  6
CONTINUOUS
 62
3
 10
8.28010201368638
 20
-11.0447502561284
 30
0.0
 11
8.31603900506008
 21
-10.9890211053563
 31
0.0
  0
LINE
  8
3
  6
CONTINUOUS
 62
3
 10
8.31603900506008
 20
-10.9890211053563
 30
0.0
 11
8.34583051913886
 21
-10.9248544800156
 31
0.0
  0
LINE
  8
3
  6
CONTINUOUS
 62
3
 10
8.34583051913886
 20
-10.9248544800156
 30
0.0
 11
8.36916375074693
 21
-10.8520419227951
 31
0.0
  0
LINE
  8
3
  6
CONTINUOUS
 62
3
 10
8.36916375074693
 20
-10.8520419227951
 30
0.0
 11
8.38603869988429
 21
-10.7701669959101
 31
0.0
  0
LINE
  8
3
  6
CONTINUOUS
 62
3
 10
8.38603869988429
 20
-10.7701669959101
 30
0.0
 11
8.39301832431465
 21
-10.7153753069911
 31
0.0
  0
LINE
  8
3
  6
CONTINUOUS
 62
3
 10
8.39301832431465
 20
-10.7153753069911
 30
0.0
 11
8.3968724401187
 21
-10.6602710513148
 31
0.0
  0
LINE
  8
3
  6
CONTINUOUS
 62
3
 10
8.3968724401187
 20
-10.6602710513148
 30
0.0
 11
8.39833092603992
 21
-10.605062845138
 31
0.0
  0
LINE
  8
3
  6
CONTINUOUS
 62
3
 10
8.39833092603992
 20
-10.605062845138
 30
0.0
 11
8.39780958408028
 21
-10.5497503705693
 31
0.0
  0
LINE
  8
3
  6
CONTINUOUS
 62
3
 10
8.39780958408028
 20
-10.5497503705693
 30
0.0
 11
8.39593529615709
 21
-10.4942295181625
 31
0.0
  0
LINE
  8
3
  6
CONTINUOUS
 62
3
 10
8.39593529615709
 20
-10.4942295181625
 30
0.0
 11
8.39333112949044
 21
-10.4387086657557
 31
0.0
  0
LINE
  8
3
  6
CONTINUOUS
 62
3
 10
8.39333112949044
 20
-10.4387086657557
 30
0.0
 11
8.39041415764799
 21
-10.3830837039027
 31
0.0
  0
LINE
  8
3
  6
CONTINUOUS
 62
3
 10
8.39041415764799
 20
-10.3830837039027
 30
0.0
 11
8.38791425937323
 21
-10.3275628514959
 31
0.0
  0
LINE
  8
3
  6
CONTINUOUS
 62
3
 10
8.38791425937323
 20
-10.3275628514959
 30
0.0
 11
8.38624723666815
 21
-10.272041999089
 31
0.0
  0
LINE
  8
3
  6
CONTINUOUS
 62
3
 10
8.38624723666815
 20
-10.272041999089
 30
0.0
 11
8.38603869988429
 21
-10.2166252561284
 31
0.0
  0
LINE
  8
3
  6
CONTINUOUS
 62
3
 10
8.38603869988429
 20
-10.2166252561284
 30
0.0
 11
8.38541436109851
 21
-10.1992294418686
 31
0.0
  0
LINE
  8
3
  6
CONTINUOUS
 62
3
 10
8.38541436109851
 20
-10.1992294418686
 30
0.0
 11
8.38343453321764
 21
-10.1811043846481
 31
0.0
  0
LINE
  8
3
  6
CONTINUOUS
 62
3
 10
8.38343453321764
 20
-10.1811043846481
 30
0.0
 11
8.38072609815906
 21
-10.1625627306971
 31
0.0
  0
LINE
  8
3
  6
CONTINUOUS
 62
3
 10
8.38072609815906
 20
-10.1625627306971
 30
0.0
 11
8.37791339470855
 21
-10.1440210767461
 31
0.0
  0
LINE
  8
3
  6
CONTINUOUS
 62
3
 10
8.37791339470855
 20
-10.1440210767461
 30
0.0
 11
8.37572630160957
 21
-10.125583691187
 31
0.0
  0
LINE
  8
3
  6
CONTINUOUS
 62
3
 10
8.37572630160957
 20
-10.125583691187
 30
0.0
 11
8.37468488925607
 21
-10.1076670118047
 31
0.0
  0
LINE
  8
3
  6
CONTINUOUS
 62
3
 10
8.37468488925607
 20
-10.1076670118047
 30
0.0
 11
8.37551776482571
 21
-10.0905836848292
 31
0.0
  0
LINE
  8
3
  6
CONTINUOUS
 62
3
 10
8.37551776482571
 20
-10.0905836848292
 30
0.0
 11
8.37885181023587
 21
-10.0747503069911
 31
0.0
  0
LINE
  8
3
  6
CONTINUOUS
 62
3
 10
8.37885181023587
 20
-10.0747503069911
 30
0.0
 11
8.38531009270658
 21
-10.0602711466822
 31
0.0
  0
LINE
  8
3
  6
CONTINUOUS
 62
3
 10
8.38531009270658
 20
-10.0602711466822
 30
0.0
 11
8.39541395419744
 21
-10.0475628006332
 31
0.0
  0
LINE
  8
3
  6
CONTINUOUS
 62
3
 10
8.39541395419744
 20
-10.0475628006332
 30
0.0
 11
8.41728869988429
 21
-10.0301669863734
 31
0.0
  0
LINE
  8
3
  6
CONTINUOUS
 62
3
 10
8.41728869988429
 20
-10.0301669863734
 30
0.0
 11
8.44156034701973
 21
-10.0168336657557
 31
0.0
  0
LINE
  8
3
  6
CONTINUOUS
 62
3
 10
8.44156034701973
 20
-10.0168336657557
 30
0.0
 11
8.46770501051256
 21
-10.0066252179815
 31
0.0
  0
LINE
  8
3
  6
CONTINUOUS
 62
3
 10
8.46770501051256
 20
-10.0066252179815
 30
0.0
 11
8.49530943149237
 21
-9.99870860853525
 31
0.0
  0
LINE
  8
3
  6
CONTINUOUS
 62
3
 10
8.49530943149237
 20
-9.99870860853525
 30
0.0
 11
8.52385099643378
 21
-9.99225032606455
 31
0.0
  0
LINE
  8
3
  6
CONTINUOUS
 62
3
 10
8.52385099643378
 20
-9.99225032606455
 30
0.0
 11
8.55270536655099
 21
-9.98641701816253
 31
0.0
  0
LINE
  8
3
  6
CONTINUOUS
 62
3
 10
8.55270536655099
 20
-9.98641701816253
 30
0.0
 11
8.58155973666815
 21
-9.98027106403044
 31
0.0
  0
LINE
  8
3
  6
CONTINUOUS
 62
3
 10
8.58155973666815
 20
-9.98027106403044
 30
0.0
 11
8.60989276482571
 21
-9.97287531970671
 31
0.0
  0
LINE
  8
3
  6
CONTINUOUS
 62
3
 10
8.60989276482571
 20
-9.97287531970671
 30
0.0
 11
8.63708011223784
 21
-9.96350022433928
 31
0.0
  0
LINE
  8
3
  6
CONTINUOUS
 62
3
 10
8.63708011223784
 20
-9.96350022433928
 30
0.0
 11
8.66281024529445
 21
-9.95131274341277
 31
0.0
  0
LINE
  8
3
  6
CONTINUOUS
 62
3
 10
8.66281024529445
 20
-9.95131274341277
 30
0.0
 11
8.68551786655099
 21
-9.93777120390268
 31
0.0
  0
LINE
  8
3
  6
CONTINUOUS
 62
3
 10
8.68551786655099
 20
-9.93777120390268
 30
0.0
 11
8.7076011490217
 21
-9.92308366575571
 31
0.0
  0
LINE
  8
3
  6
CONTINUOUS
 62
3
 10
8.7076011490217
 20
-9.92308366575571
 30
0.0
 11
8.72906009270658
 21
-9.90756277520192
 31
0.0
  0
LINE
  8
3
  6
CONTINUOUS
 62
3
 10
8.72906009270658
 20
-9.90756277520192
 30
0.0
 11
8.74989342603992
 21
-9.89120869118702
 31
0.0
  0
LINE
  8
3
  6
CONTINUOUS
 62
3
 10
8.74989342603992
 20
-9.89120869118702
 30
0.0
 11
8.77030968580555
 21
-9.87412536421151
 31
0.0
  0
LINE
  8
3
  6
CONTINUOUS
 62
3
 10
8.77030968580555
 20
-9.87412536421151
 30
0.0
 11
8.79020587517729
 21
-9.85652117211353
 31
0.0
  0
LINE
  8
3
  6
CONTINUOUS
 62
3
 10
8.79020587517729
 20
-9.85652117211353
 30
0.0
 11
8.8096849909813
 21
-9.83829200544687
 31
0.0
  0
LINE
  8
3
  6
CONTINUOUS
 62
3
 10
8.8096849909813
 20
-9.83829200544687
 30
0.0
 11
8.82885130160957
 21
-9.81975035149586
 31
0.0
  0
LINE
  8
3
  6
CONTINUOUS
 62
3
 10
8.82885130160957
 20
-9.81975035149586
 30
0.0
 11
8.84760181023587
 21
-9.80089605131479
 31
0.0
  0
LINE
  8
3
  6
CONTINUOUS
 62
3
 10
8.84760181023587
 20
-9.80089605131479
 30
0.0
 11
8.86603951368638
 21
-9.78193780063323
 31
0.0
  0
LINE
  8
3
  6
CONTINUOUS
 62
3
 10
8.86603951368638
 20
-9.78193780063323
 30
0.0
 11
8.88635150506008
 21
-9.7590211657557
 31
0.0
  0
LINE
  8
3
  6
CONTINUOUS
 62
3
 10
8.88635150506008
 20
-9.7590211657557
 30
0.0
 11
8.9039550613752
 21
-9.73537528791757
 31
0.0
  0
LINE
  8
3
  6
CONTINUOUS
 62
3
 10
8.9039550613752
 20
-9.73537528791757
 30
0.0
 11
8.91916425937323
 21
-9.71100032606454
 31
0.0
  0
LINE
  8
3
  6
CONTINUOUS
 62
3
 10
8.91916425937323
 20
-9.71100032606454
 30
0.0
 11
8.93208082431465
 21
-9.6858961212509
 31
0.0
  0
LINE
  8
3
  6
CONTINUOUS
 62
3
 10
8.93208082431465
 20
-9.6858961212509
 30
0.0
 11
8.94291329298327
 21
-9.66016694186858
 31
0.0
  0
LINE
  8
3
  6
CONTINUOUS
 62
3
 10
8.94291329298327
 20
-9.66016694186858
 30
0.0
 11
8.95197701368638
 21
-9.63381278791757
 31
0.0
  0
LINE
  8
3
  6
CONTINUOUS
 62
3
 10
8.95197701368638
 20
-9.63381278791757
 30
0.0
 11
8.95926817172678
 21
-9.60693776884409
 31
0.0
  0
LINE
  8
3
  6
CONTINUOUS
 62
3
 10
8.95926817172678
 20
-9.60693776884409
 30
0.0
 11
8.96499784701973
 21
-9.57964615304005
 31
0.0
  0
LINE
  8
3
  6
CONTINUOUS
 62
3
 10
8.96499784701973
 20
-9.57964615304005
 30
0.0
 11
8.96937203321764
 21
-9.55183367211353
 31
0.0
  0
LINE
  8
3
  6
CONTINUOUS
 62
3
 10
8.96937203321764
 20
-9.55183367211353
 30
0.0
 11
8.97260181023587
 21
-9.52360443551075
 31
0.0
  0
LINE
  8
3
  6
CONTINUOUS
 62
3
 10
11.1623931717267
 20
-11.0846461085353
 30
0.0
 11
11.1381227961571
 21
-11.0312086371455
 31
0.0
  0
LINE
  8
3
  6
CONTINUOUS
 62
3
 10
11.1381227961571
 20
-11.0312086371455
 30
0.0
 11
11.1199966263166
 21
-10.9301669227951
 31
0.0
  0
LINE
  8
3
  6
CONTINUOUS
 62
3
 10
11.1199966263166
 20
-10.9301669227951
 30
0.0
 11
11.1099970332176
 21
-10.769958618072
 31
0.0
  0
LINE
  8
3
  6
CONTINUOUS
 62
3
 10
11.1099970332176
 20
-10.769958618072
 30
0.0
 11
11.11291400506
 21
-10.7328752306971
 31
0.0
  0
LINE
  8
3
  6
CONTINUOUS
 62
3
 10
11.11291400506
 20
-10.7328752306971
 30
0.0
 11
11.1232264033348
 21
-10.6977711148931
 31
0.0
  0
LINE
  8
3
  6
CONTINUOUS
 62
3
 10
11.1232264033348
 20
-10.6977711148931
 30
0.0
 11
11.1394770136863
 21
-10.6642294355108
 31
0.0
  0
LINE
  8
3
  6
CONTINUOUS
 62
3
 10
11.1394770136863
 20
-10.6642294355108
 30
0.0
 11
11.1603103470197
 21
-10.6319378642115
 31
0.0
  0
LINE
  8
3
  6
CONTINUOUS
 62
3
 10
11.1603103470197
 20
-10.6319378642115
 30
0.0
 11
11.1843721858055
 21
-10.6005835958196
 31
0.0
  0
LINE
  8
3
  6
CONTINUOUS
 62
3
 10
11.1843721858055
 20
-10.6005835958196
 30
0.0
 11
11.2105181208641
 21
-10.5696460831039
 31
0.0
  0
LINE
  8
3
  6
CONTINUOUS
 62
3
 10
11.2105181208641
 20
-10.5696460831039
 30
0.0
 11
11.2372883947085
 21
-10.5388128387802
 31
0.0
  0
LINE
  8
3
  6
CONTINUOUS
 62
3
 10
11.2372883947085
 20
-10.5388128387802
 30
0.0
 11
11.2633300613752
 21
-10.5077710576726
 31
0.0
  0
LINE
  8
3
  6
CONTINUOUS
 62
3
 10
11.2633300613752
 20
-10.5077710576726
 30
0.0
 11
11.2874974401187
 21
-10.4760003514959
 31
0.0
  0
LINE
  8
3
  6
CONTINUOUS
 62
3
 10
11.2874974401187
 20
-10.4760003514959
 30
0.0
 11
11.30822650506
 21
-10.4432920245204
 31
0.0
  0
LINE
  8
3
  6
CONTINUOUS
 62
3
 10
11.30822650506
 20
-10.4432920245204
 30
0.0
 11
11.3109349401187
 21
-10.4383961784714
 31
0.0
  0
LINE
  8
3
  6
CONTINUOUS
 62
3
 10
11.3109349401187
 20
-10.4383961784714
 30
0.0
 11
11.3133305700015
 21
-10.4332919545842
 31
0.0
  0
LINE
  8
3
  6
CONTINUOUS
 62
3
 10
11.3133305700015
 20
-10.4332919545842
 30
0.0
 11
11.3155176631004
 21
-10.4280836212509
 31
0.0
  0
LINE
  8
3
  6
CONTINUOUS
 62
3
 10
11.3155176631004
 20
-10.4280836212509
 30
0.0
 11
11.3173932225893
 21
-10.4227711784714
 31
0.0
  0
LINE
  8
3
  6
CONTINUOUS
 62
3
 10
11.3173932225893
 20
-10.4227711784714
 30
0.0
 11
11.3190602452944
 21
-10.4173544672999
 31
0.0
  0
LINE
  8
3
  6
CONTINUOUS
 62
3
 10
11.3190602452944
 20
-10.4173544672999
 30
0.0
 11
11.3205174596499
 21
-10.4119377561284
 31
0.0
  0
LINE
  8
3
  6
CONTINUOUS
 62
3
 10
11.3205174596499
 20
-10.4119377561284
 30
0.0
 11
11.3216644119611
 21
-10.4064169355108
 31
0.0
  0
LINE
  8
3
  6
CONTINUOUS
 62
3
 10
11.3216644119611
 20
-10.4064169355108
 30
0.0
 11
11.3224972875308
 21
-10.4007920054469
 31
0.0
  0
LINE
  8
3
  6
CONTINUOUS
 62
3
 10
11.3224972875308
 20
-10.4007920054469
 30
0.0
 11
11.3231216263166
 21
-10.3952711848292
 31
0.0
  0
LINE
  8
3
  6
CONTINUOUS
 62
3
 10
11.3231216263166
 20
-10.3952711848292
 30
0.0
 11
11.3233301631004
 21
-10.3896460958196
 31
0.0
  0
LINE
  8
3
  6
CONTINUOUS
 62
3
 10
11.3233301631004
 20
-10.3896460958196
 30
0.0
 11
11.3240600418439
 21
-10.3155835894618
 31
0.0
  0
LINE
  8
3
  6
CONTINUOUS
 62
3
 10
11.3240600418439
 20
-10.3155835894618
 30
0.0
 11
11.3234344314923
 21
-10.2414169736577
 31
0.0
  0
LINE
  8
3
  6
CONTINUOUS
 62
3
 10
11.3234344314923
 20
-10.2414169736577
 30
0.0
 11
11.3219759455711
 21
-10.1672503578537
 31
0.0
  0
LINE
  8
3
  6
CONTINUOUS
 62
3
 10
11.3219759455711
 20
-10.1672503578537
 30
0.0
 11
11.3183303665509
 21
-10.0189169672999
 31
0.0
  0
LINE
  8
3
  6
CONTINUOUS
 62
3
 10
11.3183303665509
 20
-10.0189169672999
 30
0.0
 11
11.3168718806297
 21
-9.94475035149586
 31
0.0
  0
LINE
  8
3
  6
CONTINUOUS
 62
3
 10
11.3168718806297
 20
-9.94475035149586
 30
0.0
 11
11.3162475418439
 21
-9.87068784513803
 31
0.0
  0
LINE
  8
3
  6
CONTINUOUS
 62
3
 10
11.3162475418439
 20
-9.87068784513803
 30
0.0
 11
11.3168718806297
 21
-9.7966253387802
 31
0.0
  0
LINE
  8
3
  6
CONTINUOUS
 62
3
 10
11.3168718806297
 20
-9.7966253387802
 30
0.0
 11
11.3190602452944
 21
-9.72266694186858
 31
0.0
  0
LINE
  8
3
  6
CONTINUOUS
 62
3
 10
11.3190602452944
 20
-9.72266694186858
 30
0.0
 11
11.3233301631004
 21
-9.64870870390268
 31
0.0
  0
LINE
  8
3
  6
CONTINUOUS
 62
3
 10
11.3233301631004
 20
-9.64870870390268
 30
0.0
 11
11.3271842789045
 21
-9.61683357038827
 31
0.0
  0
LINE
  8
3
  6
CONTINUOUS
 62
3
 10
11.3271842789045
 20
-9.61683357038827
 30
0.0
 11
11.3333310277651
 21
-9.58547946094207
 31
0.0
  0
LINE
  8
3
  6
CONTINUOUS
 62
3
 10
11.3333310277651
 20
-9.58547946094207
 30
0.0
 11
11.3413507929832
 21
-9.55433357038827
 31
0.0
  0
LINE
  8
3
  6
CONTINUOUS
 62
3
 10
11.3413507929832
 20
-9.55433357038827
 30
0.0
 11
11.3507260472964
 21
-9.52350032606454
 31
0.0
  0
LINE
  8
3
  6
CONTINUOUS
 62
3
 10
11.3507260472964
 20
-9.52350032606454
 30
0.0
 11
11.3607269119611
 21
-9.49266692279509
 31
0.0
  0
LINE
  8
3
  6
CONTINUOUS
 62
3
 10
11.3607269119611
 20
-9.49266692279509
 30
0.0
 11
11.3709350418439
 21
-9.46193778791757
 31
0.0
  0
LINE
  8
3
  6
CONTINUOUS
 62
3
 10
11.3709350418439
 20
-9.46193778791757
 30
0.0
 11
11.3806218297671
 21
-9.43100027520192
 31
0.0
  0
LINE
  8
3
  6
CONTINUOUS
 62
3
 10
11.3806218297671
 20
-9.43100027520192
 30
0.0
 11
11.3892684769025
 21
-9.39995865304005
 31
0.0
  0
LINE
  8
3
  6
CONTINUOUS
 62
3
 10
11.3892684769025
 20
-9.39995865304005
 30
0.0
 11
11.396351098159
 21
-9.36860438464812
 31
0.0
  0
LINE
  8
3
  6
CONTINUOUS
 62
3
 10
11.396351098159
 20
-9.36860438464812
 30
0.0
 11
11.4012466263166
 21
-9.33693794686329
 31
0.0
  0
LINE
  8
3
  6
CONTINUOUS
 62
3
 10
11.4012466263166
 20
-9.33693794686329
 30
0.0
 11
11.4094761998843
 21
-9.25797943551075
 31
0.0
  0
LINE
  8
3
  6
CONTINUOUS
 62
3
 10
11.4094761998843
 20
-9.25797943551075
 30
0.0
 11
11.415934482355
 21
-9.17829199908904
 31
0.0
  0
LINE
  8
3
  6
CONTINUOUS
 62
3
 10
11.415934482355
 20
-9.17829199908904
 30
0.0
 11
11.4210385472964
 21
-9.09818780699106
 31
0.0
  0
LINE
  8
3
  6
CONTINUOUS
 62
3
 10
11.4210385472964
 20
-9.09818780699106
 30
0.0
 11
11.4247883947085
 21
-9.01766685921681
 31
0.0
  0
LINE
  8
3
  6
CONTINUOUS
 62
3
 10
11.4247883947085
 20
-9.01766685921681
 30
0.0
 11
11.4272882929832
 21
-8.93672947365772
 31
0.0
  0
LINE
  8
3
  6
CONTINUOUS
 62
3
 10
11.4272882929832
 20
-8.93672947365772
 30
0.0
 11
11.4287467789045
 21
-8.8554796008143
 31
0.0
  0
LINE
  8
3
  6
CONTINUOUS
 62
3
 10
11.4287467789045
 20
-8.8554796008143
 30
0.0
 11
11.429372389256
 21
-8.77391692279509
 31
0.0
  0
LINE
  8
3
  6
CONTINUOUS
 62
3
 10
11.429372389256
 20
-8.77391692279509
 30
0.0
 11
11.4291638524722
 21
-8.6922502942754
 31
0.0
  0
LINE
  8
3
  6
CONTINUOUS
 62
3
 10
11.4291638524722
 20
-8.6922502942754
 30
0.0
 11
11.4282267085106
 21
-8.61037544686329
 31
0.0
  0
LINE
  8
3
  6
CONTINUOUS
 62
3
 10
11.4282267085106
 20
-8.61037544686329
 30
0.0
 11
11.4268724909813
 21
-8.52850028155974
 31
0.0
  0
LINE
  8
3
  6
CONTINUOUS
 62
3
 10
11.4268724909813
 20
-8.52850028155974
 30
0.0
 11
11.4232269119611
 21
-8.36475026884409
 31
0.0
  0
LINE
  8
3
  6
CONTINUOUS
 62
3
 10
11.4232269119611
 20
-8.36475026884409
 30
0.0
 11
11.4190599909813
 21
-8.20162523069711
 31
0.0
  0
LINE
  8
3
  6
CONTINUOUS
 62
3
 10
11.4190599909813
 20
-8.20162523069711
 30
0.0
 11
11.4172886998843
 21
-8.12037535785371
 31
0.0
  0
LINE
  8
3
  6
CONTINUOUS
 62
3
 10
11.4172886998843
 20
-8.12037535785371
 30
0.0
 11
11.4157259455711
 21
-8.03943765440316
 31
0.0
  0
LINE
  8
3
  6
CONTINUOUS
 62
3
 10
11.4157259455711
 20
-8.03943765440316
 30
0.0
 11
11.4146845332176
 21
-7.95891702452036
 31
0.0
  0
LINE
  8
3
  6
CONTINUOUS
 62
3
 10
11.4146845332176
 20
-7.95891702452036
 30
0.0
 11
11.4142674596499
 21
-7.87881283242237
 31
0.0
  0
LINE
  8
3
  6
CONTINUOUS
 62
3
 10
11.4142674596499
 20
-7.87881283242237
 30
0.0
 11
11.4144759964337
 21
-7.79922934650115
 31
0.0
  0
LINE
  8
3
  6
CONTINUOUS
 62
3
 10
11.4144759964337
 20
-7.79922934650115
 30
0.0
 11
11.4151016067853
 21
-7.72339602588347
 31
0.0
  0
LINE
  8
3
  6
CONTINUOUS
 62
3
 10
11.4151016067853
 20
-7.72339602588347
 30
0.0
 11
11.415830213963
 21
-7.64756270526579
 31
0.0
  0
LINE
  8
3
  6
CONTINUOUS
 62
3
 10
11.415830213963
 20
-7.64756270526579
 30
0.0
 11
11.417705773452
 21
-7.42006274341276
 31
0.0
  0
LINE
  8
3
  6
CONTINUOUS
 62
3
 10
11.417705773452
 20
-7.42006274341276
 30
0.0
 11
11.4184343806297
 21
-7.34422942279508
 31
0.0
  0
LINE
  8
3
  6
CONTINUOUS
 62
3
 10
11.4184343806297
 20
-7.34422942279508
 30
0.0
 11
11.4196843297671
 21
-7.19256278155973
 31
0.0
  0
LINE
  8
3
  6
CONTINUOUS
 62
3
 10
11.4196843297671
 20
-7.19256278155973
 30
0.0
 11
11.4204142085106
 21
-7.11672946094205
 31
0.0
  0
LINE
  8
3
  6
CONTINUOUS
 62
3
 10
11.4204142085106
 20
-7.11672946094205
 30
0.0
 11
11.4229141067853
 21
-6.81339617847135
 31
0.0
  0
LINE
  8
3
  6
CONTINUOUS
 62
3
 10
11.4229141067853
 20
-6.81339617847135
 30
0.0
 11
11.423331180353
 21
-6.77547935921682
 31
0.0
  0
LINE
  8
3
  6
CONTINUOUS
 62
3
 10
11.423331180353
 20
-6.77547935921682
 30
0.0
 11
11.4249969314923
 21
-6.56641678292284
 31
0.0
  0
LINE
  8
3
  6
CONTINUOUS
 62
3
 10
11.4249969314923
 20
-6.56641678292284
 30
0.0
 11
11.4251011998843
 21
-6.47266678292284
 31
0.0
  0
LINE
  8
3
  6
CONTINUOUS
 62
3
 10
11.4251011998843
 20
-6.47266678292284
 30
0.0
 11
11.4238512507469
 21
-6.38100024341276
 31
0.0
  0
LINE
  8
3
  6
CONTINUOUS
 62
3
 10
11.4238512507469
 20
-6.38100024341276
 30
0.0
 11
11.4205184769025
 21
-6.29193787056934
 31
0.0
  0
LINE
  8
3
  6
CONTINUOUS
 62
3
 10
11.4205184769025
 20
-6.29193787056934
 30
0.0
 11
11.4141644628237
 21
-6.20579183378548
 31
0.0
  0
LINE
  8
3
  6
CONTINUOUS
 62
3
 10
11.4141644628237
 20
-6.20579183378548
 30
0.0
 11
11.4042678665509
 21
-6.12318774341276
 31
0.0
  0
LINE
  8
3
  6
CONTINUOUS
 62
3
 10
11.4042678665509
 20
-6.12318774341276
 30
0.0
 11
11.3897885472964
 21
-6.0444377688441
 31
0.0
  0
LINE
  8
3
  6
CONTINUOUS
 62
3
 10
11.3897885472964
 20
-6.0444377688441
 30
0.0
 11
11.3702051631004
 21
-5.97006261625619
 31
0.0
  0
LINE
  8
3
  6
CONTINUOUS
 62
3
 10
11.3702051631004
 20
-5.97006261625619
 30
0.0
 11
11.3446848383934
 21
-5.90047935921682
 31
0.0
  0
LINE
  8
3
  6
CONTINUOUS
 62
3
 10
11.3446848383934
 20
-5.90047935921682
 30
0.0
 11
11.3123934260399
 21
-5.83631297229461
 31
0.0
  0
LINE
  8
3
  6
CONTINUOUS
 62
3
 10
11.3123934260399
 20
-5.83631297229461
 30
0.0
 11
11.2727053156883
 21
-5.77777135649056
 31
0.0
  0
LINE
  8
3
  6
CONTINUOUS
 62
3
 10
11.2727053156883
 20
-5.77777135649056
 30
0.0
 11
11.2247889033348
 21
-5.72547948637339
 31
0.0
  0
LINE
  8
3
  6
CONTINUOUS
 62
3
 10
11.2247889033348
 20
-5.72547948637339
 30
0.0
 11
11.1678100418439
 21
-5.67975016711883
 31
0.0
  0
LINE
  8
3
  6
CONTINUOUS
 62
3
 10
11.1678100418439
 20
-5.67975016711883
 30
0.0
 11
11.1687471858055
 21
-5.6688127942754
 31
0.0
  0
LINE
  8
3
  6
CONTINUOUS
 62
3
 10
11.1687471858055
 20
-5.6688127942754
 30
0.0
 11
11.1691642593732
 21
-5.66152100045217
 31
0.0
  0
LINE
  8
3
  6
CONTINUOUS
 62
3
 10
11.1691642593732
 20
-5.66152100045217
 30
0.0
 11
11.1694757929832
 21
-5.65047935921682
 31
0.0
  0
LINE
  8
3
  6
CONTINUOUS
 62
3
 10
11.1694757929832
 20
-5.65047935921682
 30
0.0
 11
11.1694757929832
 21
-5.64683378019662
 31
0.0
  0
LINE
  8
3
  6
CONTINUOUS
 62
3
 10
11.1694757929832
 20
-5.64683378019662
 30
0.0
 11
11.1695800613752
 21
-5.64318756539355
 31
0.0
  0
LINE
  8
3
  6
CONTINUOUS
 62
3
 10
11.1695800613752
 20
-5.64318756539355
 30
0.0
 11
11.1695800613752
 21
-5.60381289600068
 31
0.0
  0
LINE
  8
3
  6
CONTINUOUS
 62
3
 10
11.1695800613752
 20
-5.60381289600068
 30
0.0
 11
11.1609346858055
 21
-5.52193804858855
 31
0.0
  0
LINE
  8
3
  6
CONTINUOUS
 62
3
 10
11.1609346858055
 20
-5.52193804858855
 30
0.0
 11
11.1355186294904
 21
-5.44370878019662
 31
0.0
  0
LINE
  8
3
  6
CONTINUOUS
 62
3
 10
11.1355186294904
 20
-5.44370878019662
 30
0.0
 11
11.0943720332176
 21
-5.37245850045217
 31
0.0
  0
LINE
  8
3
  6
CONTINUOUS
 62
3
 10
11.0943720332176
 20
-5.37245850045217
 30
0.0
 11
11.0392674596499
 21
-5.31120844958953
 31
0.0
  0
LINE
  8
3
  6
CONTINUOUS
 62
3
 10
11.0392674596499
 20
-5.31120844958953
 30
0.0
 11
10.9727060786278
 21
-5.26287559945119
 31
0.0
  0
LINE
  8
3
  6
CONTINUOUS
 62
3
 10
10.9727060786278
 20
-5.26287559945119
 30
0.0
 11
10.8974967789045
 21
-5.22943787056934
 31
0.0
  0
LINE
  8
3
  6
CONTINUOUS
 62
3
 10
10.8974967789045
 20
-5.22943787056934
 30
0.0
 11
10.8169761490217
 21
-5.21225011625619
 31
0.0
  0
LINE
  8
3
  6
CONTINUOUS
 62
3
 10
10.8169761490217
 20
-5.21225011625619
 30
0.0
 11
10.7346842280418
 21
-5.21225011625619
 31
0.0
  0
LINE
  8
3
  6
CONTINUOUS
 62
3
 10
10.7346842280418
 20
-5.21225011625619
 30
0.0
 11
10.654163598159
 21
-5.22943787056934
 31
0.0
  0
LINE
  8
3
  6
CONTINUOUS
 62
3
 10
10.654163598159
 20
-5.22943787056934
 30
0.0
 11
10.5789555700015
 21
-5.26287559945119
 31
0.0
  0
LINE
  8
3
  6
CONTINUOUS
 62
3
 10
10.5789555700015
 20
-5.26287559945119
 30
0.0
 11
10.5123929174136
 21
-5.31120844958953
 31
0.0
  0
LINE
  8
3
  6
CONTINUOUS
 62
3
 10
10.5123929174136
 20
-5.31120844958953
 30
0.0
 11
10.4572883438459
 21
-5.37245850045217
 31
0.0
  0
LINE
  8
3
  6
CONTINUOUS
 62
3
 10
10.4572883438459
 20
-5.37245850045217
 30
0.0
 11
10.4161430191388
 21
-5.44370878019662
 31
0.0
  0
LINE
  8
3
  6
CONTINUOUS
 62
3
 10
10.4161430191388
 20
-5.44370878019662
 30
0.0
 11
10.3907269628237
 21
-5.52193804858855
 31
0.0
  0
LINE
  8
3
  6
CONTINUOUS
 62
3
 10
10.3907269628237
 20
-5.52193804858855
 30
0.0
 11
10.3821845840802
 21
-5.60381289600068
 31
0.0
  0
LINE
  8
3
  6
CONTINUOUS
 62
3
 10
10.3821845840802
 20
-5.60381289600068
 30
0.0
 11
10.3821845840802
 21
-5.64943794686327
 31
0.0
  0
LINE
  8
3
  6
CONTINUOUS
 62
3
 10
10.3821845840802
 20
-5.64943794686327
 30
0.0
 11
10.3822888524722
 21
-5.65568769255012
 31
0.0
  0
LINE
  8
3
  6
CONTINUOUS
 62
3
 10
10.3822888524722
 20
-5.65568769255012
 30
0.0
 11
10.3829144628237
 21
-5.66829208809863
 31
0.0
  0
LINE
  8
3
  6
CONTINUOUS
 62
3
 10
10.3829144628237
 20
-5.66829208809863
 30
0.0
 11
10.3839558751772
 21
-5.6807922152552
 31
0.0
  0
LINE
  8
3
  6
CONTINUOUS
 62
3
 10
10.3839558751772
 20
-5.6807922152552
 30
0.0
 11
10.384580213963
 21
-5.68704196094205
 31
0.0
  0
LINE
  8
3
  6
CONTINUOUS
 62
3
 10
10.384580213963
 20
-5.68704196094205
 30
0.0
 11
10.3853100927065
 21
-5.6932917066289
 31
0.0
  0
LINE
  8
3
  6
CONTINUOUS
 62
3
 10
10.3853100927065
 20
-5.6932917066289
 30
0.0
 11
10.3861429682762
 21
-5.6994378197067
 31
0.0
  0
LINE
  8
3
  6
CONTINUOUS
 62
3
 10
10.3861429682762
 20
-5.6994378197067
 30
0.0
 11
10.3870801122378
 21
-5.70568756539355
 31
0.0
  0
LINE
  8
3
  6
CONTINUOUS
 62
3
 10
10.3870801122378
 20
-5.70568756539355
 30
0.0
 11
10.3339553665509
 21
-5.7571459241582
 31
0.0
  0
LINE
  8
3
  6
CONTINUOUS
 62
3
 10
10.3339553665509
 20
-5.7571459241582
 30
0.0
 11
10.2897888016095
 21
-5.81537537056934
 31
0.0
  0
LINE
  8
3
  6
CONTINUOUS
 62
3
 10
10.2897888016095
 20
-5.81537537056934
 30
0.0
 11
10.2539560786278
 21
-5.87995883105926
 31
0.0
  0
LINE
  8
3
  6
CONTINUOUS
 62
3
 10
10.2539560786278
 20
-5.87995883105926
 30
0.0
 11
10.2256217789045
 21
-5.95037559945119
 31
0.0
  0
LINE
  8
3
  6
CONTINUOUS
 62
3
 10
10.2256217789045
 20
-5.95037559945119
 30
0.0
 11
10.2038513016095
 21
-6.02600006539355
 31
0.0
  0
LINE
  8
3
  6
CONTINUOUS
 62
3
 10
10.2038513016095
 20
-6.02600006539355
 30
0.0
 11
10.1878092280418
 21
-6.10652133105926
 31
0.0
  0
LINE
  8
3
  6
CONTINUOUS
 62
3
 10
10.1878092280418
 20
-6.10652133105926
 30
0.0
 11
10.1766639541974
 21
-6.19131251453095
 31
0.0
  0
LINE
  8
3
  6
CONTINUOUS
 62
3
 10
10.1766639541974
 20
-6.19131251453095
 30
0.0
 11
10.1695800613752
 21
-6.2798541811976
 31
0.0
  0
LINE
  8
3
  6
CONTINUOUS
 62
3
 10
10.1695800613752
 20
-6.2798541811976
 30
0.0
 11
10.1657259455711
 21
-6.37162498909961
 31
0.0
  0
LINE
  8
3
  6
CONTINUOUS
 62
3
 10
10.1657259455711
 20
-6.37162498909961
 30
0.0
 11
10.1642674596499
 21
-6.4663127688441
 31
0.0
  0
LINE
  8
3
  6
CONTINUOUS
 62
3
 10
10.1642674596499
 20
-6.4663127688441
 30
0.0
 11
10.1643717280418
 21
-6.5630833732956
 31
0.0
  0
LINE
  8
3
  6
CONTINUOUS
 62
3
 10
10.1643717280418
 20
-6.5630833732956
 30
0.0
 11
10.167705773452
 21
-6.9650628197067
 31
0.0
  0
LINE
  8
3
  6
CONTINUOUS
 62
3
 10
10.167705773452
 20
-6.9650628197067
 30
0.0
 11
10.1681228470197
 21
-7.00297932106985
 31
0.0
  0
LINE
  8
3
  6
CONTINUOUS
 62
3
 10
10.1681228470197
 20
-7.00297932106985
 30
0.0
 11
10.1703099401186
 21
-7.26839610217741
 31
0.0
  0
LINE
  8
3
  6
CONTINUOUS
 62
3
 10
10.1703099401186
 20
-7.26839610217741
 30
0.0
 11
10.1710385472964
 21
-7.34422942279508
 31
0.0
  0
LINE
  8
3
  6
CONTINUOUS
 62
3
 10
10.1710385472964
 20
-7.34422942279508
 30
0.0
 11
10.1722884964337
 21
-7.49589606403044
 31
0.0
  0
LINE
  8
3
  6
CONTINUOUS
 62
3
 10
10.1722884964337
 20
-7.49589606403044
 30
0.0
 11
10.1730183751772
 21
-7.57172938464812
 31
0.0
  0
LINE
  8
3
  6
CONTINUOUS
 62
3
 10
10.1730183751772
 20
-7.57172938464812
 30
0.0
 11
10.1748926631004
 21
-7.79922934650115
 31
0.0
  0
LINE
  8
3
  6
CONTINUOUS
 62
3
 10
10.1748926631004
 20
-7.79922934650115
 30
0.0
 11
10.1752054682762
 21
-7.87881283242237
 31
0.0
  0
LINE
  8
3
  6
CONTINUOUS
 62
3
 10
10.1752054682762
 20
-7.87881283242237
 30
0.0
 11
10.1746841263166
 21
-7.95891702452036
 31
0.0
  0
LINE
  8
3
  6
CONTINUOUS
 62
3
 10
10.1746841263166
 20
-7.95891702452036
 30
0.0
 11
10.173642713963
 21
-8.03943765440316
 31
0.0
  0
LINE
  8
3
  6
CONTINUOUS
 62
3
 10
10.173642713963
 20
-8.03943765440316
 30
0.0
 11
10.1721842280418
 21
-8.12037535785371
 31
0.0
  0
LINE
  8
3
  6
CONTINUOUS
 62
3
 10
10.1721842280418
 20
-8.12037535785371
 30
0.0
 11
10.1642674596499
 21
-8.44662543414763
 31
0.0
  0
LINE
  8
3
  6
CONTINUOUS
 62
3
 10
10.1642674596499
 20
-8.44662543414763
 30
0.0
 11
10.1624974401186
 21
-8.52850028155974
 31
0.0
  0
LINE
  8
3
  6
CONTINUOUS
 62
3
 10
10.1624974401186
 20
-8.52850028155974
 30
0.0
 11
10.1611432225893
 21
-8.61037544686329
 31
0.0
  0
LINE
  8
3
  6
CONTINUOUS
 62
3
 10
10.1611432225893
 20
-8.61037544686329
 30
0.0
 11
10.1603103470197
 21
-8.6922502942754
 31
0.0
  0
LINE
  8
3
  6
CONTINUOUS
 62
3
 10
10.1603103470197
 20
-8.6922502942754
 30
0.0
 11
10.1601018102358
 21
-8.77391692279509
 31
0.0
  0
LINE
  8
3
  6
CONTINUOUS
 62
3
 10
10.1601018102358
 20
-8.77391692279509
 30
0.0
 11
10.1606218806297
 21
-8.8554796008143
 31
0.0
  0
LINE
  8
3
  6
CONTINUOUS
 62
3
 10
10.1606218806297
 20
-8.8554796008143
 30
0.0
 11
10.1620803665509
 21
-8.93672947365772
 31
0.0
  0
LINE
  8
3
  6
CONTINUOUS
 62
3
 10
10.1620803665509
 20
-8.93672947365772
 30
0.0
 11
10.1646845332176
 21
-9.01766685921681
 31
0.0
  0
LINE
  8
3
  6
CONTINUOUS
 62
3
 10
10.1646845332176
 20
-9.01766685921681
 30
0.0
 11
10.1683301122378
 21
-9.09818780699106
 31
0.0
  0
LINE
  8
3
  6
CONTINUOUS
 62
3
 10
10.1683301122378
 20
-9.09818780699106
 30
0.0
 11
10.1734341771792
 21
-9.17829199908904
 31
0.0
  0
LINE
  8
3
  6
CONTINUOUS
 62
3
 10
10.1734341771792
 20
-9.17829199908904
 30
0.0
 11
10.1799967280418
 21
-9.25797943551075
 31
0.0
  0
LINE
  8
3
  6
CONTINUOUS
 62
3
 10
10.1799967280418
 20
-9.25797943551075
 30
0.0
 11
10.1881220332176
 21
-9.33693794686329
 31
0.0
  0
LINE
  8
3
  6
CONTINUOUS
 62
3
 10
10.1881220332176
 20
-9.33693794686329
 30
0.0
 11
10.1930175613752
 21
-9.36860438464812
 31
0.0
  0
LINE
  8
3
  6
CONTINUOUS
 62
3
 10
10.1930175613752
 20
-9.36860438464812
 30
0.0
 11
10.2001014541974
 21
-9.39995865304005
 31
0.0
  0
LINE
  8
3
  6
CONTINUOUS
 62
3
 10
10.2001014541974
 20
-9.39995865304005
 30
0.0
 11
10.208851098159
 21
-9.43100027520192
 31
0.0
  0
LINE
  8
3
  6
CONTINUOUS
 62
3
 10
10.208851098159
 20
-9.43100027520192
 30
0.0
 11
10.218539157648
 21
-9.46193778791757
 31
0.0
  0
LINE
  8
3
  6
CONTINUOUS
 62
3
 10
10.218539157648
 20
-9.46193778791757
 30
0.0
 11
10.2286430191388
 21
-9.49266692279509
 31
0.0
  0
LINE
  8
3
  6
CONTINUOUS
 62
3
 10
10.2286430191388
 20
-9.49266692279509
 30
0.0
 11
10.2386426122378
 21
-9.52350032606455
 31
0.0
  0
LINE
  8
3
  6
CONTINUOUS
 62
3
 10
10.2386426122378
 20
-9.52350032606455
 30
0.0
 11
10.2480178665509
 21
-9.55433357038827
 31
0.0
  0
LINE
  8
3
  6
CONTINUOUS
 62
3
 10
10.2480178665509
 20
-9.55433357038827
 30
0.0
 11
10.2560389033348
 21
-9.58547946094207
 31
0.0
  0
LINE
  8
3
  6
CONTINUOUS
 62
3
 10
10.2560389033348
 20
-9.58547946094207
 30
0.0
 11
10.2622886490217
 21
-9.61683357038827
 31
0.0
  0
LINE
  8
3
  6
CONTINUOUS
 62
3
 10
10.2622886490217
 20
-9.61683357038827
 30
0.0
 11
10.2660384964337
 21
-9.64870870390268
 31
0.0
  0
LINE
  8
3
  6
CONTINUOUS
 62
3
 10
10.2660384964337
 20
-9.64870870390268
 30
0.0
 11
10.2703096858055
 21
-9.72266694186858
 31
0.0
  0
LINE
  8
3
  6
CONTINUOUS
 62
3
 10
10.2703096858055
 20
-9.72266694186858
 30
0.0
 11
10.2726010472964
 21
-9.7966253387802
 31
0.0
  0
LINE
  8
3
  6
CONTINUOUS
 62
3
 10
10.2726010472964
 20
-9.7966253387802
 30
0.0
 11
10.273226657648
 21
-9.87068784513803
 31
0.0
  0
LINE
  8
3
  6
CONTINUOUS
 62
3
 10
10.273226657648
 20
-9.87068784513803
 30
0.0
 11
10.2726010472964
 21
-9.94475035149586
 31
0.0
  0
LINE
  8
3
  6
CONTINUOUS
 62
3
 10
10.2726010472964
 20
-9.94475035149586
 30
0.0
 11
10.2711425613752
 21
-10.0189169672999
 31
0.0
  0
LINE
  8
3
  6
CONTINUOUS
 62
3
 10
10.2711425613752
 20
-10.0189169672999
 30
0.0
 11
10.267392713963
 21
-10.1672503578537
 31
0.0
  0
LINE
  8
3
  6
CONTINUOUS
 62
3
 10
10.267392713963
 20
-10.1672503578537
 30
0.0
 11
10.2659342280418
 21
-10.2414169736577
 31
0.0
  0
LINE
  8
3
  6
CONTINUOUS
 62
3
 10
10.2659342280418
 20
-10.2414169736577
 30
0.0
 11
10.265414157648
 21
-10.3155835894618
 31
0.0
  0
LINE
  8
3
  6
CONTINUOUS
 62
3
 10
10.265414157648
 20
-10.3155835894618
 30
0.0
 11
10.2660384964337
 21
-10.3896460958196
 31
0.0
  0
LINE
  8
3
  6
CONTINUOUS
 62
3
 10
10.2660384964337
 20
-10.3896460958196
 30
0.0
 11
10.2662470332176
 21
-10.3952711848292
 31
0.0
  0
LINE
  8
3
  6
CONTINUOUS
 62
3
 10
10.2662470332176
 20
-10.3952711848292
 30
0.0
 11
10.2668726435692
 21
-10.4007920054469
 31
0.0
  0
LINE
  8
3
  6
CONTINUOUS
 62
3
 10
10.2668726435692
 20
-10.4007920054469
 30
0.0
 11
10.2677055191388
 21
-10.4064169355108
 31
0.0
  0
LINE
  8
3
  6
CONTINUOUS
 62
3
 10
10.2677055191388
 20
-10.4064169355108
 30
0.0
 11
10.2688511998843
 21
-10.4119377561284
 31
0.0
  0
LINE
  8
3
  6
CONTINUOUS
 62
3
 10
10.2688511998843
 20
-10.4119377561284
 30
0.0
 11
10.2703096858055
 21
-10.4173544672999
 31
0.0
  0
LINE
  8
3
  6
CONTINUOUS
 62
3
 10
10.2703096858055
 20
-10.4173544672999
 30
0.0
 11
10.2719767085106
 21
-10.4227711784714
 31
0.0
  0
LINE
  8
3
  6
CONTINUOUS
 62
3
 10
10.2719767085106
 20
-10.4227711784714
 30
0.0
 11
10.2739552648257
 21
-10.4280836212509
 31
0.0
  0
LINE
  8
3
  6
CONTINUOUS
 62
3
 10
10.2739552648257
 20
-10.4280836212509
 30
0.0
 11
10.2761436294904
 21
-10.4332919545842
 31
0.0
  0
LINE
  8
3
  6
CONTINUOUS
 62
3
 10
10.2761436294904
 20
-10.4332919545842
 30
0.0
 11
10.2785392593732
 21
-10.4383961784714
 31
0.0
  0
LINE
  8
3
  6
CONTINUOUS
 62
3
 10
10.2785392593732
 20
-10.4383961784714
 30
0.0
 11
10.2811434260399
 21
-10.4432920245204
 31
0.0
  0
LINE
  8
3
  6
CONTINUOUS
 62
3
 10
10.2811434260399
 20
-10.4432920245204
 30
0.0
 11
10.3019767593732
 21
-10.4760003514959
 31
0.0
  0
LINE
  8
3
  6
CONTINUOUS
 62
3
 10
10.3019767593732
 20
-10.4760003514959
 30
0.0
 11
10.326038598159
 21
-10.5077710576726
 31
0.0
  0
LINE
  8
3
  6
CONTINUOUS
 62
3
 10
10.326038598159
 20
-10.5077710576726
 30
0.0
 11
10.3521845332176
 21
-10.5388128387802
 31
0.0
  0
LINE
  8
3
  6
CONTINUOUS
 62
3
 10
10.3521845332176
 20
-10.5388128387802
 30
0.0
 11
10.3789560786278
 21
-10.5696460831039
 31
0.0
  0
LINE
  8
3
  6
CONTINUOUS
 62
3
 10
10.3789560786278
 20
-10.5696460831039
 30
0.0
 11
10.4049977452944
 21
-10.6005835958196
 31
0.0
  0
LINE
  8
3
  6
CONTINUOUS
 62
3
 10
10.4049977452944
 20
-10.6005835958196
 30
0.0
 11
10.4291638524722
 21
-10.6319378642115
 31
0.0
  0
LINE
  8
3
  6
CONTINUOUS
 62
3
 10
10.4291638524722
 20
-10.6319378642115
 30
0.0
 11
10.4499971858055
 21
-10.6642294355108
 31
0.0
  0
LINE
  8
3
  6
CONTINUOUS
 62
3
 10
10.4499971858055
 20
-10.6642294355108
 30
0.0
 11
10.4661435277651
 21
-10.6977711148931
 31
0.0
  0
LINE
  8
3
  6
CONTINUOUS
 62
3
 10
10.4661435277651
 20
-10.6977711148931
 30
0.0
 11
10.4764559260399
 21
-10.7328752306971
 31
0.0
  0
LINE
  8
3
  6
CONTINUOUS
 62
3
 10
10.4764559260399
 20
-10.7328752306971
 30
0.0
 11
10.4794758947085
 21
-10.769958618072
 31
0.0
  0
LINE
  8
3
  6
CONTINUOUS
 62
3
 10
10.4794758947085
 20
-10.769958618072
 30
0.0
 11
10.4693720332176
 21
-10.9301669227951
 31
0.0
  0
LINE
  8
3
  6
CONTINUOUS
 62
3
 10
10.4693720332176
 20
-10.9301669227951
 30
0.0
 11
10.4513514033348
 21
-11.0312086371455
 31
0.0
  0
LINE
  8
3
  6
CONTINUOUS
 62
3
 10
10.4513514033348
 20
-11.0312086371455
 30
0.0
 11
10.4270810277651
 21
-11.0846461085353
 31
0.0
  0
LINE
  8
3
  6
CONTINUOUS
 62
3
 10
10.4270810277651
 20
-11.0846461085353
 30
0.0
 11
10.3985394628237
 21
-11.1020419227951
 31
0.0
  0
LINE
  8
3
  6
CONTINUOUS
 62
3
 10
10.3985394628237
 20
-11.1020419227951
 30
0.0
 11
10.3677052648257
 21
-11.0948544768366
 31
0.0
  0
LINE
  8
3
  6
CONTINUOUS
 62
3
 10
10.3677052648257
 20
-11.0948544768366
 30
0.0
 11
10.3362467280418
 21
-11.074646118072
 31
0.0
  0
LINE
  8
3
  6
CONTINUOUS
 62
3
 10
10.3362467280418
 20
-11.074646118072
 30
0.0
 11
10.3063509455711
 21
-11.0528753228856
 31
0.0
  0
LINE
  8
3
  6
CONTINUOUS
 62
3
 10
10.3063509455711
 20
-11.0528753228856
 30
0.0
 11
10.2796849401186
 21
-11.0411044386897
 31
0.0
  0
LINE
  8
3
  6
CONTINUOUS
 62
3
 10
10.2796849401186
 20
-11.0411044386897
 30
0.0
 11
10.2582259964337
 21
-11.0508961307877
 31
0.0
  0
LINE
  8
3
  6
CONTINUOUS
 62
3
 10
10.2582259964337
 20
-11.0508961307877
 30
0.0
 11
10.2438509455711
 21
-11.0936044482264
 31
0.0
  0
LINE
  8
3
  6
CONTINUOUS
 62
3
 10
10.2438509455711
 20
-11.0936044482264
 30
0.0
 11
10.2296844314923
 21
-11.1798544355108
 31
0.0
  0
LINE
  8
3
  6
CONTINUOUS
 62
3
 10
10.2296844314923
 20
-11.1798544355108
 30
0.0
 11
10.2251017085106
 21
-11.2086044577632
 31
0.0
  0
LINE
  8
3
  6
CONTINUOUS
 62
3
 10
10.2251017085106
 20
-11.2086044577632
 30
0.0
 11
10.2209347875307
 21
-11.2374585894618
 31
0.0
  0
LINE
  8
3
  6
CONTINUOUS
 62
3
 10
10.2209347875307
 20
-11.2374585894618
 30
0.0
 11
10.2171849401187
 21
-11.2663128006332
 31
0.0
  0
LINE
  8
3
  6
CONTINUOUS
 62
3
 10
10.2171849401187
 20
-11.2663128006332
 30
0.0
 11
10.2141636998843
 21
-11.2952711212509
 31
0.0
  0
LINE
  8
3
  6
CONTINUOUS
 62
3
 10
10.2141636998843
 20
-11.2952711212509
 30
0.0
 11
10.2117680700015
 21
-11.3242294418686
 31
0.0
  0
LINE
  8
3
  6
CONTINUOUS
 62
3
 10
10.2117680700015
 20
-11.3242294418686
 30
0.0
 11
10.2104138524722
 21
-11.3531877624863
 31
0.0
  0
LINE
  8
3
  6
CONTINUOUS
 62
3
 10
10.2104138524722
 20
-11.3531877624863
 30
0.0
 11
10.2099967789045
 21
-11.382250272023
 31
0.0
  0
LINE
  8
3
  6
CONTINUOUS
 62
3
 10
10.2099967789045
 20
-11.382250272023
 30
0.0
 11
10.2186434260399
 21
-11.4487086164825
 31
0.0
  0
LINE
  8
3
  6
CONTINUOUS
 62
3
 10
10.2186434260399
 20
-11.4487086164825
 30
0.0
 11
10.241976657648
 21
-11.498916946637
 31
0.0
  0
LINE
  8
3
  6
CONTINUOUS
 62
3
 10
10.241976657648
 20
-11.498916946637
 30
0.0
 11
10.2771850418439
 21
-11.5343336291982
 31
0.0
  0
LINE
  8
3
  6
CONTINUOUS
 62
3
 10
10.2771850418439
 20
-11.5343336291982
 30
0.0
 11
10.3215601435692
 21
-11.5562086133036
 31
0.0
  0
LINE
  8
3
  6
CONTINUOUS
 62
3
 10
10.3215601435692
 20
-11.5562086133036
 30
0.0
 11
10.3720807225893
 21
-11.5662086435033
 31
0.0
  0
LINE
  8
3
  6
CONTINUOUS
 62
3
 10
10.3720807225893
 20
-11.5662086435033
 30
0.0
 11
10.4262468806297
 21
-11.5654794800156
 31
0.0
  0
LINE
  8
3
  6
CONTINUOUS
 62
3
 10
10.4262468806297
 20
-11.5654794800156
 30
0.0
 11
10.4810386490217
 21
-11.5554794498159
 31
0.0
  0
LINE
  8
3
  6
CONTINUOUS
 62
3
 10
10.4810386490217
 20
-11.5554794498159
 30
0.0
 11
10.5338518610985
 21
-11.5377711085353
 31
0.0
  0
LINE
  8
3
  6
CONTINUOUS
 62
3
 10
10.5338518610985
 20
-11.5377711085353
 30
0.0
 11
10.5818725418439
 21
-11.5137086339666
 31
0.0
  0
LINE
  8
3
  6
CONTINUOUS
 62
3
 10
10.5818725418439
 20
-11.5137086339666
 30
0.0
 11
10.6221849909813
 21
-11.4845419752472
 31
0.0
  0
LINE
  8
3
  6
CONTINUOUS
 62
3
 10
10.6221849909813
 20
-11.4845419752472
 30
0.0
 11
10.6468724401187
 21
-11.4586044577632
 31
0.0
  0
LINE
  8
3
  6
CONTINUOUS
 62
3
 10
10.6468724401187
 20
-11.4586044577632
 30
0.0
 11
10.6663515559227
 21
-11.4296461371455
 31
0.0
  0
LINE
  8
3
  6
CONTINUOUS
 62
3
 10
10.6663515559227
 20
-11.4296461371455
 30
0.0
 11
10.6819765559227
 21
-11.3983961371455
 31
0.0
  0
LINE
  8
3
  6
CONTINUOUS
 62
3
 10
10.6819765559227
 20
-11.3983961371455
 30
0.0
 11
10.6952059260399
 21
-11.3655836212509
 31
0.0
  0
LINE
  8
3
  6
CONTINUOUS
 62
3
 10
10.6952059260399
 20
-11.3655836212509
 30
0.0
 11
10.7070810786278
 21
-11.3318336435033
 31
0.0
  0
LINE
  8
3
  6
CONTINUOUS
 62
3
 10
10.7070810786278
 20
-11.3318336435033
 30
0.0
 11
10.7191634964337
 21
-11.2978752879176
 31
0.0
  0
LINE
  8
3
  6
CONTINUOUS
 62
3
 10
10.7191634964337
 20
-11.2978752879176
 30
0.0
 11
10.7326014033348
 21
-11.2645419863734
 31
0.0
  0
LINE
  8
3
  6
CONTINUOUS
 62
3
 10
10.7326014033348
 20
-11.2645419863734
 30
0.0
 11
10.7488520136863
 21
-11.2323544450475
 31
0.0
  0
LINE
  8
3
  6
CONTINUOUS
 62
3
 10
10.7488520136863
 20
-11.2323544450475
 30
0.0
 11
10.7690597366681
 21
-11.2022502847387
 31
0.0
  0
LINE
  8
3
  6
CONTINUOUS
 62
3
 10
10.7690597366681
 20
-11.2022502847387
 30
0.0
 11
10.7946843297671
 21
-11.1748544800156
 31
0.0
  0
LINE
  8
3
  6
CONTINUOUS
 62
3
 10
10.7946843297671
 20
-11.1748544800156
 30
0.0
 11
10.8203101944318
 21
-11.2022502847387
 31
0.0
  0
LINE
  8
3
  6
CONTINUOUS
 62
3
 10
10.8203101944318
 20
-11.2022502847387
 30
0.0
 11
10.8405179174135
 21
-11.2323544450475
 31
0.0
  0
LINE
  8
3
  6
CONTINUOUS
 62
3
 10
10.8405179174135
 20
-11.2323544450475
 30
0.0
 11
10.8567685277651
 21
-11.2645419863734
 31
0.0
  0
LINE
  8
3
  6
CONTINUOUS
 62
3
 10
10.8567685277651
 20
-11.2645419863734
 30
0.0
 11
10.8702051631004
 21
-11.2978752879176
 31
0.0
  0
LINE
  8
3
  6
CONTINUOUS
 62
3
 10
10.8702051631004
 20
-11.2978752879176
 30
0.0
 11
10.894268273452
 21
-11.3655836212509
 31
0.0
  0
LINE
  8
3
  6
CONTINUOUS
 62
3
 10
10.894268273452
 20
-11.3655836212509
 30
0.0
 11
10.9073933751772
 21
-11.3983961371455
 31
0.0
  0
LINE
  8
3
  6
CONTINUOUS
 62
3
 10
10.9073933751772
 20
-11.3983961371455
 30
0.0
 11
10.9231226435692
 21
-11.4296461371455
 31
0.0
  0
LINE
  8
3
  6
CONTINUOUS
 62
3
 10
10.9231226435692
 20
-11.4296461371455
 30
0.0
 11
10.9426017593732
 21
-11.4586044577632
 31
0.0
  0
LINE
  8
3
  6
CONTINUOUS
 62
3
 10
10.9426017593732
 20
-11.4586044577632
 30
0.0
 11
10.9671849401187
 21
-11.4845419752472
 31
0.0
  0
LINE
  8
3
  6
CONTINUOUS
 62
3
 10
10.9671849401187
 20
-11.4845419752472
 30
0.0
 11
11.007601657648
 21
-11.5137086339666
 31
0.0
  0
LINE
  8
3
  6
CONTINUOUS
 62
3
 10
11.007601657648
 20
-11.5137086339666
 30
0.0
 11
11.0555180700015
 21
-11.5377711085353
 31
0.0
  0
LINE
  8
3
  6
CONTINUOUS
 62
3
 10
11.0555180700015
 20
-11.5377711085353
 30
0.0
 11
11.1083300105125
 21
-11.5554794498159
 31
0.0
  0
LINE
  8
3
  6
CONTINUOUS
 62
3
 10
11.1083300105125
 20
-11.5554794498159
 30
0.0
 11
11.1632260472964
 21
-11.5654794800156
 31
0.0
  0
LINE
  8
3
  6
CONTINUOUS
 62
3
 10
11.1632260472964
 20
-11.5654794800156
 30
0.0
 11
11.2172892085106
 21
-11.5662086435033
 31
0.0
  0
LINE
  8
3
  6
CONTINUOUS
 62
3
 10
11.2172892085106
 20
-11.5662086435033
 30
0.0
 11
11.2679140559227
 21
-11.5562086133036
 31
0.0
  0
LINE
  8
3
  6
CONTINUOUS
 62
3
 10
11.2679140559227
 20
-11.5562086133036
 30
0.0
 11
11.312184889256
 21
-11.5343336291982
 31
0.0
  0
LINE
  8
3
  6
CONTINUOUS
 62
3
 10
11.312184889256
 20
-11.5343336291982
 30
0.0
 11
11.347393273452
 21
-11.498916946637
 31
0.0
  0
LINE
  8
3
  6
CONTINUOUS
 62
3
 10
11.347393273452
 20
-11.498916946637
 30
0.0
 11
11.37072650506
 21
-11.4487086164825
 31
0.0
  0
LINE
  8
3
  6
CONTINUOUS
 62
3
 10
11.37072650506
 20
-11.4487086164825
 30
0.0
 11
11.3794761490217
 21
-11.382250272023
 31
0.0
  0
LINE
  8
3
  6
CONTINUOUS
 62
3
 10
11.3794761490217
 20
-11.382250272023
 30
0.0
 11
11.3790603470197
 21
-11.3531877624863
 31
0.0
  0
LINE
  8
3
  6
CONTINUOUS
 62
3
 10
11.3790603470197
 20
-11.3531877624863
 30
0.0
 11
11.3776018610985
 21
-11.3242294418686
 31
0.0
  0
LINE
  8
3
  6
CONTINUOUS
 62
3
 10
11.3776018610985
 20
-11.3242294418686
 30
0.0
 11
11.3753092280418
 21
-11.2952711212509
 31
0.0
  0
LINE
  8
3
  6
CONTINUOUS
 62
3
 10
11.3753092280418
 20
-11.2952711212509
 30
0.0
 11
11.3721849909813
 21
-11.2663128006332
 31
0.0
  0
LINE
  8
3
  6
CONTINUOUS
 62
3
 10
11.3721849909813
 20
-11.2663128006332
 30
0.0
 11
11.3685394119611
 21
-11.2374585894618
 31
0.0
  0
LINE
  8
3
  6
CONTINUOUS
 62
3
 10
11.3685394119611
 20
-11.2374585894618
 30
0.0
 11
11.3642682225893
 21
-11.2086044577632
 31
0.0
  0
LINE
  8
3
  6
CONTINUOUS
 62
3
 10
11.3642682225893
 20
-11.2086044577632
 30
0.0
 11
11.3597884964337
 21
-11.1798544355108
 31
0.0
  0
LINE
  8
3
  6
CONTINUOUS
 62
3
 10
11.3597884964337
 20
-11.1798544355108
 30
0.0
 11
11.345517713963
 21
-11.0936044482264
 31
0.0
  0
LINE
  8
3
  6
CONTINUOUS
 62
3
 10
11.345517713963
 20
-11.0936044482264
 30
0.0
 11
11.3311426631004
 21
-11.0508961307877
 31
0.0
  0
LINE
  8
3
  6
CONTINUOUS
 62
3
 10
11.3311426631004
 20
-11.0508961307877
 30
0.0
 11
11.3096849909813
 21
-11.0411044386897
 31
0.0
  0
LINE
  8
3
  6
CONTINUOUS
 62
3
 10
11.3096849909813
 20
-11.0411044386897
 30
0.0
 11
11.283121982355
 21
-11.0528753228856
 31
0.0
  0
LINE
  8
3
  6
CONTINUOUS
 62
3
 10
11.283121982355
 20
-11.0528753228856
 30
0.0
 11
11.2531219314923
 21
-11.074646118072
 31
0.0
  0
LINE
  8
3
  6
CONTINUOUS
 62
3
 10
11.2531219314923
 20
-11.074646118072
 30
0.0
 11
11.2217676631004
 21
-11.0948544768366
 31
0.0
  0
LINE
  8
3
  6
CONTINUOUS
 62
3
 10
11.2217676631004
 20
-11.0948544768366
 30
0.0
 11
11.1908304682762
 21
-11.1020419227951
 31
0.0
  0
LINE
  8
3
  6
CONTINUOUS
 62
3
 10
11.1908304682762
 20
-11.1020419227951
 30
0.0
 11
11.1623931717267
 21
-11.0846461085353
 31
0.0
  0
LINE
  8
3
  6
CONTINUOUS
 62
3
 10
15.8198931208641
 20
-8.5368334877365
 30
0.0
 11
15.8191645136863
 21
-8.45516685921681
 31
0.0
  0
LINE
  8
3
  6
CONTINUOUS
 62
3
 10
15.8191645136863
 20
-8.45516685921681
 30
0.0
 11
15.8190602452944
 21
-8.37370876748097
 31
0.0
  0
LINE
  8
3
  6
CONTINUOUS
 62
3
 10
15.8190602452944
 20
-8.37370876748097
 30
0.0
 11
15.8195803156883
 21
-8.29225035785369
 31
0.0
  0
LINE
  8
3
  6
CONTINUOUS
 62
3
 10
15.8195803156883
 20
-8.29225035785369
 30
0.0
 11
15.8205174596499
 21
-8.21089621661834
 31
0.0
  0
LINE
  8
3
  6
CONTINUOUS
 62
3
 10
15.8205174596499
 20
-8.21089621661834
 30
0.0
 11
15.8218716771792
 21
-8.129542075383
 31
0.0
  0
LINE
  8
3
  6
CONTINUOUS
 62
3
 10
15.8218716771792
 20
-8.129542075383
 30
0.0
 11
15.8237472366681
 21
-8.04839615304005
 31
0.0
  0
LINE
  8
3
  6
CONTINUOUS
 62
3
 10
15.8237472366681
 20
-8.04839615304005
 30
0.0
 11
15.8258300613752
 21
-7.96725023069709
 31
0.0
  0
LINE
  8
3
  6
CONTINUOUS
 62
3
 10
15.8258300613752
 20
-7.96725023069709
 30
0.0
 11
15.8283299596499
 21
-7.88610430835418
 31
0.0
  0
LINE
  8
3
  6
CONTINUOUS
 62
3
 10
15.8283299596499
 20
-7.88610430835418
 30
0.0
 11
15.8310383947085
 21
-7.80506265440316
 31
0.0
  0
LINE
  8
3
  6
CONTINUOUS
 62
3
 10
15.8310383947085
 20
-7.80506265440316
 30
0.0
 11
15.8369766067853
 21
-7.64308361489308
 31
0.0
  0
LINE
  8
3
  6
CONTINUOUS
 62
3
 10
15.8369766067853
 20
-7.64308361489308
 30
0.0
 11
15.853330213963
 21
-7.2385003197067
 31
0.0
  0
LINE
  8
3
  6
CONTINUOUS
 62
3
 10
15.853330213963
 20
-7.2385003197067
 30
0.0
 11
15.8564557225893
 21
-7.15756293414764
 31
0.0
  0
LINE
  8
3
  6
CONTINUOUS
 62
3
 10
15.8564557225893
 20
-7.15756293414764
 30
0.0
 11
15.8593726944318
 21
-7.07662523069709
 31
0.0
  0
LINE
  8
3
  6
CONTINUOUS
 62
3
 10
15.8593726944318
 20
-7.07662523069709
 30
0.0
 11
15.8620811294904
 21
-6.99568784513804
 31
0.0
  0
LINE
  8
3
  6
CONTINUOUS
 62
3
 10
15.8620811294904
 20
-6.99568784513804
 30
0.0
 11
15.8645810277651
 21
-6.91464619118701
 31
0.0
  0
LINE
  8
3
  6
CONTINUOUS
 62
3
 10
15.8645810277651
 20
-6.91464619118701
 30
0.0
 11
15.8667681208641
 21
-6.83360453723603
 31
0.0
  0
LINE
  8
3
  6
CONTINUOUS
 62
3
 10
15.8667681208641
 20
-6.83360453723603
 30
0.0
 11
15.868643680353
 21
-6.75256288328501
 31
0.0
  0
LINE
  8
3
  6
CONTINUOUS
 62
3
 10
15.868643680353
 20
-6.75256288328501
 30
0.0
 11
15.8701008947085
 21
-6.67141696094205
 31
0.0
  0
LINE
  8
3
  6
CONTINUOUS
 62
3
 10
15.8701008947085
 20
-6.67141696094205
 30
0.0
 11
15.8710393102358
 21
-6.59027135649056
 31
0.0
  0
LINE
  8
3
  6
CONTINUOUS
 62
3
 10
15.8710393102358
 20
-6.59027135649056
 30
0.0
 11
15.8715593806297
 21
-6.50902084786426
 31
0.0
  0
LINE
  8
3
  6
CONTINUOUS
 62
3
 10
15.8715593806297
 20
-6.50902084786426
 30
0.0
 11
15.8715593806297
 21
-6.4276667066289
 31
0.0
  0
LINE
  8
3
  6
CONTINUOUS
 62
3
 10
15.8715593806297
 20
-6.4276667066289
 30
0.0
 11
15.8709350418439
 21
-6.34631256539355
 31
0.0
  0
LINE
  8
3
  6
CONTINUOUS
 62
3
 10
15.8709350418439
 20
-6.34631256539355
 30
0.0
 11
15.8711435786278
 21
-6.27068809945119
 31
0.0
  0
LINE
  8
3
  6
CONTINUOUS
 62
3
 10
15.8711435786278
 20
-6.27068809945119
 30
0.0
 11
15.8727050613752
 21
-6.1928752688441
 31
0.0
  0
LINE
  8
3
  6
CONTINUOUS
 62
3
 10
15.8727050613752
 20
-6.1928752688441
 30
0.0
 11
15.8754134964337
 21
-6.11329178292288
 31
0.0
  0
LINE
  8
3
  6
CONTINUOUS
 62
3
 10
15.8754134964337
 20
-6.11329178292288
 30
0.0
 11
15.8814559769025
 21
-5.95027133105926
 31
0.0
  0
LINE
  8
3
  6
CONTINUOUS
 62
3
 10
15.8814559769025
 20
-5.95027133105926
 30
0.0
 11
15.8836430700015
 21
-5.86756297229461
 31
0.0
  0
LINE
  8
3
  6
CONTINUOUS
 62
3
 10
15.8836430700015
 20
-5.86756297229461
 30
0.0
 11
15.884684482355
 21
-5.78454180835418
 31
0.0
  0
LINE
  8
3
  6
CONTINUOUS
 62
3
 10
15.884684482355
 20
-5.78454180835418
 30
0.0
 11
15.8839558751772
 21
-5.70162554858855
 31
0.0
  0
LINE
  8
3
  6
CONTINUOUS
 62
3
 10
15.8839558751772
 20
-5.70162554858855
 30
0.0
 11
15.8808303665509
 21
-5.61902082243296
 31
0.0
  0
LINE
  8
3
  6
CONTINUOUS
 62
3
 10
15.8808303665509
 20
-5.61902082243296
 30
0.0
 11
15.8748934260399
 21
-5.53725024341276
 31
0.0
  0
LINE
  8
3
  6
CONTINUOUS
 62
3
 10
15.8748934260399
 20
-5.53725024341276
 30
0.0
 11
15.8654139033348
 21
-5.45672961352997
 31
0.0
  0
LINE
  8
3
  6
CONTINUOUS
 62
3
 10
15.8654139033348
 20
-5.45672961352997
 30
0.0
 11
15.8519759964337
 21
-5.37766683378548
 31
0.0
  0
LINE
  8
3
  6
CONTINUOUS
 62
3
 10
15.8519759964337
 20
-5.37766683378548
 30
0.0
 11
15.8339553665509
 21
-5.30047961352997
 31
0.0
  0
LINE
  8
3
  6
CONTINUOUS
 62
3
 10
15.8339553665509
 20
-5.30047961352997
 30
0.0
 11
15.8108306717267
 21
-5.22568802315725
 31
0.0
  0
LINE
  8
3
  6
CONTINUOUS
 62
3
 10
15.8108306717267
 20
-5.22568802315725
 30
0.0
 11
15.7820805700015
 21
-5.15339633105926
 31
0.0
  0
LINE
  8
3
  6
CONTINUOUS
 62
3
 10
15.7820805700015
 20
-5.15339633105926
 30
0.0
 11
15.7470807225893
 21
-5.08422951180469
 31
0.0
  0
LINE
  8
3
  6
CONTINUOUS
 62
3
 10
15.7470807225893
 20
-5.08422951180469
 30
0.0
 11
15.7054140559227
 21
-5.01839610217741
 31
0.0
  0
LINE
  8
3
  6
CONTINUOUS
 62
3
 10
15.7054140559227
 20
-5.01839610217741
 30
0.0
 11
15.6555178156883
 21
-4.96277082243296
 31
0.0
  0
LINE
  8
3
  6
CONTINUOUS
 62
3
 10
15.6555178156883
 20
-4.96277082243296
 30
0.0
 11
15.5933306208641
 21
-4.9165214327845
 31
0.0
  0
LINE
  8
3
  6
CONTINUOUS
 62
3
 10
15.5933306208641
 20
-4.9165214327845
 30
0.0
 11
15.5216639033348
 21
-4.87881251453095
 31
0.0
  0
LINE
  8
3
  6
CONTINUOUS
 62
3
 10
15.5216639033348
 20
-4.87881251453095
 30
0.0
 11
15.4430175613752
 21
-4.84860456266733
 31
0.0
  0
LINE
  8
3
  6
CONTINUOUS
 62
3
 10
15.4430175613752
 20
-4.84860456266733
 30
0.0
 11
15.3598927648257
 21
-4.8250627942754
 31
0.0
  0
LINE
  8
3
  6
CONTINUOUS
 62
3
 10
15.3598927648257
 20
-4.8250627942754
 30
0.0
 11
15.274893680353
 21
-4.80693789600068
 31
0.0
  0
LINE
  8
3
  6
CONTINUOUS
 62
3
 10
15.274893680353
 20
-4.80693789600068
 30
0.0
 11
15.1907261998843
 21
-4.79360425749154
 31
0.0
  0
LINE
  8
3
  6
CONTINUOUS
 62
3
 10
15.1907261998843
 20
-4.79360425749154
 30
0.0
 11
15.1099970332176
 21
-4.78391683378548
 31
0.0
  0
LINE
  8
3
  6
CONTINUOUS
 62
3
 10
15.1099970332176
 20
-4.78391683378548
 30
0.0
 11
15.0352060786278
 21
-4.77693784513804
 31
0.0
  0
LINE
  8
3
  6
CONTINUOUS
 62
3
 10
15.0352060786278
 20
-4.77693784513804
 30
0.0
 11
14.9689549596499
 21
-4.77183378019662
 31
0.0
  0
LINE
  8
3
  6
CONTINUOUS
 62
3
 10
14.9689549596499
 20
-4.77183378019662
 30
0.0
 11
14.9478100927065
 21
-4.7714167066289
 31
0.0
  0
LINE
  8
3
  6
CONTINUOUS
 62
3
 10
14.9478100927065
 20
-4.7714167066289
 30
0.0
 11
14.0988517593732
 21
-4.75902084786426
 31
0.0
  0
LINE
  8
3
  6
CONTINUOUS
 62
3
 10
14.0988517593732
 20
-4.75902084786426
 30
0.0
 11
14.0755185277651
 21
-4.75860441007945
 31
0.0
  0
LINE
  8
3
  6
CONTINUOUS
 62
3
 10
14.0755185277651
 20
-4.75860441007945
 30
0.0
 11
14.0640591771792
 21
-4.75860441007945
 31
0.0
  0
LINE
  8
3
  6
CONTINUOUS
 62
3
 10
14.0640591771792
 20
-4.75860441007945
 30
0.0
 11
14.0406216771792
 21
-4.75902084786426
 31
0.0
  0
LINE
  8
3
  6
CONTINUOUS
 62
3
 10
14.0406216771792
 20
-4.75902084786426
 30
0.0
 11
13.1916633438459
 21
-4.7714167066289
 31
0.0
  0
LINE
  8
3
  6
CONTINUOUS
 62
3
 10
13.1916633438459
 20
-4.7714167066289
 30
0.0
 11
13.1706227452944
 21
-4.77183378019662
 31
0.0
  0
LINE
  8
3
  6
CONTINUOUS
 62
3
 10
13.1706227452944
 20
-4.77183378019662
 30
0.0
 11
13.1043716263166
 21
-4.77693784513804
 31
0.0
  0
LINE
  8
3
  6
CONTINUOUS
 62
3
 10
13.1043716263166
 20
-4.77693784513804
 30
0.0
 11
13.0295806717267
 21
-4.78391683378548
 31
0.0
  0
LINE
  8
3
  6
CONTINUOUS
 62
3
 10
13.0295806717267
 20
-4.78391683378548
 30
0.0
 11
12.9487472366681
 21
-4.79360425749154
 31
0.0
  0
LINE
  8
3
  6
CONTINUOUS
 62
3
 10
12.9487472366681
 20
-4.79360425749154
 30
0.0
 11
12.8645810277651
 21
-4.80693789600068
 31
0.0
  0
LINE
  8
3
  6
CONTINUOUS
 62
3
 10
12.8645810277651
 20
-4.80693789600068
 30
0.0
 11
12.7796849401186
 21
-4.8250627942754
 31
0.0
  0
LINE
  8
3
  6
CONTINUOUS
 62
3
 10
12.7796849401186
 20
-4.8250627942754
 30
0.0
 11
12.6965601435692
 21
-4.84860456266733
 31
0.0
  0
LINE
  8
3
  6
CONTINUOUS
 62
3
 10
12.6965601435692
 20
-4.84860456266733
 30
0.0
 11
12.6178095332176
 21
-4.87881251453095
 31
0.0
  0
LINE
  8
3
  6
CONTINUOUS
 62
3
 10
12.6178095332176
 20
-4.87881251453095
 30
0.0
 11
12.5461428156883
 21
-4.9165214327845
 31
0.0
  0
LINE
  8
3
  6
CONTINUOUS
 62
3
 10
12.5461428156883
 20
-4.9165214327845
 30
0.0
 11
12.484059889256
 21
-4.96277082243296
 31
0.0
  0
LINE
  8
3
  6
CONTINUOUS
 62
3
 10
12.484059889256
 20
-4.96277082243296
 30
0.0
 11
12.4341636490217
 21
-5.01839610217741
 31
0.0
  0
LINE
  8
3
  6
CONTINUOUS
 62
3
 10
12.4341636490217
 20
-5.01839610217741
 30
0.0
 11
12.392392713963
 21
-5.08422951180469
 31
0.0
  0
LINE
  8
3
  6
CONTINUOUS
 62
3
 10
12.392392713963
 20
-5.08422951180469
 30
0.0
 11
12.3573928665509
 21
-5.15339633105926
 31
0.0
  0
LINE
  8
3
  6
CONTINUOUS
 62
3
 10
12.3573928665509
 20
-5.15339633105926
 30
0.0
 11
12.3286427648257
 21
-5.22568802315725
 31
0.0
  0
LINE
  8
3
  6
CONTINUOUS
 62
3
 10
12.3286427648257
 20
-5.22568802315725
 30
0.0
 11
12.3055180700015
 21
-5.30047961352997
 31
0.0
  0
LINE
  8
3
  6
CONTINUOUS
 62
3
 10
12.3055180700015
 20
-5.30047961352997
 30
0.0
 11
12.2874974401187
 21
-5.37766683378548
 31
0.0
  0
LINE
  8
3
  6
CONTINUOUS
 62
3
 10
12.2874974401187
 20
-5.37766683378548
 30
0.0
 11
12.2740595332176
 21
-5.45672961352997
 31
0.0
  0
LINE
  8
3
  6
CONTINUOUS
 62
3
 10
12.2740595332176
 20
-5.45672961352997
 30
0.0
 11
12.2646842789045
 21
-5.53725024341276
 31
0.0
  0
LINE
  8
3
  6
CONTINUOUS
 62
3
 10
12.2646842789045
 20
-5.53725024341276
 30
0.0
 11
12.2586430700015
 21
-5.61902082243296
 31
0.0
  0
LINE
  8
3
  6
CONTINUOUS
 62
3
 10
12.2586430700015
 20
-5.61902082243296
 30
0.0
 11
12.2555175613752
 21
-5.70162554858855
 31
0.0
  0
LINE
  8
3
  6
CONTINUOUS
 62
3
 10
12.2555175613752
 20
-5.70162554858855
 30
0.0
 11
12.2547889541974
 21
-5.78454180835418
 31
0.0
  0
LINE
  8
3
  6
CONTINUOUS
 62
3
 10
12.2547889541974
 20
-5.78454180835418
 30
0.0
 11
12.2558303665509
 21
-5.86756297229461
 31
0.0
  0
LINE
  8
3
  6
CONTINUOUS
 62
3
 10
12.2558303665509
 20
-5.86756297229461
 30
0.0
 11
12.2581217280418
 21
-5.95027133105926
 31
0.0
  0
LINE
  8
3
  6
CONTINUOUS
 62
3
 10
12.2581217280418
 20
-5.95027133105926
 30
0.0
 11
12.2610386998843
 21
-6.0323547152552
 31
0.0
  0
LINE
  8
3
  6
CONTINUOUS
 62
3
 10
12.2610386998843
 20
-6.0323547152552
 30
0.0
 11
12.2641642085106
 21
-6.11329178292284
 31
0.0
  0
LINE
  8
3
  6
CONTINUOUS
 62
3
 10
12.2641642085106
 20
-6.11329178292284
 30
0.0
 11
12.2667683751772
 21
-6.1928752688441
 31
0.0
  0
LINE
  8
3
  6
CONTINUOUS
 62
3
 10
12.2667683751772
 20
-6.1928752688441
 30
0.0
 11
12.2684341263166
 21
-6.27068809945119
 31
0.0
  0
LINE
  8
3
  6
CONTINUOUS
 62
3
 10
12.2684341263166
 20
-6.27068809945119
 30
0.0
 11
12.2685383947085
 21
-6.34631256539355
 31
0.0
  0
LINE
  8
3
  6
CONTINUOUS
 62
3
 10
12.2685383947085
 20
-6.34631256539355
 30
0.0
 11
12.2679140559227
 21
-6.42537534513804
 31
0.0
  0
LINE
  8
3
  6
CONTINUOUS
 62
3
 10
12.2679140559227
 20
-6.42537534513804
 30
0.0
 11
12.2679140559227
 21
-6.50443748909961
 31
0.0
  0
LINE
  8
3
  6
CONTINUOUS
 62
3
 10
12.2679140559227
 20
-6.50443748909961
 30
0.0
 11
12.2684341263166
 21
-6.58339600045217
 31
0.0
  0
LINE
  8
3
  6
CONTINUOUS
 62
3
 10
12.2684341263166
 20
-6.58339600045217
 30
0.0
 11
12.2693725418439
 21
-6.66225024341276
 31
0.0
  0
LINE
  8
3
  6
CONTINUOUS
 62
3
 10
12.2693725418439
 20
-6.66225024341276
 30
0.0
 11
12.2707267593732
 21
-6.74110448637339
 31
0.0
  0
LINE
  8
3
  6
CONTINUOUS
 62
3
 10
12.2707267593732
 20
-6.74110448637339
 30
0.0
 11
12.2723925105125
 21
-6.81985446094205
 31
0.0
  0
LINE
  8
3
  6
CONTINUOUS
 62
3
 10
12.2723925105125
 20
-6.81985446094205
 30
0.0
 11
12.2744766067853
 21
-6.89860443551075
 31
0.0
  0
LINE
  8
3
  6
CONTINUOUS
 62
3
 10
12.2744766067853
 20
-6.89860443551075
 30
0.0
 11
12.2768722366681
 21
-6.97725014168753
 31
0.0
  0
LINE
  8
3
  6
CONTINUOUS
 62
3
 10
12.2768722366681
 20
-6.97725014168753
 30
0.0
 11
12.2794764033348
 21
-7.05589616575571
 31
0.0
  0
LINE
  8
3
  6
CONTINUOUS
 62
3
 10
12.2794764033348
 20
-7.05589616575571
 30
0.0
 11
12.2852060786278
 21
-7.21318789600068
 31
0.0
  0
LINE
  8
3
  6
CONTINUOUS
 62
3
 10
12.2852060786278
 20
-7.21318789600068
 30
0.0
 11
12.3041638524722
 21
-7.68495850045217
 31
0.0
  0
LINE
  8
3
  6
CONTINUOUS
 62
3
 10
12.3041638524722
 20
-7.68495850045217
 30
0.0
 11
12.3070808243146
 21
-7.76360452452036
 31
0.0
  0
LINE
  8
3
  6
CONTINUOUS
 62
3
 10
12.3070808243146
 20
-7.76360452452036
 30
0.0
 11
12.3097892593732
 21
-7.84235449908902
 31
0.0
  0
LINE
  8
3
  6
CONTINUOUS
 62
3
 10
12.3097892593732
 20
-7.84235449908902
 30
0.0
 11
12.312289157648
 21
-7.92110447365772
 31
0.0
  0
LINE
  8
3
  6
CONTINUOUS
 62
3
 10
12.312289157648
 20
-7.92110447365772
 30
0.0
 11
12.3145805191388
 21
-7.99995871661835
 31
0.0
  0
LINE
  8
3
  6
CONTINUOUS
 62
3
 10
12.3145805191388
 20
-7.99995871661835
 30
0.0
 11
12.3165603470197
 21
-8.07881264168753
 31
0.0
  0
LINE
  8
3
  6
CONTINUOUS
 62
3
 10
12.3165603470197
 20
-8.07881264168753
 30
0.0
 11
12.3181218297671
 21
-8.15777115304005
 31
0.0
  0
LINE
  8
3
  6
CONTINUOUS
 62
3
 10
12.3181218297671
 20
-8.15777115304005
 30
0.0
 11
12.3193717789045
 21
-8.23672934650115
 31
0.0
  0
LINE
  8
3
  6
CONTINUOUS
 62
3
 10
12.3193717789045
 20
-8.23672934650115
 30
0.0
 11
12.320101657648
 21
-8.31579180835418
 31
0.0
  0
LINE
  8
3
  6
CONTINUOUS
 62
3
 10
12.320101657648
 20
-8.31579180835418
 30
0.0
 11
12.3204144628237
 21
-8.39495853859913
 31
0.0
  0
LINE
  8
3
  6
CONTINUOUS
 62
3
 10
12.3204144628237
 20
-8.39495853859913
 30
0.0
 11
12.3202059260399
 21
-8.47422953723601
 31
0.0
  0
LINE
  8
3
  6
CONTINUOUS
 62
3
 10
12.3202059260399
 20
-8.47422953723601
 30
0.0
 11
12.2414553156883
 21
-8.44537516711883
 31
0.0
  0
LINE
  8
3
  6
CONTINUOUS
 62
3
 10
12.2414553156883
 20
-8.44537516711883
 30
0.0
 11
12.1582262507469
 21
-8.43391708809864
 31
0.0
  0
LINE
  8
3
  6
CONTINUOUS
 62
3
 10
12.1582262507469
 20
-8.43391708809864
 30
0.0
 11
12.0745801122378
 21
-8.44037537056935
 31
0.0
  0
LINE
  8
3
  6
CONTINUOUS
 62
3
 10
12.0745801122378
 20
-8.44037537056935
 30
0.0
 11
11.9941637507469
 21
-8.4643335767461
 31
0.0
  0
LINE
  8
3
  6
CONTINUOUS
 62
3
 10
11.9941637507469
 20
-8.4643335767461
 30
0.0
 11
11.9206227452944
 21
-8.50485456266733
 31
0.0
  0
LINE
  8
3
  6
CONTINUOUS
 62
3
 10
11.9206227452944
 20
-8.50485456266733
 30
0.0
 11
11.8573928665509
 21
-8.56006276884409
 31
0.0
  0
LINE
  8
3
  6
CONTINUOUS
 62
3
 10
11.8573928665509
 20
-8.56006276884409
 30
0.0
 11
11.8072893610985
 21
-8.62735434650115
 31
0.0
  0
LINE
  8
3
  6
CONTINUOUS
 62
3
 10
11.8072893610985
 20
-8.62735434650115
 30
0.0
 11
11.7726010472964
 21
-8.70381264168751
 31
0.0
  0
LINE
  8
3
  6
CONTINUOUS
 62
3
 10
11.7726010472964
 20
-8.70381264168751
 30
0.0
 11
11.7548932225893
 21
-8.78579207538298
 31
0.0
  0
LINE
  8
3
  6
CONTINUOUS
 62
3
 10
11.7548932225893
 20
-8.78579207538298
 30
0.0
 11
11.7548932225893
 21
-8.869750383285
 31
0.0
  0
LINE
  8
3
  6
CONTINUOUS
 62
3
 10
11.7548932225893
 20
-8.869750383285
 30
0.0
 11
11.7728095840802
 21
-8.95172949908904
 31
0.0
  0
LINE
  8
3
  6
CONTINUOUS
 62
3
 10
11.7728095840802
 20
-8.95172949908904
 30
0.0
 11
11.8076008947085
 21
-9.02808352588347
 31
0.0
  0
LINE
  8
3
  6
CONTINUOUS
 62
3
 10
11.8076008947085
 20
-9.02808352588347
 30
0.0
 11
11.8578099401187
 21
-9.09537542143197
 31
0.0
  0
LINE
  8
3
  6
CONTINUOUS
 62
3
 10
11.8578099401187
 20
-9.09537542143197
 30
0.0
 11
11.8605183751772
 21
-9.09818780699106
 31
0.0
  0
LINE
  8
3
  6
CONTINUOUS
 62
3
 10
11.8605183751772
 20
-9.09818780699106
 30
0.0
 11
11.8632268102358
 21
-9.10110446094207
 31
0.0
  0
LINE
  8
3
  6
CONTINUOUS
 62
3
 10
11.8632268102358
 20
-9.10110446094207
 30
0.0
 11
11.8658309769025
 21
-9.10402111489308
 31
0.0
  0
LINE
  8
3
  6
CONTINUOUS
 62
3
 10
11.8658309769025
 20
-9.10402111489308
 30
0.0
 11
11.8685394119611
 21
-9.10683350045216
 31
0.0
  0
LINE
  8
3
  6
CONTINUOUS
 62
3
 10
11.8685394119611
 20
-9.10683350045216
 30
0.0
 11
11.8739550105125
 21
-9.11266680835418
 31
0.0
  0
LINE
  8
3
  6
CONTINUOUS
 62
3
 10
11.8739550105125
 20
-9.11266680835418
 30
0.0
 11
11.8765591771792
 21
-9.11558378019662
 31
0.0
  0
LINE
  8
3
  6
CONTINUOUS
 62
3
 10
11.8765591771792
 20
-9.11558378019662
 30
0.0
 11
11.8792676122378
 21
-9.11839616575571
 31
0.0
  0
LINE
  8
3
  6
CONTINUOUS
 62
3
 10
11.8792676122378
 20
-9.11839616575571
 30
0.0
 11
11.884684482355
 21
-9.12422947365772
 31
0.0
  0
LINE
  8
3
  6
CONTINUOUS
 62
3
 10
11.884684482355
 20
-9.12422947365772
 30
0.0
 11
11.9142674596499
 21
-9.15287530699106
 31
0.0
  0
LINE
  8
3
  6
CONTINUOUS
 62
3
 10
11.9142674596499
 20
-9.15287530699106
 30
0.0
 11
11.9466644119611
 21
-9.17829199908904
 31
0.0
  0
LINE
  8
3
  6
CONTINUOUS
 62
3
 10
11.9466644119611
 20
-9.17829199908904
 30
0.0
 11
11.9815599909813
 21
-9.20027101316781
 31
0.0
  0
LINE
  8
3
  6
CONTINUOUS
 62
3
 10
11.9815599909813
 20
-9.20027101316781
 30
0.0
 11
12.0186426631004
 21
-9.21839622933399
 31
0.0
  0
LINE
  8
3
  6
CONTINUOUS
 62
3
 10
12.0186426631004
 20
-9.21839622933399
 30
0.0
 11
12.0572893610985
 21
-9.23256274341277
 31
0.0
  0
LINE
  8
3
  6
CONTINUOUS
 62
3
 10
12.0572893610985
 20
-9.23256274341277
 30
0.0
 11
12.09728900506
 21
-9.24266692279509
 31
0.0
  0
LINE
  8
3
  6
CONTINUOUS
 62
3
 10
12.09728900506
 20
-9.24266692279509
 30
0.0
 11
12.138122796157
 21
-9.24839628019662
 31
0.0
  0
LINE
  8
3
  6
CONTINUOUS
 62
3
 10
12.138122796157
 20
-9.24839628019662
 30
0.0
 11
12.1792681208641
 21
-9.24995871661834
 31
0.0
  0
LINE
  8
3
  6
CONTINUOUS
 62
3
 10
12.1792681208641
 20
-9.24995871661834
 30
0.0
 11
12.2204134455711
 21
-9.24714601316781
 31
0.0
  0
LINE
  8
3
  6
CONTINUOUS
 62
3
 10
12.2204134455711
 20
-9.24714601316781
 30
0.0
 11
12.2610386998843
 21
-9.24006275612843
 31
0.0
  0
LINE
  8
3
  6
CONTINUOUS
 62
3
 10
12.2610386998843
 20
-9.24006275612843
 30
0.0
 11
12.2580174596499
 21
-9.26725042143198
 31
0.0
  0
LINE
  8
3
  6
CONTINUOUS
 62
3
 10
12.2580174596499
 20
-9.26725042143198
 30
0.0
 11
12.2551017593732
 21
-9.29443776884409
 31
0.0
  0
LINE
  8
3
  6
CONTINUOUS
 62
3
 10
12.2551017593732
 20
-9.29443776884409
 30
0.0
 11
12.2523933243146
 21
-9.32152116575571
 31
0.0
  0
LINE
  8
3
  6
CONTINUOUS
 62
3
 10
12.2523933243146
 20
-9.32152116575571
 30
0.0
 11
12.249789157648
 21
-9.34870851316782
 31
0.0
  0
LINE
  8
3
  6
CONTINUOUS
 62
3
 10
12.249789157648
 20
-9.34870851316782
 30
0.0
 11
12.2473935277651
 21
-9.37600044686329
 31
0.0
  0
LINE
  8
3
  6
CONTINUOUS
 62
3
 10
12.2473935277651
 20
-9.37600044686329
 30
0.0
 11
12.2452051631004
 21
-9.4031877942754
 31
0.0
  0
LINE
  8
3
  6
CONTINUOUS
 62
3
 10
12.2452051631004
 20
-9.4031877942754
 30
0.0
 11
12.2433308751772
 21
-9.43037530063323
 31
0.0
  0
LINE
  8
3
  6
CONTINUOUS
 62
3
 10
12.2433308751772
 20
-9.43037530063323
 30
0.0
 11
12.2415595840802
 21
-9.45766691643727
 31
0.0
  0
LINE
  8
3
  6
CONTINUOUS
 62
3
 10
12.2415595840802
 20
-9.45766691643727
 30
0.0
 11
12.2402053665509
 21
-9.48485442279509
 31
0.0
  0
LINE
  8
3
  6
CONTINUOUS
 62
3
 10
12.2402053665509
 20
-9.48485442279509
 30
0.0
 11
12.2390596858055
 21
-9.51214619754485
 31
0.0
  0
LINE
  8
3
  6
CONTINUOUS
 62
3
 10
12.2390596858055
 20
-9.51214619754485
 30
0.0
 11
12.2368725927065
 21
-9.59297947365772
 31
0.0
  0
LINE
  8
3
  6
CONTINUOUS
 62
3
 10
12.2368725927065
 20
-9.59297947365772
 30
0.0
 11
12.2357269119611
 21
-9.67412523705494
 31
0.0
  0
LINE
  8
3
  6
CONTINUOUS
 62
3
 10
12.2357269119611
 20
-9.67412523705494
 30
0.0
 11
12.2357269119611
 21
-9.75537526884409
 31
0.0
  0
LINE
  8
3
  6
CONTINUOUS
 62
3
 10
12.2357269119611
 20
-9.75537526884409
 30
0.0
 11
12.2365597875308
 21
-9.83683367847136
 31
0.0
  0
LINE
  8
3
  6
CONTINUOUS
 62
3
 10
12.2365597875308
 20
-9.83683367847136
 30
0.0
 11
12.2382268102358
 21
-9.91839619754485
 31
0.0
  0
LINE
  8
3
  6
CONTINUOUS
 62
3
 10
12.2382268102358
 20
-9.91839619754485
 30
0.0
 11
12.2404139033348
 21
-10.0000628260646
 31
0.0
  0
LINE
  8
3
  6
CONTINUOUS
 62
3
 10
12.2404139033348
 20
-10.0000628260646
 30
0.0
 11
12.2432266067853
 21
-10.0817294545842
 31
0.0
  0
LINE
  8
3
  6
CONTINUOUS
 62
3
 10
12.2432266067853
 20
-10.0817294545842
 30
0.0
 11
12.2464551122378
 21
-10.1635003514959
 31
0.0
  0
LINE
  8
3
  6
CONTINUOUS
 62
3
 10
12.2464551122378
 20
-10.1635003514959
 30
0.0
 11
12.2604143610985
 21
-10.4899586466822
 31
0.0
  0
LINE
  8
3
  6
CONTINUOUS
 62
3
 10
12.2604143610985
 20
-10.4899586466822
 30
0.0
 11
12.263538598159
 21
-10.5712086784714
 31
0.0
  0
LINE
  8
3
  6
CONTINUOUS
 62
3
 10
12.263538598159
 20
-10.5712086784714
 30
0.0
 11
12.2663513016095
 21
-10.6523544418686
 31
0.0
  0
LINE
  8
3
  6
CONTINUOUS
 62
3
 10
12.2663513016095
 20
-10.6523544418686
 30
0.0
 11
12.2685383947085
 21
-10.7331877179815
 31
0.0
  0
LINE
  8
3
  6
CONTINUOUS
 62
3
 10
12.2685383947085
 20
-10.7331877179815
 30
0.0
 11
12.2693725418439
 21
-10.8131878006332
 31
0.0
  0
LINE
  8
3
  6
CONTINUOUS
 62
3
 10
12.2693725418439
 20
-10.8131878006332
 30
0.0
 11
12.2678097875308
 21
-10.9627711403244
 31
0.0
  0
LINE
  8
3
  6
CONTINUOUS
 62
3
 10
12.2678097875308
 20
-10.9627711403244
 30
0.0
 11
12.2684341263166
 21
-11.0337086148931
 31
0.0
  0
LINE
  8
3
  6
CONTINUOUS
 62
3
 10
12.2684341263166
 20
-11.0337086148931
 30
0.0
 11
12.2719767085106
 21
-11.102979464121
 31
0.0
  0
LINE
  8
3
  6
CONTINUOUS
 62
3
 10
12.2719767085106
 20
-11.102979464121
 30
0.0
 11
12.2797892085106
 21
-11.1711044736577
 31
0.0
  0
LINE
  8
3
  6
CONTINUOUS
 62
3
 10
12.2797892085106
 20
-11.1711044736577
 30
0.0
 11
12.2933301122378
 21
-11.238708618072
 31
0.0
  0
LINE
  8
3
  6
CONTINUOUS
 62
3
 10
12.2933301122378
 20
-11.238708618072
 30
0.0
 11
12.3141634455711
 21
-11.3064169514053
 31
0.0
  0
LINE
  8
3
  6
CONTINUOUS
 62
3
 10
12.3141634455711
 20
-11.3064169514053
 30
0.0
 11
12.3437476944318
 21
-11.3748544482264
 31
0.0
  0
LINE
  8
3
  6
CONTINUOUS
 62
3
 10
12.3437476944318
 20
-11.3748544482264
 30
0.0
 11
12.3833302648257
 21
-11.4447503117594
 31
0.0
  0
LINE
  8
3
  6
CONTINUOUS
 62
3
 10
12.3833302648257
 20
-11.4447503117594
 30
0.0
 11
12.4336435786278
 21
-11.5074586101247
 31
0.0
  0
LINE
  8
3
  6
CONTINUOUS
 62
3
 10
12.4336435786278
 20
-11.5074586101247
 30
0.0
 11
12.4947893610985
 21
-11.5577711291982
 31
0.0
  0
LINE
  8
3
  6
CONTINUOUS
 62
3
 10
12.4947893610985
 20
-11.5577711291982
 30
0.0
 11
12.5647890559227
 21
-11.5970419672999
 31
0.0
  0
LINE
  8
3
  6
CONTINUOUS
 62
3
 10
12.5647890559227
 20
-11.5970419672999
 30
0.0
 11
12.6418726435692
 21
-11.6266253022227
 31
0.0
  0
LINE
  8
3
  6
CONTINUOUS
 62
3
 10
12.6418726435692
 20
-11.6266253022227
 30
0.0
 11
12.7241632929832
 21
-11.6478753117594
 31
0.0
  0
LINE
  8
3
  6
CONTINUOUS
 62
3
 10
12.7241632929832
 20
-11.6478753117594
 30
0.0
 11
12.8096849909813
 21
-11.6620419450475
 31
0.0
  0
LINE
  8
3
  6
CONTINUOUS
 62
3
 10
12.8096849909813
 20
-11.6620419450475
 30
0.0
 11
12.8966639033348
 21
-11.6705836085353
 31
0.0
  0
LINE
  8
3
  6
CONTINUOUS
 62
3
 10
12.8966639033348
 20
-11.6705836085353
 30
0.0
 11
12.9832270136863
 21
-11.6747502910965
 31
0.0
  0
LINE
  8
3
  6
CONTINUOUS
 62
3
 10
12.9832270136863
 20
-11.6747502910965
 30
0.0
 11
13.0673932225893
 21
-11.6758961307877
 31
0.0
  0
LINE
  8
3
  6
CONTINUOUS
 62
3
 10
13.0673932225893
 20
-11.6758961307877
 30
0.0
 11
13.1473925105125
 21
-11.6752711164825
 31
0.0
  0
LINE
  8
3
  6
CONTINUOUS
 62
3
 10
13.1473925105125
 20
-11.6752711164825
 30
0.0
 11
13.2212475927065
 21
-11.6743336148931
 31
0.0
  0
LINE
  8
3
  6
CONTINUOUS
 62
3
 10
13.2212475927065
 20
-11.6743336148931
 30
0.0
 11
13.2871846349429
 21
-11.6743336148931
 31
0.0
  0
LINE
  8
3
  6
CONTINUOUS
 62
3
 10
13.2871846349429
 20
-11.6743336148931
 30
0.0
 11
13.3654139033348
 21
-11.6748544800156
 31
0.0
  0
LINE
  8
3
  6
CONTINUOUS
 62
3
 10
13.3654139033348
 20
-11.6748544800156
 30
0.0
 11
13.4436431717267
 21
-11.6740211276087
 31
0.0
  0
LINE
  8
3
  6
CONTINUOUS
 62
3
 10
13.4436431717267
 20
-11.6740211276087
 30
0.0
 11
13.5218724401186
 21
-11.6720419752472
 31
0.0
  0
LINE
  8
3
  6
CONTINUOUS
 62
3
 10
13.5218724401186
 20
-11.6720419752472
 30
0.0
 11
13.6001017085106
 21
-11.6693336196615
 31
0.0
  0
LINE
  8
3
  6
CONTINUOUS
 62
3
 10
13.6001017085106
 20
-11.6693336196615
 30
0.0
 11
13.6783309769025
 21
-11.666000289507
 31
0.0
  0
LINE
  8
3
  6
CONTINUOUS
 62
3
 10
13.6783309769025
 20
-11.666000289507
 30
0.0
 11
13.7565602452944
 21
-11.6623544720683
 31
0.0
  0
LINE
  8
3
  6
CONTINUOUS
 62
3
 10
13.7565602452944
 20
-11.6623544720683
 30
0.0
 11
13.9129145136863
 21
-11.65475031017
 31
0.0
  0
LINE
  8
3
  6
CONTINUOUS
 62
3
 10
13.9129145136863
 20
-11.65475031017
 30
0.0
 11
13.9911425105125
 21
-11.6512086419139
 31
0.0
  0
LINE
  8
3
  6
CONTINUOUS
 62
3
 10
13.9911425105125
 20
-11.6512086419139
 30
0.0
 11
14.0693717789045
 21
-11.6482919482264
 31
0.0
  0
LINE
  8
3
  6
CONTINUOUS
 62
3
 10
14.0693717789045
 20
-11.6482919482264
 30
0.0
 11
14.070101657648
 21
-11.6482919482264
 31
0.0
  0
LINE
  8
3
  6
CONTINUOUS
 62
3
 10
14.070101657648
 20
-11.6482919482264
 30
0.0
 11
14.1483309260399
 21
-11.6512086419139
 31
0.0
  0
LINE
  8
3
  6
CONTINUOUS
 62
3
 10
14.1483309260399
 20
-11.6512086419139
 30
0.0
 11
14.2265601944318
 21
-11.65475031017
 31
0.0
  0
LINE
  8
3
  6
CONTINUOUS
 62
3
 10
14.2265601944318
 20
-11.65475031017
 30
0.0
 11
14.4611424596499
 21
-11.666000289507
 31
0.0
  0
LINE
  8
3
  6
CONTINUOUS
 62
3
 10
14.4611424596499
 20
-11.666000289507
 30
0.0
 11
14.5393717280418
 21
-11.6693336196615
 31
0.0
  0
LINE
  8
3
  6
CONTINUOUS
 62
3
 10
14.5393717280418
 20
-11.6693336196615
 30
0.0
 11
14.6176009964337
 21
-11.6720419752472
 31
0.0
  0
LINE
  8
3
  6
CONTINUOUS
 62
3
 10
14.6176009964337
 20
-11.6720419752472
 30
0.0
 11
14.6958302648257
 21
-11.6740211276087
 31
0.0
  0
LINE
  8
3
  6
CONTINUOUS
 62
3
 10
14.6958302648257
 20
-11.6740211276087
 30
0.0
 11
14.7740595332176
 21
-11.6748544800156
 31
0.0
  0
LINE
  8
3
  6
CONTINUOUS
 62
3
 10
14.7740595332176
 20
-11.6748544800156
 30
0.0
 11
14.8522888016095
 21
-11.6743336148931
 31
0.0
  0
LINE
  8
3
  6
CONTINUOUS
 62
3
 10
14.8522888016095
 20
-11.6743336148931
 30
0.0
 11
14.9182258438459
 21
-11.6743336148931
 31
0.0
  0
LINE
  8
3
  6
CONTINUOUS
 62
3
 10
14.9182258438459
 20
-11.6743336148931
 30
0.0
 11
14.9920809260399
 21
-11.6752711164825
 31
0.0
  0
LINE
  8
3
  6
CONTINUOUS
 62
3
 10
14.9920809260399
 20
-11.6752711164825
 30
0.0
 11
15.072080213963
 21
-11.6758961307877
 31
0.0
  0
LINE
  8
3
  6
CONTINUOUS
 62
3
 10
15.072080213963
 20
-11.6758961307877
 30
0.0
 11
15.1563519628237
 21
-11.6747502910965
 31
0.0
  0
LINE
  8
3
  6
CONTINUOUS
 62
3
 10
15.1563519628237
 20
-11.6747502910965
 30
0.0
 11
15.2428095332176
 21
-11.6705836085353
 31
0.0
  0
LINE
  8
3
  6
CONTINUOUS
 62
3
 10
15.2428095332176
 20
-11.6705836085353
 30
0.0
 11
15.3297884455711
 21
-11.6620419450475
 31
0.0
  0
LINE
  8
3
  6
CONTINUOUS
 62
3
 10
15.3297884455711
 20
-11.6620419450475
 30
0.0
 11
15.4154144119611
 21
-11.6478753117594
 31
0.0
  0
LINE
  8
3
  6
CONTINUOUS
 62
3
 10
15.4154144119611
 20
-11.6478753117594
 30
0.0
 11
15.4976007929832
 21
-11.6266253022227
 31
0.0
  0
LINE
  8
3
  6
CONTINUOUS
 62
3
 10
15.4976007929832
 20
-11.6266253022227
 30
0.0
 11
15.5746843806297
 21
-11.5970419672999
 31
0.0
  0
LINE
  8
3
  6
CONTINUOUS
 62
3
 10
15.5746843806297
 20
-11.5970419672999
 30
0.0
 11
15.6447883438459
 21
-11.5577711291982
 31
0.0
  0
LINE
  8
3
  6
CONTINUOUS
 62
3
 10
15.6447883438459
 20
-11.5577711291982
 30
0.0
 11
15.7058311294904
 21
-11.5074586101247
 31
0.0
  0
LINE
  8
3
  6
CONTINUOUS
 62
3
 10
15.7058311294904
 20
-11.5074586101247
 30
0.0
 11
15.7561431717267
 21
-11.4447503117594
 31
0.0
  0
LINE
  8
3
  6
CONTINUOUS
 62
3
 10
15.7561431717267
 20
-11.4447503117594
 30
0.0
 11
15.7958300105125
 21
-11.3748544482264
 31
0.0
  0
LINE
  8
3
  6
CONTINUOUS
 62
3
 10
15.7958300105125
 20
-11.3748544482264
 30
0.0
 11
15.8253099909813
 21
-11.3064169514053
 31
0.0
  0
LINE
  8
3
  6
CONTINUOUS
 62
3
 10
15.8253099909813
 20
-11.3064169514053
 30
0.0
 11
15.8461433243146
 21
-11.238708618072
 31
0.0
  0
LINE
  8
3
  6
CONTINUOUS
 62
3
 10
15.8461433243146
 20
-11.238708618072
 30
0.0
 11
15.8597884964337
 21
-11.1711044736577
 31
0.0
  0
LINE
  8
3
  6
CONTINUOUS
 62
3
 10
15.8597884964337
 20
-11.1711044736577
 30
0.0
 11
15.8676009964337
 21
-11.102979464121
 31
0.0
  0
LINE
  8
3
  6
CONTINUOUS
 62
3
 10
15.8676009964337
 20
-11.102979464121
 30
0.0
 11
15.8710393102358
 21
-11.0337086148931
 31
0.0
  0
LINE
  8
3
  6
CONTINUOUS
 62
3
 10
15.8710393102358
 20
-11.0337086148931
 30
0.0
 11
15.8716636490217
 21
-10.9627711403244
 31
0.0
  0
LINE
  8
3
  6
CONTINUOUS
 62
3
 10
15.8716636490217
 20
-10.9627711403244
 30
0.0
 11
15.8702051631004
 21
-10.8131878006332
 31
0.0
  0
LINE
  8
3
  6
CONTINUOUS
 62
3
 10
15.8702051631004
 20
-10.8131878006332
 30
0.0
 11
15.8709350418439
 21
-10.7331877179815
 31
0.0
  0
LINE
  8
3
  6
CONTINUOUS
 62
3
 10
15.8709350418439
 20
-10.7331877179815
 30
0.0
 11
15.8732264033348
 21
-10.6523544418686
 31
0.0
  0
LINE
  8
3
  6
CONTINUOUS
 62
3
 10
15.8732264033348
 20
-10.6523544418686
 30
0.0
 11
15.8759348383934
 21
-10.5712086784714
 31
0.0
  0
LINE
  8
3
  6
CONTINUOUS
 62
3
 10
15.8759348383934
 20
-10.5712086784714
 30
0.0
 11
15.882497389256
 21
-10.4083961276087
 31
0.0
  0
LINE
  8
3
  6
CONTINUOUS
 62
3
 10
15.882497389256
 20
-10.4083961276087
 30
0.0
 11
15.8861429682762
 21
-10.3268336085353
 31
0.0
  0
LINE
  8
3
  6
CONTINUOUS
 62
3
 10
15.8861429682762
 20
-10.3268336085353
 30
0.0
 11
15.8931225927065
 21
-10.1635003514959
 31
0.0
  0
LINE
  8
3
  6
CONTINUOUS
 62
3
 10
15.8931225927065
 20
-10.1635003514959
 30
0.0
 11
15.8962468297671
 21
-10.0817294545842
 31
0.0
  0
LINE
  8
3
  6
CONTINUOUS
 62
3
 10
15.8962468297671
 20
-10.0817294545842
 30
0.0
 11
15.8990595332176
 21
-10.0000628260646
 31
0.0
  0
LINE
  8
3
  6
CONTINUOUS
 62
3
 10
15.8990595332176
 20
-10.0000628260646
 30
0.0
 11
15.9013508947085
 21
-9.91839619754485
 31
0.0
  0
LINE
  8
3
  6
CONTINUOUS
 62
3
 10
15.9013508947085
 20
-9.91839619754485
 30
0.0
 11
15.9029136490217
 21
-9.83683367847136
 31
0.0
  0
LINE
  8
3
  6
CONTINUOUS
 62
3
 10
15.9029136490217
 20
-9.83683367847136
 30
0.0
 11
15.9038507929832
 21
-9.75537526884409
 31
0.0
  0
LINE
  8
3
  6
CONTINUOUS
 62
3
 10
15.9038507929832
 20
-9.75537526884409
 30
0.0
 11
15.9037477961571
 21
-9.67412523705494
 31
0.0
  0
LINE
  8
3
  6
CONTINUOUS
 62
3
 10
15.9037477961571
 20
-9.67412523705494
 30
0.0
 11
15.9027051122378
 21
-9.59297947365772
 31
0.0
  0
LINE
  8
3
  6
CONTINUOUS
 62
3
 10
15.9027051122378
 20
-9.59297947365772
 30
0.0
 11
15.9004137507469
 21
-9.51214619754485
 31
0.0
  0
LINE
  8
3
  6
CONTINUOUS
 62
3
 10
15.9004137507469
 20
-9.51214619754485
 30
0.0
 11
15.8994766067853
 21
-9.48735448001555
 31
0.0
  0
LINE
  8
3
  6
CONTINUOUS
 62
3
 10
15.8994766067853
 20
-9.48735448001555
 30
0.0
 11
15.898226657648
 21
-9.46266703087818
 31
0.0
  0
LINE
  8
3
  6
CONTINUOUS
 62
3
 10
15.898226657648
 20
-9.46266703087818
 30
0.0
 11
15.8967681717267
 21
-9.43787531334889
 31
0.0
  0
LINE
  8
3
  6
CONTINUOUS
 62
3
 10
15.8967681717267
 20
-9.43787531334889
 30
0.0
 11
15.8931225927065
 21
-9.3883959877365
 31
0.0
  0
LINE
  8
3
  6
CONTINUOUS
 62
3
 10
15.8931225927065
 20
-9.3883959877365
 30
0.0
 11
15.8910384964337
 21
-9.36370853859913
 31
0.0
  0
LINE
  8
3
  6
CONTINUOUS
 62
3
 10
15.8910384964337
 20
-9.36370853859913
 30
0.0
 11
15.8888514033348
 21
-9.33902108946176
 31
0.0
  0
LINE
  8
3
  6
CONTINUOUS
 62
3
 10
15.8888514033348
 20
-9.33902108946176
 30
0.0
 11
15.886455773452
 21
-9.31433364032439
 31
0.0
  0
LINE
  8
3
  6
CONTINUOUS
 62
3
 10
15.886455773452
 20
-9.31433364032439
 30
0.0
 11
15.8812474401187
 21
-9.26495874204965
 31
0.0
  0
LINE
  8
3
  6
CONTINUOUS
 62
3
 10
15.8812474401187
 20
-9.26495874204965
 30
0.0
 11
15.9605181208641
 21
-9.28058374204965
 31
0.0
  0
LINE
  8
3
  6
CONTINUOUS
 62
3
 10
15.9605181208641
 20
-9.28058374204965
 30
0.0
 11
16.0412472875307
 21
-9.27975023069711
 31
0.0
  0
LINE
  8
3
  6
CONTINUOUS
 62
3
 10
16.0412472875307
 20
-9.27975023069711
 30
0.0
 11
16.1202057988833
 21
-9.26245852588347
 31
0.0
  0
LINE
  8
3
  6
CONTINUOUS
 62
3
 10
16.1202057988833
 20
-9.26245852588347
 30
0.0
 11
16.1938517085106
 21
-9.22933360217742
 31
0.0
  0
LINE
  8
3
  6
CONTINUOUS
 62
3
 10
16.1938517085106
 20
-9.22933360217742
 30
0.0
 11
16.2592680445702
 21
-9.18193789600066
 31
0.0
  0
LINE
  8
3
  6
CONTINUOUS
 62
3
 10
16.2592680445702
 20
-9.18193789600066
 30
0.0
 11
16.3136433751772
 21
-9.12214601316781
 31
0.0
  0
LINE
  8
3
  6
CONTINUOUS
 62
3
 10
16.3136433751772
 20
-9.12214601316781
 30
0.0
 11
16.3545807988833
 21
-9.05256275612843
 31
0.0
  0
LINE
  8
3
  6
CONTINUOUS
 62
3
 10
16.3545807988833
 20
-9.05256275612843
 30
0.0
 11
16.380518197158
 21
-8.97610446094207
 31
0.0
  0
LINE
  8
3
  6
CONTINUOUS
 62
3
 10
16.380518197158
 20
-8.97610446094207
 30
0.0
 11
16.390309889256
 21
-8.89589600045216
 31
0.0
  0
LINE
  8
3
  6
CONTINUOUS
 62
3
 10
16.390309889256
 20
-8.89589600045216
 30
0.0
 11
16.3835388016095
 21
-8.81537537056935
 31
0.0
  0
LINE
  8
3
  6
CONTINUOUS
 62
3
 10
16.3835388016095
 20
-8.81537537056935
 30
0.0
 11
16.3605183751772
 21
-8.73797961352995
 31
0.0
  0
LINE
  8
3
  6
CONTINUOUS
 62
3
 10
16.3605183751772
 20
-8.73797961352995
 30
0.0
 11
16.3220808497459
 21
-8.66693787056934
 31
0.0
  0
LINE
  8
3
  6
CONTINUOUS
 62
3
 10
16.3220808497459
 20
-8.66693787056934
 30
0.0
 11
16.2699975164126
 21
-8.60516711352996
 31
0.0
  0
LINE
  8
3
  6
CONTINUOUS
 62
3
 10
16.2699975164126
 20
-8.60516711352996
 30
0.0
 11
16.2064554682762
 21
-8.55537514168751
 31
0.0
  0
LINE
  8
3
  6
CONTINUOUS
 62
3
 10
16.2064554682762
 20
-8.55537514168751
 30
0.0
 11
16.1340595077863
 21
-8.5195421008143
 31
0.0
  0
LINE
  8
3
  6
CONTINUOUS
 62
3
 10
16.1340595077863
 20
-8.5195421008143
 30
0.0
 11
16.0558308751772
 21
-8.49933374204965
 31
0.0
  0
LINE
  8
3
  6
CONTINUOUS
 62
3
 10
16.0558308751772
 20
-8.49933374204965
 30
0.0
 11
15.9751017085106
 21
-8.49547930835418
 31
0.0
  0
LINE
  8
3
  6
CONTINUOUS
 62
3
 10
15.9751017085106
 20
-8.49547930835418
 30
0.0
 11
15.8953096858055
 21
-8.50808370390268
 31
0.0
  0
LINE
  8
3
  6
CONTINUOUS
 62
3
 10
15.8953096858055
 20
-8.50808370390268
 30
0.0
 11
15.8198931208641
 21
-8.5368334877365
 31
0.0
  0
LINE
  8
3
  6
CONTINUOUS
 62
3
 10
17.6817771642773
 20
-5.76479392197016
 30
0.0
 11
17.6701105484732
 21
-5.77531485702875
 31
0.0
  0
LINE
  8
3
  6
CONTINUOUS
 62
3
 10
17.6701105484732
 20
-5.77531485702875
 30
0.0
 11
17.6543812800813
 21
-5.78187740789138
 31
0.0
  0
LINE
  8
3
  6
CONTINUOUS
 62
3
 10
17.6543812800813
 20
-5.78187740789138
 30
0.0
 11
17.6355271388459
 21
-5.78521081751867
 31
0.0
  0
LINE
  8
3
  6
CONTINUOUS
 62
3
 10
17.6355271388459
 20
-5.78521081751867
 30
0.0
 11
17.6143813182283
 21
-5.78625222987217
 31
0.0
  0
LINE
  8
3
  6
CONTINUOUS
 62
3
 10
17.6143813182283
 20
-5.78625222987217
 30
0.0
 11
17.5917771706351
 21
-5.78593942469638
 31
0.0
  0
LINE
  8
3
  6
CONTINUOUS
 62
3
 10
17.5917771706351
 20
-5.78593942469638
 30
0.0
 11
17.5686521579194
 21
-5.78510654912674
 31
0.0
  0
LINE
  8
3
  6
CONTINUOUS
 62
3
 10
17.5686521579194
 20
-5.78510654912674
 30
0.0
 11
17.5459437419343
 21
-5.78468947555902
 31
0.0
  0
LINE
  8
3
  6
CONTINUOUS
 62
3
 10
17.5459437419343
 20
-5.78468947555902
 30
0.0
 11
17.5242772151399
 21
-5.78562725530351
 31
0.0
  0
LINE
  8
3
  6
CONTINUOUS
 62
3
 10
17.5242772151399
 20
-5.78562725530351
 30
0.0
 11
17.5046938309439
 21
-5.78875212814694
 31
0.0
  0
LINE
  8
3
  6
CONTINUOUS
 62
3
 10
17.5046938309439
 20
-5.78875212814694
 30
0.0
 11
17.4839646070568
 21
-5.79802311406816
 31
0.0
  0
LINE
  8
3
  6
CONTINUOUS
 62
3
 10
17.4839646070568
 20
-5.79802311406816
 30
0.0
 11
17.4635480293997
 21
-5.81406455185296
 31
0.0
  0
LINE
  8
3
  6
CONTINUOUS
 62
3
 10
17.4635480293997
 20
-5.81406455185296
 30
0.0
 11
17.4438605357576
 21
-5.83531495875402
 31
0.0
  0
LINE
  8
3
  6
CONTINUOUS
 62
3
 10
17.4438605357576
 20
-5.83531495875402
 30
0.0
 11
17.4252146134146
 21
-5.86000240789138
 31
0.0
  0
LINE
  8
3
  6
CONTINUOUS
 62
3
 10
17.4252146134146
 20
-5.86000240789138
 30
0.0
 11
17.4081312864391
 21
-5.88635624395095
 31
0.0
  0
LINE
  8
3
  6
CONTINUOUS
 62
3
 10
17.4081312864391
 20
-5.88635624395095
 30
0.0
 11
17.3930271515616
 21
-5.91260644740146
 31
0.0
  0
LINE
  8
3
  6
CONTINUOUS
 62
3
 10
17.3930271515616
 20
-5.91260644740146
 30
0.0
 11
17.3803188055126
 21
-5.93708535975501
 31
0.0
  0
LINE
  8
3
  6
CONTINUOUS
 62
3
 10
17.3803188055126
 20
-5.93708535975501
 30
0.0
 11
17.3703188945222
 21
-5.95802296148024
 31
0.0
  0
LINE
  8
3
  6
CONTINUOUS
 62
3
 10
17.3703188945222
 20
-5.95802296148024
 30
0.0
 11
17.3634438563752
 21
-5.97375222987217
 31
0.0
  0
LINE
  8
3
  6
CONTINUOUS
 62
3
 10
17.3634438563752
 20
-5.97375222987217
 30
0.0
 11
17.360110446748
 21
-5.98239824122473
 31
0.0
  0
LINE
  8
3
  6
CONTINUOUS
 62
3
 10
17.360110446748
 20
-5.98239824122473
 30
0.0
 11
17.3381314326692
 21
-6.06583552505855
 31
0.0
  0
LINE
  8
3
  6
CONTINUOUS
 62
3
 10
17.3381314326692
 20
-6.06583552505855
 30
0.0
 11
17.3218814581005
 21
-6.14916885839186
 31
0.0
  0
LINE
  8
3
  6
CONTINUOUS
 62
3
 10
17.3218814581005
 20
-6.14916885839186
 30
0.0
 11
17.3105270116894
 21
-6.2322939728328
 31
0.0
  0
LINE
  8
3
  6
CONTINUOUS
 62
3
 10
17.3105270116894
 20
-6.2322939728328
 30
0.0
 11
17.3033398041495
 21
-6.31541876938229
 31
0.0
  0
LINE
  8
3
  6
CONTINUOUS
 62
3
 10
17.3033398041495
 20
-6.31541876938229
 30
0.0
 11
17.2992771515616
 21
-6.39843961543127
 31
0.0
  0
LINE
  8
3
  6
CONTINUOUS
 62
3
 10
17.2992771515616
 20
-6.39843961543127
 30
0.0
 11
17.297610446748
 21
-6.48156472987217
 31
0.0
  0
LINE
  8
3
  6
CONTINUOUS
 62
3
 10
17.297610446748
 20
-6.48156472987217
 30
0.0
 11
17.2974022278556
 21
-6.56468984431312
 31
0.0
  0
LINE
  8
3
  6
CONTINUOUS
 62
3
 10
17.2974022278556
 20
-6.56468984431312
 30
0.0
 11
17.2979229340323
 21
-6.64781464086257
 31
0.0
  0
LINE
  8
3
  6
CONTINUOUS
 62
3
 10
17.2979229340323
 20
-6.64781464086257
 30
0.0
 11
17.2981314708162
 21
-6.73125224258784
 31
0.0
  0
LINE
  8
3
  6
CONTINUOUS
 62
3
 10
17.2981314708162
 20
-6.73125224258784
 30
0.0
 11
17.2974022278556
 21
-6.81479379481359
 31
0.0
  0
LINE
  8
3
  6
CONTINUOUS
 62
3
 10
17.2974022278556
 20
-6.81479379481359
 30
0.0
 11
17.294589524405
 21
-6.8985438838232
 31
0.0
  0
LINE
  8
3
  6
CONTINUOUS
 62
3
 10
17.294589524405
 20
-6.8985438838232
 30
0.0
 11
17.2891729721793
 21
-6.98010624395095
 31
0.0
  0
LINE
  8
3
  6
CONTINUOUS
 62
3
 10
17.2891729721793
 20
-6.98010624395095
 30
0.0
 11
17.280943716503
 21
-7.06135643468583
 31
0.0
  0
LINE
  8
3
  6
CONTINUOUS
 62
3
 10
17.280943716503
 20
-7.06135643468583
 30
0.0
 11
17.2704230993359
 21
-7.14250235702875
 31
0.0
  0
LINE
  8
3
  6
CONTINUOUS
 62
3
 10
17.2704230993359
 20
-7.14250235702875
 30
0.0
 11
17.2582354594636
 21
-7.22333547419591
 31
0.0
  0
LINE
  8
3
  6
CONTINUOUS
 62
3
 10
17.2582354594636
 20
-7.22333547419591
 30
0.0
 11
17.244797870454
 21
-7.30416890925449
 31
0.0
  0
LINE
  8
3
  6
CONTINUOUS
 62
3
 10
17.244797870454
 20
-7.30416890925449
 30
0.0
 11
17.2169855484732
 21
-7.46573151097977
 31
0.0
  0
LINE
  8
3
  6
CONTINUOUS
 62
3
 10
17.2169855484732
 20
-7.46573151097977
 30
0.0
 11
17.2036522278555
 21
-7.54656462814694
 31
0.0
  0
LINE
  8
3
  6
CONTINUOUS
 62
3
 10
17.2036522278555
 20
-7.54656462814694
 30
0.0
 11
17.1913606374828
 21
-7.62750233159745
 31
0.0
  0
LINE
  8
3
  6
CONTINUOUS
 62
3
 10
17.1913606374828
 20
-7.62750233159745
 30
0.0
 11
17.1808397024243
 21
-7.70864793604894
 31
0.0
  0
LINE
  8
3
  6
CONTINUOUS
 62
3
 10
17.1808397024243
 20
-7.70864793604894
 30
0.0
 11
17.172506178356
 21
-7.7900020772843
 31
0.0
  0
LINE
  8
3
  6
CONTINUOUS
 62
3
 10
17.172506178356
 20
-7.7900020772843
 30
0.0
 11
17.1752146134146
 21
-7.81312708999997
 31
0.0
  0
LINE
  8
3
  6
CONTINUOUS
 62
3
 10
17.1752146134146
 20
-7.81312708999997
 30
0.0
 11
17.1857355484732
 21
-7.83729383296056
 31
0.0
  0
LINE
  8
3
  6
CONTINUOUS
 62
3
 10
17.1857355484732
 20
-7.83729383296056
 30
0.0
 11
17.2024022787182
 21
-7.86166879481359
 31
0.0
  0
LINE
  8
3
  6
CONTINUOUS
 62
3
 10
17.2024022787182
 20
-7.86166879481359
 30
0.0
 11
17.2230270752677
 21
-7.88573126938229
 31
0.0
  0
LINE
  8
3
  6
CONTINUOUS
 62
3
 10
17.2230270752677
 20
-7.88573126938229
 30
0.0
 11
17.2459438690909
 21
-7.90864806320552
 31
0.0
  0
LINE
  8
3
  6
CONTINUOUS
 62
3
 10
17.2459438690909
 20
-7.90864806320552
 30
0.0
 11
17.2690688818066
 21
-7.9297938838232
 31
0.0
  0
LINE
  8
3
  6
CONTINUOUS
 62
3
 10
17.2690688818066
 20
-7.9297938838232
 30
0.0
 11
17.2906314581005
 21
-7.94823126938229
 31
0.0
  0
LINE
  8
3
  6
CONTINUOUS
 62
3
 10
17.2906314581005
 20
-7.94823126938229
 30
0.0
 11
17.3086520879833
 21
-7.96354378209792
 31
0.0
  0
LINE
  8
3
  6
CONTINUOUS
 62
3
 10
17.3086520879833
 20
-7.96354378209792
 30
0.0
 11
17.3211522151399
 21
-7.97489791061764
 31
0.0
  0
LINE
  8
3
  6
CONTINUOUS
 62
3
 10
17.3211522151399
 20
-7.97489791061764
 30
0.0
 11
17.3264644989737
 21
-7.98146046148024
 31
0.0
  0
LINE
  8
3
  6
CONTINUOUS
 62
3
 10
17.3264644989737
 20
-7.98146046148024
 30
0.0
 11
17.3313603450227
 21
-8.0135439728328
 31
0.0
  0
LINE
  8
3
  6
CONTINUOUS
 62
3
 10
17.3313603450227
 20
-8.0135439728328
 30
0.0
 11
17.3326106120515
 21
-8.04583538518631
 31
0.0
  0
LINE
  8
3
  6
CONTINUOUS
 62
3
 10
17.3326106120515
 20
-8.04583538518631
 30
0.0
 11
17.3308396388459
 21
-8.07833565221512
 31
0.0
  0
LINE
  8
3
  6
CONTINUOUS
 62
3
 10
17.3308396388459
 20
-8.07833565221512
 30
0.0
 11
17.3266730357576
 21
-8.11083560135249
 31
0.0
  0
LINE
  8
3
  6
CONTINUOUS
 62
3
 10
17.3266730357576
 20
-8.11083560135249
 30
0.0
 11
17.320943678356
 21
-8.14354376938227
 31
0.0
  0
LINE
  8
3
  6
CONTINUOUS
 62
3
 10
17.320943678356
 20
-8.14354376938227
 30
0.0
 11
17.3143814453848
 21
-8.17635652369543
 31
0.0
  0
LINE
  8
3
  6
CONTINUOUS
 62
3
 10
17.3143814453848
 20
-8.17635652369543
 30
0.0
 11
17.3076103577383
 21
-8.20906469172521
 31
0.0
  0
LINE
  8
3
  6
CONTINUOUS
 62
3
 10
17.3076103577383
 20
-8.20906469172521
 30
0.0
 11
17.301464562552
 21
-8.24198139653885
 31
0.0
  0
LINE
  8
3
  6
CONTINUOUS
 62
3
 10
17.301464562552
 20
-8.24198139653885
 30
0.0
 11
17.2966729848949
 21
-8.27468956456864
 31
0.0
  0
LINE
  8
3
  6
CONTINUOUS
 62
3
 10
17.2966729848949
 20
-8.27468956456864
 30
0.0
 11
17.2938605993359
 21
-8.30750231888179
 31
0.0
  0
LINE
  8
3
  6
CONTINUOUS
 62
3
 10
17.2938605993359
 20
-8.30750231888179
 30
0.0
 11
17.2971936910717
 21
-8.34562735702876
 31
0.0
  0
LINE
  8
3
  6
CONTINUOUS
 62
3
 10
17.2971936910717
 20
-8.34562735702876
 30
0.0
 11
17.3094855993359
 21
-8.37906476801916
 31
0.0
  0
LINE
  8
3
  6
CONTINUOUS
 62
3
 10
17.3094855993359
 20
-8.37906476801916
 30
0.0
 11
17.3286522278556
 21
-8.40906481888179
 31
0.0
  0
LINE
  8
3
  6
CONTINUOUS
 62
3
 10
17.3286522278556
 20
-8.40906481888179
 30
0.0
 11
17.3519854594636
 21
-8.43708567764644
 31
0.0
  0
LINE
  8
3
  6
CONTINUOUS
 62
3
 10
17.3519854594636
 20
-8.43708567764644
 30
0.0
 11
17.3774021515616
 21
-8.46437729345047
 31
0.0
  0
LINE
  8
3
  6
CONTINUOUS
 62
3
 10
17.3774021515616
 20
-8.46437729345047
 30
0.0
 11
17.4025063563752
 21
-8.49250210271561
 31
0.0
  0
LINE
  8
3
  6
CONTINUOUS
 62
3
 10
17.4025063563752
 20
-8.49250210271561
 30
0.0
 11
17.4247980166841
 21
-8.52260642197017
 31
0.0
  0
LINE
  8
3
  6
CONTINUOUS
 62
3
 10
17.4247980166841
 20
-8.52260642197017
 30
0.0
 11
17.4419854531058
 21
-8.55614810135249
 31
0.0
  0
LINE
  8
3
  6
CONTINUOUS
 62
3
 10
17.4419854531058
 20
-8.55614810135249
 30
0.0
 11
17.4517771452038
 21
-8.59458562678381
 31
0.0
  0
LINE
  8
3
  6
CONTINUOUS
 62
3
 10
17.4517771452038
 20
-8.59458562678381
 30
0.0
 11
17.4517771452038
 21
-8.63916894740148
 31
0.0
  0
LINE
  8
3
  6
CONTINUOUS
 62
3
 10
17.4517771452038
 20
-8.63916894740148
 30
0.0
 11
17.442402208782
 21
-8.71864800598506
 31
0.0
  0
LINE
  8
3
  6
CONTINUOUS
 62
3
 10
17.442402208782
 20
-8.71864800598506
 30
0.0
 11
17.4328188945222
 21
-8.79812722351436
 31
0.0
  0
LINE
  8
3
  6
CONTINUOUS
 62
3
 10
17.4328188945222
 20
-8.79812722351436
 30
0.0
 11
17.4229229340323
 21
-8.87750217265173
 31
0.0
  0
LINE
  8
3
  6
CONTINUOUS
 62
3
 10
17.4229229340323
 20
-8.87750217265173
 30
0.0
 11
17.4126105357576
 21
-8.95687728073481
 31
0.0
  0
LINE
  8
3
  6
CONTINUOUS
 62
3
 10
17.4126105357576
 20
-8.95687728073481
 30
0.0
 11
17.4016730039684
 21
-9.03614796148026
 31
0.0
  0
LINE
  8
3
  6
CONTINUOUS
 62
3
 10
17.4016730039684
 20
-9.03614796148026
 30
0.0
 11
17.3900062292187
 21
-9.11531469172521
 31
0.0
  0
LINE
  8
3
  6
CONTINUOUS
 62
3
 10
17.3900062292187
 20
-9.11531469172521
 30
0.0
 11
17.3775064199535
 21
-9.19427304413203
 31
0.0
  0
LINE
  8
3
  6
CONTINUOUS
 62
3
 10
17.3775064199535
 20
-9.19427304413203
 30
0.0
 11
17.3640688309439
 21
-9.27312712814692
 31
0.0
  0
LINE
  8
3
  6
CONTINUOUS
 62
3
 10
17.3640688309439
 20
-9.27312712814692
 30
0.0
 11
17.3494855611889
 21
-9.3517729932694
 31
0.0
  0
LINE
  8
3
  6
CONTINUOUS
 62
3
 10
17.3494855611889
 20
-9.3517729932694
 30
0.0
 11
17.333756292797
 21
-9.43021048055374
 31
0.0
  0
LINE
  8
3
  6
CONTINUOUS
 62
3
 10
17.333756292797
 20
-9.43021048055374
 30
0.0
 11
17.321985408601
 21
-9.47302298691157
 31
0.0
  0
LINE
  8
3
  6
CONTINUOUS
 62
3
 10
17.321985408601
 20
-9.47302298691157
 30
0.0
 11
17.3059439708162
 21
-9.51666884567622
 31
0.0
  0
LINE
  8
3
  6
CONTINUOUS
 62
3
 10
17.3059439708162
 20
-9.51666884567622
 30
0.0
 11
17.2872980484732
 21
-9.56062719172521
 31
0.0
  0
LINE
  8
3
  6
CONTINUOUS
 62
3
 10
17.2872980484732
 20
-9.56062719172521
 30
0.0
 11
17.2680271515616
 21
-9.60468964722041
 31
0.0
  0
LINE
  8
3
  6
CONTINUOUS
 62
3
 10
17.2680271515616
 20
-9.60468964722041
 30
0.0
 11
17.2500062037874
 21
-9.6486479932694
 31
0.0
  0
LINE
  8
3
  6
CONTINUOUS
 62
3
 10
17.2500062037874
 20
-9.6486479932694
 30
0.0
 11
17.235110446748
 21
-9.69198136474971
 31
0.0
  0
LINE
  8
3
  6
CONTINUOUS
 62
3
 10
17.235110446748
 20
-9.69198136474971
 30
0.0
 11
17.2251105357576
 21
-9.7345854932694
 31
0.0
  0
LINE
  8
3
  6
CONTINUOUS
 62
3
 10
17.2251105357576
 20
-9.7345854932694
 30
0.0
 11
17.2218813945222
 21
-9.77604394104365
 31
0.0
  0
LINE
  8
3
  6
CONTINUOUS
 62
3
 10
17.2218813945222
 20
-9.77604394104365
 30
0.0
 11
17.2274022151399
 21
-9.81614801234289
 31
0.0
  0
LINE
  8
3
  6
CONTINUOUS
 62
3
 10
17.2274022151399
 20
-9.81614801234289
 30
0.0
 11
17.2434439708162
 21
-9.85448142832799
 31
0.0
  0
LINE
  8
3
  6
CONTINUOUS
 62
3
 10
17.2434439708162
 20
-9.85448142832799
 30
0.0
 11
17.2784438182283
 21
-9.91135633931839
 31
0.0
  0
LINE
  8
3
  6
CONTINUOUS
 62
3
 10
17.2784438182283
 20
-9.91135633931839
 30
0.0
 11
17.3066728958854
 21
-9.95073132660273
 31
0.0
  0
LINE
  8
3
  6
CONTINUOUS
 62
3
 10
17.3066728958854
 20
-9.95073132660273
 30
0.0
 11
17.3308396388459
 21
-9.97635639653885
 31
0.0
  0
LINE
  8
3
  6
CONTINUOUS
 62
3
 10
17.3308396388459
 20
-9.97635639653885
 30
0.0
 11
17.353235408601
 21
-9.99198139653885
 31
0.0
  0
LINE
  8
3
  6
CONTINUOUS
 62
3
 10
17.353235408601
 20
-9.99198139653885
 30
0.0
 11
17.3764646897086
 21
-10.0011481140682
 31
0.0
  0
LINE
  8
3
  6
CONTINUOUS
 62
3
 10
17.3764646897086
 20
-10.0011481140682
 30
0.0
 11
17.4027145752677
 21
-10.0076063965389
 31
0.0
  0
LINE
  8
3
  6
CONTINUOUS
 62
3
 10
17.4027145752677
 20
-10.0076063965389
 30
0.0
 11
17.4346938182283
 21
-10.0150021408626
 31
0.0
  0
LINE
  8
3
  6
CONTINUOUS
 62
3
 10
17.4346938182283
 20
-10.0150021408626
 30
0.0
 11
17.4746937800813
 21
-10.0269814028967
 31
0.0
  0
LINE
  8
3
  6
CONTINUOUS
 62
3
 10
17.4746937800813
 20
-10.0269814028967
 30
0.0
 11
17.525110408601
 21
-10.0470855727423
 31
0.0
  0
LINE
  8
3
  6
CONTINUOUS
 62
3
 10
17.525110408601
 20
-10.0470855727423
 30
0.0
 11
17.5886521388459
 21
-10.0791688456762
 31
0.0
  0
LINE
  8
3
  6
CONTINUOUS
 62
3
 10
17.5886521388459
 20
-10.0791688456762
 30
0.0
 11
17.6572979340323
 21
-10.1188563997178
 31
0.0
  0
LINE
  8
3
  6
CONTINUOUS
 62
3
 10
17.6572979340323
 20
-10.1188563997178
 30
0.0
 11
17.7246937800813
 21
-10.1606271758306
 31
0.0
  0
LINE
  8
3
  6
CONTINUOUS
 62
3
 10
17.7246937800813
 20
-10.1606271758306
 30
0.0
 11
17.7909437864391
 21
-10.2042730345953
 31
0.0
  0
LINE
  8
3
  6
CONTINUOUS
 62
3
 10
17.7909437864391
 20
-10.2042730345953
 30
0.0
 11
17.8562563309439
 21
-10.2493772203354
 31
0.0
  0
LINE
  8
3
  6
CONTINUOUS
 62
3
 10
17.8562563309439
 20
-10.2493772203354
 30
0.0
 11
17.9209437419343
 21
-10.2956271662939
 31
0.0
  0
LINE
  8
3
  6
CONTINUOUS
 62
3
 10
17.9209437419343
 20
-10.2956271662939
 30
0.0
 11
17.985110446748
 21
-10.342606355213
 31
0.0
  0
LINE
  8
3
  6
CONTINUOUS
 62
3
 10
17.985110446748
 20
-10.342606355213
 30
0.0
 11
18.0489646642772
 21
-10.3900022203354
 31
0.0
  0
LINE
  8
3
  6
CONTINUOUS
 62
3
 10
18.0489646642772
 20
-10.3900022203354
 30
0.0
 11
18.1127146134146
 21
-10.4376063838232
 31
0.0
  0
LINE
  8
3
  6
CONTINUOUS
 62
3
 10
18.1127146134146
 20
-10.4376063838232
 30
0.0
 11
18.1766729403902
 21
-10.4848980600266
 31
0.0
  0
LINE
  8
3
  6
CONTINUOUS
 62
3
 10
18.1766729403902
 20
-10.4848980600266
 30
0.0
 11
18.24094375465
 21
-10.5316688711075
 31
0.0
  0
LINE
  8
3
  6
CONTINUOUS
 62
3
 10
18.24094375465
 20
-10.5316688711075
 30
0.0
 11
18.3058397024243
 21
-10.5776064092545
 31
0.0
  0
LINE
  8
3
  6
CONTINUOUS
 62
3
 10
18.3058397024243
 20
-10.5776064092545
 30
0.0
 11
18.6127146134146
 21
-10.6360438361395
 31
0.0
  0
LINE
  8
3
  6
CONTINUOUS
 62
3
 10
18.6127146134146
 20
-10.6360438361395
 30
0.0
 11
18.6366729785371
 21
-10.6302105282375
 31
0.0
  0
LINE
  8
3
  6
CONTINUOUS
 62
3
 10
18.6366729785371
 20
-10.6302105282375
 30
0.0
 11
18.6825062482922
 21
-10.6205230250586
 31
0.0
  0
LINE
  8
3
  6
CONTINUOUS
 62
3
 10
18.6825062482922
 20
-10.6205230250586
 30
0.0
 11
18.8176105071473
 21
-10.5928147330511
 31
0.0
  0
LINE
  8
3
  6
CONTINUOUS
 62
3
 10
18.8176105071473
 20
-10.5928147330511
 30
0.0
 11
18.8958396165935
 21
-10.5765646790096
 31
0.0
  0
LINE
  8
3
  6
CONTINUOUS
 62
3
 10
18.8958396165935
 20
-10.5765646790096
 30
0.0
 11
18.9740688055126
 21
-10.5598980282375
 31
0.0
  0
LINE
  8
3
  6
CONTINUOUS
 62
3
 10
18.9740688055126
 20
-10.5598980282375
 30
0.0
 11
19.0466729848949
 21
-10.5436480536688
 31
0.0
  0
LINE
  8
3
  6
CONTINUOUS
 62
3
 10
19.0466729848949
 20
-10.5436480536688
 30
0.0
 11
19.1081313341228
 21
-10.5287522171565
 31
0.0
  0
LINE
  8
3
  6
CONTINUOUS
 62
3
 10
19.1081313341228
 20
-10.5287522171565
 30
0.0
 11
19.1529229531058
 21
-10.5159396821885
 31
0.0
  0
LINE
  8
3
  6
CONTINUOUS
 62
3
 10
19.1529229531058
 20
-10.5159396821885
 30
0.0
 11
19.1757354785371
 21
-10.5061480695634
 31
0.0
  0
LINE
  8
3
  6
CONTINUOUS
 62
3
 10
19.1757354785371
 20
-10.5061480695634
 30
0.0
 11
19.2101105103263
 21
-10.4786480759212
 31
0.0
  0
LINE
  8
3
  6
CONTINUOUS
 62
3
 10
19.2101105103263
 20
-10.4786480759212
 30
0.0
 11
19.279068792797
 21
-10.4239605759212
 31
0.0
  0
LINE
  8
3
  6
CONTINUOUS
 62
3
 10
19.279068792797
 20
-10.4239605759212
 30
0.0
 11
19.3134438245861
 21
-10.3964605028061
 31
0.0
  0
LINE
  8
3
  6
CONTINUOUS
 62
3
 10
19.3134438245861
 20
-10.3964605028061
 30
0.0
 11
19.3476104785371
 21
-10.3687522107987
 31
0.0
  0
LINE
  8
3
  6
CONTINUOUS
 62
3
 10
19.3476104785371
 20
-10.3687522107987
 30
0.0
 11
19.3814646452038
 21
-10.3406272425878
 31
0.0
  0
LINE
  8
3
  6
CONTINUOUS
 62
3
 10
19.3814646452038
 20
-10.3406272425878
 30
0.0
 11
19.4147979864844
 21
-10.3119814092545
 31
0.0
  0
LINE
  8
3
  6
CONTINUOUS
 62
3
 10
19.4147979864844
 20
-10.3119814092545
 30
0.0
 11
19.4477146515616
 21
-10.2828147107987
 31
0.0
  0
LINE
  8
3
  6
CONTINUOUS
 62
3
 10
19.4477146515616
 20
-10.2828147107987
 30
0.0
 11
19.4799021531511
 21
-10.2529188488551
 31
0.0
  0
LINE
  8
3
  6
CONTINUOUS
 62
3
 10
19.4799021531511
 20
-10.2529188488551
 30
0.0
 11
19.5112563023337
 21
-10.2222939028967
 31
0.0
  0
LINE
  8
3
  6
CONTINUOUS
 62
3
 10
19.5112563023337
 20
-10.2222939028967
 30
0.0
 11
19.5617771595089
 21
-10.1672938361395
 31
0.0
  0
LINE
  8
3
  6
CONTINUOUS
 62
3
 10
19.5617771595089
 20
-10.1672938361395
 30
0.0
 11
19.6086521595089
 21
-10.1078146790096
 31
0.0
  0
LINE
  8
3
  6
CONTINUOUS
 62
3
 10
19.6086521595089
 20
-10.1078146790096
 30
0.0
 11
19.6518813023337
 21
-10.0441688393184
 31
0.0
  0
LINE
  8
3
  6
CONTINUOUS
 62
3
 10
19.6518813023337
 20
-10.0441688393184
 30
0.0
 11
19.6914646674562
 21
-9.97687726166133
 31
0.0
  0
LINE
  8
3
  6
CONTINUOUS
 62
3
 10
19.6914646674562
 20
-9.97687726166133
 30
0.0
 11
19.7272979864844
 21
-9.90625227437699
 31
0.0
  0
LINE
  8
3
  6
CONTINUOUS
 62
3
 10
19.7272979864844
 20
-9.90625227437699
 30
0.0
 11
19.7594854880739
 21
-9.83271047419592
 31
0.0
  0
LINE
  8
3
  6
CONTINUOUS
 62
3
 10
19.7594854880739
 20
-9.83271047419592
 30
0.0
 11
19.7880271523563
 21
-9.75677304413203
 31
0.0
  0
LINE
  8
3
  6
CONTINUOUS
 62
3
 10
19.7880271523563
 20
-9.75677304413203
 30
0.0
 11
19.8127146610983
 21
-9.67875215357824
 31
0.0
  0
LINE
  8
3
  6
CONTINUOUS
 62
3
 10
19.8127146610983
 20
-9.67875215357824
 30
0.0
 11
19.8337563126652
 21
-9.59916882660273
 31
0.0
  0
LINE
  8
3
  6
CONTINUOUS
 62
3
 10
19.8337563126652
 20
-9.59916882660273
 30
0.0
 11
19.8510479777424
 21
-9.51823144104365
 31
0.0
  0
LINE
  8
3
  6
CONTINUOUS
 62
3
 10
19.8510479777424
 20
-9.51823144104365
 30
0.0
 11
19.8644854872791
 21
-9.43656465357824
 31
0.0
  0
LINE
  8
3
  6
CONTINUOUS
 62
3
 10
19.8644854872791
 20
-9.43656465357824
 30
0.0
 11
19.8742771595089
 21
-9.354481428328
 31
0.0
  0
LINE
  8
3
  6
CONTINUOUS
 62
3
 10
19.8742771595089
 20
-9.354481428328
 30
0.0
 11
19.88021465633
 21
-9.27239804413203
 31
0.0
  0
LINE
  8
3
  6
CONTINUOUS
 62
3
 10
19.88021465633
 20
-9.27239804413203
 30
0.0
 11
19.8824021467932
 21
-9.19062714722041
 31
0.0
  0
LINE
  8
3
  6
CONTINUOUS
 62
3
 10
19.8824021467932
 20
-9.19062714722041
 30
0.0
 11
19.8806313126652
 21
-9.10979387110754
 31
0.0
  0
LINE
  8
3
  6
CONTINUOUS
 62
3
 10
19.8806313126652
 20
-9.10979387110754
 30
0.0
 11
19.8752146610983
 21
-9.03021054413203
 31
0.0
  0
LINE
  8
3
  6
CONTINUOUS
 62
3
 10
19.8752146610983
 20
-9.03021054413203
 30
0.0
 11
19.8658396452038
 21
-8.95229392197017
 31
0.0
  0
LINE
  8
3
  6
CONTINUOUS
 62
3
 10
19.8658396452038
 20
-8.95229392197017
 30
0.0
 11
19.852610493637
 21
-8.87635633296057
 31
0.0
  0
LINE
  8
3
  6
CONTINUOUS
 62
3
 10
19.852610493637
 20
-8.87635633296057
 30
0.0
 11
19.8355271467932
 21
-8.80291880117142
 31
0.0
  0
LINE
  8
3
  6
CONTINUOUS
 62
3
 10
19.8355271467932
 20
-8.80291880117142
 30
0.0
 11
19.8145896444091
 21
-8.73239808227901
 31
0.0
  0
LINE
  8
3
  6
CONTINUOUS
 62
3
 10
19.8145896444091
 20
-8.73239808227901
 30
0.0
 11
19.7970896610983
 21
-8.68093956456864
 31
0.0
  0
LINE
  8
3
  6
CONTINUOUS
 62
3
 10
19.7970896610983
 20
-8.68093956456864
 30
0.0
 11
19.7766729841002
 21
-8.62458567764644
 31
0.0
  0
LINE
  8
3
  6
CONTINUOUS
 62
3
 10
19.7766729841002
 20
-8.62458567764644
 30
0.0
 11
19.7533396531511
 21
-8.56489806320552
 31
0.0
  0
LINE
  8
3
  6
CONTINUOUS
 62
3
 10
19.7533396531511
 20
-8.56489806320552
 30
0.0
 11
19.726881310281
 21
-8.50343979345048
 31
0.0
  0
LINE
  8
3
  6
CONTINUOUS
 62
3
 10
19.726881310281
 20
-8.50343979345048
 30
0.0
 11
19.6972979753582
 21
-8.44156476801916
 31
0.0
  0
LINE
  8
3
  6
CONTINUOUS
 62
3
 10
19.6972979753582
 20
-8.44156476801916
 30
0.0
 11
19.664381310281
 21
-8.38093969172521
 31
0.0
  0
LINE
  8
3
  6
CONTINUOUS
 62
3
 10
19.664381310281
 20
-8.38093969172521
 30
0.0
 11
19.6282355039684
 21
-8.32302305048986
 31
0.0
  0
LINE
  8
3
  6
CONTINUOUS
 62
3
 10
19.6282355039684
 20
-8.32302305048986
 30
0.0
 11
19.5886521388459
 21
-8.26927301234289
 31
0.0
  0
LINE
  8
3
  6
CONTINUOUS
 62
3
 10
19.5886521388459
 20
-8.26927301234289
 30
0.0
 11
19.5455271452038
 21
-8.22146055048986
 31
0.0
  0
LINE
  8
3
  6
CONTINUOUS
 62
3
 10
19.5455271452038
 20
-8.22146055048986
 30
0.0
 11
19.4987563341228
 21
-8.18083561406815
 31
0.0
  0
LINE
  8
3
  6
CONTINUOUS
 62
3
 10
19.4987563341228
 20
-8.18083561406815
 30
0.0
 11
19.4687563229967
 21
-8.1619814728328
 31
0.0
  0
LINE
  8
3
  6
CONTINUOUS
 62
3
 10
19.4687563229967
 20
-8.1619814728328
 30
0.0
 11
19.4343813309439
 21
-8.14614793604894
 31
0.0
  0
LINE
  8
3
  6
CONTINUOUS
 62
3
 10
19.4343813309439
 20
-8.14614793604894
 30
0.0
 11
19.3976105103263
 21
-8.13198142197016
 31
0.0
  0
LINE
  8
3
  6
CONTINUOUS
 62
3
 10
19.3976105103263
 20
-8.13198142197016
 30
0.0
 11
19.3599021483827
 21
-8.11864810135249
 31
0.0
  0
LINE
  8
3
  6
CONTINUOUS
 62
3
 10
19.3599021483827
 20
-8.11864810135249
 30
0.0
 11
19.323131327765
 21
-8.10500229345048
 31
0.0
  0
LINE
  8
3
  6
CONTINUOUS
 62
3
 10
19.323131327765
 20
-8.10500229345048
 30
0.0
 11
19.288860484895
 21
-8.09000226801914
 31
0.0
  0
LINE
  8
3
  6
CONTINUOUS
 62
3
 10
19.288860484895
 20
-8.09000226801914
 30
0.0
 11
19.2587563245861
 21
-8.07260629481359
 31
0.0
  0
LINE
  8
3
  6
CONTINUOUS
 62
3
 10
19.2587563245861
 20
-8.07260629481359
 30
0.0
 11
19.2346938500174
 21
-8.05166901097977
 31
0.0
  0
LINE
  8
3
  6
CONTINUOUS
 62
3
 10
19.2346938500174
 20
-8.05166901097977
 30
0.0
 11
19.2181313086915
 21
-8.02625231888178
 31
0.0
  0
LINE
  8
3
  6
CONTINUOUS
 62
3
 10
19.2181313086915
 20
-8.02625231888178
 30
0.0
 11
19.210839673814
 21
-7.99521053777422
 31
0.0
  0
LINE
  8
3
  6
CONTINUOUS
 62
3
 10
19.210839673814
 20
-7.99521053777422
 30
0.0
 11
19.2099021324881
 21
-7.94031481888178
 31
0.0
  0
LINE
  8
3
  6
CONTINUOUS
 62
3
 10
19.2099021324881
 20
-7.94031481888178
 30
0.0
 11
19.2128187864391
 21
-7.88562731888178
 31
0.0
  0
LINE
  8
3
  6
CONTINUOUS
 62
3
 10
19.2128187864391
 20
-7.88562731888178
 30
0.0
 11
19.2189646610983
 21
-7.83093981888178
 31
0.0
  0
LINE
  8
3
  6
CONTINUOUS
 62
3
 10
19.2189646610983
 20
-7.83093981888178
 30
0.0
 11
19.227402135667
 21
-7.77635626938229
 31
0.0
  0
LINE
  8
3
  6
CONTINUOUS
 62
3
 10
19.227402135667
 20
-7.77635626938229
 30
0.0
 11
19.2372980166841
 21
-7.72187730616615
 31
0.0
  0
LINE
  8
3
  6
CONTINUOUS
 62
3
 10
19.2372980166841
 20
-7.72187730616615
 30
0.0
 11
19.2477146833508
 21
-7.66739802505855
 31
0.0
  0
LINE
  8
3
  6
CONTINUOUS
 62
3
 10
19.2477146833508
 20
-7.66739802505855
 30
0.0
 11
19.2578187832602
 21
-7.61281479345048
 31
0.0
  0
LINE
  8
3
  6
CONTINUOUS
 62
3
 10
19.2578187832602
 20
-7.61281479345048
 30
0.0
 11
19.2667771229514
 21
-7.55812729345048
 31
0.0
  0
LINE
  8
3
  6
CONTINUOUS
 62
3
 10
19.2667771229514
 20
-7.55812729345048
 30
0.0
 11
19.2737563500174
 21
-7.50333552505855
 31
0.0
  0
LINE
  8
3
  6
CONTINUOUS
 62
3
 10
19.2737563500174
 20
-7.50333552505855
 30
0.0
 11
19.2778188436596
 21
-7.44843980616615
 31
0.0
  0
LINE
  8
3
  6
CONTINUOUS
 62
3
 10
19.2778188436596
 20
-7.44843980616615
 30
0.0
 11
19.2802146324881
 21
-7.3644814982641
 31
0.0
  0
LINE
  8
3
  6
CONTINUOUS
 62
3
 10
19.2802146324881
 20
-7.3644814982641
 30
0.0
 11
19.2800063341228
 21
-7.28093962814694
 31
0.0
  0
LINE
  8
3
  6
CONTINUOUS
 62
3
 10
19.2800063341228
 20
-7.28093962814694
 30
0.0
 11
19.2774021674562
 21
-7.19771056320552
 31
0.0
  0
LINE
  8
3
  6
CONTINUOUS
 62
3
 10
19.2774021674562
 20
-7.19771056320552
 30
0.0
 11
19.2722980230419
 21
-7.11479398554847
 31
0.0
  0
LINE
  8
3
  6
CONTINUOUS
 62
3
 10
19.2722980230419
 20
-7.11479398554847
 30
0.0
 11
19.2645896324881
 21
-7.03229384567623
 31
0.0
  0
LINE
  8
3
  6
CONTINUOUS
 62
3
 10
19.2645896324881
 20
-7.03229384567623
 30
0.0
 11
19.2543813436596
 21
-6.95010651097977
 31
0.0
  0
LINE
  8
3
  6
CONTINUOUS
 62
3
 10
19.2543813436596
 20
-6.95010651097977
 30
0.0
 11
19.2415688086915
 21
-6.86833561406816
 31
0.0
  0
LINE
  8
3
  6
CONTINUOUS
 62
3
 10
19.2415688086915
 20
-6.86833561406816
 30
0.0
 11
19.2262562959759
 21
-6.7869814728328
 31
0.0
  0
LINE
  8
3
  6
CONTINUOUS
 62
3
 10
19.2262562959759
 20
-6.7869814728328
 30
0.0
 11
19.2083396165935
 21
-6.70593981888178
 31
0.0
  0
LINE
  8
3
  6
CONTINUOUS
 62
3
 10
19.2083396165935
 20
-6.70593981888178
 30
0.0
 11
19.1877146610983
 21
-6.6253146027156
 31
0.0
  0
LINE
  8
3
  6
CONTINUOUS
 62
3
 10
19.1877146610983
 20
-6.6253146027156
 30
0.0
 11
19.1644854594636
 21
-6.54510646011713
 31
0.0
  0
LINE
  8
3
  6
CONTINUOUS
 62
3
 10
19.1644854594636
 20
-6.54510646011713
 30
0.0
 11
19.1386521706351
 21
-6.46521048691158
 31
0.0
  0
LINE
  8
3
  6
CONTINUOUS
 62
3
 10
19.1386521706351
 20
-6.46521048691158
 30
0.0
 11
19.1168812959759
 21
-6.40083556320552
 31
0.0
  0
LINE
  8
3
  6
CONTINUOUS
 62
3
 10
19.1168812959759
 20
-6.40083556320552
 30
0.0
 11
19.1058396547405
 21
-6.36854383296056
 31
0.0
  0
LINE
  8
3
  6
CONTINUOUS
 62
3
 10
19.1058396547405
 20
-6.36854383296056
 30
0.0
 11
19.0943813373018
 21
-6.33635637110753
 31
0.0
  0
LINE
  8
3
  6
CONTINUOUS
 62
3
 10
19.0943813373018
 20
-6.33635637110753
 30
0.0
 11
19.0822979658215
 21
-6.30448139653886
 31
0.0
  0
LINE
  8
3
  6
CONTINUOUS
 62
3
 10
19.0822979658215
 20
-6.30448139653886
 30
0.0
 11
19.0692771324881
 21
-6.27302317764642
 31
0.0
  0
LINE
  8
3
  6
CONTINUOUS
 62
3
 10
19.0692771324881
 20
-6.27302317764642
 30
0.0
 11
19.0551104594636
 21
-6.2422938838232
 31
0.0
  0
LINE
  8
3
  6
CONTINUOUS
 62
3
 10
19.0551104594636
 20
-6.2422938838232
 30
0.0
 11
19.0396938373018
 21
-6.21218956456863
 31
0.0
  0
LINE
  8
3
  6
CONTINUOUS
 62
3
 10
19.0396938373018
 20
-6.21218956456863
 30
0.0
 11
19.0226105103263
 21
-6.18312729345048
 31
0.0
  0
LINE
  8
3
  6
CONTINUOUS
 62
3
 10
19.0226105103263
 20
-6.18312729345048
 30
0.0
 11
19.0038604785371
 21
-6.15510643468583
 31
0.0
  0
LINE
  8
3
  6
CONTINUOUS
 62
3
 10
19.0038604785371
 20
-6.15510643468583
 30
0.0
 11
18.9810479531058
 21
-6.12979401097977
 31
0.0
  0
LINE
  8
3
  6
CONTINUOUS
 62
3
 10
18.9810479531058
 20
-6.12979401097977
 30
0.0
 11
18.953027173814
 21
-6.10739792333327
 31
0.0
  0
LINE
  8
3
  6
CONTINUOUS
 62
3
 10
18.953027173814
 20
-6.10739792333327
 30
0.0
 11
18.9215687959759
 21
-6.0868770772843
 31
0.0
  0
LINE
  8
3
  6
CONTINUOUS
 62
3
 10
18.9215687959759
 20
-6.0868770772843
 30
0.0
 11
18.8557354658215
 21
-6.04823133296056
 31
0.0
  0
LINE
  8
3
  6
CONTINUOUS
 62
3
 10
18.8557354658215
 20
-6.04823133296056
 30
0.0
 11
18.8252146293092
 21
-6.02843972987217
 31
0.0
  0
LINE
  8
3
  6
CONTINUOUS
 62
3
 10
18.8252146293092
 20
-6.02843972987217
 30
0.0
 11
18.7988604753582
 21
-6.00718995875402
 31
0.0
  0
LINE
  8
3
  6
CONTINUOUS
 62
3
 10
18.7988604753582
 20
-6.00718995875402
 30
0.0
 11
18.7784438182283
 21
-5.98354392197016
 31
0.0
  0
LINE
  8
3
  6
CONTINUOUS
 62
3
 10
18.7784438182283
 20
-5.98354392197016
 30
0.0
 11
18.7658396610983
 21
-5.95677301234288
 31
0.0
  0
LINE
  8
3
  6
CONTINUOUS
 62
3
 10
18.7658396610983
 20
-5.95677301234288
 30
0.0
 11
18.7630271165935
 21
-5.92593945012772
 31
0.0
  0
LINE
  8
3
  6
CONTINUOUS
 62
3
 10
18.7630271165935
 20
-5.92593945012772
 30
0.0
 11
18.7706313182283
 21
-5.84760654912674
 31
0.0
  0
LINE
  8
3
  6
CONTINUOUS
 62
3
 10
18.7706313182283
 20
-5.84760654912674
 30
0.0
 11
18.7803188214072
 21
-5.76958581751867
 31
0.0
  0
LINE
  8
3
  6
CONTINUOUS
 62
3
 10
18.7803188214072
 20
-5.76958581751867
 30
0.0
 11
18.791881327765
 21
-5.69156445012772
 31
0.0
  0
LINE
  8
3
  6
CONTINUOUS
 62
3
 10
18.791881327765
 20
-5.69156445012772
 30
0.0
 11
18.8047979721793
 21
-5.61364798691158
 31
0.0
  0
LINE
  8
3
  6
CONTINUOUS
 62
3
 10
18.8047979721793
 20
-5.61364798691158
 30
0.0
 11
18.8188604562847
 21
-5.53583579208737
 31
0.0
  0
LINE
  8
3
  6
CONTINUOUS
 62
3
 10
18.8188604562847
 20
-5.53583579208737
 30
0.0
 11
18.8335479944317
 21
-5.45802296148024
 31
0.0
  0
LINE
  8
3
  6
CONTINUOUS
 62
3
 10
18.8335479944317
 20
-5.45802296148024
 30
0.0
 11
18.8633396674562
 21
-5.30250220444087
 31
0.0
  0
LINE
  8
3
  6
CONTINUOUS
 62
3
 10
18.8633396674562
 20
-5.30250220444087
 30
0.0
 11
18.8777146388459
 21
-5.22469000961666
 31
0.0
  0
LINE
  8
3
  6
CONTINUOUS
 62
3
 10
18.8777146388459
 20
-5.22469000961666
 30
0.0
 11
18.8912563373018
 21
-5.14687717900953
 31
0.0
  0
LINE
  8
3
  6
CONTINUOUS
 62
3
 10
18.8912563373018
 20
-5.14687717900953
 30
0.0
 11
18.9035480071474
 21
-5.06885644740146
 31
0.0
  0
LINE
  8
3
  6
CONTINUOUS
 62
3
 10
18.9035480071474
 20
-5.06885644740146
 30
0.0
 11
18.9141729721793
 21
-4.99083571579339
 31
0.0
  0
LINE
  8
3
  6
CONTINUOUS
 62
3
 10
18.9141729721793
 20
-4.99083571579339
 30
0.0
 11
18.9228188245861
 21
-4.91271071579339
 31
0.0
  0
LINE
  8
3
  6
CONTINUOUS
 62
3
 10
18.9228188245861
 20
-4.91271071579339
 30
0.0
 11
18.9291729976106
 21
-4.83437717900957
 31
0.0
  0
LINE
  8
3
  6
CONTINUOUS
 62
3
 10
18.9291729976106
 20
-4.83437717900957
 30
0.0
 11
18.9340688436596
 21
-4.74114788518631
 31
0.0
  0
LINE
  8
3
  6
CONTINUOUS
 62
3
 10
18.9340688436596
 20
-4.74114788518631
 30
0.0
 11
18.934485519863
 21
-4.68750243332272
 31
0.0
  0
LINE
  8
3
  6
CONTINUOUS
 62
3
 10
18.934485519863
 20
-4.68750243332272
 30
0.0
 11
18.9310480007895
 21
-4.66364785975501
 31
0.0
  0
LINE
  8
3
  6
CONTINUOUS
 62
3
 10
18.9310480007895
 20
-4.66364785975501
 30
0.0
 11
18.9242771515616
 21
-4.65989801234288
 31
0.0
  0
LINE
  8
3
  6
CONTINUOUS
 62
3
 10
18.9242771515616
 20
-4.65989801234288
 30
0.0
 11
18.9146938373018
 21
-4.66666909998938
 31
0.0
  0
LINE
  8
3
  6
CONTINUOUS
 62
3
 10
18.9146938373018
 20
-4.66666909998938
 30
0.0
 11
18.9030271420249
 21
-4.67427306320552
 31
0.0
  0
LINE
  8
3
  6
CONTINUOUS
 62
3
 10
18.9030271420249
 20
-4.67427306320552
 30
0.0
 11
18.8896938214072
 21
-4.67302311406816
 31
0.0
  0
LINE
  8
3
  6
CONTINUOUS
 62
3
 10
18.8896938214072
 20
-4.67302311406816
 30
0.0
 11
18.8753188500174
 21
-4.65323119308831
 31
0.0
  0
LINE
  8
3
  6
CONTINUOUS
 62
3
 10
18.8753188500174
 20
-4.65323119308831
 30
0.0
 11
18.8604230135052
 21
-4.60531478073481
 31
0.0
  0
LINE
  8
3
  6
CONTINUOUS
 62
3
 10
18.8604230135052
 20
-4.60531478073481
 30
0.0
 11
18.8457354753582
 21
-4.51958581751867
 31
0.0
  0
LINE
  8
3
  6
CONTINUOUS
 62
3
 10
18.8457354753582
 20
-4.51958581751867
 30
0.0
 11
18.8432354976106
 21
-4.45375240789138
 31
0.0
  0
LINE
  8
3
  6
CONTINUOUS
 62
3
 10
18.8432354976106
 20
-4.45375240789138
 30
0.0
 11
18.849485481716
 21
-4.37896081751867
 31
0.0
  0
LINE
  8
3
  6
CONTINUOUS
 62
3
 10
18.849485481716
 20
-4.37896081751867
 30
0.0
 11
18.8606313118704
 21
-4.29791884567623
 31
0.0
  0
LINE
  8
3
  6
CONTINUOUS
 62
3
 10
18.8606313118704
 20
-4.29791884567623
 30
0.0
 11
18.8727146833508
 21
-4.21354409998938
 31
0.0
  0
LINE
  8
3
  6
CONTINUOUS
 62
3
 10
18.8727146833508
 20
-4.21354409998938
 30
0.0
 11
18.8820896197725
 21
-4.12864801234288
 31
0.0
  0
LINE
  8
3
  6
CONTINUOUS
 62
3
 10
18.8820896197725
 20
-4.12864801234288
 30
0.0
 11
18.8846937864391
 21
-4.04604392197016
 31
0.0
  0
LINE
  8
3
  6
CONTINUOUS
 62
3
 10
18.8846937864391
 20
-4.04604392197016
 30
0.0
 11
18.8768812864391
 21
-3.96843962814694
 31
0.0
  0
LINE
  8
3
  6
CONTINUOUS
 62
3
 10
18.8768812864391
 20
-3.96843962814694
 30
0.0
 11
18.8545896261303
 21
-3.8987521027156
 31
0.0
  0
LINE
  8
3
  6
CONTINUOUS
 62
3
 10
18.8545896261303
 20
-3.8987521027156
 30
0.0
 11
18.8141729880739
 21
-3.83979404912674
 31
0.0
  0
LINE
  8
3
  6
CONTINUOUS
 62
3
 10
18.8141729880739
 20
-3.83979404912674
 30
0.0
 11
18.7516729880739
 21
-3.79427326665603
 31
0.0
  0
LINE
  8
3
  6
CONTINUOUS
 62
3
 10
18.7516729880739
 20
-3.79427326665603
 30
0.0
 11
18.6633396197725
 21
-3.76521035975501
 31
0.0
  0
LINE
  8
3
  6
CONTINUOUS
 62
3
 10
18.6633396197725
 20
-3.76521035975501
 30
0.0
 11
18.6236521452038
 21
-3.75698142197016
 31
0.0
  0
LINE
  8
3
  6
CONTINUOUS
 62
3
 10
18.6236521452038
 20
-3.75698142197016
 30
0.0
 11
18.5743813563752
 21
-3.74708546148024
 31
0.0
  0
LINE
  8
3
  6
CONTINUOUS
 62
3
 10
18.5743813563752
 20
-3.74708546148024
 30
0.0
 11
18.5182355293997
 21
-3.73771084294997
 31
0.0
  0
LINE
  8
3
  6
CONTINUOUS
 62
3
 10
18.5182355293997
 20
-3.73771084294997
 30
0.0
 11
18.4581313182283
 21
-3.73083548691158
 31
0.0
  0
LINE
  8
3
  6
CONTINUOUS
 62
3
 10
18.4581313182283
 20
-3.73083548691158
 30
0.0
 11
18.3967771579195
 21
-3.72885629481359
 31
0.0
  0
LINE
  8
3
  6
CONTINUOUS
 62
3
 10
18.3967771579195
 20
-3.72885629481359
 30
0.0
 11
18.3370897024243
 21
-3.73375245875402
 31
0.0
  0
LINE
  8
3
  6
CONTINUOUS
 62
3
 10
18.3370897024243
 20
-3.73375245875402
 30
0.0
 11
18.2818813373018
 21
-3.74771043604894
 31
0.0
  0
LINE
  8
3
  6
CONTINUOUS
 62
3
 10
18.2818813373018
 20
-3.74771043604894
 30
0.0
 11
18.2338604976106
 21
-3.77302285975501
 31
0.0
  0
LINE
  8
3
  6
CONTINUOUS
 62
3
 10
18.2338604976106
 20
-3.77302285975501
 30
0.0
 11
18.1959438373018
 21
-3.81177319036209
 31
0.0
  0
LINE
  8
3
  6
CONTINUOUS
 62
3
 10
18.1959438373018
 20
-3.81177319036209
 30
0.0
 11
18.1709437419343
 21
-3.86604361679438
 31
0.0
  0
LINE
  8
3
  6
CONTINUOUS
 62
3
 10
18.1709437419343
 20
-3.86604361679438
 30
0.0
 11
18.1581312864391
 21
-3.9150020772843
 31
0.0
  0
LINE
  8
3
  6
CONTINUOUS
 62
3
 10
18.1581312864391
 20
-3.9150020772843
 30
0.0
 11
18.1468812673656
 21
-3.96437697555902
 31
0.0
  0
LINE
  8
3
  6
CONTINUOUS
 62
3
 10
18.1468812673656
 20
-3.96437697555902
 30
0.0
 11
18.1366729785371
 21
-4.01406467900953
 31
0.0
  0
LINE
  8
3
  6
CONTINUOUS
 62
3
 10
18.1366729785371
 20
-4.01406467900953
 30
0.0
 11
18.1172979721793
 21
-4.11375225530351
 31
0.0
  0
LINE
  8
3
  6
CONTINUOUS
 62
3
 10
18.1172979721793
 20
-4.11375225530351
 30
0.0
 11
18.1070896833508
 21
-4.16343995875402
 31
0.0
  0
LINE
  8
3
  6
CONTINUOUS
 62
3
 10
18.1070896833508
 20
-4.16343995875402
 30
0.0
 11
18.0958396642773
 21
-4.21281485702875
 31
0.0
  0
LINE
  8
3
  6
CONTINUOUS
 62
3
 10
18.0958396642773
 20
-4.21281485702875
 30
0.0
 11
18.0831313182283
 21
-4.26166904912674
 31
0.0
  0
LINE
  8
3
  6
CONTINUOUS
 62
3
 10
18.0831313182283
 20
-4.26166904912674
 30
0.0
 11
18.0683396706351
 21
-4.30989826665603
 31
0.0
  0
LINE
  8
3
  6
CONTINUOUS
 62
3
 10
18.0683396706351
 20
-4.30989826665603
 30
0.0
 11
18.0510479658215
 21
-4.3572939728328
 31
0.0
  0
LINE
  8
3
  6
CONTINUOUS
 62
3
 10
18.0510479658215
 20
-4.3572939728328
 30
0.0
 11
18.0395897278556
 21
-4.38062720444087
 31
0.0
  0
LINE
  8
3
  6
CONTINUOUS
 62
3
 10
18.0395897278556
 20
-4.38062720444087
 30
0.0
 11
18.0252146769929
 21
-4.40229404912674
 31
0.0
  0
LINE
  8
3
  6
CONTINUOUS
 62
3
 10
18.0252146769929
 20
-4.40229404912674
 30
0.0
 11
18.008547946748
 21
-4.42271030889237
 31
0.0
  0
LINE
  8
3
  6
CONTINUOUS
 62
3
 10
18.008547946748
 20
-4.42271030889237
 30
0.0
 11
17.9904230484732
 21
-4.44218942469638
 31
0.0
  0
LINE
  8
3
  6
CONTINUOUS
 62
3
 10
17.9904230484732
 20
-4.44218942469638
 30
0.0
 11
17.9527146070568
 21
-4.48052331751867
 31
0.0
  0
LINE
  8
3
  6
CONTINUOUS
 62
3
 10
17.9527146070568
 20
-4.48052331751867
 30
0.0
 11
17.9345897087821
 21
-4.50000243332268
 31
0.0
  0
LINE
  8
3
  6
CONTINUOUS
 62
3
 10
17.9345897087821
 20
-4.50000243332268
 30
0.0
 11
17.9179229785371
 21
-4.52041869308831
 31
0.0
  0
LINE
  8
3
  6
CONTINUOUS
 62
3
 10
17.9179229785371
 20
-4.52041869308831
 30
0.0
 11
17.9034438182283
 21
-4.54208553777422
 31
0.0
  0
LINE
  8
3
  6
CONTINUOUS
 62
3
 10
17.9034438182283
 20
-4.54208553777422
 30
0.0
 11
17.8918813118704
 21
-4.56531450099036
 31
0.0
  0
LINE
  8
3
  6
CONTINUOUS
 62
3
 10
17.8918813118704
 20
-4.56531450099036
 30
0.0
 11
17.8808396706351
 21
-4.59646023259843
 31
0.0
  0
LINE
  8
3
  6
CONTINUOUS
 62
3
 10
17.8808396706351
 20
-4.59646023259843
 30
0.0
 11
17.8720897087821
 21
-4.62823157455804
 31
0.0
  0
LINE
  8
3
  6
CONTINUOUS
 62
3
 10
17.8720897087821
 20
-4.62823157455804
 30
0.0
 11
17.8651105611889
 21
-4.66052298691158
 31
0.0
  0
LINE
  8
3
  6
CONTINUOUS
 62
3
 10
17.8651105611889
 20
-4.66052298691158
 30
0.0
 11
17.8596938500174
 21
-4.6932314728328
 31
0.0
  0
LINE
  8
3
  6
CONTINUOUS
 62
3
 10
17.8596938500174
 20
-4.6932314728328
 30
0.0
 11
17.8554229785371
 21
-4.72635639653886
 31
0.0
  0
LINE
  8
3
  6
CONTINUOUS
 62
3
 10
17.8554229785371
 20
-4.72635639653886
 30
0.0
 11
17.8517770816255
 21
-4.75948132024489
 31
0.0
  0
LINE
  8
3
  6
CONTINUOUS
 62
3
 10
17.8517770816255
 20
-4.75948132024489
 30
0.0
 11
17.8449022024243
 21
-4.82614824122473
 31
0.0
  0
LINE
  8
3
  6
CONTINUOUS
 62
3
 10
17.8449022024243
 20
-4.82614824122473
 30
0.0
 11
17.8408397087821
 21
-4.85916889653886
 31
0.0
  0
LINE
  8
3
  6
CONTINUOUS
 62
3
 10
17.8408397087821
 20
-4.85916889653886
 30
0.0
 11
17.8358395943411
 21
-4.89208528346103
 31
0.0
  0
LINE
  8
3
  6
CONTINUOUS
 62
3
 10
17.8358395943411
 20
-4.89208528346103
 30
0.0
 11
17.8227146515616
 21
-4.97000238246009
 31
0.0
  0
LINE
  8
3
  6
CONTINUOUS
 62
3
 10
17.8227146515616
 20
-4.97000238246009
 30
0.0
 11
17.8102146833508
 21
-5.04812738246009
 31
0.0
  0
LINE
  8
3
  6
CONTINUOUS
 62
3
 10
17.8102146833508
 20
-5.04812738246009
 30
0.0
 11
17.7736520816255
 21
-5.28260665085201
 31
0.0
  0
LINE
  8
3
  6
CONTINUOUS
 62
3
 10
17.7736520816255
 20
-5.28260665085201
 30
0.0
 11
17.7612563818066
 21
-5.36073165085201
 31
0.0
  0
LINE
  8
3
  6
CONTINUOUS
 62
3
 10
17.7612563818066
 20
-5.36073165085201
 30
0.0
 11
17.7484437673656
 21
-5.43875238246008
 31
0.0
  0
LINE
  8
3
  6
CONTINUOUS
 62
3
 10
17.7484437673656
 20
-5.43875238246008
 30
0.0
 11
17.7349022278556
 21
-5.51666884567623
 31
0.0
  0
LINE
  8
3
  6
CONTINUOUS
 62
3
 10
17.7349022278556
 20
-5.51666884567623
 30
0.0
 11
17.7205271769929
 21
-5.59437740789138
 31
0.0
  0
LINE
  8
3
  6
CONTINUOUS
 62
3
 10
17.7205271769929
 20
-5.59437740789138
 30
0.0
 11
17.7052146642773
 21
-5.67187743332272
 31
0.0
  0
LINE
  8
3
  6
CONTINUOUS
 62
3
 10
17.7052146642773
 20
-5.67187743332272
 30
0.0
 11
17.6886522024243
 21
-5.74916892197016
 31
0.0
  0
LINE
  8
3
  6
CONTINUOUS
 62
3
 10
17.6886522024243
 20
-5.74916892197016
 30
0.0
 11
17.6817771642773
 21
-5.76479392197016
 31
0.0
  0
LINE
  8
3
  6
CONTINUOUS
 62
3
 10
21.267496982355
 20
-3.0985002942754
 30
0.0
 11
21.2671848129621
 21
-3.0985002942754
 31
0.0
  0
LINE
  8
3
  6
CONTINUOUS
 62
3
 10
21.2671848129621
 20
-3.0985002942754
 30
0.0
 11
21.2669762761782
 21
-3.09839602588347
 31
0.0
  0
LINE
  8
3
  6
CONTINUOUS
 62
3
 10
21.2669762761782
 20
-3.09839602588347
 30
0.0
 11
21.2667683751772
 21
-3.09839602588347
 31
0.0
  0
LINE
  8
3
  6
CONTINUOUS
 62
3
 10
21.2667683751772
 20
-3.09839602588347
 30
0.0
 11
21.2665598383934
 21
-3.09829175749154
 31
0.0
  0
LINE
  8
3
  6
CONTINUOUS
 62
3
 10
21.2665598383934
 20
-3.09829175749154
 30
0.0
 11
21.2662470332176
 21
-3.09829175749154
 31
0.0
  0
LINE
  8
3
  6
CONTINUOUS
 62
3
 10
21.2662470332176
 20
-3.09829175749154
 30
0.0
 11
21.2660391322166
 21
-3.09818748909961
 31
0.0
  0
LINE
  8
3
  6
CONTINUOUS
 62
3
 10
21.2660391322166
 20
-3.09818748909961
 30
0.0
 11
21.2658305954328
 21
-3.09818748909961
 31
0.0
  0
LINE
  8
3
  6
CONTINUOUS
 62
3
 10
21.2658305954328
 20
-3.09818748909961
 30
0.0
 11
21.265517790257
 21
-3.09808385649056
 31
0.0
  0
LINE
  8
3
  6
CONTINUOUS
 62
3
 10
21.265517790257
 20
-3.09808385649056
 30
0.0
 11
21.265309889256
 21
-3.09808385649056
 31
0.0
  0
LINE
  8
3
  6
CONTINUOUS
 62
3
 10
21.265309889256
 20
-3.09808385649056
 30
0.0
 11
21.2651013524722
 21
-3.09797958809863
 31
0.0
  0
LINE
  8
3
  6
CONTINUOUS
 62
3
 10
21.2651013524722
 20
-3.09797958809863
 30
0.0
 11
21.18322650506
 21
-3.08954211352997
 31
0.0
  0
LINE
  8
3
  6
CONTINUOUS
 62
3
 10
21.18322650506
 20
-3.08954211352997
 30
0.0
 11
21.101351657648
 21
-3.09829175749154
 31
0.0
  0
LINE
  8
3
  6
CONTINUOUS
 62
3
 10
21.101351657648
 20
-3.09829175749154
 30
0.0
 11
21.023122389256
 21
-3.12391698637339
 31
0.0
  0
LINE
  8
3
  6
CONTINUOUS
 62
3
 10
21.023122389256
 20
-3.12391698637339
 30
0.0
 11
20.9519763779035
 21
-3.1651672152552
 31
0.0
  0
LINE
  8
3
  6
CONTINUOUS
 62
3
 10
20.9519763779035
 20
-3.1651672152552
 30
0.0
 11
20.8909348638247
 21
-3.22037542143197
 31
0.0
  0
LINE
  8
3
  6
CONTINUOUS
 62
3
 10
20.8909348638247
 20
-3.22037542143197
 30
0.0
 11
20.8426013779035
 21
-3.2870417066289
 31
0.0
  0
LINE
  8
3
  6
CONTINUOUS
 62
3
 10
20.8426013779035
 20
-3.2870417066289
 30
0.0
 11
20.8092679174136
 21
-3.36235463896127
 31
0.0
  0
LINE
  8
3
  6
CONTINUOUS
 62
3
 10
20.8092679174136
 20
-3.36235463896127
 30
0.0
 11
20.7923929682762
 21
-3.4428752688441
 31
0.0
  0
LINE
  8
3
  6
CONTINUOUS
 62
3
 10
20.7923929682762
 20
-3.4428752688441
 30
0.0
 11
20.7924972366681
 21
-3.5251671898239
 31
0.0
  0
LINE
  8
3
  6
CONTINUOUS
 62
3
 10
20.7924972366681
 20
-3.5251671898239
 30
0.0
 11
20.8097886235903
 21
-3.6056878197067
 31
0.0
  0
LINE
  8
3
  6
CONTINUOUS
 62
3
 10
20.8097886235903
 20
-3.6056878197067
 30
0.0
 11
20.843434889256
 21
-3.6807922152552
 31
0.0
  0
LINE
  8
3
  6
CONTINUOUS
 62
3
 10
20.843434889256
 20
-3.6807922152552
 30
0.0
 11
20.8918720077863
 21
-3.74725059945119
 31
0.0
  0
LINE
  8
3
  6
CONTINUOUS
 62
3
 10
20.8918720077863
 20
-3.74725059945119
 30
0.0
 11
20.9532263270408
 21
-3.8022502688441
 31
0.0
  0
LINE
  8
3
  6
CONTINUOUS
 62
3
 10
20.9532263270408
 20
-3.8022502688441
 30
0.0
 11
21.0245808751772
 21
-3.84329196094205
 31
0.0
  0
LINE
  8
3
  6
CONTINUOUS
 62
3
 10
21.0245808751772
 20
-3.84329196094205
 30
0.0
 11
21.1029137761782
 21
-3.86850011625619
 31
0.0
  0
LINE
  8
3
  6
CONTINUOUS
 62
3
 10
21.1029137761782
 20
-3.86850011625619
 30
0.0
 11
21.1144761235903
 21
-3.87100001453095
 31
0.0
  0
LINE
  8
3
  6
CONTINUOUS
 62
3
 10
21.1144761235903
 20
-3.87100001453095
 30
0.0
 11
21.1183308751772
 21
-3.87172925749154
 31
0.0
  0
LINE
  8
3
  6
CONTINUOUS
 62
3
 10
21.1183308751772
 20
-3.87172925749154
 30
0.0
 11
21.1337473383934
 21
-3.87506266711883
 31
0.0
  0
LINE
  8
3
  6
CONTINUOUS
 62
3
 10
21.1337473383934
 20
-3.87506266711883
 30
0.0
 11
21.1376014541974
 21
-3.87579191007945
 31
0.0
  0
LINE
  8
3
  6
CONTINUOUS
 62
3
 10
21.1376014541974
 20
-3.87579191007945
 30
0.0
 11
21.1413513016095
 21
-3.87662542143197
 31
0.0
  0
LINE
  8
3
  6
CONTINUOUS
 62
3
 10
21.1413513016095
 20
-3.87662542143197
 30
0.0
 11
21.1545806717267
 21
-3.87922958809863
 31
0.0
  0
LINE
  8
3
  6
CONTINUOUS
 62
3
 10
21.1545806717267
 20
-3.87922958809863
 30
0.0
 11
21.1678100418439
 21
-3.88131304858855
 31
0.0
  0
LINE
  8
3
  6
CONTINUOUS
 62
3
 10
21.1678100418439
 20
-3.88131304858855
 30
0.0
 11
21.1811430445702
 21
-3.88287516711883
 31
0.0
  0
LINE
  8
3
  6
CONTINUOUS
 62
3
 10
21.1811430445702
 20
-3.88287516711883
 30
0.0
 11
21.1945803156883
 21
-3.88412511625619
 31
0.0
  0
LINE
  8
3
  6
CONTINUOUS
 62
3
 10
21.1945803156883
 20
-3.88412511625619
 30
0.0
 11
21.2079139541974
 21
-3.88485435921682
 31
0.0
  0
LINE
  8
3
  6
CONTINUOUS
 62
3
 10
21.2079139541974
 20
-3.88485435921682
 30
0.0
 11
21.2213512253156
 21
-3.88506289600068
 31
0.0
  0
LINE
  8
3
  6
CONTINUOUS
 62
3
 10
21.2213512253156
 20
-3.88506289600068
 30
0.0
 11
21.2347891322166
 21
-3.88485435921682
 31
0.0
  0
LINE
  8
3
  6
CONTINUOUS
 62
3
 10
21.2347891322166
 20
-3.88485435921682
 30
0.0
 11
21.2482264033348
 21
-3.88422938464812
 31
0.0
  0
LINE
  8
3
  6
CONTINUOUS
 62
3
 10
21.2482264033348
 20
-3.88422938464812
 30
0.0
 11
21.2615600418439
 21
-3.88318797229461
 31
0.0
  0
LINE
  8
3
  6
CONTINUOUS
 62
3
 10
21.2615600418439
 20
-3.88318797229461
 30
0.0
 11
21.2748930445702
 21
-3.88162521798146
 31
0.0
  0
LINE
  8
3
  6
CONTINUOUS
 62
3
 10
21.2748930445702
 20
-3.88162521798146
 30
0.0
 11
21.3295805445702
 21
-9.66297948637338
 31
0.0
  0
LINE
  8
3
  6
CONTINUOUS
 62
3
 10
21.3295805445702
 20
-9.66297948637338
 30
0.0
 11
21.3298933497459
 21
-9.74589606403044
 31
0.0
  0
LINE
  8
3
  6
CONTINUOUS
 62
3
 10
21.3298933497459
 20
-9.74589606403044
 30
0.0
 11
21.3292683751772
 21
-9.82881280063323
 31
0.0
  0
LINE
  8
3
  6
CONTINUOUS
 62
3
 10
21.3292683751772
 20
-9.82881280063323
 30
0.0
 11
21.328017790257
 21
-9.91183364668222
 31
0.0
  0
LINE
  8
3
  6
CONTINUOUS
 62
3
 10
21.328017790257
 20
-9.91183364668222
 30
0.0
 11
21.3263514033348
 21
-9.99485449273121
 31
0.0
  0
LINE
  8
3
  6
CONTINUOUS
 62
3
 10
21.3263514033348
 20
-9.99485449273121
 30
0.0
 11
21.3226015559227
 21
-10.1610002942754
 31
0.0
  0
LINE
  8
3
  6
CONTINUOUS
 62
3
 10
21.3226015559227
 20
-10.1610002942754
 30
0.0
 11
21.3209345332176
 21
-10.2440211403244
 31
0.0
  0
LINE
  8
3
  6
CONTINUOUS
 62
3
 10
21.3209345332176
 20
-10.2440211403244
 30
0.0
 11
21.3196845840802
 21
-10.3270419863734
 31
0.0
  0
LINE
  8
3
  6
CONTINUOUS
 62
3
 10
21.3196845840802
 20
-10.3270419863734
 30
0.0
 11
21.3190596095115
 21
-10.4099585640305
 31
0.0
  0
LINE
  8
3
  6
CONTINUOUS
 62
3
 10
21.3190596095115
 20
-10.4099585640305
 30
0.0
 11
21.3193724146873
 21
-10.4928753006332
 31
0.0
  0
LINE
  8
3
  6
CONTINUOUS
 62
3
 10
21.3193724146873
 20
-10.4928753006332
 30
0.0
 11
21.3207266322166
 21
-10.575792037236
 31
0.0
  0
LINE
  8
3
  6
CONTINUOUS
 62
3
 10
21.3207266322166
 20
-10.575792037236
 30
0.0
 11
21.3234344314923
 21
-10.6585002370549
 31
0.0
  0
LINE
  8
3
  6
CONTINUOUS
 62
3
 10
21.3234344314923
 20
-10.6585002370549
 30
0.0
 11
21.3276013524722
 21
-10.7412085958196
 31
0.0
  0
LINE
  8
3
  6
CONTINUOUS
 62
3
 10
21.3276013524722
 20
-10.7412085958196
 30
0.0
 11
21.3335389287661
 21
-10.8238127656652
 31
0.0
  0
LINE
  8
3
  6
CONTINUOUS
 62
3
 10
21.3335389287661
 20
-10.8238127656652
 30
0.0
 11
21.3413514287661
 21
-10.9063128260646
 31
0.0
  0
LINE
  8
3
  6
CONTINUOUS
 62
3
 10
21.3413514287661
 20
-10.9063128260646
 30
0.0
 11
21.347393273452
 21
-10.9499586053563
 31
0.0
  0
LINE
  8
3
  6
CONTINUOUS
 62
3
 10
21.347393273452
 20
-10.9499586053563
 30
0.0
 11
21.3564557225893
 21
-10.9943336276087
 31
0.0
  0
LINE
  8
3
  6
CONTINUOUS
 62
3
 10
21.3564557225893
 20
-10.9943336276087
 30
0.0
 11
21.3685387761782
 21
-11.0387086498611
 31
0.0
  0
LINE
  8
3
  6
CONTINUOUS
 62
3
 10
21.3685387761782
 20
-11.0387086498611
 30
0.0
 11
21.3838516067853
 21
-11.0823544291529
 31
0.0
  0
LINE
  8
3
  6
CONTINUOUS
 62
3
 10
21.3838516067853
 20
-11.0823544291529
 30
0.0
 11
21.4022889923444
 21
-11.1245419609421
 31
0.0
  0
LINE
  8
3
  6
CONTINUOUS
 62
3
 10
21.4022889923444
 20
-11.1245419609421
 30
0.0
 11
21.4241640559227
 21
-11.1645419227951
 31
0.0
  0
LINE
  8
3
  6
CONTINUOUS
 62
3
 10
21.4241640559227
 20
-11.1645419227951
 30
0.0
 11
21.4494764796287
 21
-11.2014169323318
 31
0.0
  0
LINE
  8
3
  6
CONTINUOUS
 62
3
 10
21.4494764796287
 20
-11.2014169323318
 30
0.0
 11
21.4782262634626
 21
-11.2346461244298
 31
0.0
  0
LINE
  8
3
  6
CONTINUOUS
 62
3
 10
21.4782262634626
 20
-11.2346461244298
 30
0.0
 11
21.5106222620995
 21
-11.2632919577632
 31
0.0
  0
LINE
  8
3
  6
CONTINUOUS
 62
3
 10
21.5106222620995
 20
-11.2632919577632
 30
0.0
 11
21.5468723765404
 21
-11.2867294577632
 31
0.0
  0
LINE
  8
3
  6
CONTINUOUS
 62
3
 10
21.5468723765404
 20
-11.2867294577632
 30
0.0
 11
21.5819764923444
 21
-11.3064169514053
 31
0.0
  0
LINE
  8
3
  6
CONTINUOUS
 62
3
 10
21.5819764923444
 20
-11.3064169514053
 30
0.0
 11
21.616872389256
 21
-11.3272502847387
 31
0.0
  0
LINE
  8
3
  6
CONTINUOUS
 62
3
 10
21.616872389256
 20
-11.3272502847387
 30
0.0
 11
21.6517679682762
 21
-11.3485002942754
 31
0.0
  0
LINE
  8
3
  6
CONTINUOUS
 62
3
 10
21.6517679682762
 20
-11.3485002942754
 30
0.0
 11
21.6867681335797
 21
-11.3696461148931
 31
0.0
  0
LINE
  8
3
  6
CONTINUOUS
 62
3
 10
21.6867681335797
 20
-11.3696461148931
 30
0.0
 11
21.7219765177757
 21
-11.3899586625768
 31
0.0
  0
LINE
  8
3
  6
CONTINUOUS
 62
3
 10
21.7219765177757
 20
-11.3899586625768
 30
0.0
 11
21.7577056081484
 21
-11.4090211419139
 31
0.0
  0
LINE
  8
3
  6
CONTINUOUS
 62
3
 10
21.7577056081484
 20
-11.4090211419139
 30
0.0
 11
21.7940596730898
 21
-11.4260002799703
 31
0.0
  0
LINE
  8
3
  6
CONTINUOUS
 62
3
 10
21.7940596730898
 20
-11.4260002799703
 30
0.0
 11
21.8311429809918
 21
-11.4405836291982
 31
0.0
  0
LINE
  8
3
  6
CONTINUOUS
 62
3
 10
21.8311429809918
 20
-11.4405836291982
 30
0.0
 11
21.8691637507469
 21
-11.4519377974543
 31
0.0
  0
LINE
  8
3
  6
CONTINUOUS
 62
3
 10
21.8691637507469
 20
-11.4519377974543
 30
0.0
 11
21.9082262507469
 21
-11.4595419593526
 31
0.0
  0
LINE
  8
3
  6
CONTINUOUS
 62
3
 10
21.9082262507469
 20
-11.4595419593526
 30
0.0
 11
21.9196846476585
 21
-11.45943781017
 31
0.0
  0
LINE
  8
3
  6
CONTINUOUS
 62
3
 10
21.9196846476585
 20
-11.45943781017
 30
0.0
 11
22.0042679301292
 21
-11.4588127958649
 31
0.0
  0
LINE
  8
3
  6
CONTINUOUS
 62
3
 10
22.0042679301292
 20
-11.4588127958649
 30
0.0
 11
22.0726015559227
 21
-11.4581877815597
 31
0.0
  0
LINE
  8
3
  6
CONTINUOUS
 62
3
 10
22.0726015559227
 20
-11.4581877815597
 30
0.0
 11
22.1552056462954
 21
-11.4575628069911
 31
0.0
  0
LINE
  8
3
  6
CONTINUOUS
 62
3
 10
22.1552056462954
 20
-11.4575628069911
 30
0.0
 11
22.2497888397565
 21
-11.4567294545842
 31
0.0
  0
LINE
  8
3
  6
CONTINUOUS
 62
3
 10
22.2497888397565
 20
-11.4567294545842
 30
0.0
 11
22.58166400506
 21
-11.4540211387349
 31
0.0
  0
LINE
  8
3
  6
CONTINUOUS
 62
3
 10
22.58166400506
 20
-11.4540211387349
 30
0.0
 11
22.7005182098737
 21
-11.4529794482264
 31
0.0
  0
LINE
  8
3
  6
CONTINUOUS
 62
3
 10
22.7005182098737
 20
-11.4529794482264
 30
0.0
 11
23.0492680064232
 21
-11.450166943458
 31
0.0
  0
LINE
  8
3
  6
CONTINUOUS
 62
3
 10
23.0492680064232
 20
-11.450166943458
 30
0.0
 11
23.1551013779035
 21
-11.4492294418686
 31
0.0
  0
LINE
  8
3
  6
CONTINUOUS
 62
3
 10
23.1551013779035
 20
-11.4492294418686
 30
0.0
 11
23.3369762888939
 21
-11.4477711148931
 31
0.0
  0
LINE
  8
3
  6
CONTINUOUS
 62
3
 10
23.3369762888939
 20
-11.4477711148931
 30
0.0
 11
23.4084347875308
 21
-11.4471461403244
 31
0.0
  0
LINE
  8
3
  6
CONTINUOUS
 62
3
 10
23.4084347875308
 20
-11.4471461403244
 30
0.0
 11
23.5165598383934
 21
-11.4463127879176
 31
0.0
  0
LINE
  8
3
  6
CONTINUOUS
 62
3
 10
23.5165598383934
 20
-11.4463127879176
 30
0.0
 11
23.5293721349429
 21
-11.4463127879176
 31
0.0
  0
LINE
  8
3
  6
CONTINUOUS
 62
3
 10
23.5293721349429
 20
-11.4463127879176
 30
0.0
 11
23.6374971858055
 21
-11.4471461403244
 31
0.0
  0
LINE
  8
3
  6
CONTINUOUS
 62
3
 10
23.6374971858055
 20
-11.4471461403244
 30
0.0
 11
23.7089556844424
 21
-11.4477711148931
 31
0.0
  0
LINE
  8
3
  6
CONTINUOUS
 62
3
 10
23.7089556844424
 20
-11.4477711148931
 30
0.0
 11
23.8908305954328
 21
-11.4492294418686
 31
0.0
  0
LINE
  8
3
  6
CONTINUOUS
 62
3
 10
23.8908305954328
 20
-11.4492294418686
 30
0.0
 11
23.9966639669131
 21
-11.450166943458
 31
0.0
  0
LINE
  8
3
  6
CONTINUOUS
 62
3
 10
23.9966639669131
 20
-11.450166943458
 30
0.0
 11
24.3454139224083
 21
-11.4529794482264
 31
0.0
  0
LINE
  8
3
  6
CONTINUOUS
 62
3
 10
24.3454139224083
 20
-11.4529794482264
 30
0.0
 11
24.4642681272219
 21
-11.4540211387349
 31
0.0
  0
LINE
  8
3
  6
CONTINUOUS
 62
3
 10
24.4642681272219
 20
-11.4540211387349
 30
0.0
 11
24.7961431335797
 21
-11.4567294545842
 31
0.0
  0
LINE
  8
3
  6
CONTINUOUS
 62
3
 10
24.7961431335797
 20
-11.4567294545842
 30
0.0
 11
24.8907263270408
 21
-11.4575628069911
 31
0.0
  0
LINE
  8
3
  6
CONTINUOUS
 62
3
 10
24.8907263270408
 20
-11.4575628069911
 30
0.0
 11
24.9733305763593
 21
-11.4581877815597
 31
0.0
  0
LINE
  8
3
  6
CONTINUOUS
 62
3
 10
24.9733305763593
 20
-11.4581877815597
 30
0.0
 11
25.0416638842613
 21
-11.4588127958649
 31
0.0
  0
LINE
  8
3
  6
CONTINUOUS
 62
3
 10
25.0416638842613
 20
-11.4588127958649
 30
0.0
 11
25.126247166732
 21
-11.45943781017
 31
0.0
  0
LINE
  8
3
  6
CONTINUOUS
 62
3
 10
25.126247166732
 20
-11.45943781017
 30
0.0
 11
25.1377055636436
 21
-11.4595419593526
 31
0.0
  0
LINE
  8
3
  6
CONTINUOUS
 62
3
 10
25.1377055636436
 20
-11.4595419593526
 30
0.0
 11
25.1767680636436
 21
-11.4519377974543
 31
0.0
  0
LINE
  8
3
  6
CONTINUOUS
 62
3
 10
25.1767680636436
 20
-11.4519377974543
 30
0.0
 11
25.2147888333987
 21
-11.4405836291982
 31
0.0
  0
LINE
  8
3
  6
CONTINUOUS
 62
3
 10
25.2147888333987
 20
-11.4405836291982
 30
0.0
 11
25.2518723002464
 21
-11.4260002799703
 31
0.0
  0
LINE
  8
3
  6
CONTINUOUS
 62
3
 10
25.2518723002464
 20
-11.4260002799703
 30
0.0
 11
25.2882263651878
 21
-11.4090211419139
 31
0.0
  0
LINE
  8
3
  6
CONTINUOUS
 62
3
 10
25.2882263651878
 20
-11.4090211419139
 30
0.0
 11
25.3239556145063
 21
-11.3899586625768
 31
0.0
  0
LINE
  8
3
  6
CONTINUOUS
 62
3
 10
25.3239556145063
 20
-11.3899586625768
 30
0.0
 11
25.3591638397565
 21
-11.3696461148931
 31
0.0
  0
LINE
  8
3
  6
CONTINUOUS
 62
3
 10
25.3591638397565
 20
-11.3696461148931
 30
0.0
 11
25.3941638461143
 21
-11.3485002942754
 31
0.0
  0
LINE
  8
3
  6
CONTINUOUS
 62
3
 10
25.3941638461143
 20
-11.3485002942754
 30
0.0
 11
25.429059743026
 21
-11.3272502847387
 31
0.0
  0
LINE
  8
3
  6
CONTINUOUS
 62
3
 10
25.429059743026
 20
-11.3272502847387
 30
0.0
 11
25.4639555604647
 21
-11.3064169514053
 31
0.0
  0
LINE
  8
3
  6
CONTINUOUS
 62
3
 10
25.4639555604647
 20
-11.3064169514053
 30
0.0
 11
25.4991638651878
 21
-11.2867294577632
 31
0.0
  0
LINE
  8
3
  6
CONTINUOUS
 62
3
 10
25.4991638651878
 20
-11.2867294577632
 30
0.0
 11
25.5353097112368
 21
-11.2632919577632
 31
0.0
  0
LINE
  8
3
  6
CONTINUOUS
 62
3
 10
25.5353097112368
 20
-11.2632919577632
 30
0.0
 11
25.567705550928
 21
-11.2346461244298
 31
0.0
  0
LINE
  8
3
  6
CONTINUOUS
 62
3
 10
25.567705550928
 20
-11.2346461244298
 30
0.0
 11
25.5965597620994
 21
-11.2014169323318
 31
0.0
  0
LINE
  8
3
  6
CONTINUOUS
 62
3
 10
25.5965597620994
 20
-11.2014169323318
 30
0.0
 11
25.6217680763593
 21
-11.1645419227951
 31
0.0
  0
LINE
  8
3
  6
CONTINUOUS
 62
3
 10
25.6217680763593
 20
-11.1645419227951
 30
0.0
 11
25.6436430604647
 21
-11.1245419609421
 31
0.0
  0
LINE
  8
3
  6
CONTINUOUS
 62
3
 10
25.6436430604647
 20
-11.1245419609421
 30
0.0
 11
25.6620806049695
 21
-11.0823544291529
 31
0.0
  0
LINE
  8
3
  6
CONTINUOUS
 62
3
 10
25.6620806049695
 20
-11.0823544291529
 30
0.0
 11
25.6773930382123
 21
-11.0387086498611
 31
0.0
  0
LINE
  8
3
  6
CONTINUOUS
 62
3
 10
25.6773930382123
 20
-11.0387086498611
 30
0.0
 11
25.6894764096926
 21
-10.9943336276087
 31
0.0
  0
LINE
  8
3
  6
CONTINUOUS
 62
3
 10
25.6894764096926
 20
-10.9943336276087
 30
0.0
 11
25.6985389383028
 21
-10.9499586053563
 31
0.0
  0
LINE
  8
3
  6
CONTINUOUS
 62
3
 10
25.6985389383028
 20
-10.9499586053563
 30
0.0
 11
25.7045805445701
 21
-10.9063128260646
 31
0.0
  0
LINE
  8
3
  6
CONTINUOUS
 62
3
 10
25.7045805445701
 20
-10.9063128260646
 30
0.0
 11
25.7124972334892
 21
-10.8238127656652
 31
0.0
  0
LINE
  8
3
  6
CONTINUOUS
 62
3
 10
25.7124972334892
 20
-10.8238127656652
 30
0.0
 11
25.7183305413912
 21
-10.7412085958196
 31
0.0
  0
LINE
  8
3
  6
CONTINUOUS
 62
3
 10
25.7183305413912
 20
-10.7412085958196
 30
0.0
 11
25.7224972239525
 21
-10.6585002370549
 31
0.0
  0
LINE
  8
3
  6
CONTINUOUS
 62
3
 10
25.7224972239525
 20
-10.6585002370549
 30
0.0
 11
25.7252055795382
 21
-10.575792037236
 31
0.0
  0
LINE
  8
3
  6
CONTINUOUS
 62
3
 10
25.7252055795382
 20
-10.575792037236
 30
0.0
 11
25.7265597175946
 21
-10.4928753006332
 31
0.0
  0
LINE
  8
3
  6
CONTINUOUS
 62
3
 10
25.7265597175946
 20
-10.4928753006332
 30
0.0
 11
25.726872204879
 21
-10.4099585640305
 31
0.0
  0
LINE
  8
3
  6
CONTINUOUS
 62
3
 10
25.726872204879
 20
-10.4099585640305
 30
0.0
 11
25.7262472303103
 21
-10.3270419863734
 31
0.0
  0
LINE
  8
3
  6
CONTINUOUS
 62
3
 10
25.7262472303103
 20
-10.3270419863734
 30
0.0
 11
25.7249972017001
 21
-10.2440211403244
 31
0.0
  0
LINE
  8
3
  6
CONTINUOUS
 62
3
 10
25.7249972017001
 20
-10.2440211403244
 30
0.0
 11
25.7233305763593
 21
-10.1610002942754
 31
0.0
  0
LINE
  8
3
  6
CONTINUOUS
 62
3
 10
25.7233305763593
 20
-10.1610002942754
 30
0.0
 11
25.7195805700015
 21
-9.99485449273121
 31
0.0
  0
LINE
  8
3
  6
CONTINUOUS
 62
3
 10
25.7195805700015
 20
-9.99485449273121
 30
0.0
 11
25.7179138651878
 21
-9.91183364668222
 31
0.0
  0
LINE
  8
3
  6
CONTINUOUS
 62
3
 10
25.7179138651878
 20
-9.91183364668222
 30
0.0
 11
25.7166639160504
 21
-9.82881280063323
 31
0.0
  0
LINE
  8
3
  6
CONTINUOUS
 62
3
 10
25.7166639160504
 20
-9.82881280063323
 30
0.0
 11
25.7160389414818
 21
-9.74589606403044
 31
0.0
  0
LINE
  8
3
  6
CONTINUOUS
 62
3
 10
25.7160389414818
 20
-9.74589606403044
 30
0.0
 11
25.7163514287661
 21
-9.66297948637338
 31
0.0
  0
LINE
  8
3
  6
CONTINUOUS
 62
3
 10
25.7163514287661
 20
-9.66297948637338
 30
0.0
 11
25.7714556049695
 21
-3.8406877942754
 31
0.0
  0
LINE
  8
3
  6
CONTINUOUS
 62
3
 10
25.7714556049695
 20
-3.8406877942754
 30
0.0
 11
25.7717680922539
 21
-3.8022502688441
 31
0.0
  0
LINE
  8
3
  6
CONTINUOUS
 62
3
 10
25.7717680922539
 20
-3.8022502688441
 30
0.0
 11
25.8562472652784
 21
-3.79881259082489
 31
0.0
  0
LINE
  8
3
  6
CONTINUOUS
 62
3
 10
25.8562472652784
 20
-3.79881259082489
 30
0.0
 11
25.9379138937981
 21
-3.7775628197067
 31
0.0
  0
LINE
  8
3
  6
CONTINUOUS
 62
3
 10
25.9379138937981
 20
-3.7775628197067
 30
0.0
 11
26.0132264287661
 21
-3.73922956266733
 31
0.0
  0
LINE
  8
3
  6
CONTINUOUS
 62
3
 10
26.0132264287661
 20
-3.73922956266733
 30
0.0
 11
26.0786430827171
 21
-3.68579201180469
 31
0.0
  0
LINE
  8
3
  6
CONTINUOUS
 62
3
 10
26.0786430827171
 20
-3.68579201180469
 30
0.0
 11
26.1311430525174
 21
-3.61954216439261
 31
0.0
  0
LINE
  8
3
  6
CONTINUOUS
 62
3
 10
26.1311430525174
 20
-3.61954216439261
 30
0.0
 11
26.1683305890749
 21
-3.54370852588347
 31
0.0
  0
LINE
  8
3
  6
CONTINUOUS
 62
3
 10
26.1683305890749
 20
-3.54370852588347
 30
0.0
 11
26.1884347191841
 21
-3.46162514168753
 31
0.0
  0
LINE
  8
3
  6
CONTINUOUS
 62
3
 10
26.1884347191841
 20
-3.46162514168753
 30
0.0
 11
26.1906222493838
 21
-3.37714612760875
 31
0.0
  0
LINE
  8
3
  6
CONTINUOUS
 62
3
 10
26.1906222493838
 20
-3.37714612760875
 30
0.0
 11
26.174684722363
 21
-3.29422923206024
 31
0.0
  0
LINE
  8
3
  6
CONTINUOUS
 62
3
 10
26.174684722363
 20
-3.29422923206024
 30
0.0
 11
26.1414555700015
 21
-3.21652130562792
 31
0.0
  0
LINE
  8
3
  6
CONTINUOUS
 62
3
 10
26.1414555700015
 20
-3.21652130562792
 30
0.0
 11
26.0923930795382
 21
-3.14777092415819
 31
0.0
  0
LINE
  8
3
  6
CONTINUOUS
 62
3
 10
26.0923930795382
 20
-3.14777092415819
 30
0.0
 11
26.0297888906191
 21
-3.09100059945119
 31
0.0
  0
LINE
  8
3
  6
CONTINUOUS
 62
3
 10
26.0297888906191
 20
-3.09100059945119
 30
0.0
 11
26.0265597493838
 21
-3.08870860217741
 31
0.0
  0
LINE
  8
3
  6
CONTINUOUS
 62
3
 10
26.0265597493838
 20
-3.08870860217741
 30
0.0
 11
26.0234347175946
 21
-3.08641724068654
 31
0.0
  0
LINE
  8
3
  6
CONTINUOUS
 62
3
 10
26.0234347175946
 20
-3.08641724068654
 30
0.0
 11
26.0202055763593
 21
-3.08412524341276
 31
0.0
  0
LINE
  8
3
  6
CONTINUOUS
 62
3
 10
26.0202055763593
 20
-3.08412524341276
 30
0.0
 11
26.0170805445701
 21
-3.0818338819219
 31
0.0
  0
LINE
  8
3
  6
CONTINUOUS
 62
3
 10
26.0170805445701
 20
-3.0818338819219
 30
0.0
 11
26.0138514033348
 21
-3.07943761625619
 31
0.0
  0
LINE
  8
3
  6
CONTINUOUS
 62
3
 10
26.0138514033348
 20
-3.07943761625619
 30
0.0
 11
26.0107263715456
 21
-3.07714625476532
 31
0.0
  0
LINE
  8
3
  6
CONTINUOUS
 62
3
 10
26.0107263715456
 20
-3.07714625476532
 30
0.0
 11
26.0042680890749
 21
-3.0725628960007
 31
0.0
  0
LINE
  8
3
  6
CONTINUOUS
 62
3
 10
26.0042680890749
 20
-3.0725628960007
 30
0.0
 11
26.0011430572858
 21
-3.0701672661178
 31
0.0
  0
LINE
  8
3
  6
CONTINUOUS
 62
3
 10
26.0011430572858
 20
-3.0701672661178
 30
0.0
 11
25.9979139160504
 21
-3.0678752688441
 31
0.0
  0
LINE
  8
3
  6
CONTINUOUS
 62
3
 10
25.9979139160504
 20
-3.0678752688441
 30
0.0
 11
25.9785389096926
 21
-3.0546458987269
 31
0.0
  0
LINE
  8
3
  6
CONTINUOUS
 62
3
 10
25.9785389096926
 20
-3.0546458987269
 30
0.0
 11
25.958434739847
 21
-3.04266711353
 31
0.0
  0
LINE
  8
3
  6
CONTINUOUS
 62
3
 10
25.958434739847
 20
-3.04266711353
 30
0.0
 11
25.9377055954328
 21
-3.0318333732956
 31
0.0
  0
LINE
  8
3
  6
CONTINUOUS
 62
3
 10
25.9377055954328
 20
-3.0318333732956
 30
0.0
 11
25.9162472080579
 21
-3.0222502179815
 31
0.0
  0
LINE
  8
3
  6
CONTINUOUS
 62
3
 10
25.9162472080579
 20
-3.0222502179815
 30
0.0
 11
25.8943722239525
 21
-3.0139170118047
 31
0.0
  0
LINE
  8
3
  6
CONTINUOUS
 62
3
 10
25.8943722239525
 20
-3.0139170118047
 30
0.0
 11
25.8719763747246
 21
-3.0070416557663
 31
0.0
  0
LINE
  8
3
  6
CONTINUOUS
 62
3
 10
25.8719763747246
 20
-3.0070416557663
 30
0.0
 11
25.8491639287661
 21
-3.0014168846481
 31
0.0
  0
LINE
  8
3
  6
CONTINUOUS
 62
3
 10
25.8491639287661
 20
-3.0014168846481
 30
0.0
 11
25.8261431049695
 21
-2.9971463310593
 31
0.0
  0
LINE
  8
3
  6
CONTINUOUS
 62
3
 10
25.8261431049695
 20
-2.9971463310593
 30
0.0
 11
25.8029139033348
 21
-2.9943336276087
 31
0.0
  0
LINE
  8
3
  6
CONTINUOUS
 62
3
 10
25.8029139033348
 20
-2.9943336276087
 30
0.0
 11
25.7794764033348
 21
-2.9927708732956
 31
0.0
  0
LINE
  8
3
  6
CONTINUOUS
 62
3
 10
25.7794764033348
 20
-2.9927708732956
 30
0.0
 11
25.783538896977
 21
-2.5671460258835
 31
0.0
  0
LINE
  8
3
  6
CONTINUOUS
 62
3
 10
25.783538896977
 20
-2.5671460258835
 30
0.0
 11
25.7840597620994
 21
-2.5037088819219
 31
0.0
  0
LINE
  8
3
  6
CONTINUOUS
 62
3
 10
25.7840597620994
 20
-2.5037088819219
 30
0.0
 11
25.7846847366681
 21
-2.4377712039027
 31
0.0
  0
LINE
  8
3
  6
CONTINUOUS
 62
3
 10
25.7846847366681
 20
-2.4377712039027
 30
0.0
 11
25.7858305763593
 21
-2.3561042574915
 31
0.0
  0
LINE
  8
3
  6
CONTINUOUS
 62
3
 10
25.7858305763593
 20
-2.3561042574915
 30
0.0
 11
25.7873930922539
 21
-2.2745422152552
 31
0.0
  0
LINE
  8
3
  6
CONTINUOUS
 62
3
 10
25.7873930922539
 20
-2.2745422152552
 30
0.0
 11
25.789476393798
 21
-2.192979537236
 31
0.0
  0
LINE
  8
3
  6
CONTINUOUS
 62
3
 10
25.789476393798
 20
-2.192979537236
 30
0.0
 11
25.7988514096926
 21
-1.8665209241582
 31
0.0
  0
LINE
  8
3
  6
CONTINUOUS
 62
3
 10
25.7988514096926
 20
-1.8665209241582
 30
0.0
 11
25.8009347112368
 21
-1.78485461353
 31
0.0
  0
LINE
  8
3
  6
CONTINUOUS
 62
3
 10
25.8009347112368
 20
-1.78485461353
 30
0.0
 11
25.8024972271314
 21
-1.7032919355108
 31
0.0
  0
LINE
  8
3
  6
CONTINUOUS
 62
3
 10
25.8024972271314
 20
-1.7032919355108
 30
0.0
 11
25.8036430668225
 21
-1.6217292574915
 31
0.0
  0
LINE
  8
3
  6
CONTINUOUS
 62
3
 10
25.8036430668225
 20
-1.6217292574915
 30
0.0
 11
25.804059743026
 21
-1.5401672152552
 31
0.0
  0
LINE
  8
3
  6
CONTINUOUS
 62
3
 10
25.804059743026
 20
-1.5401672152552
 30
0.0
 11
25.8036430668225
 21
-1.458604537236
 31
0.0
  0
LINE
  8
3
  6
CONTINUOUS
 62
3
 10
25.8036430668225
 20
-1.458604537236
 30
0.0
 11
25.8022889287661
 21
-1.3770418592168
 31
0.0
  0
LINE
  8
3
  6
CONTINUOUS
 62
3
 10
25.8022889287661
 20
-1.3770418592168
 30
0.0
 11
25.7998930604647
 21
-1.2955840853724
 31
0.0
  0
LINE
  8
3
  6
CONTINUOUS
 62
3
 10
25.7998930604647
 20
-1.2955840853724
 30
0.0
 11
25.7937472652784
 21
-1.1583961276087
 31
0.0
  0
LINE
  8
3
  6
CONTINUOUS
 62
3
 10
25.7937472652784
 20
-1.1583961276087
 30
0.0
 11
25.791455585896
 21
-1.1010001925501
 31
0.0
  0
LINE
  8
3
  6
CONTINUOUS
 62
3
 10
25.791455585896
 20
-1.1010001925501
 30
0.0
 11
25.7883305541069
 21
-1.0427713819219
 31
0.0
  0
LINE
  8
3
  6
CONTINUOUS
 62
3
 10
25.7883305541069
 20
-1.0427713819219
 30
0.0
 11
25.7834347080579
 21
-0.984645568119802
 31
0.0
  0
LINE
  8
3
  6
CONTINUOUS
 62
3
 10
25.7834347080579
 20
-0.984645568119802
 30
0.0
 11
25.775726396977
 21
-0.927458169845002
 31
0.0
  0
LINE
  8
3
  6
CONTINUOUS
 62
3
 10
25.775726396977
 20
-0.927458169845002
 30
0.0
 11
25.7643722684573
 21
-0.871937794275402
 31
0.0
  0
LINE
  8
3
  6
CONTINUOUS
 62
3
 10
25.7643722684573
 20
-0.871937794275402
 30
0.0
 11
25.7482264033348
 21
-0.818917316980501
 31
0.0
  0
LINE
  8
3
  6
CONTINUOUS
 62
3
 10
25.7482264033348
 20
-0.818917316980501
 30
0.0
 11
25.7265597175946
 21
-0.769438150313801
 31
0.0
  0
LINE
  8
3
  6
CONTINUOUS
 62
3
 10
25.7265597175946
 20
-0.769438150313801
 30
0.0
 11
25.6982263715456
 21
-0.724228901453102
 31
0.0
  0
LINE
  8
3
  6
CONTINUOUS
 62
3
 10
25.6982263715456
 20
-0.724228901453102
 30
0.0
 11
25.6623930922539
 21
-0.684020720707702
 31
0.0
  0
LINE
  8
3
  6
CONTINUOUS
 62
3
 10
25.6623930922539
 20
-0.684020720707702
 30
0.0
 11
25.633226393798
 21
-0.657041910079402
 31
0.0
  0
LINE
  8
3
  6
CONTINUOUS
 62
3
 10
25.633226393798
 20
-0.657041910079402
 30
0.0
 11
25.603851396977
 21
-0.630271636235001
 31
0.0
  0
LINE
  8
3
  6
CONTINUOUS
 62
3
 10
25.603851396977
 20
-0.630271636235001
 30
0.0
 11
25.5741639128715
 21
-0.603708627608702
 31
0.0
  0
LINE
  8
3
  6
CONTINUOUS
 62
3
 10
25.5741639128715
 20
-0.603708627608702
 30
0.0
 11
25.544372239847
 21
-0.577458424158202
 31
0.0
  0
LINE
  8
3
  6
CONTINUOUS
 62
3
 10
25.544372239847
 20
-0.577458424158202
 30
0.0
 11
25.5141638906191
 21
-0.551416757491502
 31
0.0
  0
LINE
  8
3
  6
CONTINUOUS
 62
3
 10
25.5141638906191
 20
-0.551416757491502
 30
0.0
 11
25.483851431945
 21
-0.525687896000703
 31
0.0
  0
LINE
  8
3
  6
CONTINUOUS
 62
3
 10
25.483851431945
 20
-0.525687896000703
 30
0.0
 11
25.4532264065137
 21
-0.500374836511702
 31
0.0
  0
LINE
  8
3
  6
CONTINUOUS
 62
3
 10
25.4532264065137
 20
-0.500374836511702
 30
0.0
 11
25.422288893798
 21
-0.475375853764302
 31
0.0
  0
LINE
  8
3
  6
CONTINUOUS
 62
3
 10
25.422288893798
 20
-0.475375853764302
 30
0.0
 11
25.3910389732709
 21
-0.450791401453102
 31
0.0
  0
LINE
  8
3
  6
CONTINUOUS
 62
3
 10
25.3910389732709
 20
-0.450791401453102
 30
0.0
 11
25.3594763270408
 21
-0.426625294275402
 31
0.0
  0
LINE
  8
3
  6
CONTINUOUS
 62
3
 10
25.3594763270408
 20
-0.426625294275402
 30
0.0
 11
25.314788896977
 21
-0.400062285649103
 31
0.0
  0
LINE
  8
3
  6
CONTINUOUS
 62
3
 10
25.314788896977
 20
-0.400062285649103
 30
0.0
 11
25.2663514605552
 21
-0.383917215255202
 31
0.0
  0
LINE
  8
3
  6
CONTINUOUS
 62
3
 10
25.2663514605552
 20
-0.383917215255202
 30
0.0
 11
25.2148931017906
 21
-0.376520517257202
 31
0.0
  0
LINE
  8
3
  6
CONTINUOUS
 62
3
 10
25.2148931017906
 20
-0.376520517257202
 30
0.0
 11
25.1611430636436
 21
-0.375896178471303
 31
0.0
  0
LINE
  8
3
  6
CONTINUOUS
 62
3
 10
25.1611430636436
 20
-0.375896178471303
 30
0.0
 11
25.1056222112368
 21
-0.380478901453102
 31
0.0
  0
LINE
  8
3
  6
CONTINUOUS
 62
3
 10
25.1056222112368
 20
-0.380478901453102
 30
0.0
 11
25.0489555191388
 21
-0.388499938237002
 31
0.0
  0
LINE
  8
3
  6
CONTINUOUS
 62
3
 10
25.0489555191388
 20
-0.388499938237002
 30
0.0
 11
24.9918722303103
 21
-0.398292266117801
 31
0.0
  0
LINE
  8
3
  6
CONTINUOUS
 62
3
 10
24.9918722303103
 20
-0.398292266117801
 30
0.0
 11
24.9351014287661
 21
-0.407874785649103
 31
0.0
  0
LINE
  8
3
  6
CONTINUOUS
 62
3
 10
24.9351014287661
 20
-0.407874785649103
 30
0.0
 11
24.8791639796287
 21
-0.415791554041002
 31
0.0
  0
LINE
  8
3
  6
CONTINUOUS
 62
3
 10
24.8791639796287
 20
-0.415791554041002
 30
0.0
 11
24.8246846985211
 21
-0.420167011804702
 31
0.0
  0
LINE
  8
3
  6
CONTINUOUS
 62
3
 10
24.8246846985211
 20
-0.420167011804702
 30
0.0
 11
23.5238513143252
 21
-0.468709034509802
 31
0.0
  0
LINE
  8
3
  6
CONTINUOUS
 62
3
 10
23.5238513143252
 20
-0.468709034509802
 30
0.0
 11
23.5220806590111
 21
-0.468709034509802
 31
0.0
  0
LINE
  8
3
  6
CONTINUOUS
 62
3
 10
23.5220806590111
 20
-0.468709034509802
 30
0.0
 11
22.2212472748151
 21
-0.420167011804702
 31
0.0
  0
LINE
  8
3
  6
CONTINUOUS
 62
3
 10
22.2212472748151
 20
-0.420167011804702
 30
0.0
 11
22.1667679937075
 21
-0.415791554041002
 31
0.0
  0
LINE
  8
3
  6
CONTINUOUS
 62
3
 10
22.1667679937075
 20
-0.415791554041002
 30
0.0
 11
22.1108305445702
 21
-0.407874785649103
 31
0.0
  0
LINE
  8
3
  6
CONTINUOUS
 62
3
 10
22.1108305445702
 20
-0.407874785649103
 30
0.0
 11
22.0540595840802
 21
-0.398292266117801
 31
0.0
  0
LINE
  8
3
  6
CONTINUOUS
 62
3
 10
22.0540595840802
 20
-0.398292266117801
 30
0.0
 11
21.9969764541974
 21
-0.388499938237002
 31
0.0
  0
LINE
  8
3
  6
CONTINUOUS
 62
3
 10
21.9969764541974
 20
-0.388499938237002
 30
0.0
 11
21.9403097620995
 21
-0.380478901453102
 31
0.0
  0
LINE
  8
3
  6
CONTINUOUS
 62
3
 10
21.9403097620995
 20
-0.380478901453102
 30
0.0
 11
21.8847887507469
 21
-0.375896178471303
 31
0.0
  0
LINE
  8
3
  6
CONTINUOUS
 62
3
 10
21.8847887507469
 20
-0.375896178471303
 30
0.0
 11
21.8310390304914
 21
-0.376520517257202
 31
0.0
  0
LINE
  8
3
  6
CONTINUOUS
 62
3
 10
21.8310390304914
 20
-0.376520517257202
 30
0.0
 11
21.7795806717267
 21
-0.383917215255202
 31
0.0
  0
LINE
  8
3
  6
CONTINUOUS
 62
3
 10
21.7795806717267
 20
-0.383917215255202
 30
0.0
 11
21.7311429174136
 21
-0.400062285649103
 31
0.0
  0
LINE
  8
3
  6
CONTINUOUS
 62
3
 10
21.7311429174136
 20
-0.400062285649103
 30
0.0
 11
21.6864556462954
 21
-0.426625294275402
 31
0.0
  0
LINE
  8
3
  6
CONTINUOUS
 62
3
 10
21.6864556462954
 20
-0.426625294275402
 30
0.0
 11
21.6548931590111
 21
-0.450791401453102
 31
0.0
  0
LINE
  8
3
  6
CONTINUOUS
 62
3
 10
21.6548931590111
 20
-0.450791401453102
 30
0.0
 11
21.6236431590111
 21
-0.475375853764302
 31
0.0
  0
LINE
  8
3
  6
CONTINUOUS
 62
3
 10
21.6236431590111
 20
-0.475375853764302
 30
0.0
 11
21.5927056462954
 21
-0.500374836511702
 31
0.0
  0
LINE
  8
3
  6
CONTINUOUS
 62
3
 10
21.5927056462954
 20
-0.500374836511702
 30
0.0
 11
21.5620806208641
 21
-0.525687896000703
 31
0.0
  0
LINE
  8
3
  6
CONTINUOUS
 62
3
 10
21.5620806208641
 20
-0.525687896000703
 30
0.0
 11
21.5317680827171
 21
-0.551416757491502
 31
0.0
  0
LINE
  8
3
  6
CONTINUOUS
 62
3
 10
21.5317680827171
 20
-0.551416757491502
 30
0.0
 11
21.5016637634626
 21
-0.577458424158202
 31
0.0
  0
LINE
  8
3
  6
CONTINUOUS
 62
3
 10
21.5016637634626
 20
-0.577458424158202
 30
0.0
 11
21.4717679809919
 21
-0.603708627608702
 31
0.0
  0
LINE
  8
3
  6
CONTINUOUS
 62
3
 10
21.4717679809919
 20
-0.603708627608702
 30
0.0
 11
21.4420804174136
 21
-0.630271636235001
 31
0.0
  0
LINE
  8
3
  6
CONTINUOUS
 62
3
 10
21.4420804174136
 20
-0.630271636235001
 30
0.0
 11
21.4127056590111
 21
-0.657041910079501
 31
0.0
  0
LINE
  8
3
  6
CONTINUOUS
 62
3
 10
21.4127056590111
 20
-0.657041910079501
 30
0.0
 11
21.3835388016095
 21
-0.684020720707702
 31
0.0
  0
LINE
  8
3
  6
CONTINUOUS
 62
3
 10
21.3835388016095
 20
-0.684020720707702
 30
0.0
 11
21.3477054428449
 21
-0.724228901453102
 31
0.0
  0
LINE
  8
3
  6
CONTINUOUS
 62
3
 10
21.3477054428449
 20
-0.724228901453102
 30
0.0
 11
21.3193724146873
 21
-0.769438150313801
 31
0.0
  0
LINE
  8
3
  6
CONTINUOUS
 62
3
 10
21.3193724146873
 20
-0.769438150313801
 30
0.0
 11
21.2977055700015
 21
-0.818917316980501
 31
0.0
  0
LINE
  8
3
  6
CONTINUOUS
 62
3
 10
21.2977055700015
 20
-0.818917316980501
 30
0.0
 11
21.2815598638247
 21
-0.871937794275402
 31
0.0
  0
LINE
  8
3
  6
CONTINUOUS
 62
3
 10
21.2815598638247
 20
-0.871937794275402
 30
0.0
 11
21.2702054174136
 21
-0.927458169845002
 31
0.0
  0
LINE
  8
3
  6
CONTINUOUS
 62
3
 10
21.2702054174136
 20
-0.927458169845002
 30
0.0
 11
21.2626014541974
 21
-0.984645568119802
 31
0.0
  0
LINE
  8
3
  6
CONTINUOUS
 62
3
 10
21.2626014541974
 20
-0.984645568119802
 30
0.0
 11
21.257601657648
 21
-1.0427713819219
 31
0.0
  0
LINE
  8
3
  6
CONTINUOUS
 62
3
 10
21.257601657648
 20
-1.0427713819219
 30
0.0
 11
21.2544761490217
 21
-1.1010001925501
 31
0.0
  0
LINE
  8
3
  6
CONTINUOUS
 62
3
 10
21.2544761490217
 20
-1.1010001925501
 30
0.0
 11
21.2521847875307
 21
-1.1583961276087
 31
0.0
  0
LINE
  8
3
  6
CONTINUOUS
 62
3
 10
21.2521847875307
 20
-1.1583961276087
 30
0.0
 11
21.246038674453
 21
-1.2955840853724
 31
0.0
  0
LINE
  8
3
  6
CONTINUOUS
 62
3
 10
21.246038674453
 20
-1.2955840853724
 30
0.0
 11
21.2436430445702
 21
-1.3770418592168
 31
0.0
  0
LINE
  8
3
  6
CONTINUOUS
 62
3
 10
21.2436430445702
 20
-1.3770418592168
 30
0.0
 11
21.2422888270408
 21
-1.458604537236
 31
0.0
  0
LINE
  8
3
  6
CONTINUOUS
 62
3
 10
21.2422888270408
 20
-1.458604537236
 30
0.0
 11
21.241976657648
 21
-1.5401672152552
 31
0.0
  0
LINE
  8
3
  6
CONTINUOUS
 62
3
 10
21.241976657648
 20
-1.5401672152552
 30
0.0
 11
21.2423930954328
 21
-1.6217292574915
 31
0.0
  0
LINE
  8
3
  6
CONTINUOUS
 62
3
 10
21.2423930954328
 20
-1.6217292574915
 30
0.0
 11
21.2434345077863
 21
-1.7032919355108
 31
0.0
  0
LINE
  8
3
  6
CONTINUOUS
 62
3
 10
21.2434345077863
 20
-1.7032919355108
 30
0.0
 11
21.2449972620994
 21
-1.78485461353
 31
0.0
  0
LINE
  8
3
  6
CONTINUOUS
 62
3
 10
21.2449972620994
 20
-1.78485461353
 30
0.0
 11
21.2470807225893
 21
-1.8665209241582
 31
0.0
  0
LINE
  8
3
  6
CONTINUOUS
 62
3
 10
21.2470807225893
 20
-1.8665209241582
 30
0.0
 11
21.2564553411196
 21
-2.192979537236
 31
0.0
  0
LINE
  8
3
  6
CONTINUOUS
 62
3
 10
21.2564553411196
 20
-2.192979537236
 30
0.0
 11
21.2585388016095
 21
-2.2745422152552
 31
0.0
  0
LINE
  8
3
  6
CONTINUOUS
 62
3
 10
21.2585388016095
 20
-2.2745422152552
 30
0.0
 11
21.2601015559227
 21
-2.3561042574915
 31
0.0
  0
LINE
  8
3
  6
CONTINUOUS
 62
3
 10
21.2601015559227
 20
-2.3561042574915
 30
0.0
 11
21.2612472366681
 21
-2.4377712039027
 31
0.0
  0
LINE
  8
3
  6
CONTINUOUS
 62
3
 10
21.2612472366681
 20
-2.4377712039027
 30
0.0
 11
21.2647891830793
 21
-2.8112084495895
 31
0.0
  0
LINE
  8
3
  6
CONTINUOUS
 62
3
 10
21.2647891830793
 20
-2.8112084495895
 30
0.0
 11
21.265309889256
 21
-2.8751669355108
 31
0.0
  0
LINE
  8
3
  6
CONTINUOUS
 62
3
 10
21.265309889256
 20
-2.8751669355108
 30
0.0
 11
21.267496982355
 21
-3.0985002942754
 31
0.0
  0
LINE
  8
3
  6
CONTINUOUS
 62
3
 10
11.183330773452
 20
-2.864854537236
 30
0.0
 11
11.1212478470197
 21
-2.9011043337855
 31
0.0
  0
LINE
  8
3
  6
CONTINUOUS
 62
3
 10
11.1212478470197
 20
-2.9011043337855
 30
0.0
 11
11.0668718806297
 21
-2.9479793337855
 31
0.0
  0
LINE
  8
3
  6
CONTINUOUS
 62
3
 10
11.0668718806297
 20
-2.9479793337855
 30
0.0
 11
11.0218724401186
 21
-3.0040210513148
 31
0.0
  0
LINE
  8
3
  6
CONTINUOUS
 62
3
 10
11.0218724401186
 20
-3.0040210513148
 30
0.0
 11
10.9878097366681
 21
-3.0673545626673
 31
0.0
  0
LINE
  8
3
  6
CONTINUOUS
 62
3
 10
10.9878097366681
 20
-3.0673545626673
 30
0.0
 11
10.9658307225893
 21
-3.13579213896127
 31
0.0
  0
LINE
  8
3
  6
CONTINUOUS
 62
3
 10
10.9658307225893
 20
-3.13579213896127
 30
0.0
 11
10.95666400506
 21
-3.20704178292284
 31
0.0
  0
LINE
  8
3
  6
CONTINUOUS
 62
3
 10
10.95666400506
 20
-3.20704178292284
 30
0.0
 11
10.960622389256
 21
-3.2788127688441
 31
0.0
  0
LINE
  8
3
  6
CONTINUOUS
 62
3
 10
10.960622389256
 20
-3.2788127688441
 30
0.0
 11
10.9776016067853
 21
-3.34870883105926
 31
0.0
  0
LINE
  8
3
  6
CONTINUOUS
 62
3
 10
10.9776016067853
 20
-3.34870883105926
 30
0.0
 11
11.0068717789045
 21
-3.41433370390268
 31
0.0
  0
LINE
  8
3
  6
CONTINUOUS
 62
3
 10
11.0068717789045
 20
-3.41433370390268
 30
0.0
 11
11.0477055700015
 21
-3.4735002942754
 31
0.0
  0
LINE
  8
3
  6
CONTINUOUS
 62
3
 10
11.0477055700015
 20
-3.4735002942754
 30
0.0
 11
11.0577051631004
 21
-3.48558334786426
 31
0.0
  0
LINE
  8
3
  6
CONTINUOUS
 62
3
 10
11.0577051631004
 20
-3.48558334786426
 30
0.0
 11
11.0603093297671
 21
-3.48860458809863
 31
0.0
  0
LINE
  8
3
  6
CONTINUOUS
 62
3
 10
11.0603093297671
 20
-3.48860458809863
 30
0.0
 11
11.0703101944318
 21
-3.50068764168753
 31
0.0
  0
LINE
  8
3
  6
CONTINUOUS
 62
3
 10
11.0703101944318
 20
-3.50068764168753
 30
0.0
 11
11.0729143610985
 21
-3.5037088819219
 31
0.0
  0
LINE
  8
3
  6
CONTINUOUS
 62
3
 10
11.0729143610985
 20
-3.5037088819219
 30
0.0
 11
11.1309346349429
 21
-3.56037557401985
 31
0.0
  0
LINE
  8
3
  6
CONTINUOUS
 62
3
 10
11.1309346349429
 20
-3.56037557401985
 30
0.0
 11
11.1993728470197
 21
-3.6039171643926
 31
0.0
  0
LINE
  8
3
  6
CONTINUOUS
 62
3
 10
11.1993728470197
 20
-3.6039171643926
 30
0.0
 11
11.275309482355
 21
-3.63245872933398
 31
0.0
  0
LINE
  8
3
  6
CONTINUOUS
 62
3
 10
11.275309482355
 20
-3.63245872933398
 30
0.0
 11
11.3555185786278
 21
-3.64485458809863
 31
0.0
  0
LINE
  8
3
  6
CONTINUOUS
 62
3
 10
11.3555185786278
 20
-3.64485458809863
 30
0.0
 11
11.4364550105125
 21
-3.6405833987269
 31
0.0
  0
LINE
  8
3
  6
CONTINUOUS
 62
3
 10
11.4364550105125
 20
-3.6405833987269
 30
0.0
 11
11.5148928156883
 21
-3.61985433378548
 31
0.0
  0
LINE
  8
3
  6
CONTINUOUS
 62
3
 10
11.5148928156883
 20
-3.61985433378548
 30
0.0
 11
11.587393680353
 21
-3.58339600045217
 31
0.0
  0
LINE
  8
3
  6
CONTINUOUS
 62
3
 10
11.587393680353
 20
-3.58339600045217
 30
0.0
 11
11.6508308243146
 21
-3.53287542143197
 31
0.0
  0
LINE
  8
3
  6
CONTINUOUS
 62
3
 10
11.6508308243146
 20
-3.53287542143197
 30
0.0
 11
11.7026013524722
 21
-3.4704796898239
 31
0.0
  0
LINE
  8
3
  6
CONTINUOUS
 62
3
 10
11.7026013524722
 20
-3.4704796898239
 30
0.0
 11
11.7405181717267
 21
-3.39870870390268
 31
0.0
  0
LINE
  8
3
  6
CONTINUOUS
 62
3
 10
11.7405181717267
 20
-3.39870870390268
 30
0.0
 11
11.7916643610985
 21
-3.42652102588347
 31
0.0
  0
LINE
  8
3
  6
CONTINUOUS
 62
3
 10
11.7916643610985
 20
-3.42652102588347
 30
0.0
 11
11.8404136490217
 21
-3.45297976611784
 31
0.0
  0
LINE
  8
3
  6
CONTINUOUS
 62
3
 10
11.8404136490217
 20
-3.45297976611784
 30
0.0
 11
11.8877057225893
 21
-3.47787511625619
 31
0.0
  0
LINE
  8
3
  6
CONTINUOUS
 62
3
 10
11.8877057225893
 20
-3.47787511625619
 30
0.0
 11
11.9341636490217
 21
-3.50120834786426
 31
0.0
  0
LINE
  8
3
  6
CONTINUOUS
 62
3
 10
11.9341636490217
 20
-3.50120834786426
 30
0.0
 11
11.9809343806297
 21
-3.52266665576627
 31
0.0
  0
LINE
  8
3
  6
CONTINUOUS
 62
3
 10
11.9809343806297
 20
-3.52266665576627
 30
0.0
 11
12.0286435277651
 21
-3.54225003996225
 31
0.0
  0
LINE
  8
3
  6
CONTINUOUS
 62
3
 10
12.0286435277651
 20
-3.54225003996225
 30
0.0
 11
12.0782269628237
 21
-3.55985423206024
 31
0.0
  0
LINE
  8
3
  6
CONTINUOUS
 62
3
 10
12.0782269628237
 20
-3.55985423206024
 30
0.0
 11
12.1306218297671
 21
-3.57516706266733
 31
0.0
  0
LINE
  8
3
  6
CONTINUOUS
 62
3
 10
12.1306218297671
 20
-3.57516706266733
 30
0.0
 11
12.1865592789045
 21
-3.58818789600068
 31
0.0
  0
LINE
  8
3
  6
CONTINUOUS
 62
3
 10
12.1865592789045
 20
-3.58818789600068
 30
0.0
 11
12.2468721858055
 21
-3.59870883105926
 31
0.0
  0
LINE
  8
3
  6
CONTINUOUS
 62
3
 10
12.2468721858055
 20
-3.59870883105926
 30
0.0
 11
12.331768273452
 21
-3.60912549772591
 31
0.0
  0
LINE
  8
3
  6
CONTINUOUS
 62
3
 10
12.331768273452
 20
-3.60912549772591
 30
0.0
 11
12.4157259455711
 21
-3.61547951180469
 31
0.0
  0
LINE
  8
3
  6
CONTINUOUS
 62
3
 10
12.4157259455711
 20
-3.61547951180469
 30
0.0
 11
12.4987477452944
 21
-3.6177708732956
 31
0.0
  0
LINE
  8
3
  6
CONTINUOUS
 62
3
 10
12.4987477452944
 20
-3.6177708732956
 30
0.0
 11
12.5805183243146
 21
-3.61610448637339
 31
0.0
  0
LINE
  8
3
  6
CONTINUOUS
 62
3
 10
12.5805183243146
 20
-3.61610448637339
 30
0.0
 11
12.6611432225893
 21
-3.61037544686327
 31
0.0
  0
LINE
  8
3
  6
CONTINUOUS
 62
3
 10
12.6611432225893
 20
-3.61037544686327
 30
0.0
 11
12.7403096349429
 21
-3.60079165576627
 31
0.0
  0
LINE
  8
3
  6
CONTINUOUS
 62
3
 10
12.7403096349429
 20
-3.60079165576627
 30
0.0
 11
12.8180175613752
 21
-3.58735438464812
 31
0.0
  0
LINE
  8
3
  6
CONTINUOUS
 62
3
 10
12.8180175613752
 20
-3.58735438464812
 30
0.0
 11
12.8939554682762
 21
-3.57006299772591
 31
0.0
  0
LINE
  8
3
  6
CONTINUOUS
 62
3
 10
12.8939554682762
 20
-3.57006299772591
 30
0.0
 11
12.9681220840802
 21
-3.54891685921682
 31
0.0
  0
LINE
  8
3
  6
CONTINUOUS
 62
3
 10
12.9681220840802
 20
-3.54891685921682
 30
0.0
 11
13.0404144119611
 21
-3.5240208732956
 31
0.0
  0
LINE
  8
3
  6
CONTINUOUS
 62
3
 10
13.0404144119611
 20
-3.5240208732956
 30
0.0
 11
13.1106226435692
 21
-3.49537503996225
 31
0.0
  0
LINE
  8
3
  6
CONTINUOUS
 62
3
 10
13.1106226435692
 20
-3.49537503996225
 30
0.0
 11
13.1787467789045
 21
-3.46297935921682
 31
0.0
  0
LINE
  8
3
  6
CONTINUOUS
 62
3
 10
13.1787467789045
 20
-3.46297935921682
 30
0.0
 11
13.2444765559227
 21
-3.42704173206024
 31
0.0
  0
LINE
  8
3
  6
CONTINUOUS
 62
3
 10
13.2444765559227
 20
-3.42704173206024
 30
0.0
 11
13.3077051631004
 21
-3.38735425749154
 31
0.0
  0
LINE
  8
3
  6
CONTINUOUS
 62
3
 10
13.3077051631004
 20
-3.38735425749154
 30
0.0
 11
13.3684351435692
 21
-3.34422974068654
 31
0.0
  0
LINE
  8
3
  6
CONTINUOUS
 62
3
 10
13.3684351435692
 20
-3.34422974068654
 30
0.0
 11
13.4263511490217
 21
-3.2974583732956
 31
0.0
  0
LINE
  8
3
  6
CONTINUOUS
 62
3
 10
13.4263511490217
 20
-3.2974583732956
 30
0.0
 11
13.4815599909813
 21
-3.24714633105926
 31
0.0
  0
LINE
  8
3
  6
CONTINUOUS
 62
3
 10
13.4815599909813
 20
-3.24714633105926
 30
0.0
 11
13.5336433243146
 21
-3.19339597502083
 31
0.0
  0
LINE
  8
3
  6
CONTINUOUS
 62
3
 10
13.5336433243146
 20
-3.19339597502083
 30
0.0
 11
13.5827054174136
 21
-3.13631284513804
 31
0.0
  0
LINE
  8
3
  6
CONTINUOUS
 62
3
 10
13.5827054174136
 20
-3.13631284513804
 30
0.0
 11
13.62853900506
 21
-3.0756877688441
 31
0.0
  0
LINE
  8
3
  6
CONTINUOUS
 62
3
 10
13.62853900506
 20
-3.0756877688441
 30
0.0
 11
13.6710385472964
 21
-3.0117292829228
 31
0.0
  0
LINE
  8
3
  6
CONTINUOUS
 62
3
 10
13.6710385472964
 20
-3.0117292829228
 30
0.0
 11
13.7099967789045
 21
-2.9445416557663
 31
0.0
  0
LINE
  8
3
  6
CONTINUOUS
 62
3
 10
13.7099967789045
 20
-2.9445416557663
 30
0.0
 11
13.7453094314923
 21
-2.8740212547653
 31
0.0
  0
LINE
  8
3
  6
CONTINUOUS
 62
3
 10
13.7453094314923
 20
-2.8740212547653
 30
0.0
 11
13.7768722366681
 21
-2.8002710767461
 31
0.0
  0
LINE
  8
3
  6
CONTINUOUS
 62
3
 10
13.7768722366681
 20
-2.8002710767461
 30
0.0
 11
13.804476657648
 21
-2.7232917574915
 31
0.0
  0
LINE
  8
3
  6
CONTINUOUS
 62
3
 10
13.804476657648
 20
-2.7232917574915
 30
0.0
 11
13.8281226944318
 21
-2.6430839327845
 31
0.0
  0
LINE
  8
3
  6
CONTINUOUS
 62
3
 10
13.8281226944318
 20
-2.6430839327845
 30
0.0
 11
13.8476018102358
 21
-2.5598542320602
 31
0.0
  0
LINE
  8
3
  6
CONTINUOUS
 62
3
 10
13.8476018102358
 20
-2.5598542320602
 30
0.0
 11
13.8628097366681
 21
-2.4735002942754
 31
0.0
  0
LINE
  8
3
  6
CONTINUOUS
 62
3
 10
13.8628097366681
 20
-2.4735002942754
 30
0.0
 11
13.8671851944318
 21
-2.4239168592168
 31
0.0
  0
LINE
  8
3
  6
CONTINUOUS
 62
3
 10
13.8671851944318
 20
-2.4239168592168
 30
0.0
 11
13.8679138016095
 21
-2.3641252942754
 31
0.0
  0
LINE
  8
3
  6
CONTINUOUS
 62
3
 10
13.8679138016095
 20
-2.3641252942754
 30
0.0
 11
13.8655181717267
 21
-2.2970419355108
 31
0.0
  0
LINE
  8
3
  6
CONTINUOUS
 62
3
 10
13.8655181717267
 20
-2.2970419355108
 30
0.0
 11
13.8605183751772
 21
-2.2253752179815
 31
0.0
  0
LINE
  8
3
  6
CONTINUOUS
 62
3
 10
13.8605183751772
 20
-2.2253752179815
 30
0.0
 11
13.853434482355
 21
-2.15204211353
 31
0.0
  0
LINE
  8
3
  6
CONTINUOUS
 62
3
 10
13.853434482355
 20
-2.15204211353
 30
0.0
 11
13.8449976435692
 21
-2.079750421432
 31
0.0
  0
LINE
  8
3
  6
CONTINUOUS
 62
3
 10
13.8449976435692
 20
-2.079750421432
 30
0.0
 11
13.835726657648
 21
-2.01141711353
 31
0.0
  0
LINE
  8
3
  6
CONTINUOUS
 62
3
 10
13.835726657648
 20
-2.01141711353
 30
0.0
 11
13.8261428665509
 21
-1.9497499890996
 31
0.0
  0
LINE
  8
3
  6
CONTINUOUS
 62
3
 10
13.8261428665509
 20
-1.9497499890996
 30
0.0
 11
13.8167676122378
 21
-1.8977709241582
 31
0.0
  0
LINE
  8
3
  6
CONTINUOUS
 62
3
 10
13.8167676122378
 20
-1.8977709241582
 30
0.0
 11
13.80822650506
 21
-1.8580834495895
 31
0.0
  0
LINE
  8
3
  6
CONTINUOUS
 62
3
 10
13.80822650506
 20
-1.8580834495895
 30
0.0
 11
13.7938514541974
 21
-1.8112084495895
 31
0.0
  0
LINE
  8
3
  6
CONTINUOUS
 62
3
 10
13.7938514541974
 20
-1.8112084495895
 30
0.0
 11
13.7747894119611
 21
-1.765271229334
 31
0.0
  0
LINE
  8
3
  6
CONTINUOUS
 62
3
 10
13.7747894119611
 20
-1.765271229334
 30
0.0
 11
13.7524975927065
 21
-1.7200626162562
 31
0.0
  0
LINE
  8
3
  6
CONTINUOUS
 62
3
 10
13.7524975927065
 20
-1.7200626162562
 30
0.0
 11
13.7287472875308
 21
-1.6751668083542
 31
0.0
  0
LINE
  8
3
  6
CONTINUOUS
 62
3
 10
13.7287472875308
 20
-1.6751668083542
 30
0.0
 11
13.704892713963
 21
-1.630479537236
 31
0.0
  0
LINE
  8
3
  6
CONTINUOUS
 62
3
 10
13.704892713963
 20
-1.630479537236
 30
0.0
 11
13.6827051631004
 21
-1.585583729334
 31
0.0
  0
LINE
  8
3
  6
CONTINUOUS
 62
3
 10
13.6827051631004
 20
-1.585583729334
 30
0.0
 11
13.6636431208641
 21
-1.5403751162562
 31
0.0
  0
LINE
  8
3
  6
CONTINUOUS
 62
3
 10
13.6636431208641
 20
-1.5403751162562
 30
0.0
 11
13.6493723383934
 21
-1.4945421643926
 31
0.0
  0
LINE
  8
3
  6
CONTINUOUS
 62
3
 10
13.6493723383934
 20
-1.4945421643926
 30
0.0
 11
13.6413513016095
 21
-1.4477714327845
 31
0.0
  0
LINE
  8
3
  6
CONTINUOUS
 62
3
 10
13.6413513016095
 20
-1.4477714327845
 30
0.0
 11
13.6412470332176
 21
-1.399855020431
 31
0.0
  0
LINE
  8
3
  6
CONTINUOUS
 62
3
 10
13.6412470332176
 20
-1.399855020431
 30
0.0
 11
13.6431225906113
 21
-1.39412535153876
 31
0.0
  0
ARC
  8
3
  6
CONTINUOUS
 62
3
 10
13.0058084349199
 20
-1.47704092801822
 30
0.0
 40
0.642685246343508
 50
7.41263524579874
 51
11.2938227939803
  0
ARC
  8
3
  6
CONTINUOUS
 62
3
 10
13.0715520992265
 20
-1.46393257515753
 30
0.0
 40
0.575647511964928
 50
11.2958878052475
 51
15.4763165036606
  0
ARC
  8
3
  6
CONTINUOUS
 62
3
 10
13.1151105800927
 20
-1.4519677760029
 30
0.0
 40
0.530475745857178
 50
15.4862728041734
 51
19.8832554057963
  0
ARC
  8
3
  6
CONTINUOUS
 62
3
 10
13.1275500744732
 20
-1.44766233963773
 30
0.0
 40
0.517313532752992
 50
19.9034077718033
 51
24.3046122667495
  0
ARC
  8
3
  6
CONTINUOUS
 62
3
 10
13.0937596270373
 20
-1.46324176994114
 30
0.0
 40
0.554521516370691
 50
24.3346688413799
 51
28.3781750945234
  0
ARC
  8
3
  6
CONTINUOUS
 62
3
 10
12.9673789752773
 20
-1.53199991010139
 30
0.0
 40
0.698395090936861
 50
28.4132965835444
 51
31.6073563007007
  0
ARC
  8
3
  6
CONTINUOUS
 62
3
 10
12.5812291711916
 20
-1.77001748308066
 30
0.0
 40
1.15200722696179
 50
31.6238030090538
 51
33.5712341537338
  0
ARC
  8
3
  6
CONTINUOUS
 62
3
 10
10.5541043390399
 20
-3.11479915860983
 30
0.0
 40
3.58463394871579
 50
33.5636385572126
 51
34.1981390469257
  0
ARC
  8
3
  6
CONTINUOUS
 62
3
 10
18.2072327744531
 20
2.08263421411002
 30
0.0
 40
5.66651155458143
 50
213.761834013598
 51
214.170842301161
  0
ARC
  8
3
  6
CONTINUOUS
 62
3
 10
15.6487373705551
 20
0.370089846590164
 30
0.0
 40
2.58776192285407
 50
212.805966706691
 51
213.720456344549
  0
ARC
  8
3
  6
CONTINUOUS
 62
3
 10
16.4752881146157
 20
0.899190283560878
 30
0.0
 40
3.56915195956662
 50
212.081230984335
 51
212.756083968948
  0
ARC
  8
3
  6
CONTINUOUS
 62
3
 10
5.84670968908828
 20
-5.75662770473707
 30
0.0
 40
8.97144631084712
 50
32.0453768055925
 51
32.3161092431688
  0
ARC
  8
3
  6
CONTINUOUS
 62
3
 10
12.2292967720802
 20
-1.71844018773742
 30
0.0
 40
1.41867373334975
 50
32.2897831457626
 51
33.9942707302652
  0
ARC
  8
3
  6
CONTINUOUS
 62
3
 10
12.8390915632836
 20
-1.30691234698812
 30
0.0
 40
0.683007560096962
 50
33.9730736244622
 51
37.446099275305
  0
ARC
  8
3
  6
CONTINUOUS
 62
3
 10
13.0442290144842
 20
-1.14972069361091
 30
0.0
 40
0.424568821776395
 50
37.4363989894828
 51
42.8563997759668
  0
ARC
  8
3
  6
CONTINUOUS
 62
3
 10
13.1291188790126
 20
-1.07112216431422
 30
0.0
 40
0.308879593128388
 50
42.8789323143319
 51
50.086037721632
  0
ARC
  8
3
  6
CONTINUOUS
 62
3
 10
13.1620650177381
 20
-1.03208327346703
 30
0.0
 40
0.257797067435976
 50
50.1351995692781
 51
58.5728605600479
  0
ARC
  8
3
  6
CONTINUOUS
 62
3
 10
13.170006657023
 20
-1.01957713966096
 30
0.0
 40
0.242984788190311
 50
58.6331687834596
 51
67.5475867346108
  0
ARC
  8
3
  6
CONTINUOUS
 62
3
 10
13.1658619508081
 20
-1.03020594070082
 30
0.0
 40
0.254390927152812
 50
67.5991150690608
 51
76.2783109266795
  0
ARC
  8
3
  6
CONTINUOUS
 62
3
 10
13.1579291916091
 20
-1.06327945419818
 30
0.0
 40
0.288402233371442
 50
76.3059015391667
 51
84.2819674133609
  0
LINE
  8
3
  6
CONTINUOUS
 62
3
 10
13.1866635472964
 20
-0.776312234786502
 30
0.0
 11
13.1043716263166
 21
-0.780896229334003
 31
0.0
  0
LINE
  8
3
  6
CONTINUOUS
 62
3
 10
13.1043716263166
 20
-0.780896229334003
 30
0.0
 11
13.0217681717267
 21
-0.789230071293602
 31
0.0
  0
LINE
  8
3
  6
CONTINUOUS
 62
3
 10
13.0217681717267
 20
-0.789230071293602
 30
0.0
 11
12.938956180353
 21
-0.800583881921902
 31
0.0
  0
LINE
  8
3
  6
CONTINUOUS
 62
3
 10
12.938956180353
 20
-0.800583881921902
 30
0.0
 11
12.8560386490217
 21
-0.814333322433002
 31
0.0
  0
LINE
  8
3
  6
CONTINUOUS
 62
3
 10
12.8560386490217
 20
-0.814333322433002
 30
0.0
 11
12.773122389256
 21
-0.829438252039102
 31
0.0
  0
LINE
  8
3
  6
CONTINUOUS
 62
3
 10
12.773122389256
 20
-0.829438252039102
 30
0.0
 11
12.6071843297671
 21
-0.861208322433002
 31
0.0
  0
LINE
  8
3
  6
CONTINUOUS
 62
3
 10
12.6071843297671
 20
-0.861208322433002
 30
0.0
 11
12.5244766067853
 21
-0.876208983647102
 31
0.0
  0
LINE
  8
3
  6
CONTINUOUS
 62
3
 10
12.5244766067853
 20
-0.876208983647102
 30
0.0
 11
12.4418718806297
 21
-0.889645618982401
 31
0.0
  0
LINE
  8
3
  6
CONTINUOUS
 62
3
 10
12.4418718806297
 20
-0.889645618982401
 30
0.0
 11
12.3596842280418
 21
-0.900687896000703
 31
0.0
  0
LINE
  8
3
  6
CONTINUOUS
 62
3
 10
12.3596842280418
 20
-0.900687896000703
 30
0.0
 11
12.2778093806297
 21
-0.908500396000703
 31
0.0
  0
LINE
  8
3
  6
CONTINUOUS
 62
3
 10
12.2778093806297
 20
-0.908500396000703
 30
0.0
 11
12.1999971858055
 21
-0.911833169845002
 31
0.0
  0
LINE
  8
3
  6
CONTINUOUS
 62
3
 10
12.1999971858055
 20
-0.911833169845002
 30
0.0
 11
12.1219764541974
 21
-0.910896025883503
 31
0.0
  0
LINE
  8
3
  6
CONTINUOUS
 62
3
 10
12.1219764541974
 20
-0.910896025883503
 30
0.0
 11
12.0437471858055
 21
-0.906313302901701
 31
0.0
  0
LINE
  8
3
  6
CONTINUOUS
 62
3
 10
12.0437471858055
 20
-0.906313302901701
 30
0.0
 11
11.9652051122378
 21
-0.898812336511702
 31
0.0
  0
LINE
  8
3
  6
CONTINUOUS
 62
3
 10
11.9652051122378
 20
-0.898812336511702
 30
0.0
 11
11.8866643102358
 21
-0.888812743412801
 31
0.0
  0
LINE
  8
3
  6
CONTINUOUS
 62
3
 10
11.8866643102358
 20
-0.888812743412801
 30
0.0
 11
11.8079136998843
 21
-0.877146127608702
 31
0.0
  0
LINE
  8
3
  6
CONTINUOUS
 62
3
 10
11.8079136998843
 20
-0.877146127608702
 30
0.0
 11
11.7290600927065
 21
-0.864333831059302
 31
0.0
  0
LINE
  8
3
  6
CONTINUOUS
 62
3
 10
11.7290600927065
 20
-0.864333831059302
 30
0.0
 11
11.650205213963
 21
-0.851104460942102
 31
0.0
  0
LINE
  8
3
  6
CONTINUOUS
 62
3
 10
11.650205213963
 20
-0.851104460942102
 30
0.0
 11
11.5713516067853
 21
-0.838083627608702
 31
0.0
  0
LINE
  8
3
  6
CONTINUOUS
 62
3
 10
11.5713516067853
 20
-0.838083627608702
 30
0.0
 11
11.4924967280418
 21
-0.825895669845002
 31
0.0
  0
LINE
  8
3
  6
CONTINUOUS
 62
3
 10
11.4924967280418
 20
-0.825895669845002
 30
0.0
 11
11.413747389256
 21
-0.815167469568403
 31
0.0
  0
LINE
  8
3
  6
CONTINUOUS
 62
3
 10
11.413747389256
 20
-0.815167469568403
 30
0.0
 11
11.3351010472964
 21
-0.806416554041002
 31
0.0
  0
LINE
  8
3
  6
CONTINUOUS
 62
3
 10
11.3351010472964
 20
-0.806416554041002
 30
0.0
 11
11.2565602452944
 21
-0.800479613530001
 31
0.0
  0
LINE
  8
3
  6
CONTINUOUS
 62
3
 10
11.2565602452944
 20
-0.800479613530001
 30
0.0
 11
11.1782267085106
 21
-0.797979715255202
 31
0.0
  0
LINE
  8
3
  6
CONTINUOUS
 62
3
 10
11.1782267085106
 20
-0.797979715255202
 30
0.0
 11
11.1001017085106
 21
-0.799438201176402
 31
0.0
  0
LINE
  8
3
  6
CONTINUOUS
 62
3
 10
11.1001017085106
 20
-0.799438201176402
 30
0.0
 11
11.0222895136863
 21
-0.805479410079402
 31
0.0
  0
LINE
  8
3
  6
CONTINUOUS
 62
3
 10
11.0222895136863
 20
-0.805479410079402
 30
0.0
 11
10.9446845840802
 21
-0.816937489099601
 31
0.0
  0
LINE
  8
3
  6
CONTINUOUS
 62
3
 10
10.9446845840802
 20
-0.816937489099601
 30
0.0
 11
10.8674967280418
 21
-0.834229511804702
 31
0.0
  0
LINE
  8
3
  6
CONTINUOUS
 62
3
 10
10.8674967280418
 20
-0.834229511804702
 30
0.0
 11
10.7906216771792
 21
-0.858084085372402
 31
0.0
  0
LINE
  8
3
  6
CONTINUOUS
 62
3
 10
10.7906216771792
 20
-0.858084085372402
 30
0.0
 11
10.7141636998843
 21
-0.889125548588602
 31
0.0
  0
LINE
  8
3
  6
CONTINUOUS
 62
3
 10
10.7141636998843
 20
-0.889125548588602
 30
0.0
 11
10.6606218806297
 21
-0.926521025883503
 31
0.0
  0
LINE
  8
3
  6
CONTINUOUS
 62
3
 10
10.6606218806297
 20
-0.926521025883503
 30
0.0
 11
10.6181223383934
 21
-0.981208525883503
 31
0.0
  0
LINE
  8
3
  6
CONTINUOUS
 62
3
 10
10.6181223383934
 20
-0.981208525883503
 30
0.0
 11
10.585622389256
 21
-1.0491253960007
 31
0.0
  0
LINE
  8
3
  6
CONTINUOUS
 62
3
 10
10.585622389256
 20
-1.0491253960007
 30
0.0
 11
10.5617678156883
 21
-1.1261047152552
 31
0.0
  0
LINE
  8
3
  6
CONTINUOUS
 62
3
 10
10.5617678156883
 20
-1.1261047152552
 30
0.0
 11
10.5456227452944
 21
-1.2078752942754
 31
0.0
  0
LINE
  8
3
  6
CONTINUOUS
 62
3
 10
10.5456227452944
 20
-1.2078752942754
 30
0.0
 11
10.5357261490217
 21
-1.2901672152552
 31
0.0
  0
LINE
  8
3
  6
CONTINUOUS
 62
3
 10
10.5357261490217
 20
-1.2901672152552
 30
0.0
 11
10.531039157648
 21
-1.368916554041
 31
0.0
  0
LINE
  8
3
  6
CONTINUOUS
 62
3
 10
10.531039157648
 20
-1.368916554041
 30
0.0
 11
10.5304135472964
 21
-1.4398546643926
 31
0.0
  0
LINE
  8
3
  6
CONTINUOUS
 62
3
 10
10.5304135472964
 20
-1.4398546643926
 30
0.0
 11
10.5326019119611
 21
-1.4988127179815
 31
0.0
  0
LINE
  8
3
  6
CONTINUOUS
 62
3
 10
10.5326019119611
 20
-1.4988127179815
 30
0.0
 11
10.5363517593732
 21
-1.5415214327845
 31
0.0
  0
LINE
  8
3
  6
CONTINUOUS
 62
3
 10
10.5363517593732
 20
-1.5415214327845
 30
0.0
 11
10.5547894628237
 21
-1.6608960258835
 31
0.0
  0
LINE
  8
3
  6
CONTINUOUS
 62
3
 10
10.5547894628237
 20
-1.6608960258835
 30
0.0
 11
10.576038598159
 21
-1.7566252179815
 31
0.0
  0
LINE
  8
3
  6
CONTINUOUS
 62
3
 10
10.576038598159
 20
-1.7566252179815
 30
0.0
 11
10.6002059769025
 21
-1.8333960004522
 31
0.0
  0
LINE
  8
3
  6
CONTINUOUS
 62
3
 10
10.6002059769025
 20
-1.8333960004522
 30
0.0
 11
10.6270805191388
 21
-1.896104537236
 31
0.0
  0
LINE
  8
3
  6
CONTINUOUS
 62
3
 10
10.6270805191388
 20
-1.896104537236
 30
0.0
 11
10.6566634964337
 21
-1.9497499890996
 31
0.0
  0
LINE
  8
3
  6
CONTINUOUS
 62
3
 10
10.6566634964337
 20
-1.9497499890996
 30
0.0
 11
10.688956180353
 21
-1.9991255231573
 31
0.0
  0
LINE
  8
3
  6
CONTINUOUS
 62
3
 10
10.688956180353
 20
-1.9991255231573
 30
0.0
 11
10.7238517593732
 21
-2.0491253960007
 31
0.0
  0
LINE
  8
3
  6
CONTINUOUS
 62
3
 10
10.7238517593732
 20
-2.0491253960007
 30
0.0
 11
10.7612472366681
 21
-2.1046464073532
 31
0.0
  0
LINE
  8
3
  6
CONTINUOUS
 62
3
 10
10.7612472366681
 20
-2.1046464073532
 30
0.0
 11
10.8012468806297
 21
-2.1704791811976
 31
0.0
  0
LINE
  8
3
  6
CONTINUOUS
 62
3
 10
10.8012468806297
 20
-2.1704791811976
 30
0.0
 11
10.8436434260399
 21
-2.251625421432
 31
0.0
  0
LINE
  8
3
  6
CONTINUOUS
 62
3
 10
10.8436434260399
 20
-2.251625421432
 30
0.0
 11
10.8884343297671
 21
-2.3527708478643
 31
0.0
  0
LINE
  8
3
  6
CONTINUOUS
 62
3
 10
10.8884343297671
 20
-2.3527708478643
 30
0.0
 11
10.8927055191388
 21
-2.3692293592168
 31
0.0
  0
LINE
  8
3
  6
CONTINUOUS
 62
3
 10
10.8927055191388
 20
-2.3692293592168
 30
0.0
 11
10.8958310277651
 21
-2.3925625908249
 31
0.0
  0
LINE
  8
3
  6
CONTINUOUS
 62
3
 10
10.8958310277651
 20
-2.3925625908249
 30
0.0
 11
10.8985394628237
 21
-2.4212084241582
 31
0.0
  0
LINE
  8
3
  6
CONTINUOUS
 62
3
 10
10.8985394628237
 20
-2.4212084241582
 30
0.0
 11
10.9013508947085
 21
-2.4536047406865
 31
0.0
  0
LINE
  8
3
  6
CONTINUOUS
 62
3
 10
10.9013508947085
 20
-2.4536047406865
 30
0.0
 11
10.9051020136863
 21
-2.4882917829228
 31
0.0
  0
LINE
  8
3
  6
CONTINUOUS
 62
3
 10
10.9051020136863
 20
-2.4882917829228
 30
0.0
 11
10.9102060786278
 21
-2.5237087039027
 31
0.0
  0
LINE
  8
3
  6
CONTINUOUS
 62
3
 10
10.9102060786278
 20
-2.5237087039027
 30
0.0
 11
10.91760150506
 21
-2.5580835767461
 31
0.0
  0
LINE
  8
3
  6
CONTINUOUS
 62
3
 10
10.91760150506
 20
-2.5580835767461
 30
0.0
 11
10.927601098159
 21
-2.5901670880986
 31
0.0
  0
LINE
  8
3
  6
CONTINUOUS
 62
3
 10
10.927601098159
 20
-2.5901670880986
 30
0.0
 11
10.941143273452
 21
-2.6180836784713
 31
0.0
  0
LINE
  8
3
  6
CONTINUOUS
 62
3
 10
10.941143273452
 20
-2.6180836784713
 30
0.0
 11
10.9587468297671
 21
-2.6405833987269
 31
0.0
  0
LINE
  8
3
  6
CONTINUOUS
 62
3
 10
10.9587468297671
 20
-2.6405833987269
 30
0.0
 11
10.982288598159
 21
-2.6632916557663
 31
0.0
  0
LINE
  8
3
  6
CONTINUOUS
 62
3
 10
10.982288598159
 20
-2.6632916557663
 30
0.0
 11
11.0285392593732
 21
-2.7083960004522
 31
0.0
  0
LINE
  8
3
  6
CONTINUOUS
 62
3
 10
11.0285392593732
 20
-2.7083960004522
 30
0.0
 11
11.0737472366681
 21
-2.7531875399622
 31
0.0
  0
LINE
  8
3
  6
CONTINUOUS
 62
3
 10
11.0737472366681
 20
-2.7531875399622
 30
0.0
 11
11.0960390559227
 21
-2.7754793592168
 31
0.0
  0
LINE
  8
3
  6
CONTINUOUS
 62
3
 10
11.0960390559227
 20
-2.7754793592168
 30
0.0
 11
11.1181223383934
 21
-2.7977711784713
 31
0.0
  0
LINE
  8
3
  6
CONTINUOUS
 62
3
 10
11.1181223383934
 20
-2.7977711784713
 30
0.0
 11
11.1399970840802
 21
-2.8200629977259
 31
0.0
  0
LINE
  8
3
  6
CONTINUOUS
 62
3
 10
11.1399970840802
 20
-2.8200629977259
 30
0.0
 11
11.1617675613752
 21
-2.8424584495895
 31
0.0
  0
LINE
  8
3
  6
CONTINUOUS
 62
3
 10
11.1617675613752
 20
-2.8424584495895
 30
0.0
 11
11.183330773452
 21
-2.864854537236
 31
0.0
  0
LINE
  8
3
  6
CONTINUOUS
 62
3
 10
6.80353951368638
 20
-2.927354537236
 30
0.0
 11
6.72603885247221
 21
-2.9419374890996
 31
0.0
  0
LINE
  8
3
  6
CONTINUOUS
 62
3
 10
6.72603885247221
 20
-2.9419374890996
 30
0.0
 11
6.6529136490217
 21
-2.9717296389613
 31
0.0
  0
LINE
  8
3
  6
CONTINUOUS
 62
3
 10
6.6529136490217
 20
-2.9717296389613
 30
0.0
 11
6.58718514356922
 21
-3.0154797661178
 31
0.0
  0
LINE
  8
3
  6
CONTINUOUS
 62
3
 10
6.58718514356922
 20
-3.0154797661178
 30
0.0
 11
6.53155922804186
 21
-3.0715208478643
 31
0.0
  0
LINE
  8
3
  6
CONTINUOUS
 62
3
 10
6.53155922804186
 20
-3.0715208478643
 30
0.0
 11
6.48812254184394
 21
-3.13745852588347
 31
0.0
  0
LINE
  8
3
  6
CONTINUOUS
 62
3
 10
6.48812254184394
 20
-3.13745852588347
 30
0.0
 11
6.45885109815906
 21
-3.21079226611784
 31
0.0
  0
LINE
  8
3
  6
CONTINUOUS
 62
3
 10
6.45885109815906
 20
-3.21079226611784
 30
0.0
 11
6.44478885247221
 21
-3.28850019255012
 31
0.0
  0
LINE
  8
3
  6
CONTINUOUS
 62
3
 10
6.44478885247221
 20
-3.28850019255012
 30
0.0
 11
6.44645587517729
 21
-3.36745870390268
 31
0.0
  0
LINE
  8
3
  6
CONTINUOUS
 62
3
 10
6.44645587517729
 20
-3.36745870390268
 30
0.0
 11
6.46385089470855
 21
-3.44443802315725
 31
0.0
  0
LINE
  8
3
  6
CONTINUOUS
 62
3
 10
6.46385089470855
 20
-3.44443802315725
 30
0.0
 11
6.49624784701973
 21
-3.51641691007942
 31
0.0
  0
LINE
  8
3
  6
CONTINUOUS
 62
3
 10
6.49624784701973
 20
-3.51641691007942
 30
0.0
 11
6.54239296827623
 21
-3.58047966439261
 31
0.0
  0
LINE
  8
3
  6
CONTINUOUS
 62
3
 10
6.54239296827623
 20
-3.58047966439261
 30
0.0
 11
6.60031024529445
 21
-3.63412511625619
 31
0.0
  0
LINE
  8
3
  6
CONTINUOUS
 62
3
 10
6.60031024529445
 20
-3.63412511625619
 30
0.0
 11
6.66791431023587
 21
-3.67506253996225
 31
0.0
  0
LINE
  8
3
  6
CONTINUOUS
 62
3
 10
6.66791431023587
 20
-3.67506253996225
 30
0.0
 11
6.74218519443185
 21
-3.70162554858855
 31
0.0
  0
LINE
  8
3
  6
CONTINUOUS
 62
3
 10
6.74218519443185
 20
-3.70162554858855
 30
0.0
 11
6.82031019443185
 21
-3.71297935921682
 31
0.0
  0
LINE
  8
3
  6
CONTINUOUS
 62
3
 10
6.82031019443185
 20
-3.71297935921682
 30
0.0
 11
6.89916380160957
 21
-3.70839600045217
 31
0.0
  0
LINE
  8
3
  6
CONTINUOUS
 62
3
 10
6.89916380160957
 20
-3.70839600045217
 30
0.0
 11
6.97551751051256
 21
-3.68818764168753
 31
0.0
  0
LINE
  8
3
  6
CONTINUOUS
 62
3
 10
6.97551751051256
 20
-3.68818764168753
 30
0.0
 11
7.04624708408028
 21
-3.6531877942754
 31
0.0
  0
LINE
  8
3
  6
CONTINUOUS
 62
3
 10
7.04624708408028
 20
-3.6531877942754
 30
0.0
 11
7.04926832431465
 21
-3.67860448637339
 31
0.0
  0
LINE
  8
3
  6
CONTINUOUS
 62
3
 10
7.04926832431465
 20
-3.67860448637339
 30
0.0
 11
7.05291390333485
 21
-3.7037083732956
 31
0.0
  0
LINE
  8
3
  6
CONTINUOUS
 62
3
 10
7.05291390333485
 20
-3.7037083732956
 30
0.0
 11
7.05739362949044
 21
-3.72870862760875
 31
0.0
  0
LINE
  8
3
  6
CONTINUOUS
 62
3
 10
7.05739362949044
 20
-3.72870862760875
 30
0.0
 11
7.06280922804185
 21
-3.75350034513804
 31
0.0
  0
LINE
  8
3
  6
CONTINUOUS
 62
3
 10
7.06280922804185
 20
-3.75350034513804
 30
0.0
 11
7.06937177890449
 21
-3.77787498909961
 31
0.0
  0
LINE
  8
3
  6
CONTINUOUS
 62
3
 10
7.06937177890449
 20
-3.77787498909961
 30
0.0
 11
7.07718427890449
 21
-3.80214600045217
 31
0.0
  0
LINE
  8
3
  6
CONTINUOUS
 62
3
 10
7.07718427890449
 20
-3.80214600045217
 30
0.0
 11
7.08635099643378
 21
-3.82600057401985
 31
0.0
  0
LINE
  8
3
  6
CONTINUOUS
 62
3
 10
7.08635099643378
 20
-3.82600057401985
 30
0.0
 11
7.0969761998843
 21
-3.84943807401985
 31
0.0
  0
LINE
  8
3
  6
CONTINUOUS
 62
3
 10
7.0969761998843
 20
-3.84943807401985
 30
0.0
 11
7.10937269443181
 21
-3.8725627688441
 31
0.0
  0
LINE
  8
3
  6
CONTINUOUS
 62
3
 10
7.10937269443181
 20
-3.8725627688441
 30
0.0
 11
7.12343494011866
 21
-3.8953752942754
 31
0.0
  0
LINE
  8
3
  6
CONTINUOUS
 62
3
 10
7.12343494011866
 20
-3.8953752942754
 30
0.0
 11
7.14468534701973
 21
-3.92391685921682
 31
0.0
  0
LINE
  8
3
  6
CONTINUOUS
 62
3
 10
7.14468534701973
 20
-3.92391685921682
 30
0.0
 11
7.16812284701973
 21
-3.95016706266733
 31
0.0
  0
LINE
  8
3
  6
CONTINUOUS
 62
3
 10
7.16812284701973
 20
-3.95016706266733
 30
0.0
 11
7.19364317172677
 21
-3.9741252688441
 31
0.0
  0
LINE
  8
3
  6
CONTINUOUS
 62
3
 10
7.19364317172677
 20
-3.9741252688441
 30
0.0
 11
7.22093478753079
 21
-3.99610428292284
 31
0.0
  0
LINE
  8
3
  6
CONTINUOUS
 62
3
 10
7.22093478753079
 20
-3.99610428292284
 30
0.0
 11
7.24968488925607
 21
-4.01610474068654
 31
0.0
  0
LINE
  8
3
  6
CONTINUOUS
 62
3
 10
7.24968488925607
 20
-4.01610474068654
 30
0.0
 11
7.27978920851059
 21
-4.03443753996225
 31
0.0
  0
LINE
  8
3
  6
CONTINUOUS
 62
3
 10
7.27978920851059
 20
-4.03443753996225
 30
0.0
 11
7.31083067172677
 21
-4.0510003197067
 31
0.0
  0
LINE
  8
3
  6
CONTINUOUS
 62
3
 10
7.31083067172677
 20
-4.0510003197067
 30
0.0
 11
7.34270501051256
 21
-4.06600034513804
 31
0.0
  0
LINE
  8
3
  6
CONTINUOUS
 62
3
 10
7.34270501051256
 20
-4.06600034513804
 30
0.0
 11
7.37499769443185
 21
-4.07975042143197
 31
0.0
  0
LINE
  8
3
  6
CONTINUOUS
 62
3
 10
7.37499769443185
 20
-4.07975042143197
 30
0.0
 11
7.40749764356922
 21
-4.09214628019662
 31
0.0
  0
LINE
  8
3
  6
CONTINUOUS
 62
3
 10
7.40749764356922
 20
-4.09214628019662
 30
0.0
 11
7.42770536655099
 21
-4.0978753197067
 31
0.0
  0
LINE
  8
3
  6
CONTINUOUS
 62
3
 10
7.42770536655099
 20
-4.0978753197067
 30
0.0
 11
7.44937284701973
 21
-4.1015208987269
 31
0.0
  0
LINE
  8
3
  6
CONTINUOUS
 62
3
 10
7.44937284701973
 20
-4.1015208987269
 30
0.0
 11
7.47208046827622
 21
-4.10391716439261
 31
0.0
  0
LINE
  8
3
  6
CONTINUOUS
 62
3
 10
7.47208046827622
 20
-4.10391716439261
 30
0.0
 11
7.49510089470851
 21
-4.10599998909961
 31
0.0
  0
LINE
  8
3
  6
CONTINUOUS
 62
3
 10
7.49510089470851
 20
-4.10599998909961
 30
0.0
 11
7.51791405592272
 21
-4.10850052315725
 31
0.0
  0
LINE
  8
3
  6
CONTINUOUS
 62
3
 10
7.51791405592272
 20
-4.10850052315725
 30
0.0
 11
7.54010160678536
 21
-4.11225037056934
 31
0.0
  0
LINE
  8
3
  6
CONTINUOUS
 62
3
 10
7.54010160678536
 20
-4.11225037056934
 30
0.0
 11
7.56103920851059
 21
-4.11808367847135
 31
0.0
  0
LINE
  8
3
  6
CONTINUOUS
 62
3
 10
7.56103920851059
 20
-4.11808367847135
 30
0.0
 11
7.58010125074693
 21
-4.12683332243296
 31
0.0
  0
LINE
  8
3
  6
CONTINUOUS
 62
3
 10
7.58010125074693
 20
-4.12683332243296
 30
0.0
 11
7.59676766310044
 21
-4.13933344958953
 31
0.0
  0
LINE
  8
3
  6
CONTINUOUS
 62
3
 10
7.59676766310044
 20
-4.13933344958953
 30
0.0
 11
7.61051837517729
 21
-4.15652120390268
 31
0.0
  0
LINE
  8
3
  6
CONTINUOUS
 62
3
 10
7.61051837517729
 20
-4.15652120390268
 30
0.0
 11
7.62353920851059
 21
-4.19183385649056
 31
0.0
  0
LINE
  8
3
  6
CONTINUOUS
 62
3
 10
7.62353920851059
 20
-4.19183385649056
 30
0.0
 11
7.62416354729642
 21
-4.23172923206024
 31
0.0
  0
LINE
  8
3
  6
CONTINUOUS
 62
3
 10
7.62416354729642
 20
-4.23172923206024
 30
0.0
 11
7.61510109815906
 21
-4.27475011625619
 31
0.0
  0
LINE
  8
3
  6
CONTINUOUS
 62
3
 10
7.61510109815906
 20
-4.27475011625619
 30
0.0
 11
7.59853895419744
 21
-4.31902094958953
 31
0.0
  0
LINE
  8
3
  6
CONTINUOUS
 62
3
 10
7.59853895419744
 20
-4.31902094958953
 30
0.0
 11
7.57708001051256
 21
-4.36287534513804
 31
0.0
  0
LINE
  8
3
  6
CONTINUOUS
 62
3
 10
7.57708001051256
 20
-4.36287534513804
 30
0.0
 11
7.5531224401187
 21
-4.40454201180469
 31
0.0
  0
LINE
  8
3
  6
CONTINUOUS
 62
3
 10
7.5531224401187
 20
-4.40454201180469
 30
0.0
 11
7.52905932976713
 21
-4.44235456266733
 31
0.0
  0
LINE
  8
3
  6
CONTINUOUS
 62
3
 10
7.52905932976713
 20
-4.44235456266733
 30
0.0
 11
7.50749738925607
 21
-4.47475024341276
 31
0.0
  0
LINE
  8
3
  6
CONTINUOUS
 62
3
 10
7.50749738925607
 20
-4.47475024341276
 30
0.0
 11
7.4906224401187
 21
-4.49975049772591
 31
0.0
  0
LINE
  8
3
  6
CONTINUOUS
 62
3
 10
7.4906224401187
 20
-4.49975049772591
 30
0.0
 11
7.4810386490217
 21
-4.51589620390268
 31
0.0
  0
LINE
  8
3
  6
CONTINUOUS
 62
3
 10
7.4810386490217
 20
-4.51589620390268
 30
0.0
 11
7.45822675937323
 21
-4.58600016711883
 31
0.0
  0
LINE
  8
3
  6
CONTINUOUS
 62
3
 10
7.45822675937323
 20
-4.58600016711883
 30
0.0
 11
7.45645546827622
 21
-4.64995865304005
 31
0.0
  0
LINE
  8
3
  6
CONTINUOUS
 62
3
 10
7.45645546827622
 20
-4.64995865304005
 30
0.0
 11
7.47249754184394
 21
-4.7078752942754
 31
0.0
  0
LINE
  8
3
  6
CONTINUOUS
 62
3
 10
7.47249754184394
 20
-4.7078752942754
 30
0.0
 11
7.50301766310048
 21
-4.76006289600068
 31
0.0
  0
LINE
  8
3
  6
CONTINUOUS
 62
3
 10
7.50301766310048
 20
-4.76006289600068
 30
0.0
 11
7.54489286655099
 21
-4.80652082243296
 31
0.0
  0
LINE
  8
3
  6
CONTINUOUS
 62
3
 10
7.54489286655099
 20
-4.80652082243296
 30
0.0
 11
7.59478910678536
 21
-4.84756251453095
 31
0.0
  0
LINE
  8
3
  6
CONTINUOUS
 62
3
 10
7.59478910678536
 20
-4.84756251453095
 30
0.0
 11
7.64968514356922
 21
-4.88329224068654
 31
0.0
  0
LINE
  8
3
  6
CONTINUOUS
 62
3
 10
7.64968514356922
 20
-4.88329224068654
 30
0.0
 11
7.70624693149237
 21
-4.9140208987269
 31
0.0
  0
LINE
  8
3
  6
CONTINUOUS
 62
3
 10
7.70624693149237
 20
-4.9140208987269
 30
0.0
 11
7.76124723666815
 21
-4.93975039600068
 31
0.0
  0
LINE
  8
3
  6
CONTINUOUS
 62
3
 10
7.76124723666815
 20
-4.93975039600068
 30
0.0
 11
7.81155927890449
 21
-4.96079226611784
 31
0.0
  0
LINE
  8
3
  6
CONTINUOUS
 62
3
 10
7.81155927890449
 20
-4.96079226611784
 30
0.0
 11
8.40062228753079
 21
-4.96079226611784
 31
0.0
  0
LINE
  8
3
  6
CONTINUOUS
 62
3
 10
8.40062228753079
 20
-4.96079226611784
 30
0.0
 11
8.45093432976713
 21
-4.93975039600068
 31
0.0
  0
LINE
  8
3
  6
CONTINUOUS
 62
3
 10
8.45093432976713
 20
-4.93975039600068
 30
0.0
 11
8.50593463494292
 21
-4.9140208987269
 31
0.0
  0
LINE
  8
3
  6
CONTINUOUS
 62
3
 10
8.50593463494292
 20
-4.9140208987269
 30
0.0
 11
8.56249769443185
 21
-4.88329224068654
 31
0.0
  0
LINE
  8
3
  6
CONTINUOUS
 62
3
 10
8.56249769443185
 20
-4.88329224068654
 30
0.0
 11
8.61739245964992
 21
-4.84756251453095
 31
0.0
  0
LINE
  8
3
  6
CONTINUOUS
 62
3
 10
8.61739245964992
 20
-4.84756251453095
 30
0.0
 11
8.66728869988429
 21
-4.80652082243296
 31
0.0
  0
LINE
  8
3
  6
CONTINUOUS
 62
3
 10
8.66728869988429
 20
-4.80652082243296
 30
0.0
 11
8.70916390333484
 21
-4.76006289600068
 31
0.0
  0
LINE
  8
3
  6
CONTINUOUS
 62
3
 10
8.70916390333484
 20
-4.76006289600068
 30
0.0
 11
8.73968529615709
 21
-4.7078752942754
 31
0.0
  0
LINE
  8
3
  6
CONTINUOUS
 62
3
 10
8.73968529615709
 20
-4.7078752942754
 30
0.0
 11
8.75572609815906
 21
-4.64995865304005
 31
0.0
  0
LINE
  8
3
  6
CONTINUOUS
 62
3
 10
8.75572609815906
 20
-4.64995865304005
 30
0.0
 11
8.7539560786278
 21
-4.58600016711883
 31
0.0
  0
LINE
  8
3
  6
CONTINUOUS
 62
3
 10
8.7539560786278
 20
-4.58600016711883
 30
0.0
 11
8.73114291741359
 21
-4.51589620390268
 31
0.0
  0
LINE
  8
3
  6
CONTINUOUS
 62
3
 10
8.73114291741359
 20
-4.51589620390268
 30
0.0
 11
8.72155912631662
 21
-4.49975049772591
 31
0.0
  0
LINE
  8
3
  6
CONTINUOUS
 62
3
 10
8.72155912631662
 20
-4.49975049772591
 30
0.0
 11
8.68312223666815
 21
-4.44235456266733
 31
0.0
  0
LINE
  8
3
  6
CONTINUOUS
 62
3
 10
8.68312223666815
 20
-4.44235456266733
 30
0.0
 11
8.65905912631662
 21
-4.40454201180469
 31
0.0
  0
LINE
  8
3
  6
CONTINUOUS
 62
3
 10
8.65905912631662
 20
-4.40454201180469
 30
0.0
 11
8.63510155592272
 21
-4.36287534513804
 31
0.0
  0
LINE
  8
3
  6
CONTINUOUS
 62
3
 10
8.63510155592272
 20
-4.36287534513804
 30
0.0
 11
8.61364261223784
 21
-4.31902094958953
 31
0.0
  0
LINE
  8
3
  6
CONTINUOUS
 62
3
 10
8.61364261223784
 20
-4.31902094958953
 30
0.0
 11
8.59708046827622
 21
-4.27475011625619
 31
0.0
  0
LINE
  8
3
  6
CONTINUOUS
 62
3
 10
8.59708046827622
 20
-4.27475011625619
 30
0.0
 11
8.58801801913886
 21
-4.23172923206024
 31
0.0
  0
LINE
  8
3
  6
CONTINUOUS
 62
3
 10
8.58801801913886
 20
-4.23172923206024
 30
0.0
 11
8.58874662631662
 21
-4.19183385649056
 31
0.0
  0
LINE
  8
3
  6
CONTINUOUS
 62
3
 10
8.58874662631662
 20
-4.19183385649056
 30
0.0
 11
8.60166446282378
 21
-4.15652120390268
 31
0.0
  0
LINE
  8
3
  6
CONTINUOUS
 62
3
 10
8.60166446282378
 20
-4.15652120390268
 30
0.0
 11
8.61541390333485
 21
-4.13933344958953
 31
0.0
  0
LINE
  8
3
  6
CONTINUOUS
 62
3
 10
8.61541390333485
 20
-4.13933344958953
 30
0.0
 11
8.63208031568835
 21
-4.12683332243296
 31
0.0
  0
LINE
  8
3
  6
CONTINUOUS
 62
3
 10
8.63208031568835
 20
-4.12683332243296
 30
0.0
 11
8.65124662631662
 21
-4.11808367847135
 31
0.0
  0
LINE
  8
3
  6
CONTINUOUS
 62
3
 10
8.65124662631662
 20
-4.11808367847135
 30
0.0
 11
8.67207995964992
 21
-4.11225037056934
 31
0.0
  0
LINE
  8
3
  6
CONTINUOUS
 62
3
 10
8.67207995964992
 20
-4.11225037056934
 30
0.0
 11
8.69426751051256
 21
-4.10850052315725
 31
0.0
  0
LINE
  8
3
  6
CONTINUOUS
 62
3
 10
8.69426751051256
 20
-4.10850052315725
 30
0.0
 11
8.71708067172677
 21
-4.10599998909961
 31
0.0
  0
LINE
  8
3
  6
CONTINUOUS
 62
3
 10
8.71708067172677
 20
-4.10599998909961
 30
0.0
 11
8.74010109815906
 21
-4.10391716439257
 31
0.0
  0
LINE
  8
3
  6
CONTINUOUS
 62
3
 10
8.74010109815906
 20
-4.10391716439257
 30
0.0
 11
8.7628099909813
 21
-4.1015208987269
 31
0.0
  0
LINE
  8
3
  6
CONTINUOUS
 62
3
 10
8.7628099909813
 20
-4.1015208987269
 30
0.0
 11
8.78447619988429
 21
-4.0978753197067
 31
0.0
  0
LINE
  8
3
  6
CONTINUOUS
 62
3
 10
8.78447619988429
 20
-4.0978753197067
 30
0.0
 11
8.80468519443185
 21
-4.09214628019662
 31
0.0
  0
LINE
  8
3
  6
CONTINUOUS
 62
3
 10
8.80468519443185
 20
-4.09214628019662
 30
0.0
 11
8.83718514356922
 21
-4.07975042143197
 31
0.0
  0
LINE
  8
3
  6
CONTINUOUS
 62
3
 10
8.83718514356922
 20
-4.07975042143197
 30
0.0
 11
8.86947655592272
 21
-4.06600034513804
 31
0.0
  0
LINE
  8
3
  6
CONTINUOUS
 62
3
 10
8.86947655592272
 20
-4.06600034513804
 30
0.0
 11
8.90135089470855
 21
-4.0510003197067
 31
0.0
  0
LINE
  8
3
  6
CONTINUOUS
 62
3
 10
8.90135089470855
 20
-4.0510003197067
 30
0.0
 11
8.93239362949044
 21
-4.03443753996225
 31
0.0
  0
LINE
  8
3
  6
CONTINUOUS
 62
3
 10
8.93239362949044
 20
-4.03443753996225
 30
0.0
 11
8.96249667717922
 21
-4.01610474068654
 31
0.0
  0
LINE
  8
3
  6
CONTINUOUS
 62
3
 10
8.96249667717922
 20
-4.01610474068654
 30
0.0
 11
8.99124677890449
 21
-3.99610428292284
 31
0.0
  0
LINE
  8
3
  6
CONTINUOUS
 62
3
 10
8.99124677890449
 20
-3.99610428292284
 30
0.0
 11
9.01853839470855
 21
-3.9741252688441
 31
0.0
  0
LINE
  8
3
  6
CONTINUOUS
 62
3
 10
9.01853839470855
 20
-3.9741252688441
 30
0.0
 11
9.0440599909813
 21
-3.95016706266733
 31
0.0
  0
LINE
  8
3
  6
CONTINUOUS
 62
3
 10
9.0440599909813
 20
-3.95016706266733
 30
0.0
 11
9.0674974909813
 21
-3.92391685921682
 31
0.0
  0
LINE
  8
3
  6
CONTINUOUS
 62
3
 10
9.0674974909813
 20
-3.92391685921682
 30
0.0
 11
9.08874662631662
 21
-3.8953752942754
 31
0.0
  0
LINE
  8
3
  6
CONTINUOUS
 62
3
 10
9.08874662631662
 20
-3.8953752942754
 30
0.0
 11
9.09603905592272
 21
-3.88402084786426
 31
0.0
  0
LINE
  8
3
  6
CONTINUOUS
 62
3
 10
9.09603905592272
 20
-3.88402084786426
 30
0.0
 11
9.10281014356922
 21
-3.87266703723603
 31
0.0
  0
LINE
  8
3
  6
CONTINUOUS
 62
3
 10
9.10281014356922
 20
-3.87266703723603
 30
0.0
 11
9.109164157648
 21
-3.8611046898239
 31
0.0
  0
LINE
  8
3
  6
CONTINUOUS
 62
3
 10
9.109164157648
 20
-3.8611046898239
 30
0.0
 11
9.11510109815906
 21
-3.8495417066289
 31
0.0
  0
LINE
  8
3
  6
CONTINUOUS
 62
3
 10
9.11510109815906
 20
-3.8495417066289
 30
0.0
 11
9.12062223666815
 21
-3.83777082243296
 31
0.0
  0
LINE
  8
3
  6
CONTINUOUS
 62
3
 10
9.12062223666815
 20
-3.83777082243296
 30
0.0
 11
9.1258305700015
 21
-3.82600057401985
 31
0.0
  0
LINE
  8
3
  6
CONTINUOUS
 62
3
 10
9.1258305700015
 20
-3.82600057401985
 30
0.0
 11
9.1305175613752
 21
-3.81412542143197
 31
0.0
  0
LINE
  8
3
  6
CONTINUOUS
 62
3
 10
9.1305175613752
 20
-3.81412542143197
 30
0.0
 11
9.13499728753079
 21
-3.8022502688441
 31
0.0
  0
LINE
  8
3
  6
CONTINUOUS
 62
3
 10
9.13499728753079
 20
-3.8022502688441
 30
0.0
 11
9.1390599401187
 21
-3.7901672152552
 31
0.0
  0
LINE
  8
3
  6
CONTINUOUS
 62
3
 10
9.1390599401187
 20
-3.7901672152552
 30
0.0
 11
9.14270551913886
 21
-3.77808352588347
 31
0.0
  0
LINE
  8
3
  6
CONTINUOUS
 62
3
 10
9.14270551913886
 20
-3.77808352588347
 30
0.0
 11
9.20885109815906
 21
-3.82329213896127
 31
0.0
  0
LINE
  8
3
  6
CONTINUOUS
 62
3
 10
9.20885109815906
 20
-3.82329213896127
 30
0.0
 11
9.28280917717921
 21
-3.85422933378548
 31
0.0
  0
LINE
  8
3
  6
CONTINUOUS
 62
3
 10
9.28280917717921
 20
-3.85422933378548
 30
0.0
 11
9.36145551913886
 21
-3.8696464327845
 31
0.0
  0
LINE
  8
3
  6
CONTINUOUS
 62
3
 10
9.36145551913886
 20
-3.8696464327845
 30
0.0
 11
9.44156034701973
 21
-3.86870865304005
 31
0.0
  0
LINE
  8
3
  6
CONTINUOUS
 62
3
 10
9.44156034701973
 20
-3.86870865304005
 30
0.0
 11
9.51989261223784
 21
-3.8515208987269
 31
0.0
  0
LINE
  8
3
  6
CONTINUOUS
 62
3
 10
9.51989261223784
 20
-3.8515208987269
 30
0.0
 11
9.59301781568835
 21
-3.8189166811976
 31
0.0
  0
LINE
  8
3
  6
CONTINUOUS
 62
3
 10
9.59301781568835
 20
-3.8189166811976
 30
0.0
 11
9.658121982355
 21
-3.77214594958953
 31
0.0
  0
LINE
  8
3
  6
CONTINUOUS
 62
3
 10
9.658121982355
 20
-3.77214594958953
 30
0.0
 11
9.71239368035307
 21
-3.71318789600068
 31
0.0
  0
LINE
  8
3
  6
CONTINUOUS
 62
3
 10
9.71239368035307
 20
-3.71318789600068
 30
0.0
 11
9.75353900506008
 21
-3.64443751453095
 31
0.0
  0
LINE
  8
3
  6
CONTINUOUS
 62
3
 10
9.75353900506008
 20
-3.64443751453095
 30
0.0
 11
9.77999774529445
 21
-3.56881304858855
 31
0.0
  0
LINE
  8
3
  6
CONTINUOUS
 62
3
 10
9.77999774529445
 20
-3.56881304858855
 30
0.0
 11
9.79051868035307
 21
-3.48943809945119
 31
0.0
  0
LINE
  8
3
  6
CONTINUOUS
 62
3
 10
9.79051868035307
 20
-3.48943809945119
 30
0.0
 11
9.78478900506008
 21
-3.40943753996225
 31
0.0
  0
LINE
  8
3
  6
CONTINUOUS
 62
3
 10
9.78478900506008
 20
-3.40943753996225
 30
0.0
 11
9.76301852776516
 21
-3.33235458809863
 31
0.0
  0
LINE
  8
3
  6
CONTINUOUS
 62
3
 10
9.76301852776516
 20
-3.33235458809863
 30
0.0
 11
9.72603885247221
 21
-3.26120857674611
 31
0.0
  0
LINE
  8
3
  6
CONTINUOUS
 62
3
 10
9.72603885247221
 20
-3.26120857674611
 30
0.0
 11
9.67541400506008
 21
-3.19912501453095
 31
0.0
  0
LINE
  8
3
  6
CONTINUOUS
 62
3
 10
9.67541400506008
 20
-3.19912501453095
 30
0.0
 11
9.67260130160957
 21
-3.19631294686327
 31
0.0
  0
LINE
  8
3
  6
CONTINUOUS
 62
3
 10
9.67260130160957
 20
-3.19631294686327
 30
0.0
 11
9.66989286655099
 21
-3.19350024341276
 31
0.0
  0
LINE
  8
3
  6
CONTINUOUS
 62
3
 10
9.66989286655099
 20
-3.19350024341276
 30
0.0
 11
9.66708016310048
 21
-3.19079180835418
 31
0.0
  0
LINE
  8
3
  6
CONTINUOUS
 62
3
 10
9.66708016310048
 20
-3.19079180835418
 30
0.0
 11
9.66426745964992
 21
-3.18797974068654
 31
0.0
  0
LINE
  8
3
  6
CONTINUOUS
 62
3
 10
9.66426745964992
 20
-3.18797974068654
 30
0.0
 11
9.66156029615709
 21
-3.18516703723599
 31
0.0
  0
LINE
  8
3
  6
CONTINUOUS
 62
3
 10
9.66156029615709
 20
-3.18516703723599
 30
0.0
 11
9.65874759270658
 21
-3.18245860217741
 31
0.0
  0
LINE
  8
3
  6
CONTINUOUS
 62
3
 10
9.65874759270658
 20
-3.18245860217741
 30
0.0
 11
9.65312218580552
 21
-3.17683383105926
 31
0.0
  0
LINE
  8
3
  6
CONTINUOUS
 62
3
 10
9.65312218580552
 20
-3.17683383105926
 30
0.0
 11
9.65041375074693
 21
-3.17402112760875
 31
0.0
  0
LINE
  8
3
  6
CONTINUOUS
 62
3
 10
9.65041375074693
 20
-3.17402112760875
 30
0.0
 11
9.64760104729642
 21
-3.17131269255012
 31
0.0
  0
LINE
  8
3
  6
CONTINUOUS
 62
3
 10
9.64760104729642
 20
-3.17131269255012
 30
0.0
 11
9.62187218580552
 21
-3.14766665576627
 31
0.0
  0
LINE
  8
3
  6
CONTINUOUS
 62
3
 10
9.62187218580552
 20
-3.14766665576627
 30
0.0
 11
9.59405922804185
 21
-3.12652115304005
 31
0.0
  0
LINE
  8
3
  6
CONTINUOUS
 62
3
 10
9.59405922804185
 20
-3.12652115304005
 30
0.0
 11
9.56458051913886
 21
-3.10787554858855
 31
0.0
  0
LINE
  8
3
  6
CONTINUOUS
 62
3
 10
9.56458051913886
 20
-3.10787554858855
 30
0.0
 11
9.53353905592272
 21
-3.09193774341276
 31
0.0
  0
LINE
  8
3
  6
CONTINUOUS
 62
3
 10
9.53353905592272
 20
-3.09193774341276
 30
0.0
 11
9.50124764356922
 21
-3.0787083732956
 31
0.0
  0
LINE
  8
3
  6
CONTINUOUS
 62
3
 10
9.50124764356922
 20
-3.0787083732956
 30
0.0
 11
9.46780927890449
 21
-3.0685002434128
 31
0.0
  0
LINE
  8
3
  6
CONTINUOUS
 62
3
 10
9.46780927890449
 20
-3.0685002434128
 30
0.0
 11
9.4336435786278
 21
-3.0613127179815
 31
0.0
  0
LINE
  8
3
  6
CONTINUOUS
 62
3
 10
9.4336435786278
 20
-3.0613127179815
 30
0.0
 11
9.39905953321764
 21
-3.0571464327845
 31
0.0
  0
LINE
  8
3
  6
CONTINUOUS
 62
3
 10
9.39905953321764
 20
-3.0571464327845
 30
0.0
 11
9.36416395419744
 21
-3.0560001162562
 31
0.0
  0
LINE
  8
3
  6
CONTINUOUS
 62
3
 10
9.36416395419744
 20
-3.0560001162562
 30
0.0
 11
9.32926837517729
 21
-3.0579793083542
 31
0.0
  0
LINE
  8
3
  6
CONTINUOUS
 62
3
 10
9.32926837517729
 20
-3.0579793083542
 30
0.0
 11
9.37135084384591
 21
-2.9869375653935
 31
0.0
  0
LINE
  8
3
  6
CONTINUOUS
 62
3
 10
9.37135084384591
 20
-2.9869375653935
 30
0.0
 11
9.41520587517729
 21
-2.9170421389613
 31
0.0
  0
LINE
  8
3
  6
CONTINUOUS
 62
3
 10
9.41520587517729
 20
-2.9170421389613
 30
0.0
 11
9.46030958408028
 21
-2.8479795880986
 31
0.0
  0
LINE
  8
3
  6
CONTINUOUS
 62
3
 10
9.46030958408028
 20
-2.8479795880986
 30
0.0
 11
9.50614317172678
 21
-2.7793334750208
 31
0.0
  0
LINE
  8
3
  6
CONTINUOUS
 62
3
 10
9.50614317172678
 20
-2.7793334750208
 30
0.0
 11
9.55228829298327
 21
-2.7108958987269
 31
0.0
  0
LINE
  8
3
  6
CONTINUOUS
 62
3
 10
9.55228829298327
 20
-2.7108958987269
 30
0.0
 11
9.59791334384591
 21
-2.64214615304
 31
0.0
  0
LINE
  8
3
  6
CONTINUOUS
 62
3
 10
9.59791334384591
 20
-2.64214615304
 30
0.0
 11
9.64270551913886
 21
-2.5727714327845
 31
0.0
  0
LINE
  8
3
  6
CONTINUOUS
 62
3
 10
9.64270551913886
 20
-2.5727714327845
 30
0.0
 11
9.68614347690252
 21
-2.5023546643926
 31
0.0
  0
LINE
  8
3
  6
CONTINUOUS
 62
3
 10
9.68614347690252
 20
-2.5023546643926
 30
0.0
 11
9.72760160678536
 21
-2.4305836784713
 31
0.0
  0
LINE
  8
3
  6
CONTINUOUS
 62
3
 10
9.72760160678536
 20
-2.4305836784713
 30
0.0
 11
9.76655983839343
 21
-2.3571463056279
 31
0.0
  0
LINE
  8
3
  6
CONTINUOUS
 62
3
 10
9.76655983839343
 20
-2.3571463056279
 30
0.0
 11
9.80249682976713
 21
-2.2815212039027
 31
0.0
  0
LINE
  8
3
  6
CONTINUOUS
 62
3
 10
9.80249682976713
 20
-2.2815212039027
 30
0.0
 11
9.83478951368638
 21
-2.2035004722946
 31
0.0
  0
LINE
  8
3
  6
CONTINUOUS
 62
3
 10
9.83478951368638
 20
-2.2035004722946
 30
0.0
 11
9.86405968580552
 21
-2.121000014531
 31
0.0
  0
LINE
  8
3
  6
CONTINUOUS
 62
3
 10
9.86405968580552
 20
-2.121000014531
 30
0.0
 11
9.88853859815906
 21
-2.0393337039027
 31
0.0
  0
LINE
  8
3
  6
CONTINUOUS
 62
3
 10
9.88853859815906
 20
-2.0393337039027
 30
0.0
 11
9.90843478753079
 21
-1.9583960004522
 31
0.0
  0
LINE
  8
3
  6
CONTINUOUS
 62
3
 10
9.90843478753079
 20
-1.9583960004522
 30
0.0
 11
9.92426832431465
 21
-1.8779796389613
 31
0.0
  0
LINE
  8
3
  6
CONTINUOUS
 62
3
 10
9.92426832431465
 20
-1.8779796389613
 30
0.0
 11
9.93645501051256
 21
-1.7977711784713
 31
0.0
  0
LINE
  8
3
  6
CONTINUOUS
 62
3
 10
9.93645501051256
 20
-1.7977711784713
 30
0.0
 11
9.94531019443185
 21
-1.7175627179815
 31
0.0
  0
LINE
  8
3
  6
CONTINUOUS
 62
3
 10
9.94531019443185
 20
-1.7175627179815
 30
0.0
 11
9.95114286655099
 21
-1.6370420880986
 31
0.0
  0
LINE
  8
3
  6
CONTINUOUS
 62
3
 10
9.95114286655099
 20
-1.6370420880986
 30
0.0
 11
9.95447691196115
 21
-1.55620865304
 31
0.0
  0
LINE
  8
3
  6
CONTINUOUS
 62
3
 10
9.95447691196115
 20
-1.55620865304
 30
0.0
 11
9.95551832431465
 21
-1.4745417066289
 31
0.0
  0
LINE
  8
3
  6
CONTINUOUS
 62
3
 10
9.95551832431465
 20
-1.4745417066289
 30
0.0
 11
9.95489271396307
 21
-1.3919382520391
 31
0.0
  0
LINE
  8
3
  6
CONTINUOUS
 62
3
 10
9.95489271396307
 20
-1.3919382520391
 30
0.0
 11
9.95280988925607
 21
-1.308187845138
 31
0.0
  0
LINE
  8
3
  6
CONTINUOUS
 62
3
 10
9.95280988925607
 20
-1.308187845138
 30
0.0
 11
9.94958011223784
 21
-1.2230832207077
 31
0.0
  0
LINE
  8
3
  6
CONTINUOUS
 62
3
 10
9.94958011223784
 20
-1.2230832207077
 30
0.0
 11
9.94843443149237
 21
-1.1718340345098
 31
0.0
  0
LINE
  8
3
  6
CONTINUOUS
 62
3
 10
9.94843443149237
 20
-1.1718340345098
 30
0.0
 11
9.94874723666815
 21
-1.1204793083542
 31
0.0
  0
LINE
  8
3
  6
CONTINUOUS
 62
3
 10
9.94874723666815
 20
-1.1204793083542
 30
0.0
 11
9.95020572258937
 21
-1.0691258537643
 31
0.0
  0
LINE
  8
3
  6
CONTINUOUS
 62
3
 10
9.95020572258937
 20
-1.0691258537643
 30
0.0
 11
9.95218427890449
 21
-1.0176668592168
 31
0.0
  0
LINE
  8
3
  6
CONTINUOUS
 62
3
 10
9.95218427890449
 20
-1.0176668592168
 30
0.0
 11
9.95437264356922
 21
-0.966313404627002
 31
0.0
  0
LINE
  8
3
  6
CONTINUOUS
 62
3
 10
9.95437264356922
 20
-0.966313404627002
 30
0.0
 11
9.95614266310044
 21
-0.914958678471303
 31
0.0
  0
LINE
  8
3
  6
CONTINUOUS
 62
3
 10
9.95614266310044
 20
-0.914958678471303
 30
0.0
 11
9.95697681023587
 21
-0.863708220707702
 31
0.0
  0
LINE
  8
3
  6
CONTINUOUS
 62
3
 10
9.95697681023587
 20
-0.863708220707702
 30
0.0
 11
9.95645546827622
 21
-0.812459034509802
 31
0.0
  0
LINE
  8
3
  6
CONTINUOUS
 62
3
 10
9.95645546827622
 20
-0.812459034509802
 30
0.0
 11
9.95416410678536
 21
-0.761312845138002
 31
0.0
  0
LINE
  8
3
  6
CONTINUOUS
 62
3
 10
9.95416410678536
 20
-0.761312845138002
 30
0.0
 11
9.94958011223784
 21
-0.710270924158202
 31
0.0
  0
LINE
  8
3
  6
CONTINUOUS
 62
3
 10
9.94958011223784
 20
-0.710270924158202
 30
0.0
 11
9.93291369988429
 21
-0.636937183923802
 31
0.0
  0
LINE
  8
3
  6
CONTINUOUS
 62
3
 10
9.93291369988429
 20
-0.636937183923802
 30
0.0
 11
9.90166369988429
 21
-0.568708780196602
 31
0.0
  0
LINE
  8
3
  6
CONTINUOUS
 62
3
 10
9.90166369988429
 20
-0.568708780196602
 30
0.0
 11
9.85801847690252
 21
-0.506937387374402
 31
0.0
  0
LINE
  8
3
  6
CONTINUOUS
 62
3
 10
9.85801847690252
 20
-0.506937387374402
 30
0.0
 11
9.80405958408028
 21
-0.452354155766303
 31
0.0
  0
LINE
  8
3
  6
CONTINUOUS
 62
3
 10
9.80405958408028
 20
-0.452354155766303
 30
0.0
 11
9.74187238925607
 21
-0.406209034509802
 31
0.0
  0
LINE
  8
3
  6
CONTINUOUS
 62
3
 10
9.74187238925607
 20
-0.406209034509802
 30
0.0
 11
9.67343417717921
 21
-0.369333627608702
 31
0.0
  0
LINE
  8
3
  6
CONTINUOUS
 62
3
 10
9.67343417717921
 20
-0.369333627608702
 30
0.0
 11
9.60093458408028
 21
-0.342874887374302
 31
0.0
  0
LINE
  8
3
  6
CONTINUOUS
 62
3
 10
9.60093458408028
 20
-0.342874887374302
 30
0.0
 11
9.52624662631662
 21
-0.327979766117801
 31
0.0
  0
LINE
  8
3
  6
CONTINUOUS
 62
3
 10
9.52624662631662
 20
-0.327979766117801
 30
0.0
 11
9.4516642085106
 21
-0.325479867843102
 31
0.0
  0
LINE
  8
3
  6
CONTINUOUS
 62
3
 10
9.4516642085106
 20
-0.325479867843102
 30
0.0
 11
9.37916334384591
 21
-0.336416604903702
 31
0.0
  0
LINE
  8
3
  6
CONTINUOUS
 62
3
 10
9.37916334384591
 20
-0.336416604903702
 30
0.0
 11
9.30041400506008
 21
-0.362875345138002
 31
0.0
  0
LINE
  8
3
  6
CONTINUOUS
 62
3
 10
9.30041400506008
 20
-0.362875345138002
 30
0.0
 11
9.23239286655099
 21
-0.398500802901701
 31
0.0
  0
LINE
  8
3
  6
CONTINUOUS
 62
3
 10
9.23239286655099
 20
-0.398500802901701
 30
0.0
 11
9.17447686109851
 21
-0.442667367843102
 31
0.0
  0
LINE
  8
3
  6
CONTINUOUS
 62
3
 10
9.17447686109851
 20
-0.442667367843102
 30
0.0
 11
9.12572630160957
 21
-0.494542164392602
 31
0.0
  0
LINE
  8
3
  6
CONTINUOUS
 62
3
 10
9.12572630160957
 20
-0.494542164392602
 30
0.0
 11
9.08551812086414
 21
-0.553396585372402
 31
0.0
  0
LINE
  8
3
  6
CONTINUOUS
 62
3
 10
9.08551812086414
 20
-0.553396585372402
 30
0.0
 11
9.05291390333485
 21
-0.618605020431001
 31
0.0
  0
LINE
  8
3
  6
CONTINUOUS
 62
3
 10
9.05291390333485
 20
-0.618605020431001
 30
0.0
 11
9.02728931023587
 21
-0.689333322433002
 31
0.0
  0
LINE
  8
3
  6
CONTINUOUS
 62
3
 10
9.02728931023587
 20
-0.689333322433002
 30
0.0
 11
9.00770592603992
 21
-0.764854155766303
 31
0.0
  0
LINE
  8
3
  6
CONTINUOUS
 62
3
 10
9.00770592603992
 20
-0.764854155766303
 30
0.0
 11
8.99353941196115
 21
-0.844437641687502
 31
0.0
  0
LINE
  8
3
  6
CONTINUOUS
 62
3
 10
8.99353941196115
 20
-0.844437641687502
 30
0.0
 11
8.98395562086414
 21
-0.927353901453102
 31
0.0
  0
LINE
  8
3
  6
CONTINUOUS
 62
3
 10
8.98395562086414
 20
-0.927353901453102
 30
0.0
 11
8.97812167717921
 21
-1.0127713310593
 31
0.0
  0
LINE
  8
3
  6
CONTINUOUS
 62
3
 10
8.97812167717921
 20
-1.0127713310593
 30
0.0
 11
8.97531024529445
 21
-1.1000630485885
 31
0.0
  0
LINE
  8
3
  6
CONTINUOUS
 62
3
 10
8.97531024529445
 20
-1.1000630485885
 30
0.0
 11
8.97468463494292
 21
-1.1883961784713
 31
0.0
  0
LINE
  8
3
  6
CONTINUOUS
 62
3
 10
8.97468463494292
 20
-1.1883961784713
 30
0.0
 11
8.97551751051256
 21
-1.27704211353
 31
0.0
  0
LINE
  8
3
  6
CONTINUOUS
 62
3
 10
8.97551751051256
 20
-1.27704211353
 30
0.0
 11
8.97853875074693
 21
-1.4524584241582
 31
0.0
  0
LINE
  8
3
  6
CONTINUOUS
 62
3
 10
8.97853875074693
 20
-1.4524584241582
 30
0.0
 11
8.97906009270658
 21
-1.5377709495895
 31
0.0
  0
LINE
  8
3
  6
CONTINUOUS
 62
3
 10
8.97906009270658
 20
-1.5377709495895
 30
0.0
 11
8.97791441196115
 21
-1.6203750399622
 31
0.0
  0
LINE
  8
3
  6
CONTINUOUS
 62
3
 10
8.97791441196115
 20
-1.6203750399622
 30
0.0
 11
8.97437182976713
 21
-1.6996463564906
 31
0.0
  0
LINE
  8
3
  6
CONTINUOUS
 62
3
 10
8.97437182976713
 20
-1.6996463564906
 30
0.0
 11
8.96760201368638
 21
-1.7748543846481
 31
0.0
  0
LINE
  8
3
  6
CONTINUOUS
 62
3
 10
8.96760201368638
 20
-1.7748543846481
 30
0.0
 11
8.95687254184394
 21
-1.8451668846481
 31
0.0
  0
LINE
  8
3
  6
CONTINUOUS
 62
3
 10
8.95687254184394
 20
-1.8451668846481
 30
0.0
 11
8.94124754184394
 21
-1.9099588819219
 31
0.0
  0
LINE
  8
3
  6
CONTINUOUS
 62
3
 10
8.94124754184394
 20
-1.9099588819219
 30
0.0
 11
8.93291369988429
 21
-1.9301672406865
 31
0.0
  0
LINE
  8
3
  6
CONTINUOUS
 62
3
 10
8.93291369988429
 20
-1.9301672406865
 30
0.0
 11
8.91999713494292
 21
-1.9515212801966
 31
0.0
  0
LINE
  8
3
  6
CONTINUOUS
 62
3
 10
8.91999713494292
 20
-1.9515212801966
 30
0.0
 11
8.90374779615709
 21
-1.9733960258835
 31
0.0
  0
LINE
  8
3
  6
CONTINUOUS
 62
3
 10
8.90374779615709
 20
-1.9733960258835
 30
0.0
 11
8.88531009270658
 21
-1.9951671389613
 31
0.0
  0
LINE
  8
3
  6
CONTINUOUS
 62
3
 10
8.88531009270658
 20
-1.9951671389613
 30
0.0
 11
8.86593524529445
 21
-2.0162083732956
 31
0.0
  0
LINE
  8
3
  6
CONTINUOUS
 62
3
 10
8.86593524529445
 20
-2.0162083732956
 30
0.0
 11
8.84676766310048
 21
-2.0357917574915
 31
0.0
  0
LINE
  8
3
  6
CONTINUOUS
 62
3
 10
8.84676766310048
 20
-2.0357917574915
 30
0.0
 11
8.82885130160957
 21
-2.0535002179815
 31
0.0
  0
LINE
  8
3
  6
CONTINUOUS
 62
3
 10
8.82885130160957
 20
-2.0535002179815
 30
0.0
 11
8.81353910678536
 21
-2.0685002434128
 31
0.0
  0
LINE
  8
3
  6
CONTINUOUS
 62
3
 10
8.81353910678536
 20
-2.0685002434128
 30
0.0
 11
8.8018724909813
 21
-2.0802711276087
 31
0.0
  0
LINE
  8
3
  6
CONTINUOUS
 62
3
 10
8.8018724909813
 20
-2.0802711276087
 30
0.0
 11
8.79510140333484
 21
-2.0881878960007
 31
0.0
  0
LINE
  8
3
  6
CONTINUOUS
 62
3
 10
8.79510140333484
 20
-2.0881878960007
 30
0.0
 11
8.70978951368638
 21
-2.2135000653935
 31
0.0
  0
LINE
  8
3
  6
CONTINUOUS
 62
3
 10
8.70978951368638
 20
-2.2135000653935
 30
0.0
 11
8.66614301913886
 21
-2.2781877942754
 31
0.0
  0
LINE
  8
3
  6
CONTINUOUS
 62
3
 10
8.66614301913886
 20
-2.2781877942754
 30
0.0
 11
8.6221849909813
 21
-2.3438126671188
 31
0.0
  0
LINE
  8
3
  6
CONTINUOUS
 62
3
 10
8.6221849909813
 20
-2.3438126671188
 30
0.0
 11
8.57832995964992
 21
-2.410062514531
 31
0.0
  0
LINE
  8
3
  6
CONTINUOUS
 62
3
 10
8.57832995964992
 20
-2.410062514531
 30
0.0
 11
8.53468473666815
 21
-2.4766251671188
 31
0.0
  0
LINE
  8
3
  6
CONTINUOUS
 62
3
 10
8.53468473666815
 20
-2.4766251671188
 30
0.0
 11
8.49187238925607
 21
-2.5430835513148
 31
0.0
  0
LINE
  8
3
  6
CONTINUOUS
 62
3
 10
8.49187238925607
 20
-2.5430835513148
 30
0.0
 11
8.44999718580552
 21
-2.6092297661178
 31
0.0
  0
LINE
  8
3
  6
CONTINUOUS
 62
3
 10
8.44999718580552
 20
-2.6092297661178
 30
0.0
 11
8.40937193149237
 21
-2.6747503705693
 31
0.0
  0
LINE
  8
3
  6
CONTINUOUS
 62
3
 10
8.40937193149237
 20
-2.6747503705693
 30
0.0
 11
8.37041369988429
 21
-2.7392295626673
 31
0.0
  0
LINE
  8
3
  6
CONTINUOUS
 62
3
 10
8.37041369988429
 20
-2.7392295626673
 30
0.0
 11
8.33937223666815
 21
-2.7964169609421
 31
0.0
  0
LINE
  8
3
  6
CONTINUOUS
 62
3
 10
8.33937223666815
 20
-2.7964169609421
 30
0.0
 11
8.31405917717921
 21
-2.8522501416875
 31
0.0
  0
LINE
  8
3
  6
CONTINUOUS
 62
3
 10
8.31405917717921
 20
-2.8522501416875
 30
0.0
 11
8.29260150506008
 21
-2.9067297406865
 31
0.0
  0
LINE
  8
3
  6
CONTINUOUS
 62
3
 10
8.29260150506008
 20
-2.9067297406865
 30
0.0
 11
8.25458041741362
 21
-3.0115213819219
 31
0.0
  0
LINE
  8
3
  6
CONTINUOUS
 62
3
 10
8.25458041741362
 20
-3.0115213819219
 30
0.0
 11
8.23447696282374
 21
-3.0617291557663
 31
0.0
  0
LINE
  8
3
  6
CONTINUOUS
 62
3
 10
8.23447696282374
 20
-3.0617291557663
 30
0.0
 11
8.21135099643378
 21
-3.11058334786426
 31
0.0
  0
LINE
  8
3
  6
CONTINUOUS
 62
3
 10
8.21135099643378
 20
-3.11058334786426
 30
0.0
 11
8.18343504184394
 21
-3.15808332243296
 31
0.0
  0
LINE
  8
3
  6
CONTINUOUS
 62
3
 10
8.18343504184394
 20
-3.15808332243296
 30
0.0
 11
8.14885099643378
 21
-3.20412544686327
 31
0.0
  0
LINE
  8
3
  6
CONTINUOUS
 62
3
 10
8.14885099643378
 20
-3.20412544686327
 30
0.0
 11
8.10614291741359
 21
-3.24870844958953
 31
0.0
  0
LINE
  8
3
  6
CONTINUOUS
 62
3
 10
8.10614291741359
 20
-3.24870844958953
 30
0.0
 11
8.1060386490217
 21
-3.24870844958953
 31
0.0
  0
LINE
  8
3
  6
CONTINUOUS
 62
3
 10
8.1060386490217
 20
-3.24870844958953
 30
0.0
 11
8.0633305700015
 21
-3.20412544686327
 31
0.0
  0
LINE
  8
3
  6
CONTINUOUS
 62
3
 10
8.0633305700015
 20
-3.20412544686327
 30
0.0
 11
8.02885079298327
 21
-3.15808332243296
 31
0.0
  0
LINE
  8
3
  6
CONTINUOUS
 62
3
 10
8.02885079298327
 20
-3.15808332243296
 30
0.0
 11
8.0008305700015
 21
-3.11058334786426
 31
0.0
  0
LINE
  8
3
  6
CONTINUOUS
 62
3
 10
8.0008305700015
 20
-3.11058334786426
 30
0.0
 11
7.97770587517729
 21
-3.0617291557663
 31
0.0
  0
LINE
  8
3
  6
CONTINUOUS
 62
3
 10
7.97770587517729
 20
-3.0617291557663
 30
0.0
 11
7.9576011490217
 21
-3.0115213819219
 31
0.0
  0
LINE
  8
3
  6
CONTINUOUS
 62
3
 10
7.9576011490217
 20
-3.0115213819219
 30
0.0
 11
7.9195800613752
 21
-2.9067297406865
 31
0.0
  0
LINE
  8
3
  6
CONTINUOUS
 62
3
 10
7.9195800613752
 20
-2.9067297406865
 30
0.0
 11
7.898226657648
 21
-2.8522501416875
 31
0.0
  0
LINE
  8
3
  6
CONTINUOUS
 62
3
 10
7.898226657648
 20
-2.8522501416875
 30
0.0
 11
7.87280932976713
 21
-2.7964169609421
 31
0.0
  0
LINE
  8
3
  6
CONTINUOUS
 62
3
 10
7.87280932976713
 20
-2.7964169609421
 30
0.0
 11
7.84176786655099
 21
-2.7392295626673
 31
0.0
  0
LINE
  8
3
  6
CONTINUOUS
 62
3
 10
7.84176786655099
 20
-2.7392295626673
 30
0.0
 11
7.80280963494292
 21
-2.6747503705693
 31
0.0
  0
LINE
  8
3
  6
CONTINUOUS
 62
3
 10
7.80280963494292
 20
-2.6747503705693
 30
0.0
 11
7.76218438062977
 21
-2.6092297661178
 31
0.0
  0
LINE
  8
3
  6
CONTINUOUS
 62
3
 10
7.76218438062977
 20
-2.6092297661178
 30
0.0
 11
7.72030917717922
 21
-2.5430835513148
 31
0.0
  0
LINE
  8
3
  6
CONTINUOUS
 62
3
 10
7.72030917717922
 20
-2.5430835513148
 30
0.0
 11
7.67749682976713
 21
-2.4766251671188
 31
0.0
  0
LINE
  8
3
  6
CONTINUOUS
 62
3
 10
7.67749682976713
 20
-2.4766251671188
 30
0.0
 11
7.63395587517729
 21
-2.410062514531
 31
0.0
  0
LINE
  8
3
  6
CONTINUOUS
 62
3
 10
7.63395587517729
 20
-2.410062514531
 30
0.0
 11
7.58999784701973
 21
-2.3438126671188
 31
0.0
  0
LINE
  8
3
  6
CONTINUOUS
 62
3
 10
7.58999784701973
 20
-2.3438126671188
 30
0.0
 11
7.54603854729642
 21
-2.2781877942754
 31
0.0
  0
LINE
  8
3
  6
CONTINUOUS
 62
3
 10
7.54603854729642
 20
-2.2781877942754
 30
0.0
 11
7.50239332431465
 21
-2.2135000653935
 31
0.0
  0
LINE
  8
3
  6
CONTINUOUS
 62
3
 10
7.50239332431465
 20
-2.2135000653935
 30
0.0
 11
7.41708016310048
 21
-2.0881878960007
 31
0.0
  0
LINE
  8
3
  6
CONTINUOUS
 62
3
 10
7.41708016310048
 20
-2.0881878960007
 30
0.0
 11
7.41031034701973
 21
-2.0802711276087
 31
0.0
  0
LINE
  8
3
  6
CONTINUOUS
 62
3
 10
7.41031034701973
 20
-2.0802711276087
 30
0.0
 11
7.39864245964992
 21
-2.0685002434128
 31
0.0
  0
LINE
  8
3
  6
CONTINUOUS
 62
3
 10
7.39864245964992
 20
-2.0685002434128
 30
0.0
 11
7.38333026482571
 21
-2.0535002179815
 31
0.0
  0
LINE
  8
3
  6
CONTINUOUS
 62
3
 10
7.38333026482571
 20
-2.0535002179815
 30
0.0
 11
7.36541390333485
 21
-2.0357917574915
 31
0.0
  0
LINE
  8
3
  6
CONTINUOUS
 62
3
 10
7.36541390333485
 20
-2.0357917574915
 30
0.0
 11
7.34624759270658
 21
-2.0162083732956
 31
0.0
  0
LINE
  8
3
  6
CONTINUOUS
 62
3
 10
7.34624759270658
 20
-2.0162083732956
 30
0.0
 11
7.32687274529445
 21
-1.9951671389613
 31
0.0
  0
LINE
  8
3
  6
CONTINUOUS
 62
3
 10
7.32687274529445
 20
-1.9951671389613
 30
0.0
 11
7.30843504184394
 21
-1.9733960258835
 31
0.0
  0
LINE
  8
3
  6
CONTINUOUS
 62
3
 10
7.30843504184394
 20
-1.9733960258835
 30
0.0
 11
7.29218443149237
 21
-1.9515212801966
 31
0.0
  0
LINE
  8
3
  6
CONTINUOUS
 62
3
 10
7.29218443149237
 20
-1.9515212801966
 30
0.0
 11
7.27926786655099
 21
-1.9301672406865
 31
0.0
  0
LINE
  8
3
  6
CONTINUOUS
 62
3
 10
7.27926786655099
 20
-1.9301672406865
 30
0.0
 11
7.27093529615709
 21
-1.9099588819219
 31
0.0
  0
LINE
  8
3
  6
CONTINUOUS
 62
3
 10
7.27093529615709
 20
-1.9099588819219
 30
0.0
 11
7.25531029615709
 21
-1.8451668846481
 31
0.0
  0
LINE
  8
3
  6
CONTINUOUS
 62
3
 10
7.25531029615709
 20
-1.8451668846481
 30
0.0
 11
7.24458082431465
 21
-1.7748543846481
 31
0.0
  0
LINE
  8
3
  6
CONTINUOUS
 62
3
 10
7.24458082431465
 20
-1.7748543846481
 30
0.0
 11
7.23780973666815
 21
-1.6996463564906
 31
0.0
  0
LINE
  8
3
  6
CONTINUOUS
 62
3
 10
7.23780973666815
 20
-1.6996463564906
 30
0.0
 11
7.23426842603993
 21
-1.6203750399622
 31
0.0
  0
LINE
  8
3
  6
CONTINUOUS
 62
3
 10
7.23426842603993
 20
-1.6203750399622
 30
0.0
 11
7.23312274529445
 21
-1.5377709495895
 31
0.0
  0
LINE
  8
3
  6
CONTINUOUS
 62
3
 10
7.23312274529445
 20
-1.5377709495895
 30
0.0
 11
7.23364281568835
 21
-1.4524584241582
 31
0.0
  0
LINE
  8
3
  6
CONTINUOUS
 62
3
 10
7.23364281568835
 20
-1.4524584241582
 30
0.0
 11
7.23666405592272
 21
-1.27704211353
 31
0.0
  0
LINE
  8
3
  6
CONTINUOUS
 62
3
 10
7.23666405592272
 20
-1.27704211353
 30
0.0
 11
7.23749693149237
 21
-1.1883961784713
 31
0.0
  0
LINE
  8
3
  6
CONTINUOUS
 62
3
 10
7.23749693149237
 20
-1.1883961784713
 30
0.0
 11
7.23687259270658
 21
-1.1000630485885
 31
0.0
  0
LINE
  8
3
  6
CONTINUOUS
 62
3
 10
7.23687259270658
 20
-1.1000630485885
 30
0.0
 11
7.23405988925607
 21
-1.0127713310593
 31
0.0
  0
LINE
  8
3
  6
CONTINUOUS
 62
3
 10
7.23405988925607
 20
-1.0127713310593
 30
0.0
 11
7.22822594557114
 21
-0.927353901453102
 31
0.0
  0
LINE
  8
3
  6
CONTINUOUS
 62
3
 10
7.22822594557114
 20
-0.927353901453102
 30
0.0
 11
7.21864342603993
 21
-0.844437641687502
 31
0.0
  0
LINE
  8
3
  6
CONTINUOUS
 62
3
 10
7.21864342603993
 20
-0.844437641687502
 30
0.0
 11
7.20447691196115
 21
-0.764854155766303
 31
0.0
  0
LINE
  8
3
  6
CONTINUOUS
 62
3
 10
7.20447691196115
 20
-0.764854155766303
 30
0.0
 11
7.18489352776516
 21
-0.689333322433002
 31
0.0
  0
LINE
  8
3
  6
CONTINUOUS
 62
3
 10
7.18489352776516
 20
-0.689333322433002
 30
0.0
 11
7.15926766310048
 21
-0.618605020431001
 31
0.0
  0
LINE
  8
3
  6
CONTINUOUS
 62
3
 10
7.15926766310048
 20
-0.618605020431001
 30
0.0
 11
7.12666344557115
 21
-0.553396585372402
 31
0.0
  0
LINE
  8
3
  6
CONTINUOUS
 62
3
 10
7.12666344557115
 20
-0.553396585372402
 30
0.0
 11
7.08645526482571
 21
-0.494542164392602
 31
0.0
  0
LINE
  8
3
  6
CONTINUOUS
 62
3
 10
7.08645526482571
 20
-0.494542164392602
 30
0.0
 11
7.03770597690252
 21
-0.442667367843102
 31
0.0
  0
LINE
  8
3
  6
CONTINUOUS
 62
3
 10
7.03770597690252
 20
-0.442667367843102
 30
0.0
 11
6.9797886998843
 21
-0.398500802901701
 31
0.0
  0
LINE
  8
3
  6
CONTINUOUS
 62
3
 10
6.9797886998843
 20
-0.398500802901701
 30
0.0
 11
6.9117675613752
 21
-0.362875345138002
 31
0.0
  0
LINE
  8
3
  6
CONTINUOUS
 62
3
 10
6.9117675613752
 20
-0.362875345138002
 30
0.0
 11
6.83301822258937
 21
-0.336416604903702
 31
0.0
  0
LINE
  8
3
  6
CONTINUOUS
 62
3
 10
6.83301822258937
 20
-0.336416604903702
 30
0.0
 11
6.76051862949044
 21
-0.325479867843102
 31
0.0
  0
LINE
  8
3
  6
CONTINUOUS
 62
3
 10
6.76051862949044
 20
-0.325479867843102
 30
0.0
 11
6.68593494011867
 21
-0.327979766117801
 31
0.0
  0
LINE
  8
3
  6
CONTINUOUS
 62
3
 10
6.68593494011867
 20
-0.327979766117801
 30
0.0
 11
6.611246982355
 21
-0.342874887374302
 31
0.0
  0
LINE
  8
3
  6
CONTINUOUS
 62
3
 10
6.611246982355
 20
-0.342874887374302
 30
0.0
 11
6.53874738925607
 21
-0.369333627608702
 31
0.0
  0
LINE
  8
3
  6
CONTINUOUS
 62
3
 10
6.53874738925607
 20
-0.369333627608702
 30
0.0
 11
6.47030917717922
 21
-0.406209034509802
 31
0.0
  0
LINE
  8
3
  6
CONTINUOUS
 62
3
 10
6.47030917717922
 20
-0.406209034509802
 30
0.0
 11
6.408121982355
 21
-0.452354155766303
 31
0.0
  0
LINE
  8
3
  6
CONTINUOUS
 62
3
 10
6.408121982355
 20
-0.452354155766303
 30
0.0
 11
6.35416436109851
 21
-0.506937387374402
 31
0.0
  0
LINE
  8
3
  6
CONTINUOUS
 62
3
 10
6.35416436109851
 20
-0.506937387374402
 30
0.0
 11
6.31051786655099
 21
-0.568708780196602
 31
0.0
  0
LINE
  8
3
  6
CONTINUOUS
 62
3
 10
6.31051786655099
 20
-0.568708780196602
 30
0.0
 11
6.27926786655099
 21
-0.636937183923802
 31
0.0
  0
LINE
  8
3
  6
CONTINUOUS
 62
3
 10
6.27926786655099
 20
-0.636937183923802
 30
0.0
 11
6.26260145419744
 21
-0.710270924158202
 31
0.0
  0
LINE
  8
3
  6
CONTINUOUS
 62
3
 10
6.26260145419744
 20
-0.710270924158202
 30
0.0
 11
6.25801745964993
 21
-0.761312845138002
 31
0.0
  0
LINE
  8
3
  6
CONTINUOUS
 62
3
 10
6.25801745964993
 20
-0.761312845138002
 30
0.0
 11
6.25572609815906
 21
-0.812459034509802
 31
0.0
  0
LINE
  8
3
  6
CONTINUOUS
 62
3
 10
6.25572609815906
 20
-0.812459034509802
 30
0.0
 11
6.25520602776516
 21
-0.863708220707702
 31
0.0
  0
LINE
  8
3
  6
CONTINUOUS
 62
3
 10
6.25520602776516
 20
-0.863708220707702
 30
0.0
 11
6.25614317172677
 21
-0.914958678471303
 31
0.0
  0
LINE
  8
3
  6
CONTINUOUS
 62
3
 10
6.25614317172677
 20
-0.914958678471303
 30
0.0
 11
6.25781019443181
 21
-0.966313404627002
 31
0.0
  0
LINE
  8
3
  6
CONTINUOUS
 62
3
 10
6.25781019443181
 20
-0.966313404627002
 30
0.0
 11
6.25999728753079
 21
-1.0176668592168
 31
0.0
  0
LINE
  8
3
  6
CONTINUOUS
 62
3
 10
6.25999728753079
 20
-1.0176668592168
 30
0.0
 11
6.26197584384591
 21
-1.0691258537643
 31
0.0
  0
LINE
  8
3
  6
CONTINUOUS
 62
3
 10
6.26197584384591
 20
-1.0691258537643
 30
0.0
 11
6.26343432976713
 21
-1.1204793083542
 31
0.0
  0
LINE
  8
3
  6
CONTINUOUS
 62
3
 10
6.26343432976713
 20
-1.1204793083542
 30
0.0
 11
6.26374713494291
 21
-1.1718340345098
 31
0.0
  0
LINE
  8
3
  6
CONTINUOUS
 62
3
 10
6.26374713494291
 20
-1.1718340345098
 30
0.0
 11
6.26260145419744
 21
-1.2230832207077
 31
0.0
  0
LINE
  8
3
  6
CONTINUOUS
 62
3
 10
6.26260145419744
 20
-1.2230832207077
 30
0.0
 11
6.25937167717921
 21
-1.308187845138
 31
0.0
  0
LINE
  8
3
  6
CONTINUOUS
 62
3
 10
6.25937167717921
 20
-1.308187845138
 30
0.0
 11
6.25728885247221
 21
-1.3919382520391
 31
0.0
  0
LINE
  8
3
  6
CONTINUOUS
 62
3
 10
6.25728885247221
 20
-1.3919382520391
 30
0.0
 11
6.25666451368638
 21
-1.4745417066289
 31
0.0
  0
LINE
  8
3
  6
CONTINUOUS
 62
3
 10
6.25666451368638
 20
-1.4745417066289
 30
0.0
 11
6.25770592603993
 21
-1.55620865304
 31
0.0
  0
LINE
  8
3
  6
CONTINUOUS
 62
3
 10
6.25770592603993
 20
-1.55620865304
 30
0.0
 11
6.26103869988429
 21
-1.6370420880986
 31
0.0
  0
LINE
  8
3
  6
CONTINUOUS
 62
3
 10
6.26103869988429
 20
-1.6370420880986
 30
0.0
 11
6.26687264356922
 21
-1.7175627179815
 31
0.0
  0
LINE
  8
3
  6
CONTINUOUS
 62
3
 10
6.26687264356922
 20
-1.7175627179815
 30
0.0
 11
6.27572655592272
 21
-1.7977711784713
 31
0.0
  0
LINE
  8
3
  6
CONTINUOUS
 62
3
 10
6.27572655592272
 20
-1.7977711784713
 30
0.0
 11
6.28791451368638
 21
-1.8779796389613
 31
0.0
  0
LINE
  8
3
  6
CONTINUOUS
 62
3
 10
6.28791451368638
 20
-1.8779796389613
 30
0.0
 11
6.30374677890449
 21
-1.9583960004522
 31
0.0
  0
LINE
  8
3
  6
CONTINUOUS
 62
3
 10
6.30374677890449
 20
-1.9583960004522
 30
0.0
 11
6.32364296827622
 21
-2.0393337039027
 31
0.0
  0
LINE
  8
3
  6
CONTINUOUS
 62
3
 10
6.32364296827622
 20
-2.0393337039027
 30
0.0
 11
6.34812188062977
 21
-2.1210000145309
 31
0.0
  0
LINE
  8
3
  6
CONTINUOUS
 62
3
 10
6.34812188062977
 20
-2.1210000145309
 30
0.0
 11
6.37739332431465
 21
-2.2035004722946
 31
0.0
  0
LINE
  8
3
  6
CONTINUOUS
 62
3
 10
6.37739332431465
 20
-2.2035004722946
 30
0.0
 11
6.4102060786278
 21
-2.2826668846481
 31
0.0
  0
LINE
  8
3
  6
CONTINUOUS
 62
3
 10
6.4102060786278
 20
-2.2826668846481
 30
0.0
 11
6.44676868035307
 21
-2.3593333987269
 31
0.0
  0
LINE
  8
3
  6
CONTINUOUS
 62
3
 10
6.44676868035307
 20
-2.3593333987269
 30
0.0
 11
6.48635125074693
 21
-2.4338128197067
 31
0.0
  0
LINE
  8
3
  6
CONTINUOUS
 62
3
 10
6.48635125074693
 20
-2.4338128197067
 30
0.0
 11
6.52853925937323
 21
-2.5065209495895
 31
0.0
  0
LINE
  8
3
  6
CONTINUOUS
 62
3
 10
6.52853925937323
 20
-2.5065209495895
 30
0.0
 11
6.57270582431465
 21
-2.5778754977259
 31
0.0
  0
LINE
  8
3
  6
CONTINUOUS
 62
3
 10
6.57270582431465
 20
-2.5778754977259
 30
0.0
 11
6.61833087517729
 21
-2.6482922661178
 31
0.0
  0
LINE
  8
3
  6
CONTINUOUS
 62
3
 10
6.61833087517729
 20
-2.6482922661178
 30
0.0
 11
6.66468453321764
 21
-2.7179791557663
 31
0.0
  0
LINE
  8
3
  6
CONTINUOUS
 62
3
 10
6.66468453321764
 20
-2.7179791557663
 30
0.0
 11
6.71145526482571
 21
-2.7874587801966
 31
0.0
  0
LINE
  8
3
  6
CONTINUOUS
 62
3
 10
6.71145526482571
 20
-2.7874587801966
 30
0.0
 11
6.75791446282378
 21
-2.8571463056279
 31
0.0
  0
LINE
  8
3
  6
CONTINUOUS
 62
3
 10
6.75791446282378
 20
-2.8571463056279
 30
0.0
 11
6.80353951368638
 21
-2.927354537236
 31
0.0
  0
LINE
  8
3
  6
CONTINUOUS
 62
3
 10
2.38322599643378
 20
-2.9669377434128
 30
0.0
 11
2.30280963494292
 21
-2.9907916811976
 31
0.0
  0
LINE
  8
3
  6
CONTINUOUS
 62
3
 10
2.30280963494292
 20
-2.9907916811976
 30
0.0
 11
2.22926735792469
 21
-3.0311047661178
 31
0.0
  0
LINE
  8
3
  6
CONTINUOUS
 62
3
 10
2.22926735792469
 20
-3.0311047661178
 30
0.0
 11
2.16593575392075
 21
-3.08610443551076
 31
0.0
  0
LINE
  8
3
  6
CONTINUOUS
 62
3
 10
2.16593575392075
 20
-3.08610443551076
 30
0.0
 11
2.11572670851059
 21
-3.15329206266733
 31
0.0
  0
LINE
  8
3
  6
CONTINUOUS
 62
3
 10
2.11572670851059
 20
-3.15329206266733
 30
0.0
 11
2.08082985792469
 21
-3.22954213896127
 31
0.0
  0
LINE
  8
3
  6
CONTINUOUS
 62
3
 10
2.08082985792469
 20
-3.22954213896127
 30
0.0
 11
2.06291349643378
 21
-3.31152125476532
 31
0.0
  0
LINE
  8
3
  6
CONTINUOUS
 62
3
 10
2.06291349643378
 20
-3.31152125476532
 30
0.0
 11
2.06270495964993
 21
-3.3953752942754
 31
0.0
  0
LINE
  8
3
  6
CONTINUOUS
 62
3
 10
2.06270495964993
 20
-3.3953752942754
 30
0.0
 11
2.08041278435697
 21
-3.47735441007942
 31
0.0
  0
LINE
  8
3
  6
CONTINUOUS
 62
3
 10
2.08041278435697
 20
-3.47735441007942
 30
0.0
 11
2.11499682976713
 21
-3.55381302315725
 31
0.0
  0
LINE
  8
3
  6
CONTINUOUS
 62
3
 10
2.11499682976713
 20
-3.55381302315725
 30
0.0
 11
2.1648930700015
 21
-3.62110428292284
 31
0.0
  0
LINE
  8
3
  6
CONTINUOUS
 62
3
 10
2.1648930700015
 20
-3.62110428292284
 30
0.0
 11
2.22801868035307
 21
-3.67641675749154
 31
0.0
  0
LINE
  8
3
  6
CONTINUOUS
 62
3
 10
2.22801868035307
 20
-3.67641675749154
 30
0.0
 11
2.30145668897937
 21
-3.71704201180469
 31
0.0
  0
LINE
  8
3
  6
CONTINUOUS
 62
3
 10
2.30145668897937
 20
-3.71704201180469
 30
0.0
 11
2.38176878207831
 21
-3.74110448637339
 31
0.0
  0
LINE
  8
3
  6
CONTINUOUS
 62
3
 10
2.38176878207831
 20
-3.74110448637339
 30
0.0
 11
2.40103808953276
 21
-3.74475006539355
 31
0.0
  0
LINE
  8
3
  6
CONTINUOUS
 62
3
 10
2.40103808953276
 20
-3.74475006539355
 30
0.0
 11
2.40499774529445
 21
-3.74547930835418
 31
0.0
  0
LINE
  8
3
  6
CONTINUOUS
 62
3
 10
2.40499774529445
 20
-3.74547930835418
 30
0.0
 11
2.42041420851059
 21
-3.74839628019662
 31
0.0
  0
LINE
  8
3
  6
CONTINUOUS
 62
3
 10
2.42041420851059
 20
-3.74839628019662
 30
0.0
 11
2.4445815872541
 21
-3.75214612760875
 31
0.0
  0
LINE
  8
3
  6
CONTINUOUS
 62
3
 10
2.4445815872541
 20
-3.75214612760875
 30
0.0
 11
2.468850691258
 21
-3.75443748909961
 31
0.0
  0
LINE
  8
3
  6
CONTINUOUS
 62
3
 10
2.468850691258
 20
-3.75443748909961
 30
0.0
 11
2.49322660678536
 21
-3.75516673206024
 31
0.0
  0
LINE
  8
3
  6
CONTINUOUS
 62
3
 10
2.49322660678536
 20
-3.75516673206024
 30
0.0
 11
2.51760252231268
 21
-3.75433385649056
 31
0.0
  0
LINE
  8
3
  6
CONTINUOUS
 62
3
 10
2.51760252231268
 20
-3.75433385649056
 30
0.0
 11
2.54187162631662
 21
-3.75204185921682
 31
0.0
  0
LINE
  8
3
  6
CONTINUOUS
 62
3
 10
2.54187162631662
 20
-3.75204185921682
 30
0.0
 11
2.56603900506008
 21
-3.74829201180469
 31
0.0
  0
LINE
  8
3
  6
CONTINUOUS
 62
3
 10
2.56603900506008
 20
-3.74829201180469
 30
0.0
 11
2.58978931023587
 21
-3.74308367847135
 31
0.0
  0
LINE
  8
3
  6
CONTINUOUS
 62
3
 10
2.58978931023587
 20
-3.74308367847135
 30
0.0
 11
2.61322681023587
 21
-3.73631259082489
 31
0.0
  0
LINE
  8
3
  6
CONTINUOUS
 62
3
 10
2.61322681023587
 20
-3.73631259082489
 30
0.0
 11
2.63624723666816
 21
-3.72818792143197
 31
0.0
  0
LINE
  8
3
  6
CONTINUOUS
 62
3
 10
2.63624723666816
 20
-3.72818792143197
 30
0.0
 11
2.6586420527489
 21
-3.71860476611784
 31
0.0
  0
LINE
  8
3
  6
CONTINUOUS
 62
3
 10
2.6586420527489
 20
-3.71860476611784
 30
0.0
 11
2.66749723666815
 21
-3.74381292143197
 31
0.0
  0
LINE
  8
3
  6
CONTINUOUS
 62
3
 10
2.66749723666815
 20
-3.74381292143197
 30
0.0
 11
2.67697548780748
 21
-3.76881253996225
 31
0.0
  0
LINE
  8
3
  6
CONTINUOUS
 62
3
 10
2.67697548780748
 20
-3.76881253996225
 30
0.0
 11
2.68707934929839
 21
-3.79360425749154
 31
0.0
  0
LINE
  8
3
  6
CONTINUOUS
 62
3
 10
2.68707934929839
 20
-3.79360425749154
 30
0.0
 11
2.6977045527489
 21
-3.8182917066289
 31
0.0
  0
LINE
  8
3
  6
CONTINUOUS
 62
3
 10
2.6977045527489
 20
-3.8182917066289
 30
0.0
 11
2.70874682976713
 21
-3.84277125476532
 31
0.0
  0
LINE
  8
3
  6
CONTINUOUS
 62
3
 10
2.70874682976713
 20
-3.84277125476532
 30
0.0
 11
2.71999764356921
 21
-3.86725016711883
 31
0.0
  0
LINE
  8
3
  6
CONTINUOUS
 62
3
 10
2.71999764356921
 20
-3.86725016711883
 30
0.0
 11
2.73155871941556
 21
-3.89152117847135
 31
0.0
  0
LINE
  8
3
  6
CONTINUOUS
 62
3
 10
2.73155871941556
 20
-3.89152117847135
 30
0.0
 11
2.75489195102363
 21
-3.93995893278449
 31
0.0
  0
LINE
  8
3
  6
CONTINUOUS
 62
3
 10
2.75489195102363
 20
-3.93995893278449
 30
0.0
 11
2.76635130160957
 21
-3.96412503996225
 31
0.0
  0
LINE
  8
3
  6
CONTINUOUS
 62
3
 10
2.76635130160957
 20
-3.96412503996225
 30
0.0
 11
2.78718463494291
 21
-3.9986041811976
 31
0.0
  0
LINE
  8
3
  6
CONTINUOUS
 62
3
 10
2.78718463494291
 20
-3.9986041811976
 30
0.0
 11
2.81395618035307
 21
-4.02797925749154
 31
0.0
  0
LINE
  8
3
  6
CONTINUOUS
 62
3
 10
2.81395618035307
 20
-4.02797925749154
 30
0.0
 11
2.84562325392075
 21
-4.05308378019662
 31
0.0
  0
LINE
  8
3
  6
CONTINUOUS
 62
3
 10
2.84562325392075
 20
-4.05308378019662
 30
0.0
 11
2.8812474401187
 21
-4.07454208809863
 31
0.0
  0
LINE
  8
3
  6
CONTINUOUS
 62
3
 10
2.8812474401187
 20
-4.07454208809863
 30
0.0
 11
2.91978859815906
 21
-4.09318769255012
 31
0.0
  0
LINE
  8
3
  6
CONTINUOUS
 62
3
 10
2.91978859815906
 20
-4.09318769255012
 30
0.0
 11
2.96041512403795
 21
-4.10975047229461
 31
0.0
  0
LINE
  8
3
  6
CONTINUOUS
 62
3
 10
2.96041512403795
 20
-4.10975047229461
 30
0.0
 11
3.00208179070461
 21
-4.12506266711883
 31
0.0
  0
LINE
  8
3
  6
CONTINUOUS
 62
3
 10
3.00208179070461
 20
-4.12506266711883
 30
0.0
 11
3.0437484573713
 21
-4.13985415576627
 31
0.0
  0
LINE
  8
3
  6
CONTINUOUS
 62
3
 10
3.0437484573713
 20
-4.13985415576627
 30
0.0
 11
3.08458097690252
 21
-4.15475054858855
 31
0.0
  0
LINE
  8
3
  6
CONTINUOUS
 62
3
 10
3.08458097690252
 20
-4.15475054858855
 30
0.0
 11
3.12364347690252
 21
-4.17068771798146
 31
0.0
  0
LINE
  8
3
  6
CONTINUOUS
 62
3
 10
3.12364347690252
 20
-4.17068771798146
 30
0.0
 11
3.1305175613752
 21
-4.17277117847135
 31
0.0
  0
LINE
  8
3
  6
CONTINUOUS
 62
3
 10
3.1305175613752
 20
-4.17277117847135
 30
0.0
 11
3.13801725619941
 21
-4.17370832243296
 31
0.0
  0
LINE
  8
3
  6
CONTINUOUS
 62
3
 10
3.13801725619941
 20
-4.17370832243296
 30
0.0
 11
3.14603829298327
 21
-4.17370832243296
 31
0.0
  0
LINE
  8
3
  6
CONTINUOUS
 62
3
 10
3.14603829298327
 20
-4.17370832243296
 30
0.0
 11
3.16228890333485
 21
-4.17266691007945
 31
0.0
  0
LINE
  8
3
  6
CONTINUOUS
 62
3
 10
3.16228890333485
 20
-4.17266691007945
 30
0.0
 11
3.17010140333485
 21
-4.17256264168753
 31
0.0
  0
LINE
  8
3
  6
CONTINUOUS
 62
3
 10
3.17010140333485
 20
-4.17256264168753
 30
0.0
 11
3.17728829298327
 21
-4.17318761625619
 31
0.0
  0
LINE
  8
3
  6
CONTINUOUS
 62
3
 10
3.17728829298327
 20
-4.17318761625619
 30
0.0
 11
3.18374784701973
 21
-4.17485463896127
 31
0.0
  0
LINE
  8
3
  6
CONTINUOUS
 62
3
 10
3.18374784701973
 20
-4.17485463896127
 30
0.0
 11
3.18895618035307
 21
-4.17808378019662
 31
0.0
  0
LINE
  8
3
  6
CONTINUOUS
 62
3
 10
3.18895618035307
 20
-4.17808378019662
 30
0.0
 11
3.19291329298327
 21
-4.18329211352997
 31
0.0
  0
LINE
  8
3
  6
CONTINUOUS
 62
3
 10
3.19291329298327
 20
-4.18329211352997
 30
0.0
 11
3.20301715447414
 21
-4.2120422152552
 31
0.0
  0
LINE
  8
3
  6
CONTINUOUS
 62
3
 10
3.20301715447414
 20
-4.2120422152552
 30
0.0
 11
3.20562132114083
 21
-4.24162519255012
 31
0.0
  0
LINE
  8
3
  6
CONTINUOUS
 62
3
 10
3.20562132114083
 20
-4.24162519255012
 30
0.0
 11
3.20228981886217
 21
-4.27193804858855
 31
0.0
  0
LINE
  8
3
  6
CONTINUOUS
 62
3
 10
3.20228981886217
 20
-4.27193804858855
 30
0.0
 11
3.19447731886217
 21
-4.30297951180469
 31
0.0
  0
LINE
  8
3
  6
CONTINUOUS
 62
3
 10
3.19447731886217
 20
-4.30297951180469
 30
0.0
 11
3.18353931023587
 21
-4.33433378019662
 31
0.0
  0
LINE
  8
3
  6
CONTINUOUS
 62
3
 10
3.18353931023587
 20
-4.33433378019662
 30
0.0
 11
3.15801898552882
 21
-4.39808372933398
 31
0.0
  0
LINE
  8
3
  6
CONTINUOUS
 62
3
 10
3.15801898552882
 20
-4.39808372933398
 30
0.0
 11
3.14645536655099
 21
-4.43016724068654
 31
0.0
  0
LINE
  8
3
  6
CONTINUOUS
 62
3
 10
3.14645536655099
 20
-4.43016724068654
 30
0.0
 11
3.1376001826317
 21
-4.4620422152552
 31
0.0
  0
LINE
  8
3
  6
CONTINUOUS
 62
3
 10
3.1376001826317
 20
-4.4620422152552
 30
0.0
 11
3.13280892286607
 21
-4.49381292143198
 31
0.0
  0
LINE
  8
3
  6
CONTINUOUS
 62
3
 10
3.13280892286607
 20
-4.49381292143198
 30
0.0
 11
3.12937315219552
 21
-4.55256307401985
 31
0.0
  0
LINE
  8
3
  6
CONTINUOUS
 62
3
 10
3.12937315219552
 20
-4.55256307401985
 30
0.0
 11
3.12687325392075
 21
-4.61141685921682
 31
0.0
  0
LINE
  8
3
  6
CONTINUOUS
 62
3
 10
3.12687325392075
 20
-4.61141685921682
 30
0.0
 11
3.12562203321764
 21
-4.67037554858855
 31
0.0
  0
LINE
  8
3
  6
CONTINUOUS
 62
3
 10
3.12562203321764
 20
-4.67037554858855
 30
0.0
 11
3.12541349643378
 21
-4.72933360217741
 31
0.0
  0
LINE
  8
3
  6
CONTINUOUS
 62
3
 10
3.12541349643378
 20
-4.72933360217741
 30
0.0
 11
3.12635191196114
 21
-4.78839592415819
 31
0.0
  0
LINE
  8
3
  6
CONTINUOUS
 62
3
 10
3.12635191196114
 20
-4.78839592415819
 30
0.0
 11
3.12833046827623
 21
-4.84735461352997
 31
0.0
  0
LINE
  8
3
  6
CONTINUOUS
 62
3
 10
3.12833046827623
 20
-4.84735461352997
 30
0.0
 11
3.13135170851059
 21
-4.9062083987269
 31
0.0
  0
LINE
  8
3
  6
CONTINUOUS
 62
3
 10
3.13135170851059
 20
-4.9062083987269
 30
0.0
 11
3.13551735792469
 21
-4.9650628197067
 31
0.0
  0
LINE
  8
3
  6
CONTINUOUS
 62
3
 10
3.13551735792469
 20
-4.9650628197067
 30
0.0
 11
3.14062142286607
 21
-5.02370870390268
 31
0.0
  0
LINE
  8
3
  6
CONTINUOUS
 62
3
 10
3.14062142286607
 20
-5.02370870390268
 30
0.0
 11
3.14687244011866
 21
-5.08235458809863
 31
0.0
  0
LINE
  8
3
  6
CONTINUOUS
 62
3
 10
3.14687244011866
 20
-5.08235458809863
 30
0.0
 11
3.16260170851059
 21
-5.15308352588347
 31
0.0
  0
LINE
  8
3
  6
CONTINUOUS
 62
3
 10
3.16260170851059
 20
-5.15308352588347
 30
0.0
 11
3.19166461541166
 21
-5.21766698637339
 31
0.0
  0
LINE
  8
3
  6
CONTINUOUS
 62
3
 10
3.19166461541166
 20
-5.21766698637339
 30
0.0
 11
3.23197579298327
 21
-5.2740208732956
 31
0.0
  0
LINE
  8
3
  6
CONTINUOUS
 62
3
 10
3.23197579298327
 20
-5.2740208732956
 30
0.0
 11
3.28114215447414
 21
-5.3202708987269
 31
0.0
  0
LINE
  8
3
  6
CONTINUOUS
 62
3
 10
3.28114215447414
 20
-5.3202708987269
 30
0.0
 11
3.33728941196115
 21
-5.35433360217741
 31
0.0
  0
LINE
  8
3
  6
CONTINUOUS
 62
3
 10
3.33728941196115
 20
-5.35433360217741
 30
0.0
 11
3.39812111769028
 21
-5.37454196094205
 31
0.0
  0
LINE
  8
3
  6
CONTINUOUS
 62
3
 10
3.39812111769028
 20
-5.37454196094205
 30
0.0
 11
3.46145526482571
 21
-5.3787088819219
 31
0.0
  0
LINE
  8
3
  6
CONTINUOUS
 62
3
 10
3.46145526482571
 20
-5.3787088819219
 30
0.0
 11
3.52531075392075
 21
-5.36506307401985
 31
0.0
  0
LINE
  8
3
  6
CONTINUOUS
 62
3
 10
3.52531075392075
 20
-5.36506307401985
 30
0.0
 11
3.58728941196115
 21
-5.33152107674611
 31
0.0
  0
LINE
  8
3
  6
CONTINUOUS
 62
3
 10
3.58728941196115
 20
-5.33152107674611
 30
0.0
 11
3.6454126826317
 21
-5.27620860217741
 31
0.0
  0
LINE
  8
3
  6
CONTINUOUS
 62
3
 10
3.6454126826317
 20
-5.27620860217741
 30
0.0
 11
3.66374611769028
 21
-5.2505833732956
 31
0.0
  0
LINE
  8
3
  6
CONTINUOUS
 62
3
 10
3.66374611769028
 20
-5.2505833732956
 30
0.0
 11
3.68030953321764
 21
-5.2204796898239
 31
0.0
  0
LINE
  8
3
  6
CONTINUOUS
 62
3
 10
3.68030953321764
 20
-5.2204796898239
 30
0.0
 11
3.69530892286606
 21
-5.18693769255012
 31
0.0
  0
LINE
  8
3
  6
CONTINUOUS
 62
3
 10
3.69530892286606
 20
-5.18693769255012
 30
0.0
 11
3.70885109815906
 21
-5.15120860217741
 31
0.0
  0
LINE
  8
3
  6
CONTINUOUS
 62
3
 10
3.70885109815906
 20
-5.15120860217741
 30
0.0
 11
3.72103778435697
 21
-5.1141252942754
 31
0.0
  0
LINE
  8
3
  6
CONTINUOUS
 62
3
 10
3.72103778435697
 20
-5.1141252942754
 30
0.0
 11
3.73197579298327
 21
-5.07693771798146
 31
0.0
  0
LINE
  8
3
  6
CONTINUOUS
 62
3
 10
3.73197579298327
 20
-5.07693771798146
 30
0.0
 11
3.74187111769028
 21
-5.04058365304005
 31
0.0
  0
LINE
  8
3
  6
CONTINUOUS
 62
3
 10
3.74187111769028
 20
-5.04058365304005
 30
0.0
 11
3.75874733839343
 21
-4.97475024341276
 31
0.0
  0
LINE
  8
3
  6
CONTINUOUS
 62
3
 10
3.75874733839343
 20
-4.97475024341276
 30
0.0
 11
3.76603849643378
 21
-4.94745862760875
 31
0.0
  0
LINE
  8
3
  6
CONTINUOUS
 62
3
 10
3.76603849643378
 20
-4.94745862760875
 30
0.0
 11
3.77332965447414
 21
-4.97475024341276
 31
0.0
  0
LINE
  8
3
  6
CONTINUOUS
 62
3
 10
3.77332965447414
 20
-4.97475024341276
 30
0.0
 11
3.79020587517729
 21
-5.04058365304005
 31
0.0
  0
LINE
  8
3
  6
CONTINUOUS
 62
3
 10
3.79020587517729
 20
-5.04058365304005
 30
0.0
 11
3.80010119988429
 21
-5.07693771798146
 31
0.0
  0
LINE
  8
3
  6
CONTINUOUS
 62
3
 10
3.80010119988429
 20
-5.07693771798146
 30
0.0
 11
3.81103920851059
 21
-5.1141252942754
 31
0.0
  0
LINE
  8
3
  6
CONTINUOUS
 62
3
 10
3.81103920851059
 20
-5.1141252942754
 30
0.0
 11
3.82322589470855
 21
-5.15120860217741
 31
0.0
  0
LINE
  8
3
  6
CONTINUOUS
 62
3
 10
3.82322589470855
 20
-5.15120860217741
 30
0.0
 11
3.8367680700015
 21
-5.18693769255012
 31
0.0
  0
LINE
  8
3
  6
CONTINUOUS
 62
3
 10
3.8367680700015
 20
-5.18693769255012
 30
0.0
 11
3.85176745964992
 21
-5.2204796898239
 31
0.0
  0
LINE
  8
3
  6
CONTINUOUS
 62
3
 10
3.85176745964992
 20
-5.2204796898239
 30
0.0
 11
3.86833087517729
 21
-5.2505833732956
 31
0.0
  0
LINE
  8
3
  6
CONTINUOUS
 62
3
 10
3.86833087517729
 20
-5.2505833732956
 30
0.0
 11
3.88666431023587
 21
-5.27620860217741
 31
0.0
  0
LINE
  8
3
  6
CONTINUOUS
 62
3
 10
3.88666431023587
 20
-5.27620860217741
 30
0.0
 11
3.94479012403796
 21
-5.33152107674611
 31
0.0
  0
LINE
  8
3
  6
CONTINUOUS
 62
3
 10
3.94479012403796
 20
-5.33152107674611
 30
0.0
 11
4.00676878207831
 21
-5.36506307401985
 31
0.0
  0
LINE
  8
3
  6
CONTINUOUS
 62
3
 10
4.00676878207831
 20
-5.36506307401985
 30
0.0
 11
4.07062172804186
 21
-5.3787088819219
 31
0.0
  0
LINE
  8
3
  6
CONTINUOUS
 62
3
 10
4.07062172804186
 20
-5.3787088819219
 30
0.0
 11
4.13395587517729
 21
-5.37454196094205
 31
0.0
  0
LINE
  8
3
  6
CONTINUOUS
 62
3
 10
4.13395587517729
 20
-5.37454196094205
 30
0.0
 11
4.19479012403796
 21
-5.35433360217741
 31
0.0
  0
LINE
  8
3
  6
CONTINUOUS
 62
3
 10
4.19479012403796
 20
-5.35433360217741
 30
0.0
 11
4.25093483839343
 21
-5.3202708987269
 31
0.0
  0
LINE
  8
3
  6
CONTINUOUS
 62
3
 10
4.25093483839343
 20
-5.3202708987269
 30
0.0
 11
4.30020546827622
 21
-5.2740208732956
 31
0.0
  0
LINE
  8
3
  6
CONTINUOUS
 62
3
 10
4.30020546827622
 20
-5.2740208732956
 30
0.0
 11
4.34041492058745
 21
-5.21766698637339
 31
0.0
  0
LINE
  8
3
  6
CONTINUOUS
 62
3
 10
4.34041492058745
 20
-5.21766698637339
 30
0.0
 11
4.36947528435697
 21
-5.15308352588347
 31
0.0
  0
LINE
  8
3
  6
CONTINUOUS
 62
3
 10
4.36947528435697
 20
-5.15308352588347
 30
0.0
 11
4.38530882114083
 21
-5.08235458809863
 31
0.0
  0
LINE
  8
3
  6
CONTINUOUS
 62
3
 10
4.38530882114083
 20
-5.08235458809863
 30
0.0
 11
4.3914555700015
 21
-5.02370870390268
 31
0.0
  0
LINE
  8
3
  6
CONTINUOUS
 62
3
 10
4.3914555700015
 20
-5.02370870390268
 30
0.0
 11
4.39666390333485
 21
-4.9650628197067
 31
0.0
  0
LINE
  8
3
  6
CONTINUOUS
 62
3
 10
4.39666390333485
 20
-4.9650628197067
 30
0.0
 11
4.40072528435697
 21
-4.9062083987269
 31
0.0
  0
LINE
  8
3
  6
CONTINUOUS
 62
3
 10
4.40072528435697
 20
-4.9062083987269
 30
0.0
 11
4.40374652459134
 21
-4.84735461352997
 31
0.0
  0
LINE
  8
3
  6
CONTINUOUS
 62
3
 10
4.40374652459134
 20
-4.84735461352997
 30
0.0
 11
4.40572762403795
 21
-4.78839592415819
 31
0.0
  0
LINE
  8
3
  6
CONTINUOUS
 62
3
 10
4.40572762403795
 20
-4.78839592415819
 30
0.0
 11
4.40666349643378
 21
-4.72933360217741
 31
0.0
  0
LINE
  8
3
  6
CONTINUOUS
 62
3
 10
4.40666349643378
 20
-4.72933360217741
 30
0.0
 11
4.40645495964992
 21
-4.67037554858855
 31
0.0
  0
LINE
  8
3
  6
CONTINUOUS
 62
3
 10
4.40645495964992
 20
-4.67037554858855
 30
0.0
 11
4.40520628207831
 21
-4.61141685921682
 31
0.0
  0
LINE
  8
3
  6
CONTINUOUS
 62
3
 10
4.40520628207831
 20
-4.61141685921682
 30
0.0
 11
4.40281065219552
 21
-4.55256307401985
 31
0.0
  0
LINE
  8
3
  6
CONTINUOUS
 62
3
 10
4.40281065219552
 20
-4.55256307401985
 30
0.0
 11
4.3992680700015
 21
-4.49381292143198
 31
0.0
  0
LINE
  8
3
  6
CONTINUOUS
 62
3
 10
4.3992680700015
 20
-4.49381292143198
 30
0.0
 11
4.39447681023587
 21
-4.4620422152552
 31
0.0
  0
LINE
  8
3
  6
CONTINUOUS
 62
3
 10
4.39447681023587
 20
-4.4620422152552
 30
0.0
 11
4.38562162631662
 21
-4.43016724068654
 31
0.0
  0
LINE
  8
3
  6
CONTINUOUS
 62
3
 10
4.38562162631662
 20
-4.43016724068654
 30
0.0
 11
4.37406055047024
 21
-4.39808372933398
 31
0.0
  0
LINE
  8
3
  6
CONTINUOUS
 62
3
 10
4.37406055047024
 20
-4.39808372933398
 30
0.0
 11
4.34864195102363
 21
-4.33433378019662
 31
0.0
  0
LINE
  8
3
  6
CONTINUOUS
 62
3
 10
4.34864195102363
 20
-4.33433378019662
 30
0.0
 11
4.33760221713693
 21
-4.30297951180469
 31
0.0
  0
LINE
  8
3
  6
CONTINUOUS
 62
3
 10
4.33760221713693
 20
-4.30297951180469
 30
0.0
 11
4.32978971713689
 21
-4.27193804858855
 31
0.0
  0
LINE
  8
3
  6
CONTINUOUS
 62
3
 10
4.32978971713689
 20
-4.27193804858855
 30
0.0
 11
4.32645567172677
 21
-4.24162519255012
 31
0.0
  0
LINE
  8
3
  6
CONTINUOUS
 62
3
 10
4.32645567172677
 20
-4.24162519255012
 30
0.0
 11
4.32905983839343
 21
-4.2120422152552
 31
0.0
  0
LINE
  8
3
  6
CONTINUOUS
 62
3
 10
4.32905983839343
 20
-4.2120422152552
 30
0.0
 11
4.3391636998843
 21
-4.18329211352997
 31
0.0
  0
LINE
  8
3
  6
CONTINUOUS
 62
3
 10
4.3391636998843
 20
-4.18329211352997
 30
0.0
 11
4.34312335564603
 21
-4.17808378019662
 31
0.0
  0
LINE
  8
3
  6
CONTINUOUS
 62
3
 10
4.34312335564603
 20
-4.17808378019662
 30
0.0
 11
4.3484359573713
 21
-4.17485463896127
 31
0.0
  0
LINE
  8
3
  6
CONTINUOUS
 62
3
 10
4.3484359573713
 20
-4.17485463896127
 30
0.0
 11
4.3547886998843
 21
-4.17318761625619
 31
0.0
  0
LINE
  8
3
  6
CONTINUOUS
 62
3
 10
4.3547886998843
 20
-4.17318761625619
 30
0.0
 11
4.36197558953276
 21
-4.17256264168753
 31
0.0
  0
LINE
  8
3
  6
CONTINUOUS
 62
3
 10
4.36197558953276
 20
-4.17256264168753
 30
0.0
 11
4.36978808953276
 21
-4.17266691007945
 31
0.0
  0
LINE
  8
3
  6
CONTINUOUS
 62
3
 10
4.36978808953276
 20
-4.17266691007945
 30
0.0
 11
4.38603869988429
 21
-4.17370832243296
 31
0.0
  0
LINE
  8
3
  6
CONTINUOUS
 62
3
 10
4.38603869988429
 20
-4.17370832243296
 30
0.0
 11
4.39405973666816
 21
-4.17370832243296
 31
0.0
  0
LINE
  8
3
  6
CONTINUOUS
 62
3
 10
4.39405973666816
 20
-4.17370832243296
 30
0.0
 11
4.40166369988429
 21
-4.17277117847135
 31
0.0
  0
LINE
  8
3
  6
CONTINUOUS
 62
3
 10
4.40166369988429
 20
-4.17277117847135
 30
0.0
 11
4.40853778435697
 21
-4.17068771798146
 31
0.0
  0
LINE
  8
3
  6
CONTINUOUS
 62
3
 10
4.40853778435697
 20
-4.17068771798146
 30
0.0
 11
4.44749601596504
 21
-4.15475054858855
 31
0.0
  0
LINE
  8
3
  6
CONTINUOUS
 62
3
 10
4.44749601596504
 20
-4.15475054858855
 30
0.0
 11
4.4883310786278
 21
-4.13985415576627
 31
0.0
  0
LINE
  8
3
  6
CONTINUOUS
 62
3
 10
4.4883310786278
 20
-4.13985415576627
 30
0.0
 11
4.52999774529445
 21
-4.12506266711883
 31
0.0
  0
LINE
  8
3
  6
CONTINUOUS
 62
3
 10
4.52999774529445
 20
-4.12506266711883
 30
0.0
 11
4.57166441196114
 21
-4.10975047229461
 31
0.0
  0
LINE
  8
3
  6
CONTINUOUS
 62
3
 10
4.57166441196114
 20
-4.10975047229461
 30
0.0
 11
4.61228839470855
 21
-4.09318769255012
 31
0.0
  0
LINE
  8
3
  6
CONTINUOUS
 62
3
 10
4.61228839470855
 20
-4.09318769255012
 30
0.0
 11
4.6508295527489
 21
-4.07454208809863
 31
0.0
  0
LINE
  8
3
  6
CONTINUOUS
 62
3
 10
4.6508295527489
 20
-4.07454208809863
 30
0.0
 11
4.68645628207831
 21
-4.05308378019662
 31
0.0
  0
LINE
  8
3
  6
CONTINUOUS
 62
3
 10
4.68645628207831
 20
-4.05308378019662
 30
0.0
 11
4.71812335564602
 21
-4.02797925749154
 31
0.0
  0
LINE
  8
3
  6
CONTINUOUS
 62
3
 10
4.71812335564602
 20
-4.02797925749154
 30
0.0
 11
4.74489235792469
 21
-3.9986041811976
 31
0.0
  0
LINE
  8
3
  6
CONTINUOUS
 62
3
 10
4.74489235792469
 20
-3.9986041811976
 30
0.0
 11
4.76572569125799
 21
-3.96412503996225
 31
0.0
  0
LINE
  8
3
  6
CONTINUOUS
 62
3
 10
4.76572569125799
 20
-3.96412503996225
 30
0.0
 11
4.80957945102362
 21
-3.87245850045217
 31
0.0
  0
LINE
  8
3
  6
CONTINUOUS
 62
3
 10
4.80957945102362
 20
-3.87245850045217
 30
0.0
 11
4.820413191258
 21
-3.84933380562792
 31
0.0
  0
LINE
  8
3
  6
CONTINUOUS
 62
3
 10
4.820413191258
 20
-3.84933380562792
 30
0.0
 11
4.83093412631662
 21
-3.82620847502083
 31
0.0
  0
LINE
  8
3
  6
CONTINUOUS
 62
3
 10
4.83093412631662
 20
-3.82620847502083
 30
0.0
 11
4.84114225619941
 21
-3.80287524341276
 31
0.0
  0
LINE
  8
3
  6
CONTINUOUS
 62
3
 10
4.84114225619941
 20
-3.80287524341276
 30
0.0
 11
4.85093585564603
 21
-3.77954201180469
 31
0.0
  0
LINE
  8
3
  6
CONTINUOUS
 62
3
 10
4.85093585564603
 20
-3.77954201180469
 30
0.0
 11
4.86010130160957
 21
-3.75589597502083
 31
0.0
  0
LINE
  8
3
  6
CONTINUOUS
 62
3
 10
4.86010130160957
 20
-3.75589597502083
 30
0.0
 11
4.868747948745
 21
-3.73214630562792
 31
0.0
  0
LINE
  8
3
  6
CONTINUOUS
 62
3
 10
4.868747948745
 20
-3.73214630562792
 30
0.0
 11
4.94864296827622
 21
-3.75756299772591
 31
0.0
  0
LINE
  8
3
  6
CONTINUOUS
 62
3
 10
4.94864296827622
 20
-3.75756299772591
 30
0.0
 11
5.03197630160957
 21
-3.76547976611784
 31
0.0
  0
LINE
  8
3
  6
CONTINUOUS
 62
3
 10
5.03197630160957
 20
-3.76547976611784
 30
0.0
 11
5.11510109815906
 21
-3.75558380562792
 31
0.0
  0
LINE
  8
3
  6
CONTINUOUS
 62
3
 10
5.11510109815906
 20
-3.75558380562792
 30
0.0
 11
5.19437305047024
 21
-3.7282921898239
 31
0.0
  0
LINE
  8
3
  6
CONTINUOUS
 62
3
 10
5.19437305047024
 20
-3.7282921898239
 30
0.0
 11
5.26593422804185
 21
-3.68495850045217
 31
0.0
  0
LINE
  8
3
  6
CONTINUOUS
 62
3
 10
5.26593422804185
 20
-3.68495850045217
 30
0.0
 11
5.32687274529445
 21
-3.62735466439261
 31
0.0
  0
LINE
  8
3
  6
CONTINUOUS
 62
3
 10
5.32687274529445
 20
-3.62735466439261
 30
0.0
 11
5.37416481886217
 21
-3.55829211352997
 31
0.0
  0
LINE
  8
3
  6
CONTINUOUS
 62
3
 10
5.37416481886217
 20
-3.55829211352997
 30
0.0
 11
5.40572635247221
 21
-3.4806878197067
 31
0.0
  0
LINE
  8
3
  6
CONTINUOUS
 62
3
 10
5.40572635247221
 20
-3.4806878197067
 30
0.0
 11
5.42020567172677
 21
-3.39818799772591
 31
0.0
  0
LINE
  8
3
  6
CONTINUOUS
 62
3
 10
5.42020567172677
 20
-3.39818799772591
 30
0.0
 11
5.41687162631662
 21
-3.31454185921682
 31
0.0
  0
LINE
  8
3
  6
CONTINUOUS
 62
3
 10
5.41687162631662
 20
-3.31454185921682
 30
0.0
 11
5.39593402459134
 21
-3.23339625476532
 31
0.0
  0
LINE
  8
3
  6
CONTINUOUS
 62
3
 10
5.39593402459134
 20
-3.23339625476532
 30
0.0
 11
5.35833128207831
 21
-3.15860466439261
 31
0.0
  0
LINE
  8
3
  6
CONTINUOUS
 62
3
 10
5.35833128207831
 20
-3.15860466439261
 30
0.0
 11
5.30572660678536
 21
-3.09339622933398
 31
0.0
  0
LINE
  8
3
  6
CONTINUOUS
 62
3
 10
5.30572660678536
 20
-3.09339622933398
 30
0.0
 11
5.30301817172677
 21
-3.09058352588347
 31
0.0
  0
LINE
  8
3
  6
CONTINUOUS
 62
3
 10
5.30301817172677
 20
-3.09058352588347
 30
0.0
 11
5.30020546827622
 21
-3.08787509082489
 31
0.0
  0
LINE
  8
3
  6
CONTINUOUS
 62
3
 10
5.30020546827622
 20
-3.08787509082489
 30
0.0
 11
5.2945800613752
 21
-3.0822503197067
 31
0.0
  0
LINE
  8
3
  6
CONTINUOUS
 62
3
 10
5.2945800613752
 20
-3.0822503197067
 30
0.0
 11
5.29187162631662
 21
-3.07943761625619
 31
0.0
  0
LINE
  8
3
  6
CONTINUOUS
 62
3
 10
5.29187162631662
 20
-3.07943761625619
 30
0.0
 11
5.28905892286607
 21
-3.0767291811976
 31
0.0
  0
LINE
  8
3
  6
CONTINUOUS
 62
3
 10
5.28905892286607
 20
-3.0767291811976
 30
0.0
 11
5.28624621941556
 21
-3.07391711353
 31
0.0
  0
LINE
  8
3
  6
CONTINUOUS
 62
3
 10
5.28624621941556
 20
-3.07391711353
 30
0.0
 11
5.28353778435697
 21
-3.0711044100794
 31
0.0
  0
LINE
  8
3
  6
CONTINUOUS
 62
3
 10
5.28353778435697
 20
-3.0711044100794
 30
0.0
 11
5.28072762403796
 21
-3.0683959750208
 31
0.0
  0
LINE
  8
3
  6
CONTINUOUS
 62
3
 10
5.28072762403796
 20
-3.0683959750208
 30
0.0
 11
5.27791492058745
 21
-3.0655839073532
 31
0.0
  0
LINE
  8
3
  6
CONTINUOUS
 62
3
 10
5.27791492058745
 20
-3.0655839073532
 30
0.0
 11
5.26614276482571
 21
-3.0542294609421
 31
0.0
  0
LINE
  8
3
  6
CONTINUOUS
 62
3
 10
5.26614276482571
 20
-3.0542294609421
 30
0.0
 11
5.25385181023587
 21
-3.0433963564906
 31
0.0
  0
LINE
  8
3
  6
CONTINUOUS
 62
3
 10
5.25385181023587
 20
-3.0433963564906
 30
0.0
 11
5.24114378207831
 21
-3.033083322433
 31
0.0
  0
LINE
  8
3
  6
CONTINUOUS
 62
3
 10
5.24114378207831
 20
-3.033083322433
 30
0.0
 11
5.22801868035308
 21
-3.0233958987269
 31
0.0
  0
LINE
  8
3
  6
CONTINUOUS
 62
3
 10
5.22801868035308
 20
-3.0233958987269
 30
0.0
 11
5.21458077345201
 21
-3.0141255485886
 31
0.0
  0
LINE
  8
3
  6
CONTINUOUS
 62
3
 10
5.21458077345201
 20
-3.0141255485886
 30
0.0
 11
5.20062152459134
 21
-3.005479537236
 31
0.0
  0
LINE
  8
3
  6
CONTINUOUS
 62
3
 10
5.20062152459134
 20
-3.005479537236
 30
0.0
 11
5.18645628207831
 21
-2.9974585004522
 31
0.0
  0
LINE
  8
3
  6
CONTINUOUS
 62
3
 10
5.18645628207831
 20
-2.9974585004522
 30
0.0
 11
5.17187142286607
 21
-2.9899588056279
 31
0.0
  0
LINE
  8
3
  6
CONTINUOUS
 62
3
 10
5.17187142286607
 20
-2.9899588056279
 30
0.0
 11
5.1570805700015
 21
-2.9831877179815
 31
0.0
  0
LINE
  8
3
  6
CONTINUOUS
 62
3
 10
5.1570805700015
 20
-2.9831877179815
 30
0.0
 11
5.14197691196114
 21
-2.9769379722946
 31
0.0
  0
LINE
  8
3
  6
CONTINUOUS
 62
3
 10
5.14197691196114
 20
-2.9769379722946
 30
0.0
 11
5.18906044874501
 21
-2.9091253705693
 31
0.0
  0
LINE
  8
3
  6
CONTINUOUS
 62
3
 10
5.18906044874501
 20
-2.9091253705693
 30
0.0
 11
5.23551837517729
 21
-2.8412085004522
 31
0.0
  0
LINE
  8
3
  6
CONTINUOUS
 62
3
 10
5.23551837517729
 20
-2.8412085004522
 30
0.0
 11
5.28103788608221
 21
-2.7727709241582
 31
0.0
  0
LINE
  8
3
  6
CONTINUOUS
 62
3
 10
5.28103788608221
 20
-2.7727709241582
 30
0.0
 11
5.32572579298327
 21
-2.7037083732956
 31
0.0
  0
LINE
  8
3
  6
CONTINUOUS
 62
3
 10
5.32572579298327
 20
-2.7037083732956
 30
0.0
 11
5.36937101596504
 21
-2.6339172152552
 31
0.0
  0
LINE
  8
3
  6
CONTINUOUS
 62
3
 10
5.36937101596504
 20
-2.6339172152552
 30
0.0
 11
5.4117675613752
 21
-2.5629797406865
 31
0.0
  0
LINE
  8
3
  6
CONTINUOUS
 62
3
 10
5.4117675613752
 20
-2.5629797406865
 30
0.0
 11
5.45301842603993
 21
-2.4907916811976
 31
0.0
  0
LINE
  8
3
  6
CONTINUOUS
 62
3
 10
5.45301842603993
 20
-2.4907916811976
 30
0.0
 11
5.49291380160957
 21
-2.4172500399622
 31
0.0
  0
LINE
  8
3
  6
CONTINUOUS
 62
3
 10
5.49291380160957
 20
-2.4172500399622
 30
0.0
 11
5.53124769443182
 21
-2.3419377434128
 31
0.0
  0
LINE
  8
3
  6
CONTINUOUS
 62
3
 10
5.53124769443182
 20
-2.3419377434128
 30
0.0
 11
5.56812182976713
 21
-2.2648541557663
 31
0.0
  0
LINE
  8
3
  6
CONTINUOUS
 62
3
 10
5.56812182976713
 20
-2.2648541557663
 30
0.0
 11
5.5992675613752
 21
-2.1931880740198
 31
0.0
  0
LINE
  8
3
  6
CONTINUOUS
 62
3
 10
5.5992675613752
 20
-2.1931880740198
 30
0.0
 11
5.62791339470851
 21
-2.1198543337855
 31
0.0
  0
LINE
  8
3
  6
CONTINUOUS
 62
3
 10
5.62791339470851
 20
-2.1198543337855
 30
0.0
 11
5.65405932976713
 21
-2.0449584750208
 31
0.0
  0
LINE
  8
3
  6
CONTINUOUS
 62
3
 10
5.65405932976713
 20
-2.0449584750208
 30
0.0
 11
5.67780963494291
 21
-1.9687083987269
 31
0.0
  0
LINE
  8
3
  6
CONTINUOUS
 62
3
 10
5.67780963494291
 20
-1.9687083987269
 30
0.0
 11
5.6992685786278
 21
-1.8913126416875
 31
0.0
  0
LINE
  8
3
  6
CONTINUOUS
 62
3
 10
5.6992685786278
 20
-1.8913126416875
 30
0.0
 11
5.71853915764799
 21
-1.8128754722946
 31
0.0
  0
LINE
  8
3
  6
CONTINUOUS
 62
3
 10
5.71853915764799
 20
-1.8128754722946
 30
0.0
 11
5.73572691196115
 21
-1.7336041557663
 31
0.0
  0
LINE
  8
3
  6
CONTINUOUS
 62
3
 10
5.73572691196115
 20
-1.7336041557663
 30
0.0
 11
5.7508305700015
 21
-1.6538127688441
 31
0.0
  0
LINE
  8
3
  6
CONTINUOUS
 62
3
 10
5.7508305700015
 20
-1.6538127688441
 30
0.0
 11
5.76405994011871
 21
-1.5736043083542
 31
0.0
  0
LINE
  8
3
  6
CONTINUOUS
 62
3
 10
5.76405994011871
 20
-1.5736043083542
 30
0.0
 11
5.77551801913886
 21
-1.4931879468633
 31
0.0
  0
LINE
  8
3
  6
CONTINUOUS
 62
3
 10
5.77551801913886
 20
-1.4931879468633
 30
0.0
 11
5.7852060786278
 21
-1.4128752179815
 31
0.0
  0
LINE
  8
3
  6
CONTINUOUS
 62
3
 10
5.7852060786278
 20
-1.4128752179815
 30
0.0
 11
5.79333011223784
 21
-1.3326667574915
 31
0.0
  0
LINE
  8
3
  6
CONTINUOUS
 62
3
 10
5.79333011223784
 20
-1.3326667574915
 30
0.0
 11
5.79989266310044
 21
-1.2528747347865
 31
0.0
  0
LINE
  8
3
  6
CONTINUOUS
 62
3
 10
5.79989266310044
 20
-1.2528747347865
 30
0.0
 11
5.80499672804185
 21
-1.173604054041
 31
0.0
  0
LINE
  8
3
  6
CONTINUOUS
 62
3
 10
5.80499672804185
 20
-1.173604054041
 30
0.0
 11
5.80874784701973
 21
-1.095167520431
 31
0.0
  0
LINE
  8
3
  6
CONTINUOUS
 62
3
 10
5.80874784701973
 20
-1.095167520431
 30
0.0
 11
5.81135201368638
 21
-1.0177711276087
 31
0.0
  0
LINE
  8
3
  6
CONTINUOUS
 62
3
 10
5.81135201368638
 20
-1.0177711276087
 30
0.0
 11
5.81395618035308
 21
-0.951729816980501
 31
0.0
  0
LINE
  8
3
  6
CONTINUOUS
 62
3
 10
5.81395618035308
 20
-0.951729816980501
 30
0.0
 11
5.81708041741359
 21
-0.890895568119802
 31
0.0
  0
LINE
  8
3
  6
CONTINUOUS
 62
3
 10
5.81708041741359
 20
-0.890895568119802
 30
0.0
 11
5.81926751051256
 21
-0.834438048588503
 31
0.0
  0
LINE
  8
3
  6
CONTINUOUS
 62
3
 10
5.81926751051256
 20
-0.834438048588503
 30
0.0
 11
5.81885170851059
 21
-0.781624836511702
 31
0.0
  0
LINE
  8
3
  6
CONTINUOUS
 62
3
 10
5.81885170851059
 20
-0.781624836511702
 30
0.0
 11
5.81416344557115
 21
-0.731521331059302
 31
0.0
  0
LINE
  8
3
  6
CONTINUOUS
 62
3
 10
5.81416344557115
 20
-0.731521331059302
 30
0.0
 11
5.80353951368638
 21
-0.683292113530001
 31
0.0
  0
LINE
  8
3
  6
CONTINUOUS
 62
3
 10
5.80353951368638
 20
-0.683292113530001
 30
0.0
 11
5.78562188062977
 21
-0.636208576746101
 31
0.0
  0
LINE
  8
3
  6
CONTINUOUS
 62
3
 10
5.78562188062977
 20
-0.636208576746101
 30
0.0
 11
5.75853880160957
 21
-0.589437845138002
 31
0.0
  0
LINE
  8
3
  6
CONTINUOUS
 62
3
 10
5.75853880160957
 20
-0.589437845138002
 30
0.0
 11
5.72083051913886
 21
-0.542145771570302
 31
0.0
  0
LINE
  8
3
  6
CONTINUOUS
 62
3
 10
5.72083051913886
 20
-0.542145771570302
 30
0.0
 11
5.67083001051256
 21
-0.493500752039102
 31
0.0
  0
LINE
  8
3
  6
CONTINUOUS
 62
3
 10
5.67083001051256
 20
-0.493500752039102
 30
0.0
 11
5.59020511223784
 21
-0.432875039962301
 31
0.0
  0
LINE
  8
3
  6
CONTINUOUS
 62
3
 10
5.59020511223784
 20
-0.432875039962301
 30
0.0
 11
5.51031009270658
 21
-0.391312641687502
 31
0.0
  0
LINE
  8
3
  6
CONTINUOUS
 62
3
 10
5.51031009270658
 20
-0.391312641687502
 30
0.0
 11
5.43166375074693
 21
-0.367458068119802
 31
0.0
  0
LINE
  8
3
  6
CONTINUOUS
 62
3
 10
5.43166375074693
 20
-0.367458068119802
 30
0.0
 11
5.35468443149237
 21
-0.360062641687502
 31
0.0
  0
LINE
  8
3
  6
CONTINUOUS
 62
3
 10
5.35468443149237
 20
-0.360062641687502
 30
0.0
 11
5.28010201368638
 21
-0.367770873295601
 31
0.0
  0
LINE
  8
3
  6
CONTINUOUS
 62
3
 10
5.28010201368638
 20
-0.367770873295601
 30
0.0
 11
5.20832975619941
 21
-0.389229816980501
 31
0.0
  0
LINE
  8
3
  6
CONTINUOUS
 62
3
 10
5.20832975619941
 20
-0.389229816980501
 30
0.0
 11
5.13978981886217
 21
-0.423188252039102
 31
0.0
  0
LINE
  8
3
  6
CONTINUOUS
 62
3
 10
5.13978981886217
 20
-0.423188252039102
 30
0.0
 11
5.07530871941556
 21
-0.468291960942102
 31
0.0
  0
LINE
  8
3
  6
CONTINUOUS
 62
3
 10
5.07530871941556
 20
-0.468291960942102
 30
0.0
 11
5.01520434929839
 21
-0.523292266117801
 31
0.0
  0
LINE
  8
3
  6
CONTINUOUS
 62
3
 10
5.01520434929839
 20
-0.523292266117801
 30
0.0
 11
4.95999805047024
 21
-0.586729410079402
 31
0.0
  0
LINE
  8
3
  6
CONTINUOUS
 62
3
 10
4.95999805047024
 20
-0.586729410079402
 30
0.0
 11
4.91041461541166
 21
-0.657354715255202
 31
0.0
  0
LINE
  8
3
  6
CONTINUOUS
 62
3
 10
4.91041461541166
 20
-0.657354715255202
 30
0.0
 11
4.86676684929839
 21
-0.733812692550101
 31
0.0
  0
LINE
  8
3
  6
CONTINUOUS
 62
3
 10
4.86676684929839
 20
-0.733812692550101
 30
0.0
 11
4.84249774529445
 21
-0.788917266117801
 31
0.0
  0
LINE
  8
3
  6
CONTINUOUS
 62
3
 10
4.84249774529445
 20
-0.788917266117801
 30
0.0
 11
4.82406004184394
 21
-0.846000396000703
 31
0.0
  0
LINE
  8
3
  6
CONTINUOUS
 62
3
 10
4.82406004184394
 20
-0.846000396000703
 30
0.0
 11
4.81062213494292
 21
-0.904646280196602
 31
0.0
  0
LINE
  8
3
  6
CONTINUOUS
 62
3
 10
4.81062213494292
 20
-0.904646280196602
 30
0.0
 11
4.80114388380358
 21
-0.964437845138002
 31
0.0
  0
LINE
  8
3
  6
CONTINUOUS
 62
3
 10
4.80114388380358
 20
-0.964437845138002
 30
0.0
 11
4.79478859815906
 21
-1.024855020431
 31
0.0
  0
LINE
  8
3
  6
CONTINUOUS
 62
3
 10
4.79478859815906
 20
-1.024855020431
 30
0.0
 11
4.79041441196114
 21
-1.0856879977259
 31
0.0
  0
LINE
  8
3
  6
CONTINUOUS
 62
3
 10
4.79041441196114
 20
-1.0856879977259
 30
0.0
 11
4.78718463494292
 21
-1.146312438237
 31
0.0
  0
LINE
  8
3
  6
CONTINUOUS
 62
3
 10
4.78718463494292
 20
-1.146312438237
 30
0.0
 11
4.78416339470855
 21
-1.2063125399623
 31
0.0
  0
LINE
  8
3
  6
CONTINUOUS
 62
3
 10
4.78416339470855
 20
-1.2063125399623
 30
0.0
 11
4.78031055047024
 21
-1.2653754977259
 31
0.0
  0
LINE
  8
3
  6
CONTINUOUS
 62
3
 10
4.78031055047024
 20
-1.2653754977259
 30
0.0
 11
4.77468514356922
 21
-1.3229799695684
 31
0.0
  0
LINE
  8
3
  6
CONTINUOUS
 62
3
 10
4.77468514356922
 20
-1.3229799695684
 30
0.0
 11
4.7664555700015
 21
-1.3857915031784
 31
0.0
  0
LINE
  8
3
  6
CONTINUOUS
 62
3
 10
4.7664555700015
 20
-1.3857915031784
 30
0.0
 11
4.7562474401187
 21
-1.4510005740198
 31
0.0
  0
LINE
  8
3
  6
CONTINUOUS
 62
3
 10
4.7562474401187
 20
-1.4510005740198
 30
0.0
 11
4.74426929070461
 21
-1.5180839327845
 31
0.0
  0
LINE
  8
3
  6
CONTINUOUS
 62
3
 10
4.74426929070461
 20
-1.5180839327845
 30
0.0
 11
4.73031004184394
 21
-1.5861044355108
 31
0.0
  0
LINE
  8
3
  6
CONTINUOUS
 62
3
 10
4.73031004184394
 20
-1.5861044355108
 30
0.0
 11
4.71447650506008
 21
-1.6544377434128
 31
0.0
  0
LINE
  8
3
  6
CONTINUOUS
 62
3
 10
4.71447650506008
 20
-1.6544377434128
 30
0.0
 11
4.69666441196115
 21
-1.722250345138
 31
0.0
  0
LINE
  8
3
  6
CONTINUOUS
 62
3
 10
4.69666441196115
 20
-1.722250345138
 30
0.0
 11
4.67697548780748
 21
-1.7889172661178
 31
0.0
  0
LINE
  8
3
  6
CONTINUOUS
 62
3
 10
4.67697548780748
 20
-1.7889172661178
 30
0.0
 11
4.65520628207831
 21
-1.8537086276087
 31
0.0
  0
LINE
  8
3
  6
CONTINUOUS
 62
3
 10
4.65520628207831
 20
-1.8537086276087
 30
0.0
 11
4.63156024529445
 21
-1.9157921898239
 31
0.0
  0
LINE
  8
3
  6
CONTINUOUS
 62
3
 10
4.63156024529445
 20
-1.9157921898239
 30
0.0
 11
4.60593565219551
 21
-1.9744380740199
 31
0.0
  0
LINE
  8
3
  6
CONTINUOUS
 62
3
 10
4.60593565219551
 20
-1.9744380740199
 30
0.0
 11
4.56874744011867
 21
-2.0473547406865
 31
0.0
  0
LINE
  8
3
  6
CONTINUOUS
 62
3
 10
4.56874744011867
 20
-2.0473547406865
 30
0.0
 11
4.52760211541166
 21
-2.1178751416875
 31
0.0
  0
LINE
  8
3
  6
CONTINUOUS
 62
3
 10
4.52760211541166
 20
-2.1178751416875
 30
0.0
 11
4.48301847690252
 21
-2.1865212547653
 31
0.0
  0
LINE
  8
3
  6
CONTINUOUS
 62
3
 10
4.48301847690252
 20
-2.1865212547653
 30
0.0
 11
4.43572640333485
 21
-2.25360461353
 31
0.0
  0
LINE
  8
3
  6
CONTINUOUS
 62
3
 10
4.43572640333485
 20
-2.25360461353
 30
0.0
 11
4.38645577345201
 21
-2.3194380231573
 31
0.0
  0
LINE
  8
3
  6
CONTINUOUS
 62
3
 10
4.38645577345201
 20
-2.3194380231573
 30
0.0
 11
4.33572538608221
 21
-2.3845421898239
 31
0.0
  0
LINE
  8
3
  6
CONTINUOUS
 62
3
 10
4.33572538608221
 20
-2.3845421898239
 30
0.0
 11
4.23312274529445
 21
-2.5137084750208
 31
0.0
  0
LINE
  8
3
  6
CONTINUOUS
 62
3
 10
4.23312274529445
 20
-2.5137084750208
 30
0.0
 11
4.18249662631662
 21
-2.5786047406865
 31
0.0
  0
LINE
  8
3
  6
CONTINUOUS
 62
3
 10
4.18249662631662
 20
-2.5786047406865
 30
0.0
 11
4.13322599643378
 21
-2.64422961353
 31
0.0
  0
LINE
  8
3
  6
CONTINUOUS
 62
3
 10
4.13322599643378
 20
-2.64422961353
 30
0.0
 11
4.08603819125799
 21
-2.7108958987269
 31
0.0
  0
LINE
  8
3
  6
CONTINUOUS
 62
3
 10
4.08603819125799
 20
-2.7108958987269
 30
0.0
 11
4.04155882114083
 21
-2.7790213056279
 31
0.0
  0
LINE
  8
3
  6
CONTINUOUS
 62
3
 10
4.04155882114083
 20
-2.7790213056279
 30
0.0
 11
4.01062162631662
 21
-2.8318338819219
 31
0.0
  0
LINE
  8
3
  6
CONTINUOUS
 62
3
 10
4.01062162631662
 20
-2.8318338819219
 30
0.0
 11
3.98447569125799
 21
-2.8819380231573
 31
0.0
  0
LINE
  8
3
  6
CONTINUOUS
 62
3
 10
3.98447569125799
 20
-2.8819380231573
 30
0.0
 11
3.96145526482571
 21
-2.9298544355108
 31
0.0
  0
LINE
  8
3
  6
CONTINUOUS
 62
3
 10
3.96145526482571
 20
-2.9298544355108
 30
0.0
 11
3.94030912631662
 21
-2.9760001925501
 31
0.0
  0
LINE
  8
3
  6
CONTINUOUS
 62
3
 10
3.94030912631662
 20
-2.9760001925501
 30
0.0
 11
3.91937152459134
 21
-3.0208960004522
 31
0.0
  0
LINE
  8
3
  6
CONTINUOUS
 62
3
 10
3.91937152459134
 20
-3.0208960004522
 30
0.0
 11
3.89718524529445
 21
-3.0649589327845
 31
0.0
  0
LINE
  8
3
  6
CONTINUOUS
 62
3
 10
3.89718524529445
 20
-3.0649589327845
 30
0.0
 11
3.87228798780748
 21
-3.10881269255012
 31
0.0
  0
LINE
  8
3
  6
CONTINUOUS
 62
3
 10
3.87228798780748
 20
-3.10881269255012
 30
0.0
 11
3.84312335564603
 21
-3.15266708809863
 31
0.0
  0
LINE
  8
3
  6
CONTINUOUS
 62
3
 10
3.84312335564603
 20
-3.15266708809863
 30
0.0
 11
3.80822650506008
 21
-3.19714582243296
 31
0.0
  0
LINE
  8
3
  6
CONTINUOUS
 62
3
 10
3.80822650506008
 20
-3.19714582243296
 30
0.0
 11
3.76603849643378
 21
-3.24266724068654
 31
0.0
  0
LINE
  8
3
  6
CONTINUOUS
 62
3
 10
3.76603849643378
 20
-3.24266724068654
 30
0.0
 11
3.72395475619941
 21
-3.19714582243296
 31
0.0
  0
LINE
  8
3
  6
CONTINUOUS
 62
3
 10
3.72395475619941
 20
-3.19714582243296
 30
0.0
 11
3.689060448745
 21
-3.15266708809863
 31
0.0
  0
LINE
  8
3
  6
CONTINUOUS
 62
3
 10
3.689060448745
 20
-3.15266708809863
 30
0.0
 11
3.65989327345201
 21
-3.10881269255012
 31
0.0
  0
LINE
  8
3
  6
CONTINUOUS
 62
3
 10
3.65989327345201
 20
-3.10881269255012
 30
0.0
 11
3.63489429070461
 21
-3.0649589327845
 31
0.0
  0
LINE
  8
3
  6
CONTINUOUS
 62
3
 10
3.63489429070461
 20
-3.0649589327845
 30
0.0
 11
3.61270546827623
 21
-3.0208960004522
 31
0.0
  0
LINE
  8
3
  6
CONTINUOUS
 62
3
 10
3.61270546827623
 20
-3.0208960004522
 30
0.0
 11
3.59176786655099
 21
-2.9760001925501
 31
0.0
  0
LINE
  8
3
  6
CONTINUOUS
 62
3
 10
3.59176786655099
 20
-2.9760001925501
 30
0.0
 11
3.57062172804185
 21
-2.9298544355108
 31
0.0
  0
LINE
  8
3
  6
CONTINUOUS
 62
3
 10
3.57062172804185
 20
-2.9298544355108
 30
0.0
 11
3.5477055700015
 21
-2.8819380231573
 31
0.0
  0
LINE
  8
3
  6
CONTINUOUS
 62
3
 10
3.5477055700015
 20
-2.8819380231573
 30
0.0
 11
3.52145536655099
 21
-2.8318338819219
 31
0.0
  0
LINE
  8
3
  6
CONTINUOUS
 62
3
 10
3.52145536655099
 20
-2.8318338819219
 30
0.0
 11
3.49051817172674
 21
-2.7790213056279
 31
0.0
  0
LINE
  8
3
  6
CONTINUOUS
 62
3
 10
3.49051817172674
 20
-2.7790213056279
 30
0.0
 11
3.44603880160957
 21
-2.7108958987269
 31
0.0
  0
LINE
  8
3
  6
CONTINUOUS
 62
3
 10
3.44603880160957
 20
-2.7108958987269
 30
0.0
 11
3.39885099643378
 21
-2.64422961353
 31
0.0
  0
LINE
  8
3
  6
CONTINUOUS
 62
3
 10
3.39885099643378
 20
-2.64422961353
 30
0.0
 11
3.34958036655099
 21
-2.5786047406865
 31
0.0
  0
LINE
  8
3
  6
CONTINUOUS
 62
3
 10
3.34958036655099
 20
-2.5786047406865
 30
0.0
 11
3.29895679070461
 21
-2.5137084750208
 31
0.0
  0
LINE
  8
3
  6
CONTINUOUS
 62
3
 10
3.29895679070461
 20
-2.5137084750208
 30
0.0
 11
3.19635160678536
 21
-2.3845421898239
 31
0.0
  0
LINE
  8
3
  6
CONTINUOUS
 62
3
 10
3.19635160678536
 20
-2.3845421898239
 30
0.0
 11
3.14572548780748
 21
-2.3194380231573
 31
0.0
  0
LINE
  8
3
  6
CONTINUOUS
 62
3
 10
3.14572548780748
 20
-2.3194380231573
 30
0.0
 11
3.09635058953276
 21
-2.25360461353
 31
0.0
  0
LINE
  8
3
  6
CONTINUOUS
 62
3
 10
3.09635058953276
 20
-2.25360461353
 30
0.0
 11
3.04905851596504
 21
-2.1865212547653
 31
0.0
  0
LINE
  8
3
  6
CONTINUOUS
 62
3
 10
3.04905851596504
 20
-2.1865212547653
 30
0.0
 11
3.00447742058744
 21
-2.1178751416875
 31
0.0
  0
LINE
  8
3
  6
CONTINUOUS
 62
3
 10
3.00447742058744
 20
-2.1178751416875
 30
0.0
 11
2.9633295527489
 21
-2.0473547406865
 31
0.0
  0
LINE
  8
3
  6
CONTINUOUS
 62
3
 10
2.9633295527489
 20
-2.0473547406865
 30
0.0
 11
2.92614388380359
 21
-1.9744380740199
 31
0.0
  0
LINE
  8
3
  6
CONTINUOUS
 62
3
 10
2.92614388380359
 20
-1.9744380740199
 30
0.0
 11
2.90051929070461
 21
-1.9157921898239
 31
0.0
  0
LINE
  8
3
  6
CONTINUOUS
 62
3
 10
2.90051929070461
 20
-1.9157921898239
 30
0.0
 11
2.87687325392075
 21
-1.8537086276087
 31
0.0
  0
LINE
  8
3
  6
CONTINUOUS
 62
3
 10
2.87687325392075
 20
-1.8537086276087
 30
0.0
 11
2.85510150506008
 21
-1.7889172661178
 31
0.0
  0
LINE
  8
3
  6
CONTINUOUS
 62
3
 10
2.85510150506008
 20
-1.7889172661178
 30
0.0
 11
2.83541512403796
 21
-1.722250345138
 31
0.0
  0
LINE
  8
3
  6
CONTINUOUS
 62
3
 10
2.83541512403796
 20
-1.722250345138
 30
0.0
 11
2.81760048780748
 21
-1.6544377434128
 31
0.0
  0
LINE
  8
3
  6
CONTINUOUS
 62
3
 10
2.81760048780748
 20
-1.6544377434128
 30
0.0
 11
2.80176695102362
 21
-1.5861044355108
 31
0.0
  0
LINE
  8
3
  6
CONTINUOUS
 62
3
 10
2.80176695102362
 20
-1.5861044355108
 30
0.0
 11
2.78781024529445
 21
-1.5180839327845
 31
0.0
  0
LINE
  8
3
  6
CONTINUOUS
 62
3
 10
2.78781024529445
 20
-1.5180839327845
 30
0.0
 11
2.7758295527489
 21
-1.4510005740198
 31
0.0
  0
LINE
  8
3
  6
CONTINUOUS
 62
3
 10
2.7758295527489
 20
-1.4510005740198
 30
0.0
 11
2.76562142286607
 21
-1.3857915031784
 31
0.0
  0
LINE
  8
3
  6
CONTINUOUS
 62
3
 10
2.76562142286607
 20
-1.3857915031784
 30
0.0
 11
2.75739184929839
 21
-1.3229799695684
 31
0.0
  0
LINE
  8
3
  6
CONTINUOUS
 62
3
 10
2.75739184929839
 20
-1.3229799695684
 30
0.0
 11
2.75176898552882
 21
-1.2653754977259
 31
0.0
  0
LINE
  8
3
  6
CONTINUOUS
 62
3
 10
2.75176898552882
 20
-1.2653754977259
 30
0.0
 11
2.74791359815906
 21
-1.2063125399623
 31
0.0
  0
LINE
  8
3
  6
CONTINUOUS
 62
3
 10
2.74791359815906
 20
-1.2063125399623
 30
0.0
 11
2.74489235792469
 21
-1.146312438237
 31
0.0
  0
LINE
  8
3
  6
CONTINUOUS
 62
3
 10
2.74489235792469
 20
-1.146312438237
 30
0.0
 11
2.74166512403796
 21
-1.0856879977259
 31
0.0
  0
LINE
  8
3
  6
CONTINUOUS
 62
3
 10
2.74166512403796
 20
-1.0856879977259
 30
0.0
 11
2.73739266310044
 21
-1.024855020431
 31
0.0
  0
LINE
  8
3
  6
CONTINUOUS
 62
3
 10
2.73739266310044
 20
-1.024855020431
 30
0.0
 11
2.73093565219551
 21
-0.964437845138002
 31
0.0
  0
LINE
  8
3
  6
CONTINUOUS
 62
3
 10
2.73093565219551
 20
-0.964437845138002
 30
0.0
 11
2.72145485792469
 21
-0.904646280196602
 31
0.0
  0
LINE
  8
3
  6
CONTINUOUS
 62
3
 10
2.72145485792469
 20
-0.904646280196602
 30
0.0
 11
2.70801695102363
 21
-0.846000396000703
 31
0.0
  0
LINE
  8
3
  6
CONTINUOUS
 62
3
 10
2.70801695102363
 20
-0.846000396000703
 30
0.0
 11
2.68968351596504
 21
-0.788917266117801
 31
0.0
  0
LINE
  8
3
  6
CONTINUOUS
 62
3
 10
2.68968351596504
 20
-0.788917266117801
 30
0.0
 11
2.66531014356922
 21
-0.733812692550101
 31
0.0
  0
LINE
  8
3
  6
CONTINUOUS
 62
3
 10
2.66531014356922
 20
-0.733812692550101
 30
0.0
 11
2.62166492058745
 21
-0.657354715255202
 31
0.0
  0
LINE
  8
3
  6
CONTINUOUS
 62
3
 10
2.62166492058745
 20
-0.657354715255202
 30
0.0
 11
2.57208148552882
 21
-0.586729410079402
 31
0.0
  0
LINE
  8
3
  6
CONTINUOUS
 62
3
 10
2.57208148552882
 20
-0.586729410079402
 30
0.0
 11
2.51687264356922
 21
-0.523292266117801
 31
0.0
  0
LINE
  8
3
  6
CONTINUOUS
 62
3
 10
2.51687264356922
 20
-0.523292266117801
 30
0.0
 11
2.45676827345201
 21
-0.468291960942102
 31
0.0
  0
LINE
  8
3
  6
CONTINUOUS
 62
3
 10
2.45676827345201
 20
-0.468291960942102
 30
0.0
 11
2.39228971713689
 21
-0.423188252039102
 31
0.0
  0
LINE
  8
3
  6
CONTINUOUS
 62
3
 10
2.39228971713689
 20
-0.423188252039102
 30
0.0
 11
2.32385150506008
 21
-0.389229816980501
 31
0.0
  0
LINE
  8
3
  6
CONTINUOUS
 62
3
 10
2.32385150506008
 20
-0.389229816980501
 30
0.0
 11
2.25197752231268
 21
-0.367770873295601
 31
0.0
  0
LINE
  8
3
  6
CONTINUOUS
 62
3
 10
2.25197752231268
 20
-0.367770873295601
 30
0.0
 11
2.1773925613752
 21
-0.360062641687502
 31
0.0
  0
LINE
  8
3
  6
CONTINUOUS
 62
3
 10
2.1773925613752
 20
-0.360062641687502
 30
0.0
 11
2.10041451368638
 21
-0.367458068119802
 31
0.0
  0
LINE
  8
3
  6
CONTINUOUS
 62
3
 10
2.10041451368638
 20
-0.367458068119802
 30
0.0
 11
2.02176817172677
 21
-0.391312641687502
 31
0.0
  0
LINE
  8
3
  6
CONTINUOUS
 62
3
 10
2.02176817172677
 20
-0.391312641687502
 30
0.0
 11
1.94187315219552
 21
-0.432875039962301
 31
0.0
  0
LINE
  8
3
  6
CONTINUOUS
 62
3
 10
1.94187315219552
 20
-0.432875039962301
 30
0.0
 11
1.86124825392075
 21
-0.493500752039102
 31
0.0
  0
LINE
  8
3
  6
CONTINUOUS
 62
3
 10
1.86124825392075
 20
-0.493500752039102
 30
0.0
 11
1.81124774529445
 21
-0.542145771570302
 31
0.0
  0
LINE
  8
3
  6
CONTINUOUS
 62
3
 10
1.81124774529445
 20
-0.542145771570302
 30
0.0
 11
1.773538191258
 21
-0.589437845138002
 31
0.0
  0
LINE
  8
3
  6
CONTINUOUS
 62
3
 10
1.773538191258
 20
-0.589437845138002
 30
0.0
 11
1.74645638380359
 21
-0.636208576746101
 31
0.0
  0
LINE
  8
3
  6
CONTINUOUS
 62
3
 10
1.74645638380359
 20
-0.636208576746101
 30
0.0
 11
1.72854002231268
 21
-0.683292113530001
 31
0.0
  0
LINE
  8
3
  6
CONTINUOUS
 62
3
 10
1.72854002231268
 20
-0.683292113530001
 30
0.0
 11
1.71791481886217
 21
-0.731521331059302
 31
0.0
  0
LINE
  8
3
  6
CONTINUOUS
 62
3
 10
1.71791481886217
 20
-0.731521331059302
 30
0.0
 11
1.71322528435697
 21
-0.781624836511702
 31
0.0
  0
LINE
  8
3
  6
CONTINUOUS
 62
3
 10
1.71322528435697
 20
-0.781624836511702
 30
0.0
 11
1.71281075392075
 21
-0.834438048588503
 31
0.0
  0
LINE
  8
3
  6
CONTINUOUS
 62
3
 10
1.71281075392075
 20
-0.834438048588503
 30
0.0
 11
1.71499784701973
 21
-0.890895568119802
 31
0.0
  0
LINE
  8
3
  6
CONTINUOUS
 62
3
 10
1.71499784701973
 20
-0.890895568119802
 30
0.0
 11
1.71812335564603
 21
-0.951729816980501
 31
0.0
  0
LINE
  8
3
  6
CONTINUOUS
 62
3
 10
1.71812335564603
 20
-0.951729816980501
 30
0.0
 11
1.72072752231268
 21
-1.0177711276087
 31
0.0
  0
LINE
  8
3
  6
CONTINUOUS
 62
3
 10
1.72072752231268
 20
-1.0177711276087
 30
0.0
 11
1.72333168897938
 21
-1.095167520431
 31
0.0
  0
LINE
  8
3
  6
CONTINUOUS
 62
3
 10
1.72333168897938
 20
-1.095167520431
 30
0.0
 11
1.72708026482571
 21
-1.173604054041
 31
0.0
  0
LINE
  8
3
  6
CONTINUOUS
 62
3
 10
1.72708026482571
 20
-1.173604054041
 30
0.0
 11
1.73228859815906
 21
-1.2528747347865
 31
0.0
  0
LINE
  8
3
  6
CONTINUOUS
 62
3
 10
1.73228859815906
 20
-1.2528747347865
 30
0.0
 11
1.73885242058744
 21
-1.3326667574915
 31
0.0
  0
LINE
  8
3
  6
CONTINUOUS
 62
3
 10
1.73885242058744
 20
-1.3326667574915
 30
0.0
 11
1.7468734573713
 21
-1.4128752179815
 31
0.0
  0
LINE
  8
3
  6
CONTINUOUS
 62
3
 10
1.7468734573713
 20
-1.4128752179815
 30
0.0
 11
1.75656024529445
 21
-1.4931879468633
 31
0.0
  0
LINE
  8
3
  6
CONTINUOUS
 62
3
 10
1.75656024529445
 20
-1.4931879468633
 30
0.0
 11
1.7680170527489
 21
-1.5736043083542
 31
0.0
  0
LINE
  8
3
  6
CONTINUOUS
 62
3
 10
1.7680170527489
 20
-1.5736043083542
 30
0.0
 11
1.78124642286606
 21
-1.6538127688441
 31
0.0
  0
LINE
  8
3
  6
CONTINUOUS
 62
3
 10
1.78124642286606
 20
-1.6538127688441
 30
0.0
 11
1.79635262403796
 21
-1.7336041557663
 31
0.0
  0
LINE
  8
3
  6
CONTINUOUS
 62
3
 10
1.79635262403796
 20
-1.7336041557663
 30
0.0
 11
1.81353910678536
 21
-1.8128754722946
 31
0.0
  0
LINE
  8
3
  6
CONTINUOUS
 62
3
 10
1.81353910678536
 20
-1.8128754722946
 30
0.0
 11
1.8328109573713
 21
-1.8913126416875
 31
0.0
  0
LINE
  8
3
  6
CONTINUOUS
 62
3
 10
1.8328109573713
 20
-1.8913126416875
 30
0.0
 11
1.85426735792469
 21
-1.9687083987269
 31
0.0
  0
LINE
  8
3
  6
CONTINUOUS
 62
3
 10
1.85426735792469
 20
-1.9687083987269
 30
0.0
 11
1.87801766310044
 21
-2.0449584750208
 31
0.0
  0
LINE
  8
3
  6
CONTINUOUS
 62
3
 10
1.87801766310044
 20
-2.0449584750208
 30
0.0
 11
1.90416359815906
 21
-2.1198543337855
 31
0.0
  0
LINE
  8
3
  6
CONTINUOUS
 62
3
 10
1.90416359815906
 20
-2.1198543337855
 30
0.0
 11
1.93280943149237
 21
-2.1931880740198
 31
0.0
  0
LINE
  8
3
  6
CONTINUOUS
 62
3
 10
1.93280943149237
 20
-2.1931880740198
 30
0.0
 11
1.96395516310044
 21
-2.2648541557663
 31
0.0
  0
LINE
  8
3
  6
CONTINUOUS
 62
3
 10
1.96395516310044
 20
-2.2648541557663
 30
0.0
 11
2.00030922804186
 21
-2.3407920626673
 31
0.0
  0
LINE
  8
3
  6
CONTINUOUS
 62
3
 10
2.00030922804186
 20
-2.3407920626673
 30
0.0
 11
2.03812305047024
 21
-2.4150629468633
 31
0.0
  0
LINE
  8
3
  6
CONTINUOUS
 62
3
 10
2.03812305047024
 20
-2.4150629468633
 30
0.0
 11
2.07728981886217
 21
-2.4876668083542
 31
0.0
  0
LINE
  8
3
  6
CONTINUOUS
 62
3
 10
2.07728981886217
 20
-2.4876668083542
 30
0.0
 11
2.11780953321764
 21
-2.5588128197067
 31
0.0
  0
LINE
  8
3
  6
CONTINUOUS
 62
3
 10
2.11780953321764
 20
-2.5588128197067
 30
0.0
 11
2.15958046827622
 21
-2.6287088819219
 31
0.0
  0
LINE
  8
3
  6
CONTINUOUS
 62
3
 10
2.15958046827622
 20
-2.6287088819219
 30
0.0
 11
2.20249835564603
 21
-2.6976671643926
 31
0.0
  0
LINE
  8
3
  6
CONTINUOUS
 62
3
 10
2.20249835564603
 20
-2.6976671643926
 30
0.0
 11
2.24635211541165
 21
-2.7656876671188
 31
0.0
  0
LINE
  8
3
  6
CONTINUOUS
 62
3
 10
2.24635211541165
 20
-2.7656876671188
 30
0.0
 11
2.29124601596504
 21
-2.8331880994512
 31
0.0
  0
LINE
  8
3
  6
CONTINUOUS
 62
3
 10
2.29124601596504
 20
-2.8331880994512
 30
0.0
 11
2.33687233839343
 21
-2.9001671898239
 31
0.0
  0
LINE
  8
3
  6
CONTINUOUS
 62
3
 10
2.33687233839343
 20
-2.9001671898239
 30
0.0
 11
2.38322599643378
 21
-2.9669377434128
 31
0.0
  0
LINE
  8
3
  6
CONTINUOUS
 62
3
 10
1.10531004184394
 20
0.405249553136699
 30
0.0
 11
26.7352055700015
 21
0.405249553136699
 31
0.0
  0
LINE
  8
3
  6
CONTINUOUS
 62
3
 10
26.7352055700015
 20
0.405249553136699
 30
0.0
 11
26.7352055700015
 21
-12.0750627942754
 31
0.0
  0
LINE
  8
3
  6
CONTINUOUS
 62
3
 10
26.7352055700015
 20
-12.0750627942754
 30
0.0
 11
1.10531004184394
 21
-12.0750627942754
 31
0.0
  0
LINE
  8
3
  6
CONTINUOUS
 62
3
 10
1.10531004184394
 20
-12.0750627942754
 30
0.0
 11
1.10531004184394
 21
0.405249553136699
 31
0.0
  0
LINE
  8
9
  6
CONTINUOUS
 62
9
 10
4.55360319327179
 20
-9.30301026609308
 30
0.0
 11
4.76093443149236
 21
-9.41620862760873
 31
0.0
  0
LINE
  8
9
  6
CONTINUOUS
 62
9
 10
4.76093443149236
 20
-9.41620862760873
 30
0.0
 11
4.8394471632709
 21
-9.32797156738658
 31
0.0
  0
LINE
  8
9
  6
CONTINUOUS
 62
9
 10
8.76831254146188
 20
-9.40500424134695
 30
0.0
 11
8.97260181023587
 21
-9.52360443551075
 31
0.0
  0
LINE
  8
9
  6
CONTINUOUS
 62
9
 10
8.97260181023587
 20
-9.52360443551075
 30
0.0
 11
8.98602750851517
 21
-9.40625973612604
 31
0.0
  0
LINE
  8
9
  6
CONTINUOUS
 62
9
 10
11.260077235486
 20
-11.2997226881049
 30
0.0
 11
11.1623931717267
 21
-11.0846461085353
 31
0.0
  0
LINE
  8
9
  6
CONTINUOUS
 62
9
 10
11.1623931717267
 20
-11.0846461085353
 30
0.0
 11
11.0616393977808
 21
-11.0230124741817
 31
0.0
  0
LINE
  8
9
  6
CONTINUOUS
 62
9
 10
15.8220005310163
 20
-8.77304455905695
 30
0.0
 11
15.8198931208641
 21
-8.5368334877365
 31
0.0
  0
LINE
  8
9
  6
CONTINUOUS
 62
9
 10
15.8198931208641
 20
-8.5368334877365
 30
0.0
 11
15.7095301297084
 21
-8.5789053076536
 31
0.0
  0
LINE
  8
9
  6
CONTINUOUS
 62
9
 10
17.857201504804
 20
-5.60659653848141
 30
0.0
 11
17.6817771642773
 21
-5.76479392197016
 31
0.0
  0
LINE
  8
9
  6
CONTINUOUS
 62
9
 10
17.6817771642773
 20
-5.76479392197016
 30
0.0
 11
17.6342093903744
 21
-5.87290189916841
 31
0.0
  0
LINE
  8
9
  6
CONTINUOUS
 62
9
 10
21.503717454355
 20
-3.0985002942754
 30
0.0
 11
21.267496982355
 21
-3.0985002942754
 31
0.0
  0
LINE
  8
9
  6
CONTINUOUS
 62
9
 10
21.267496982355
 20
-3.0985002942754
 30
0.0
 11
21.2686535748936
 21
-3.21660486718295
 31
0.0
  0
LINE
  8
9
  6
CONTINUOUS
 62
9
 10
11.3873233108588
 20
-2.74574468846501
 30
0.0
 11
11.183330773452
 21
-2.864854537236
 31
0.0
  0
LINE
  8
9
  6
CONTINUOUS
 62
9
 10
11.183330773452
 20
-2.864854537236
 30
0.0
 11
11.2652502726171
 21
-2.94993816377199
 31
0.0
  0
LINE
  8
9
  6
CONTINUOUS
 62
9
 10
7.03568601325174
 20
-2.8836725714898
 30
0.0
 11
6.80353951368638
 21
-2.927354537236
 31
0.0
  0
LINE
  8
9
  6
CONTINUOUS
 62
9
 10
6.80353951368638
 20
-2.927354537236
 30
0.0
 11
6.86789800256298
 21
-3.0263899488699
 31
0.0
  0
LINE
  8
9
  6
CONTINUOUS
 62
9
 10
2.60969311877303
 20
-2.89976070945564
 30
0.0
 11
2.38322599643378
 21
-2.9669377434128
 31
0.0
  0
LINE
  8
9
  6
CONTINUOUS
 62
9
 10
2.38322599643378
 20
-2.9669377434128
 30
0.0
 11
2.45058108843895
 21
-3.06396000595574
 31
0.0
  0
LINE
  8
9
  6
CONTINUOUS
 62
9
 10
0.86908956984394
 20
0.405249553136699
 30
0.0
 11
1.10531004184394
 21
0.405249553136699
 31
0.0
  0
LINE
  8
9
  6
CONTINUOUS
 62
9
 10
1.10531004184394
 20
0.405249553136699
 30
0.0
 11
1.10531004184394
 21
0.523359789136699
 31
0.0
  0
LINE
  8
10
  6
CONTINUOUS
 62
10
 10
4.8394471632709
 20
-9.32797156738658
 30
0.0
 11
8.76831254146188
 21
-9.40500424134695
 31
0.0
  0
LINE
  8
10
  6
CONTINUOUS
 62
10
 10
8.98602750851517
 20
-9.40625973612604
 30
0.0
 11
11.260077235486
 21
-11.2997226881049
 31
0.0
  0
LINE
  8
10
  6
CONTINUOUS
 62
10
 10
17.6342093903744
 20
-5.87290189916841
 30
0.0
 11
21.503717454355
 21
-3.0985002942754
 31
0.0
  0
LINE
  8
10
  6
CONTINUOUS
 62
10
 10
21.2686535748936
 20
-3.21660486718295
 30
0.0
 11
11.3873233108588
 21
-2.74574468846501
 31
0.0
  0
LINE
  8
10
  6
CONTINUOUS
 62
10
 10
6.86789800256298
 20
-3.0263899488699
 30
0.0
 11
2.60969311877303
 21
-2.89976070945564
 31
0.0
  0
LINE
  8
10
  6
CONTINUOUS
 62
10
 10
2.45058108843895
 20
-3.06396000595574
 30
0.0
 11
0.86908956984394
 21
0.405249553136699
 31
0.0
  0
ENDSEC
  0
EOF
