  0
SECTION
  2
HEADER
  9
$ACADVER
  1
AC1003
  9
$EXTMIN
 10
1
 20
13.4803123474121
  9
$EXTMAX
 10
26.6298955281576
 20
1
  9
$INSUNITS
 70
1
  9
$INSBASE
 10
13.8149477640788
 20
7.24015617370606
999
Created with OMAX LAYOUT for Windows. (www.omax.com) 18-05-2026
  0
ENDSEC
  0
SECTION
  2
TABLES
  0
TABLE
  2
LAYER
 70
    10
  0
LAYER
  2
0
 70
     0
 62
     7
  6
CONTINUOUS
  0
LAYER
  2
1
 70
     0
 62
     7
  6
CONTINUOUS
  0
LAYER
  2
2
 70
     0
 62
     7
  6
CONTINUOUS
  0
LAYER
  2
3
 70
     0
 62
     7
  6
CONTINUOUS
  0
LAYER
  2
4
 70
     0
 62
     7
  6
CONTINUOUS
  0
LAYER
  2
5
 70
     0
 62
     7
  6
CONTINUOUS
  0
LAYER
  2
6
 70
     0
 62
     7
  6
CONTINUOUS
  0
LAYER
  2
7
 70
     0
 62
     7
  6
CONTINUOUS
  0
LAYER
  2
8
 70
     0
 62
     7
  6
CONTINUOUS
  0
LAYER
  2
9
 70
     0
 62
     7
  6
CONTINUOUS
  0
LAYER
  2
10
 70
     0
 62
     7
  6
CONTINUOUS
  0
LAYER
  2
11
 70
     0
 62
     7
  6
CONTINUOUS
  0
LAYER
  2
12
 70
     0
 62
     7
  6
CONTINUOUS
  0
LAYER
  2
13
 70
     0
 62
     7
  6
CONTINUOUS
  0
LAYER
  2
14
 70
     0
 62
     7
  6
CONTINUOUS
  0
LAYER
  2
15
 70
     0
 62
     7
  6
CONTINUOUS
  0
LAYER
  2
16
 70
     0
 62
     7
  6
CONTINUOUS
  0
LAYER
  2
17
 70
     0
 62
     7
  6
CONTINUOUS
  0
LAYER
  2
18
 70
     0
 62
     7
  6
CONTINUOUS
  0
LAYER
  2
19
 70
     0
 62
     7
  6
CONTINUOUS
  0
LAYER
  2
20
 70
     0
 62
     7
  6
CONTINUOUS
  0
LAYER
  2
21
 70
     0
 62
     7
  6
CONTINUOUS
  0
LAYER
  2
22
 70
     0
 62
     7
  6
CONTINUOUS
  0
LAYER
  2
23
 70
     0
 62
     7
  6
CONTINUOUS
  0
LAYER
  2
24
 70
     0
 62
     7
  6
CONTINUOUS
  0
LAYER
  2
25
 70
     0
 62
     7
  6
CONTINUOUS
  0
LAYER
  2
26
 70
     0
 62
     7
  6
CONTINUOUS
  0
LAYER
  2
27
 70
     0
 62
     7
  6
CONTINUOUS
  0
LAYER
  2
28
 70
     0
 62
     7
  6
CONTINUOUS
  0
LAYER
  2
29
 70
     0
 62
     7
  6
CONTINUOUS
  0
LAYER
  2
30
 70
     0
 62
     7
  6
CONTINUOUS
  0
LAYER
  2
31
 70
     0
 62
     7
  6
CONTINUOUS
  0
ENDTAB
  0
ENDSEC
  0
SECTION
  2
ENTITIES
  0
LINE
  8
0
  6
CONTINUOUS
 62
0
 10
9.56729125976563
 20
9.87874984741213
 30
0.0
 11
9.57010396321614
 21
9.87593777974445
 31
0.0
  0
LINE
  8
0
  6
CONTINUOUS
 62
0
 10
9.57010396321614
 20
9.87593777974445
 30
0.0
 11
9.62072881062827
 21
9.81385421752929
 31
0.0
  0
LINE
  8
0
  6
CONTINUOUS
 62
0
 10
9.62072881062827
 20
9.81385421752929
 30
0.0
 11
9.65770848592122
 21
9.74270820617677
 31
0.0
  0
LINE
  8
0
  6
CONTINUOUS
 62
0
 10
9.65770848592122
 20
9.74270820617677
 30
0.0
 11
9.67947896321614
 21
9.66562525431315
 31
0.0
  0
LINE
  8
0
  6
CONTINUOUS
 62
0
 10
9.67947896321614
 20
9.66562525431315
 30
0.0
 11
9.68520863850913
 21
9.58562469482421
 31
0.0
  0
LINE
  8
0
  6
CONTINUOUS
 62
0
 10
9.68520863850913
 20
9.58562469482421
 30
0.0
 11
9.67468770345051
 21
9.50624974568685
 31
0.0
  0
LINE
  8
0
  6
CONTINUOUS
 62
0
 10
9.67468770345051
 20
9.50624974568685
 30
0.0
 11
9.64822896321614
 21
9.43062527974445
 31
0.0
  0
LINE
  8
0
  6
CONTINUOUS
 62
0
 10
9.64822896321614
 20
9.43062527974445
 30
0.0
 11
9.60708363850913
 21
9.36187489827472
 31
0.0
  0
LINE
  8
0
  6
CONTINUOUS
 62
0
 10
9.60708363850913
 20
9.36187489827472
 30
0.0
 11
9.55281194051106
 21
9.30291684468587
 31
0.0
  0
LINE
  8
0
  6
CONTINUOUS
 62
0
 10
9.55281194051106
 20
9.30291684468587
 30
0.0
 11
9.48770777384441
 21
9.2561461130778
 31
0.0
  0
LINE
  8
0
  6
CONTINUOUS
 62
0
 10
9.48770777384441
 20
9.2561461130778
 30
0.0
 11
9.4145825703939
 21
9.2235418955485
 31
0.0
  0
LINE
  8
0
  6
CONTINUOUS
 62
0
 10
9.4145825703939
 20
9.2235418955485
 30
0.0
 11
9.33625030517579
 21
9.20635414123535
 31
0.0
  0
LINE
  8
0
  6
CONTINUOUS
 62
0
 10
9.33625030517579
 20
9.20635414123535
 30
0.0
 11
9.25614547729492
 21
9.2054163614909
 31
0.0
  0
LINE
  8
0
  6
CONTINUOUS
 62
0
 10
9.25614547729492
 20
9.2054163614909
 30
0.0
 11
9.17749913533527
 21
9.22083346048992
 31
0.0
  0
LINE
  8
0
  6
CONTINUOUS
 62
0
 10
9.17749913533527
 20
9.22083346048992
 30
0.0
 11
9.10354105631512
 21
9.25177065531413
 31
0.0
  0
LINE
  8
0
  6
CONTINUOUS
 62
0
 10
9.10354105631512
 20
9.25177065531413
 30
0.0
 11
9.03739547729492
 21
9.29697926839193
 31
0.0
  0
LINE
  8
0
  6
CONTINUOUS
 62
0
 10
9.03739547729492
 20
9.29697926839193
 30
0.0
 11
9.03374989827476
 21
9.2848955790202
 31
0.0
  0
LINE
  8
0
  6
CONTINUOUS
 62
0
 10
9.03374989827476
 20
9.2848955790202
 30
0.0
 11
9.02968724568685
 21
9.2728125254313
 31
0.0
  0
LINE
  8
0
  6
CONTINUOUS
 62
0
 10
9.02968724568685
 20
9.2728125254313
 30
0.0
 11
9.02520751953126
 21
9.26093737284343
 31
0.0
  0
LINE
  8
0
  6
CONTINUOUS
 62
0
 10
9.02520751953126
 20
9.26093737284343
 30
0.0
 11
9.02052052815756
 21
9.24906222025555
 31
0.0
  0
LINE
  8
0
  6
CONTINUOUS
 62
0
 10
9.02052052815756
 20
9.24906222025555
 30
0.0
 11
9.01531219482421
 21
9.23729197184244
 31
0.0
  0
LINE
  8
0
  6
CONTINUOUS
 62
0
 10
9.01531219482421
 20
9.23729197184244
 30
0.0
 11
9.00979105631512
 21
9.2255210876465
 31
0.0
  0
LINE
  8
0
  6
CONTINUOUS
 62
0
 10
9.00979105631512
 20
9.2255210876465
 30
0.0
 11
9.00385411580406
 21
9.2139581044515
 31
0.0
  0
LINE
  8
0
  6
CONTINUOUS
 62
0
 10
9.00385411580406
 20
9.2139581044515
 30
0.0
 11
8.99750010172528
 21
9.20239575703937
 31
0.0
  0
LINE
  8
0
  6
CONTINUOUS
 62
0
 10
8.99750010172528
 20
9.20239575703937
 30
0.0
 11
8.99072901407878
 21
9.19104194641114
 31
0.0
  0
LINE
  8
0
  6
CONTINUOUS
 62
0
 10
8.99072901407878
 20
9.19104194641114
 30
0.0
 11
8.98343658447268
 21
9.1796875
 31
0.0
  0
LINE
  8
0
  6
CONTINUOUS
 62
0
 10
8.98343658447268
 20
9.1796875
 30
0.0
 11
8.96218744913736
 21
9.15114593505858
 31
0.0
  0
LINE
  8
0
  6
CONTINUOUS
 62
0
 10
8.96218744913736
 20
9.15114593505858
 30
0.0
 11
8.93874994913736
 21
9.12489573160807
 31
0.0
  0
LINE
  8
0
  6
CONTINUOUS
 62
0
 10
8.93874994913736
 20
9.12489573160807
 30
0.0
 11
8.91322835286461
 21
9.1009375254313
 31
0.0
  0
LINE
  8
0
  6
CONTINUOUS
 62
0
 10
8.91322835286461
 20
9.1009375254313
 30
0.0
 11
8.88593673706055
 21
9.07895851135256
 31
0.0
  0
LINE
  8
0
  6
CONTINUOUS
 62
0
 10
8.88593673706055
 20
9.07895851135256
 30
0.0
 11
8.85718663533528
 21
9.05895805358886
 31
0.0
  0
LINE
  8
0
  6
CONTINUOUS
 62
0
 10
8.85718663533528
 20
9.05895805358886
 30
0.0
 11
8.8270835876465
 21
9.04062525431315
 31
0.0
  0
LINE
  8
0
  6
CONTINUOUS
 62
0
 10
8.8270835876465
 20
9.04062525431315
 30
0.0
 11
8.79604085286461
 21
9.0240624745687
 31
0.0
  0
LINE
  8
0
  6
CONTINUOUS
 62
0
 10
8.79604085286461
 20
9.0240624745687
 30
0.0
 11
8.76416651407878
 21
9.00906244913736
 31
0.0
  0
LINE
  8
0
  6
CONTINUOUS
 62
0
 10
8.76416651407878
 20
9.00906244913736
 30
0.0
 11
8.73187510172528
 21
8.99531237284343
 31
0.0
  0
LINE
  8
0
  6
CONTINUOUS
 62
0
 10
8.73187510172528
 20
8.99531237284343
 30
0.0
 11
8.69937515258791
 21
8.98291651407878
 31
0.0
  0
LINE
  8
0
  6
CONTINUOUS
 62
0
 10
8.69937515258791
 20
8.98291651407878
 30
0.0
 11
8.67916615804035
 21
8.9771874745687
 31
0.0
  0
LINE
  8
0
  6
CONTINUOUS
 62
0
 10
8.67916615804035
 20
8.9771874745687
 30
0.0
 11
8.65749994913736
 21
8.9735418955485
 31
0.0
  0
LINE
  8
0
  6
CONTINUOUS
 62
0
 10
8.65749994913736
 20
8.9735418955485
 30
0.0
 11
8.63479105631512
 21
8.97114562988283
 31
0.0
  0
LINE
  8
0
  6
CONTINUOUS
 62
0
 10
8.63479105631512
 20
8.97114562988283
 30
0.0
 11
8.61177062988283
 21
8.96906280517579
 31
0.0
  0
LINE
  8
0
  6
CONTINUOUS
 62
0
 10
8.61177062988283
 20
8.96906280517579
 30
0.0
 11
8.58895746866862
 21
8.96656227111815
 31
0.0
  0
LINE
  8
0
  6
CONTINUOUS
 62
0
 10
8.58895746866862
 20
8.96656227111815
 30
0.0
 11
8.56676991780598
 21
8.96281242370606
 31
0.0
  0
LINE
  8
0
  6
CONTINUOUS
 62
0
 10
8.56676991780598
 20
8.96281242370606
 30
0.0
 11
8.54593658447268
 21
8.95697911580405
 31
0.0
  0
LINE
  8
0
  6
CONTINUOUS
 62
0
 10
8.54593658447268
 20
8.95697911580405
 30
0.0
 11
8.52677027384441
 21
8.94822947184244
 31
0.0
  0
LINE
  8
0
  6
CONTINUOUS
 62
0
 10
8.52677027384441
 20
8.94822947184244
 30
0.0
 11
8.51010386149091
 21
8.93572934468587
 31
0.0
  0
LINE
  8
0
  6
CONTINUOUS
 62
0
 10
8.51010386149091
 20
8.93572934468587
 30
0.0
 11
8.49635442097984
 21
8.91854159037272
 31
0.0
  0
LINE
  8
0
  6
CONTINUOUS
 62
0
 10
8.49635442097984
 20
8.91854159037272
 30
0.0
 11
8.48343658447268
 21
8.88322893778484
 31
0.0
  0
LINE
  8
0
  6
CONTINUOUS
 62
0
 10
8.48343658447268
 20
8.88322893778484
 30
0.0
 11
8.48270797729492
 21
8.84333356221516
 31
0.0
  0
LINE
  8
0
  6
CONTINUOUS
 62
0
 10
8.48270797729492
 20
8.84333356221516
 30
0.0
 11
8.49177042643228
 21
8.80031267801921
 31
0.0
  0
LINE
  8
0
  6
CONTINUOUS
 62
0
 10
8.49177042643228
 20
8.80031267801921
 30
0.0
 11
8.5083325703939
 21
8.75604184468587
 31
0.0
  0
LINE
  8
0
  6
CONTINUOUS
 62
0
 10
8.5083325703939
 20
8.75604184468587
 30
0.0
 11
8.52979151407878
 21
8.71218744913736
 31
0.0
  0
LINE
  8
0
  6
CONTINUOUS
 62
0
 10
8.52979151407878
 20
8.71218744913736
 30
0.0
 11
8.55374908447268
 21
8.67052078247071
 31
0.0
  0
LINE
  8
0
  6
CONTINUOUS
 62
0
 10
8.55374908447268
 20
8.67052078247071
 30
0.0
 11
8.57781219482421
 21
8.63270823160807
 31
0.0
  0
LINE
  8
0
  6
CONTINUOUS
 62
0
 10
8.57781219482421
 20
8.63270823160807
 30
0.0
 11
8.5994784037272
 21
8.60031255086264
 31
0.0
  0
LINE
  8
0
  6
CONTINUOUS
 62
0
 10
8.5994784037272
 20
8.60031255086264
 30
0.0
 11
8.61624908447268
 21
8.57531229654949
 31
0.0
  0
LINE
  8
0
  6
CONTINUOUS
 62
0
 10
8.61624908447268
 20
8.57531229654949
 30
0.0
 11
8.62583287556965
 21
8.55916659037272
 31
0.0
  0
LINE
  8
0
  6
CONTINUOUS
 62
0
 10
8.62583287556965
 20
8.55916659037272
 30
0.0
 11
8.64864603678386
 21
8.48906262715657
 31
0.0
  0
LINE
  8
0
  6
CONTINUOUS
 62
0
 10
8.64864603678386
 20
8.48906262715657
 30
0.0
 11
8.65041605631512
 21
8.42510414123535
 31
0.0
  0
LINE
  8
0
  6
CONTINUOUS
 62
0
 10
8.65041605631512
 20
8.42510414123535
 30
0.0
 11
8.63437525431315
 21
8.3671875
 31
0.0
  0
LINE
  8
0
  6
CONTINUOUS
 62
0
 10
8.63437525431315
 20
8.3671875
 30
0.0
 11
8.6038538614909
 21
8.31499989827472
 31
0.0
  0
LINE
  8
0
  6
CONTINUOUS
 62
0
 10
8.6038538614909
 20
8.31499989827472
 30
0.0
 11
8.56197865804035
 21
8.26854197184244
 31
0.0
  0
LINE
  8
0
  6
CONTINUOUS
 62
0
 10
8.56197865804035
 20
8.26854197184244
 30
0.0
 11
8.51208241780598
 21
8.22750027974445
 31
0.0
  0
LINE
  8
0
  6
CONTINUOUS
 62
0
 10
8.51208241780598
 20
8.22750027974445
 30
0.0
 11
8.45718765258791
 21
8.19177055358886
 31
0.0
  0
LINE
  8
0
  6
CONTINUOUS
 62
0
 10
8.45718765258791
 20
8.19177055358886
 30
0.0
 11
8.40062459309898
 21
8.1610418955485
 31
0.0
  0
LINE
  8
0
  6
CONTINUOUS
 62
0
 10
8.40062459309898
 20
8.1610418955485
 30
0.0
 11
8.34562428792319
 21
8.13531239827472
 31
0.0
  0
LINE
  8
0
  6
CONTINUOUS
 62
0
 10
8.34562428792319
 20
8.13531239827472
 30
0.0
 11
8.29531224568685
 21
8.11427052815756
 31
0.0
  0
LINE
  8
0
  6
CONTINUOUS
 62
0
 10
8.29531224568685
 20
8.11427052815756
 30
0.0
 11
7.70624923706055
 21
8.11427052815756
 31
0.0
  0
LINE
  8
0
  6
CONTINUOUS
 62
0
 10
7.70624923706055
 20
8.11427052815756
 30
0.0
 11
7.65593719482421
 21
8.13531239827472
 31
0.0
  0
LINE
  8
0
  6
CONTINUOUS
 62
0
 10
7.65593719482421
 20
8.13531239827472
 30
0.0
 11
7.60093688964843
 21
8.1610418955485
 31
0.0
  0
LINE
  8
0
  6
CONTINUOUS
 62
0
 10
7.60093688964843
 20
8.1610418955485
 30
0.0
 11
7.54437510172528
 21
8.19177055358886
 31
0.0
  0
LINE
  8
0
  6
CONTINUOUS
 62
0
 10
7.54437510172528
 20
8.19177055358886
 30
0.0
 11
7.48947906494142
 21
8.22750027974445
 31
0.0
  0
LINE
  8
0
  6
CONTINUOUS
 62
0
 10
7.48947906494142
 20
8.22750027974445
 30
0.0
 11
7.43958282470705
 21
8.26854197184244
 31
0.0
  0
LINE
  8
0
  6
CONTINUOUS
 62
0
 10
7.43958282470705
 20
8.26854197184244
 30
0.0
 11
7.39770762125654
 21
8.31499989827472
 31
0.0
  0
LINE
  8
0
  6
CONTINUOUS
 62
0
 10
7.39770762125654
 20
8.31499989827472
 30
0.0
 11
7.3671875
 21
8.3671875
 31
0.0
  0
LINE
  8
0
  6
CONTINUOUS
 62
0
 10
7.3671875
 20
8.3671875
 30
0.0
 11
7.35114542643228
 21
8.42510414123535
 31
0.0
  0
LINE
  8
0
  6
CONTINUOUS
 62
0
 10
7.35114542643228
 20
8.42510414123535
 30
0.0
 11
7.35291671752929
 21
8.48906262715657
 31
0.0
  0
LINE
  8
0
  6
CONTINUOUS
 62
0
 10
7.35291671752929
 20
8.48906262715657
 30
0.0
 11
7.37572860717776
 21
8.55916659037272
 31
0.0
  0
LINE
  8
0
  6
CONTINUOUS
 62
0
 10
7.37572860717776
 20
8.55916659037272
 30
0.0
 11
7.38531239827476
 21
8.57531229654949
 31
0.0
  0
LINE
  8
0
  6
CONTINUOUS
 62
0
 10
7.38531239827476
 20
8.57531229654949
 30
0.0
 11
7.40218734741213
 21
8.60031255086264
 31
0.0
  0
LINE
  8
0
  6
CONTINUOUS
 62
0
 10
7.40218734741213
 20
8.60031255086264
 30
0.0
 11
7.42374928792319
 21
8.63270823160807
 31
0.0
  0
LINE
  8
0
  6
CONTINUOUS
 62
0
 10
7.42374928792319
 20
8.63270823160807
 30
0.0
 11
7.44781239827476
 21
8.67052078247071
 31
0.0
  0
LINE
  8
0
  6
CONTINUOUS
 62
0
 10
7.44781239827476
 20
8.67052078247071
 30
0.0
 11
7.47176996866862
 21
8.71218744913736
 31
0.0
  0
LINE
  8
0
  6
CONTINUOUS
 62
0
 10
7.47176996866862
 20
8.71218744913736
 30
0.0
 11
7.4932289123535
 21
8.75604184468587
 31
0.0
  0
LINE
  8
0
  6
CONTINUOUS
 62
0
 10
7.4932289123535
 20
8.75604184468587
 30
0.0
 11
7.50979105631512
 21
8.80031267801921
 31
0.0
  0
LINE
  8
0
  6
CONTINUOUS
 62
0
 10
7.50979105631512
 20
8.80031267801921
 30
0.0
 11
7.51885350545248
 21
8.84333356221516
 31
0.0
  0
LINE
  8
0
  6
CONTINUOUS
 62
0
 10
7.51885350545248
 20
8.84333356221516
 30
0.0
 11
7.51822916666665
 21
8.88322893778484
 31
0.0
  0
LINE
  8
0
  6
CONTINUOUS
 62
0
 10
7.51822916666665
 20
8.88322893778484
 30
0.0
 11
7.50520833333335
 21
8.91854159037272
 31
0.0
  0
LINE
  8
0
  6
CONTINUOUS
 62
0
 10
7.50520833333335
 20
8.91854159037272
 30
0.0
 11
7.4914576212565
 21
8.93572934468587
 31
0.0
  0
LINE
  8
0
  6
CONTINUOUS
 62
0
 10
7.4914576212565
 20
8.93572934468587
 30
0.0
 11
7.47479120890299
 21
8.94822947184244
 31
0.0
  0
LINE
  8
0
  6
CONTINUOUS
 62
0
 10
7.47479120890299
 20
8.94822947184244
 30
0.0
 11
7.45572916666665
 21
8.95697911580405
 31
0.0
  0
LINE
  8
0
  6
CONTINUOUS
 62
0
 10
7.45572916666665
 20
8.95697911580405
 30
0.0
 11
7.43479156494142
 21
8.96281242370606
 31
0.0
  0
LINE
  8
0
  6
CONTINUOUS
 62
0
 10
7.43479156494142
 20
8.96281242370606
 30
0.0
 11
7.41260401407878
 21
8.96656227111815
 31
0.0
  0
LINE
  8
0
  6
CONTINUOUS
 62
0
 10
7.41260401407878
 20
8.96656227111815
 30
0.0
 11
7.38979085286457
 21
8.96906280517579
 31
0.0
  0
LINE
  8
0
  6
CONTINUOUS
 62
0
 10
7.38979085286457
 20
8.96906280517579
 30
0.0
 11
7.36677042643228
 21
8.97114562988279
 31
0.0
  0
LINE
  8
0
  6
CONTINUOUS
 62
0
 10
7.36677042643228
 20
8.97114562988279
 30
0.0
 11
7.34406280517579
 21
8.9735418955485
 31
0.0
  0
LINE
  8
0
  6
CONTINUOUS
 62
0
 10
7.34406280517579
 20
8.9735418955485
 30
0.0
 11
7.32239532470705
 21
8.9771874745687
 31
0.0
  0
LINE
  8
0
  6
CONTINUOUS
 62
0
 10
7.32239532470705
 20
8.9771874745687
 30
0.0
 11
7.30218760172528
 21
8.98291651407878
 31
0.0
  0
LINE
  8
0
  6
CONTINUOUS
 62
0
 10
7.30218760172528
 20
8.98291651407878
 30
0.0
 11
7.26968765258791
 21
8.99531237284343
 31
0.0
  0
LINE
  8
0
  6
CONTINUOUS
 62
0
 10
7.26968765258791
 20
8.99531237284343
 30
0.0
 11
7.23739496866862
 21
9.00906244913736
 31
0.0
  0
LINE
  8
0
  6
CONTINUOUS
 62
0
 10
7.23739496866862
 20
9.00906244913736
 30
0.0
 11
7.20552062988283
 21
9.0240624745687
 31
0.0
  0
LINE
  8
0
  6
CONTINUOUS
 62
0
 10
7.20552062988283
 20
9.0240624745687
 30
0.0
 11
7.17447916666665
 21
9.04062525431315
 31
0.0
  0
LINE
  8
0
  6
CONTINUOUS
 62
0
 10
7.17447916666665
 20
9.04062525431315
 30
0.0
 11
7.14437484741213
 21
9.05895805358886
 31
0.0
  0
LINE
  8
0
  6
CONTINUOUS
 62
0
 10
7.14437484741213
 20
9.05895805358886
 30
0.0
 11
7.11562474568685
 21
9.07895851135256
 31
0.0
  0
LINE
  8
0
  6
CONTINUOUS
 62
0
 10
7.11562474568685
 20
9.07895851135256
 30
0.0
 11
7.08833312988283
 21
9.1009375254313
 31
0.0
  0
LINE
  8
0
  6
CONTINUOUS
 62
0
 10
7.08833312988283
 20
9.1009375254313
 30
0.0
 11
7.06281280517579
 21
9.12489573160807
 31
0.0
  0
LINE
  8
0
  6
CONTINUOUS
 62
0
 10
7.06281280517579
 20
9.12489573160807
 30
0.0
 11
7.03937530517579
 21
9.15114593505858
 31
0.0
  0
LINE
  8
0
  6
CONTINUOUS
 62
0
 10
7.03937530517579
 20
9.15114593505858
 30
0.0
 11
7.01812489827472
 21
9.1796875
 31
0.0
  0
LINE
  8
0
  6
CONTINUOUS
 62
0
 10
7.01812489827472
 20
9.1796875
 30
0.0
 11
7.00406265258787
 21
9.2025000254313
 31
0.0
  0
LINE
  8
0
  6
CONTINUOUS
 62
0
 10
7.00406265258787
 20
9.2025000254313
 30
0.0
 11
6.99166615804036
 21
9.22562472025555
 31
0.0
  0
LINE
  8
0
  6
CONTINUOUS
 62
0
 10
6.99166615804036
 20
9.22562472025555
 30
0.0
 11
6.98104095458984
 21
9.24906222025555
 31
0.0
  0
LINE
  8
0
  6
CONTINUOUS
 62
0
 10
6.98104095458984
 20
9.24906222025555
 30
0.0
 11
6.97187423706055
 21
9.27291679382323
 31
0.0
  0
LINE
  8
0
  6
CONTINUOUS
 62
0
 10
6.97187423706055
 20
9.27291679382323
 30
0.0
 11
6.96406173706055
 21
9.29718780517579
 31
0.0
  0
LINE
  8
0
  6
CONTINUOUS
 62
0
 10
6.96406173706055
 20
9.29718780517579
 30
0.0
 11
6.95749918619791
 21
9.32156244913736
 31
0.0
  0
LINE
  8
0
  6
CONTINUOUS
 62
0
 10
6.95749918619791
 20
9.32156244913736
 30
0.0
 11
6.9520835876465
 21
9.34635416666665
 31
0.0
  0
LINE
  8
0
  6
CONTINUOUS
 62
0
 10
6.9520835876465
 20
9.34635416666665
 30
0.0
 11
6.94760386149091
 21
9.3713544209798
 31
0.0
  0
LINE
  8
0
  6
CONTINUOUS
 62
0
 10
6.94760386149091
 20
9.3713544209798
 30
0.0
 11
6.94395828247071
 21
9.39645830790201
 31
0.0
  0
LINE
  8
0
  6
CONTINUOUS
 62
0
 10
6.94395828247071
 20
9.39645830790201
 30
0.0
 11
6.94093704223634
 21
9.421875
 31
0.0
  0
LINE
  8
0
  6
CONTINUOUS
 62
0
 10
6.94093704223634
 20
9.421875
 30
0.0
 11
6.87020746866862
 21
9.38687515258787
 31
0.0
  0
LINE
  8
0
  6
CONTINUOUS
 62
0
 10
6.87020746866862
 20
9.38687515258787
 30
0.0
 11
6.79385375976563
 21
9.36666679382323
 31
0.0
  0
LINE
  8
0
  6
CONTINUOUS
 62
0
 10
6.79385375976563
 20
9.36666679382323
 30
0.0
 11
6.71500015258791
 21
9.36208343505858
 31
0.0
  0
LINE
  8
0
  6
CONTINUOUS
 62
0
 10
6.71500015258791
 20
9.36208343505858
 30
0.0
 11
6.63687515258791
 21
9.37343724568685
 31
0.0
  0
LINE
  8
0
  6
CONTINUOUS
 62
0
 10
6.63687515258791
 20
9.37343724568685
 30
0.0
 11
6.56260426839193
 21
9.40000025431315
 31
0.0
  0
LINE
  8
0
  6
CONTINUOUS
 62
0
 10
6.56260426839193
 20
9.40000025431315
 30
0.0
 11
6.49500020345051
 21
9.44093767801921
 31
0.0
  0
LINE
  8
0
  6
CONTINUOUS
 62
0
 10
6.49500020345051
 20
9.44093767801921
 30
0.0
 11
6.43708292643229
 21
9.49458312988279
 31
0.0
  0
LINE
  8
0
  6
CONTINUOUS
 62
0
 10
6.43708292643229
 20
9.49458312988279
 30
0.0
 11
6.39093780517579
 21
9.55864588419598
 31
0.0
  0
LINE
  8
0
  6
CONTINUOUS
 62
0
 10
6.39093780517579
 20
9.55864588419598
 30
0.0
 11
6.35854085286461
 21
9.63062477111815
 31
0.0
  0
LINE
  8
0
  6
CONTINUOUS
 62
0
 10
6.35854085286461
 20
9.63062477111815
 30
0.0
 11
6.34114583333335
 21
9.70760409037272
 31
0.0
  0
LINE
  8
0
  6
CONTINUOUS
 62
0
 10
6.34114583333335
 20
9.70760409037272
 30
0.0
 11
6.33947881062827
 21
9.78656260172528
 31
0.0
  0
LINE
  8
0
  6
CONTINUOUS
 62
0
 10
6.33947881062827
 20
9.78656260172528
 30
0.0
 11
6.35354105631512
 21
9.86427052815756
 31
0.0
  0
LINE
  8
0
  6
CONTINUOUS
 62
0
 10
6.35354105631512
 20
9.86427052815756
 30
0.0
 11
6.3828125
 21
9.93760426839193
 31
0.0
  0
LINE
  8
0
  6
CONTINUOUS
 62
0
 10
6.3828125
 20
9.93760426839193
 30
0.0
 11
6.42624918619792
 21
10.0035419464111
 31
0.0
  0
LINE
  8
0
  6
CONTINUOUS
 62
0
 10
6.42624918619792
 20
10.0035419464111
 30
0.0
 11
6.48187510172528
 21
10.0595830281576
 31
0.0
  0
LINE
  8
0
  6
CONTINUOUS
 62
0
 10
6.48187510172528
 20
10.0595830281576
 30
0.0
 11
6.54760360717776
 21
10.1033331553141
 31
0.0
  0
LINE
  8
0
  6
CONTINUOUS
 62
0
 10
6.54760360717776
 20
10.1033331553141
 30
0.0
 11
6.62072881062827
 21
10.1331253051758
 31
0.0
  0
LINE
  8
0
  6
CONTINUOUS
 62
0
 10
6.62072881062827
 20
10.1331253051758
 30
0.0
 11
6.69822947184244
 21
10.1477082570394
 31
0.0
  0
LINE
  8
0
  6
CONTINUOUS
 62
0
 10
6.69822947184244
 20
10.1477082570394
 30
0.0
 11
6.65260442097984
 21
10.2179164886475
 31
0.0
  0
LINE
  8
0
  6
CONTINUOUS
 62
0
 10
6.65260442097984
 20
10.2179164886475
 30
0.0
 11
6.60614522298177
 21
10.2876040140788
 31
0.0
  0
LINE
  8
0
  6
CONTINUOUS
 62
0
 10
6.60614522298177
 20
10.2876040140788
 30
0.0
 11
6.5593744913737
 21
10.3570836385091
 31
0.0
  0
LINE
  8
0
  6
CONTINUOUS
 62
0
 10
6.5593744913737
 20
10.3570836385091
 30
0.0
 11
6.51302083333335
 21
10.4267705281576
 31
0.0
  0
LINE
  8
0
  6
CONTINUOUS
 62
0
 10
6.51302083333335
 20
10.4267705281576
 30
0.0
 11
6.46739578247071
 21
10.4971872965495
 31
0.0
  0
LINE
  8
0
  6
CONTINUOUS
 62
0
 10
6.46739578247071
 20
10.4971872965495
 30
0.0
 11
6.42322921752929
 21
10.5685418446859
 31
0.0
  0
LINE
  8
0
  6
CONTINUOUS
 62
0
 10
6.42322921752929
 20
10.5685418446859
 30
0.0
 11
6.38104120890299
 21
10.6412499745687
 31
0.0
  0
LINE
  8
0
  6
CONTINUOUS
 62
0
 10
6.38104120890299
 20
10.6412499745687
 30
0.0
 11
6.34145863850913
 21
10.7157293955485
 31
0.0
  0
LINE
  8
0
  6
CONTINUOUS
 62
0
 10
6.34145863850913
 20
10.7157293955485
 30
0.0
 11
6.30489603678386
 21
10.7923959096273
 31
0.0
  0
LINE
  8
0
  6
CONTINUOUS
 62
0
 10
6.30489603678386
 20
10.7923959096273
 30
0.0
 11
6.27208328247071
 21
10.8715623219808
 31
0.0
  0
LINE
  8
0
  6
CONTINUOUS
 62
0
 10
6.27208328247071
 20
10.8715623219808
 30
0.0
 11
6.24281183878583
 21
10.9540627797445
 31
0.0
  0
LINE
  8
0
  6
CONTINUOUS
 62
0
 10
6.24281183878583
 20
10.9540627797445
 30
0.0
 11
6.21833292643228
 21
11.0357290903727
 31
0.0
  0
LINE
  8
0
  6
CONTINUOUS
 62
0
 10
6.21833292643228
 20
11.0357290903727
 30
0.0
 11
6.19843673706055
 21
11.1166667938232
 31
0.0
  0
LINE
  8
0
  6
CONTINUOUS
 62
0
 10
6.19843673706055
 20
11.1166667938232
 30
0.0
 11
6.18260447184244
 21
11.1970831553141
 31
0.0
  0
LINE
  8
0
  6
CONTINUOUS
 62
0
 10
6.18260447184244
 20
11.1970831553141
 30
0.0
 11
6.17041651407878
 21
11.2772916158041
 31
0.0
  0
LINE
  8
0
  6
CONTINUOUS
 62
0
 10
6.17041651407878
 20
11.2772916158041
 30
0.0
 11
6.16156260172528
 21
11.3575000762939
 31
0.0
  0
LINE
  8
0
  6
CONTINUOUS
 62
0
 10
6.16156260172528
 20
11.3575000762939
 30
0.0
 11
6.15572865804035
 21
11.4380207061768
 31
0.0
  0
LINE
  8
0
  6
CONTINUOUS
 62
0
 10
6.15572865804035
 20
11.4380207061768
 30
0.0
 11
6.15239588419599
 21
11.5188541412354
 31
0.0
  0
LINE
  8
0
  6
CONTINUOUS
 62
0
 10
6.15239588419599
 20
11.5188541412354
 30
0.0
 11
6.15135447184244
 21
11.6005210876465
 31
0.0
  0
LINE
  8
0
  6
CONTINUOUS
 62
0
 10
6.15135447184244
 20
11.6005210876465
 30
0.0
 11
6.15197881062827
 21
11.6831245422363
 31
0.0
  0
LINE
  8
0
  6
CONTINUOUS
 62
0
 10
6.15197881062827
 20
11.6831245422363
 30
0.0
 11
6.15406163533527
 21
11.7668749491374
 31
0.0
  0
LINE
  8
0
  6
CONTINUOUS
 62
0
 10
6.15406163533527
 20
11.7668749491374
 30
0.0
 11
6.1572914123535
 21
11.8519795735677
 31
0.0
  0
LINE
  8
0
  6
CONTINUOUS
 62
0
 10
6.1572914123535
 20
11.8519795735677
 30
0.0
 11
6.15843709309897
 21
11.9032287597656
 31
0.0
  0
LINE
  8
0
  6
CONTINUOUS
 62
0
 10
6.15843709309897
 20
11.9032287597656
 30
0.0
 11
6.15812428792319
 21
11.9545834859212
 31
0.0
  0
LINE
  8
0
  6
CONTINUOUS
 62
0
 10
6.15812428792319
 20
11.9545834859212
 30
0.0
 11
6.15666580200197
 21
12.0059369405111
 31
0.0
  0
LINE
  8
0
  6
CONTINUOUS
 62
0
 10
6.15666580200197
 20
12.0059369405111
 30
0.0
 11
6.15468724568685
 21
12.0573959350586
 31
0.0
  0
LINE
  8
0
  6
CONTINUOUS
 62
0
 10
6.15468724568685
 20
12.0573959350586
 30
0.0
 11
6.15250015258787
 21
12.1087493896484
 31
0.0
  0
LINE
  8
0
  6
CONTINUOUS
 62
0
 10
6.15250015258787
 20
12.1087493896484
 30
0.0
 11
6.15083312988283
 21
12.1601041158041
 31
0.0
  0
LINE
  8
0
  6
CONTINUOUS
 62
0
 10
6.15083312988283
 20
12.1601041158041
 30
0.0
 11
6.14989598592122
 21
12.2113545735677
 31
0.0
  0
LINE
  8
0
  6
CONTINUOUS
 62
0
 10
6.14989598592122
 20
12.2113545735677
 30
0.0
 11
6.15041605631512
 21
12.2626037597656
 31
0.0
  0
LINE
  8
0
  6
CONTINUOUS
 62
0
 10
6.15041605631512
 20
12.2626037597656
 30
0.0
 11
6.15270741780599
 21
12.3137499491374
 31
0.0
  0
LINE
  8
0
  6
CONTINUOUS
 62
0
 10
6.15270741780599
 20
12.3137499491374
 30
0.0
 11
6.1572914123535
 21
12.3647918701172
 31
0.0
  0
LINE
  8
0
  6
CONTINUOUS
 62
0
 10
6.1572914123535
 20
12.3647918701172
 30
0.0
 11
6.17395782470705
 21
12.4381256103516
 31
0.0
  0
LINE
  8
0
  6
CONTINUOUS
 62
0
 10
6.17395782470705
 20
12.4381256103516
 30
0.0
 11
6.20520782470705
 21
12.5063540140788
 31
0.0
  0
LINE
  8
0
  6
CONTINUOUS
 62
0
 10
6.20520782470705
 20
12.5063540140788
 30
0.0
 11
6.24885431925457
 21
12.568125406901
 31
0.0
  0
LINE
  8
0
  6
CONTINUOUS
 62
0
 10
6.24885431925457
 20
12.568125406901
 30
0.0
 11
6.30281194051106
 21
12.6227086385091
 31
0.0
  0
LINE
  8
0
  6
CONTINUOUS
 62
0
 10
6.30281194051106
 20
12.6227086385091
 30
0.0
 11
6.36499913533528
 21
12.6688537597656
 31
0.0
  0
LINE
  8
0
  6
CONTINUOUS
 62
0
 10
6.36499913533528
 20
12.6688537597656
 30
0.0
 11
6.43343734741213
 21
12.7057291666667
 31
0.0
  0
LINE
  8
0
  6
CONTINUOUS
 62
0
 10
6.43343734741213
 20
12.7057291666667
 30
0.0
 11
6.50593694051106
 21
12.7321879069011
 31
0.0
  0
LINE
  8
0
  6
CONTINUOUS
 62
0
 10
6.50593694051106
 20
12.7321879069011
 30
0.0
 11
6.58062489827473
 21
12.7470830281576
 31
0.0
  0
LINE
  8
0
  6
CONTINUOUS
 62
0
 10
6.58062489827473
 20
12.7470830281576
 30
0.0
 11
6.6552085876465
 21
12.7495829264323
 31
0.0
  0
LINE
  8
0
  6
CONTINUOUS
 62
0
 10
6.6552085876465
 20
12.7495829264323
 30
0.0
 11
6.72770818074543
 21
12.7386461893717
 31
0.0
  0
LINE
  8
0
  6
CONTINUOUS
 62
0
 10
6.72770818074543
 20
12.7386461893717
 30
0.0
 11
6.80645751953126
 21
12.7121874491374
 31
0.0
  0
LINE
  8
0
  6
CONTINUOUS
 62
0
 10
6.80645751953126
 20
12.7121874491374
 30
0.0
 11
6.87447865804036
 21
12.6765619913737
 31
0.0
  0
LINE
  8
0
  6
CONTINUOUS
 62
0
 10
6.87447865804036
 20
12.6765619913737
 30
0.0
 11
6.93239593505858
 21
12.6323954264323
 31
0.0
  0
LINE
  8
0
  6
CONTINUOUS
 62
0
 10
6.93239593505858
 20
12.6323954264323
 30
0.0
 11
6.98114522298177
 21
12.5805206298828
 31
0.0
  0
LINE
  8
0
  6
CONTINUOUS
 62
0
 10
6.98114522298177
 20
12.5805206298828
 30
0.0
 11
7.02135340372721
 21
12.521666208903
 31
0.0
  0
LINE
  8
0
  6
CONTINUOUS
 62
0
 10
7.02135340372721
 20
12.521666208903
 30
0.0
 11
7.05395762125654
 21
12.4564577738444
 31
0.0
  0
LINE
  8
0
  6
CONTINUOUS
 62
0
 10
7.05395762125654
 20
12.4564577738444
 30
0.0
 11
7.07958348592122
 21
12.3857294718424
 31
0.0
  0
LINE
  8
0
  6
CONTINUOUS
 62
0
 10
7.07958348592122
 20
12.3857294718424
 30
0.0
 11
7.09916687011721
 21
12.3102086385091
 31
0.0
  0
LINE
  8
0
  6
CONTINUOUS
 62
0
 10
7.09916687011721
 20
12.3102086385091
 30
0.0
 11
7.11333338419599
 21
12.2306251525879
 31
0.0
  0
LINE
  8
0
  6
CONTINUOUS
 62
0
 10
7.11333338419599
 20
12.2306251525879
 30
0.0
 11
7.1229159037272
 21
12.1477088928223
 31
0.0
  0
LINE
  8
0
  6
CONTINUOUS
 62
0
 10
7.1229159037272
 20
12.1477088928223
 30
0.0
 11
7.12874984741213
 21
12.0622914632161
 31
0.0
  0
LINE
  8
0
  6
CONTINUOUS
 62
0
 10
7.12874984741213
 20
12.0622914632161
 30
0.0
 11
7.13156255086264
 21
11.9749997456869
 31
0.0
  0
LINE
  8
0
  6
CONTINUOUS
 62
0
 10
7.13156255086264
 20
11.9749997456869
 30
0.0
 11
7.13218688964843
 21
11.8866666158041
 31
0.0
  0
LINE
  8
0
  6
CONTINUOUS
 62
0
 10
7.13218688964843
 20
11.8866666158041
 30
0.0
 11
7.13135401407878
 21
11.7980206807454
 31
0.0
  0
LINE
  8
0
  6
CONTINUOUS
 62
0
 10
7.13135401407878
 20
11.7980206807454
 30
0.0
 11
7.12979125976563
 21
11.7096875508626
 31
0.0
  0
LINE
  8
0
  6
CONTINUOUS
 62
0
 10
7.12979125976563
 20
11.7096875508626
 30
0.0
 11
7.12833277384441
 21
11.6226043701172
 31
0.0
  0
LINE
  8
0
  6
CONTINUOUS
 62
0
 10
7.12833277384441
 20
11.6226043701172
 30
0.0
 11
7.12781270345051
 21
11.5372918446859
 31
0.0
  0
LINE
  8
0
  6
CONTINUOUS
 62
0
 10
7.12781270345051
 20
11.5372918446859
 30
0.0
 11
7.12895838419599
 21
11.4546877543132
 31
0.0
  0
LINE
  8
0
  6
CONTINUOUS
 62
0
 10
7.12895838419599
 20
11.4546877543132
 30
0.0
 11
7.13249969482421
 21
11.3754164377848
 31
0.0
  0
LINE
  8
0
  6
CONTINUOUS
 62
0
 10
7.13249969482421
 20
11.3754164377848
 30
0.0
 11
7.13927078247071
 21
11.3002084096273
 31
0.0
  0
LINE
  8
0
  6
CONTINUOUS
 62
0
 10
7.13927078247071
 20
11.3002084096273
 30
0.0
 11
7.15000025431315
 21
11.2298959096273
 31
0.0
  0
LINE
  8
0
  6
CONTINUOUS
 62
0
 10
7.15000025431315
 20
11.2298959096273
 30
0.0
 11
7.16562525431315
 21
11.1651039123535
 31
0.0
  0
LINE
  8
0
  6
CONTINUOUS
 62
0
 10
7.16562525431315
 20
11.1651039123535
 30
0.0
 11
7.17395782470705
 21
11.1448955535889
 31
0.0
  0
LINE
  8
0
  6
CONTINUOUS
 62
0
 10
7.17395782470705
 20
11.1448955535889
 30
0.0
 11
7.18687438964843
 21
11.1235415140788
 31
0.0
  0
LINE
  8
0
  6
CONTINUOUS
 62
0
 10
7.18687438964843
 20
11.1235415140788
 30
0.0
 11
7.203125
 21
11.1016667683919
 31
0.0
  0
LINE
  8
0
  6
CONTINUOUS
 62
0
 10
7.203125
 20
11.1016667683919
 30
0.0
 11
7.22156270345051
 21
11.0798956553141
 31
0.0
  0
LINE
  8
0
  6
CONTINUOUS
 62
0
 10
7.22156270345051
 20
11.0798956553141
 30
0.0
 11
7.24093755086264
 21
11.0588544209798
 31
0.0
  0
LINE
  8
0
  6
CONTINUOUS
 62
0
 10
7.24093755086264
 20
11.0588544209798
 30
0.0
 11
7.26010386149091
 21
11.0392710367839
 31
0.0
  0
LINE
  8
0
  6
CONTINUOUS
 62
0
 10
7.26010386149091
 20
11.0392710367839
 30
0.0
 11
7.27802022298177
 21
11.0215625762939
 31
0.0
  0
LINE
  8
0
  6
CONTINUOUS
 62
0
 10
7.27802022298177
 20
11.0215625762939
 30
0.0
 11
7.29333241780598
 21
11.0065625508626
 31
0.0
  0
LINE
  8
0
  6
CONTINUOUS
 62
0
 10
7.29333241780598
 20
11.0065625508626
 30
0.0
 11
7.30500030517579
 21
10.9947916666667
 31
0.0
  0
LINE
  8
0
  6
CONTINUOUS
 62
0
 10
7.30500030517579
 20
10.9947916666667
 30
0.0
 11
7.31177012125654
 21
10.9868748982747
 31
0.0
  0
LINE
  8
0
  6
CONTINUOUS
 62
0
 10
7.31177012125654
 20
10.9868748982747
 30
0.0
 11
7.35395812988283
 21
10.9249998728434
 31
0.0
  0
LINE
  8
0
  6
CONTINUOUS
 62
0
 10
7.35395812988283
 20
10.9249998728434
 30
0.0
 11
7.39708328247071
 21
10.8615627288819
 31
0.0
  0
LINE
  8
0
  6
CONTINUOUS
 62
0
 10
7.39708328247071
 20
10.8615627288819
 30
0.0
 11
7.44072850545248
 21
10.796875
 31
0.0
  0
LINE
  8
0
  6
CONTINUOUS
 62
0
 10
7.44072850545248
 20
10.796875
 30
0.0
 11
7.48468780517579
 21
10.7312501271566
 31
0.0
  0
LINE
  8
0
  6
CONTINUOUS
 62
0
 10
7.48468780517579
 20
10.7312501271566
 30
0.0
 11
7.52864583333335
 21
10.6650002797444
 31
0.0
  0
LINE
  8
0
  6
CONTINUOUS
 62
0
 10
7.52864583333335
 20
10.6650002797444
 30
0.0
 11
7.57218678792319
 21
10.5984376271566
 31
0.0
  0
LINE
  8
0
  6
CONTINUOUS
 62
0
 10
7.57218678792319
 20
10.5984376271566
 30
0.0
 11
7.61499913533528
 21
10.5319792429606
 31
0.0
  0
LINE
  8
0
  6
CONTINUOUS
 62
0
 10
7.61499913533528
 20
10.5319792429606
 30
0.0
 11
7.65687433878583
 21
10.4658330281576
 31
0.0
  0
LINE
  8
0
  6
CONTINUOUS
 62
0
 10
7.65687433878583
 20
10.4658330281576
 30
0.0
 11
7.69749959309898
 21
10.4003124237061
 31
0.0
  0
LINE
  8
0
  6
CONTINUOUS
 62
0
 10
7.69749959309898
 20
10.4003124237061
 30
0.0
 11
7.73645782470705
 21
10.3358332316081
 31
0.0
  0
LINE
  8
0
  6
CONTINUOUS
 62
0
 10
7.73645782470705
 20
10.3358332316081
 30
0.0
 11
7.76749928792319
 21
10.2786458333333
 31
0.0
  0
LINE
  8
0
  6
CONTINUOUS
 62
0
 10
7.76749928792319
 20
10.2786458333333
 30
0.0
 11
7.79291661580406
 21
10.2228126525879
 31
0.0
  0
LINE
  8
0
  6
CONTINUOUS
 62
0
 10
7.79291661580406
 20
10.2228126525879
 30
0.0
 11
7.81427001953126
 21
10.1683330535889
 31
0.0
  0
LINE
  8
0
  6
CONTINUOUS
 62
0
 10
7.81427001953126
 20
10.1683330535889
 30
0.0
 11
7.83354187011721
 21
10.1153125762939
 31
0.0
  0
LINE
  8
0
  6
CONTINUOUS
 62
0
 10
7.83354187011721
 20
10.1153125762939
 30
0.0
 11
7.85229110717776
 21
10.0635414123535
 31
0.0
  0
LINE
  8
0
  6
CONTINUOUS
 62
0
 10
7.85229110717776
 20
10.0635414123535
 30
0.0
 11
7.87239583333335
 21
10.0133336385091
 31
0.0
  0
LINE
  8
0
  6
CONTINUOUS
 62
0
 10
7.87239583333335
 20
10.0133336385091
 30
0.0
 11
7.89552052815756
 21
9.96447944641114
 31
0.0
  0
LINE
  8
0
  6
CONTINUOUS
 62
0
 10
7.89552052815756
 20
9.96447944641114
 30
0.0
 11
7.92354075113933
 21
9.91697947184244
 31
0.0
  0
LINE
  8
0
  6
CONTINUOUS
 62
0
 10
7.92354075113933
 20
9.91697947184244
 30
0.0
 11
7.95802052815756
 21
9.87093734741213
 31
0.0
  0
LINE
  8
0
  6
CONTINUOUS
 62
0
 10
7.95802052815756
 20
9.87093734741213
 30
0.0
 11
8.00072860717776
 21
9.82635434468587
 31
0.0
  0
LINE
  8
0
  6
CONTINUOUS
 62
0
 10
8.00072860717776
 20
9.82635434468587
 30
0.0
 11
8.00083287556965
 21
9.82635434468587
 31
0.0
  0
LINE
  8
0
  6
CONTINUOUS
 62
0
 10
8.00083287556965
 20
9.82635434468587
 30
0.0
 11
8.04354095458984
 21
9.87093734741213
 31
0.0
  0
LINE
  8
0
  6
CONTINUOUS
 62
0
 10
8.04354095458984
 20
9.87093734741213
 30
0.0
 11
8.078125
 21
9.91697947184244
 31
0.0
  0
LINE
  8
0
  6
CONTINUOUS
 62
0
 10
8.078125
 20
9.91697947184244
 30
0.0
 11
8.10604095458984
 21
9.96447944641114
 31
0.0
  0
LINE
  8
0
  6
CONTINUOUS
 62
0
 10
8.10604095458984
 20
9.96447944641114
 30
0.0
 11
8.1291669209798
 21
10.0133336385091
 31
0.0
  0
LINE
  8
0
  6
CONTINUOUS
 62
0
 10
8.1291669209798
 20
10.0133336385091
 30
0.0
 11
8.14927037556968
 21
10.0635414123535
 31
0.0
  0
LINE
  8
0
  6
CONTINUOUS
 62
0
 10
8.14927037556968
 20
10.0635414123535
 30
0.0
 11
8.16802088419598
 21
10.1153125762939
 31
0.0
  0
LINE
  8
0
  6
CONTINUOUS
 62
0
 10
8.16802088419598
 20
10.1153125762939
 30
0.0
 11
8.18729146321614
 21
10.1683330535889
 31
0.0
  0
LINE
  8
0
  6
CONTINUOUS
 62
0
 10
8.18729146321614
 20
10.1683330535889
 30
0.0
 11
8.20874913533527
 21
10.2228126525879
 31
0.0
  0
LINE
  8
0
  6
CONTINUOUS
 62
0
 10
8.20874913533527
 20
10.2228126525879
 30
0.0
 11
8.23406219482421
 21
10.2786458333333
 31
0.0
  0
LINE
  8
0
  6
CONTINUOUS
 62
0
 10
8.23406219482421
 20
10.2786458333333
 30
0.0
 11
8.26510365804035
 21
10.3358332316081
 31
0.0
  0
LINE
  8
0
  6
CONTINUOUS
 62
0
 10
8.26510365804035
 20
10.3358332316081
 30
0.0
 11
8.30406188964843
 21
10.4003124237061
 31
0.0
  0
LINE
  8
0
  6
CONTINUOUS
 62
0
 10
8.30406188964843
 20
10.4003124237061
 30
0.0
 11
8.34468714396158
 21
10.4658330281576
 31
0.0
  0
LINE
  8
0
  6
CONTINUOUS
 62
0
 10
8.34468714396158
 20
10.4658330281576
 30
0.0
 11
8.38656234741213
 21
10.5319792429606
 31
0.0
  0
LINE
  8
0
  6
CONTINUOUS
 62
0
 10
8.38656234741213
 20
10.5319792429606
 30
0.0
 11
8.42937469482421
 21
10.5984376271566
 31
0.0
  0
LINE
  8
0
  6
CONTINUOUS
 62
0
 10
8.42937469482421
 20
10.5984376271566
 30
0.0
 11
8.47301991780598
 21
10.6650002797444
 31
0.0
  0
LINE
  8
0
  6
CONTINUOUS
 62
0
 10
8.47301991780598
 20
10.6650002797444
 30
0.0
 11
8.51687494913736
 21
10.7312501271566
 31
0.0
  0
LINE
  8
0
  6
CONTINUOUS
 62
0
 10
8.51687494913736
 20
10.7312501271566
 30
0.0
 11
8.56083297729492
 21
10.796875
 31
0.0
  0
LINE
  8
0
  6
CONTINUOUS
 62
0
 10
8.56083297729492
 20
10.796875
 30
0.0
 11
8.60447947184244
 21
10.8615627288819
 31
0.0
  0
LINE
  8
0
  6
CONTINUOUS
 62
0
 10
8.60447947184244
 20
10.8615627288819
 30
0.0
 11
8.64760335286461
 21
10.9249998728434
 31
0.0
  0
LINE
  8
0
  6
CONTINUOUS
 62
0
 10
8.64760335286461
 20
10.9249998728434
 30
0.0
 11
8.6897913614909
 21
10.9868748982747
 31
0.0
  0
LINE
  8
0
  6
CONTINUOUS
 62
0
 10
8.6897913614909
 20
10.9868748982747
 30
0.0
 11
8.69656244913736
 21
10.9947916666667
 31
0.0
  0
LINE
  8
0
  6
CONTINUOUS
 62
0
 10
8.69656244913736
 20
10.9947916666667
 30
0.0
 11
8.70822906494142
 21
11.0065625508626
 31
0.0
  0
LINE
  8
0
  6
CONTINUOUS
 62
0
 10
8.70822906494142
 20
11.0065625508626
 30
0.0
 11
8.72354125976563
 21
11.0215625762939
 31
0.0
  0
LINE
  8
0
  6
CONTINUOUS
 62
0
 10
8.72354125976563
 20
11.0215625762939
 30
0.0
 11
8.74145762125654
 21
11.0392710367839
 31
0.0
  0
LINE
  8
0
  6
CONTINUOUS
 62
0
 10
8.74145762125654
 20
11.0392710367839
 30
0.0
 11
8.76062520345051
 21
11.0588544209798
 31
0.0
  0
LINE
  8
0
  6
CONTINUOUS
 62
0
 10
8.76062520345051
 20
11.0588544209798
 30
0.0
 11
8.78000005086264
 21
11.0798956553141
 31
0.0
  0
LINE
  8
0
  6
CONTINUOUS
 62
0
 10
8.78000005086264
 20
11.0798956553141
 30
0.0
 11
8.79843775431315
 21
11.1016667683919
 31
0.0
  0
LINE
  8
0
  6
CONTINUOUS
 62
0
 10
8.79843775431315
 20
11.1016667683919
 30
0.0
 11
8.81468709309898
 21
11.1235415140788
 31
0.0
  0
LINE
  8
0
  6
CONTINUOUS
 62
0
 10
8.81468709309898
 20
11.1235415140788
 30
0.0
 11
8.82760365804035
 21
11.1448955535889
 31
0.0
  0
LINE
  8
0
  6
CONTINUOUS
 62
0
 10
8.82760365804035
 20
11.1448955535889
 30
0.0
 11
8.8359375
 21
11.1651039123535
 31
0.0
  0
LINE
  8
0
  6
CONTINUOUS
 62
0
 10
8.8359375
 20
11.1651039123535
 30
0.0
 11
8.8515625
 21
11.2298959096273
 31
0.0
  0
LINE
  8
0
  6
CONTINUOUS
 62
0
 10
8.8515625
 20
11.2298959096273
 30
0.0
 11
8.86229197184244
 21
11.3002084096273
 31
0.0
  0
LINE
  8
0
  6
CONTINUOUS
 62
0
 10
8.86229197184244
 20
11.3002084096273
 30
0.0
 11
8.86906178792319
 21
11.3754164377848
 31
0.0
  0
LINE
  8
0
  6
CONTINUOUS
 62
0
 10
8.86906178792319
 20
11.3754164377848
 30
0.0
 11
8.87260437011721
 21
11.4546877543132
 31
0.0
  0
LINE
  8
0
  6
CONTINUOUS
 62
0
 10
8.87260437011721
 20
11.4546877543132
 30
0.0
 11
8.87375005086264
 21
11.5372918446859
 31
0.0
  0
LINE
  8
0
  6
CONTINUOUS
 62
0
 10
8.87375005086264
 20
11.5372918446859
 30
0.0
 11
8.87322870890299
 21
11.6226043701172
 31
0.0
  0
LINE
  8
0
  6
CONTINUOUS
 62
0
 10
8.87322870890299
 20
11.6226043701172
 30
0.0
 11
8.87177022298177
 21
11.7096875508626
 31
0.0
  0
LINE
  8
0
  6
CONTINUOUS
 62
0
 10
8.87177022298177
 20
11.7096875508626
 30
0.0
 11
8.87020746866862
 21
11.7980206807454
 31
0.0
  0
LINE
  8
0
  6
CONTINUOUS
 62
0
 10
8.87020746866862
 20
11.7980206807454
 30
0.0
 11
8.86937459309898
 21
11.8866666158041
 31
0.0
  0
LINE
  8
0
  6
CONTINUOUS
 62
0
 10
8.86937459309898
 20
11.8866666158041
 30
0.0
 11
8.87000020345051
 21
11.9749997456869
 31
0.0
  0
LINE
  8
0
  6
CONTINUOUS
 62
0
 10
8.87000020345051
 20
11.9749997456869
 30
0.0
 11
8.87281163533527
 21
12.0622914632161
 31
0.0
  0
LINE
  8
0
  6
CONTINUOUS
 62
0
 10
8.87281163533527
 20
12.0622914632161
 30
0.0
 11
8.8786455790202
 21
12.1477088928223
 31
0.0
  0
LINE
  8
0
  6
CONTINUOUS
 62
0
 10
8.8786455790202
 20
12.1477088928223
 30
0.0
 11
8.88822937011721
 21
12.2306251525879
 31
0.0
  0
LINE
  8
0
  6
CONTINUOUS
 62
0
 10
8.88822937011721
 20
12.2306251525879
 30
0.0
 11
8.90239588419598
 21
12.3102086385091
 31
0.0
  0
LINE
  8
0
  6
CONTINUOUS
 62
0
 10
8.90239588419598
 20
12.3102086385091
 30
0.0
 11
8.92197926839193
 21
12.3857294718424
 31
0.0
  0
LINE
  8
0
  6
CONTINUOUS
 62
0
 10
8.92197926839193
 20
12.3857294718424
 30
0.0
 11
8.94760386149091
 21
12.4564577738444
 31
0.0
  0
LINE
  8
0
  6
CONTINUOUS
 62
0
 10
8.94760386149091
 20
12.4564577738444
 30
0.0
 11
8.9802080790202
 21
12.521666208903
 31
0.0
  0
LINE
  8
0
  6
CONTINUOUS
 62
0
 10
8.9802080790202
 20
12.521666208903
 30
0.0
 11
9.02041625976563
 21
12.5805206298828
 31
0.0
  0
LINE
  8
0
  6
CONTINUOUS
 62
0
 10
9.02041625976563
 20
12.5805206298828
 30
0.0
 11
9.06916681925457
 21
12.6323954264323
 31
0.0
  0
LINE
  8
0
  6
CONTINUOUS
 62
0
 10
9.06916681925457
 20
12.6323954264323
 30
0.0
 11
9.12708282470705
 21
12.6765619913737
 31
0.0
  0
LINE
  8
0
  6
CONTINUOUS
 62
0
 10
9.12708282470705
 20
12.6765619913737
 30
0.0
 11
9.19510396321614
 21
12.7121874491374
 31
0.0
  0
LINE
  8
0
  6
CONTINUOUS
 62
0
 10
9.19510396321614
 20
12.7121874491374
 30
0.0
 11
9.27385330200197
 21
12.7386461893717
 31
0.0
  0
LINE
  8
0
  6
CONTINUOUS
 62
0
 10
9.27385330200197
 20
12.7386461893717
 30
0.0
 11
9.34635416666666
 21
12.7495829264323
 31
0.0
  0
LINE
  8
0
  6
CONTINUOUS
 62
0
 10
9.34635416666666
 20
12.7495829264323
 30
0.0
 11
9.42093658447268
 21
12.7470830281576
 31
0.0
  0
LINE
  8
0
  6
CONTINUOUS
 62
0
 10
9.42093658447268
 20
12.7470830281576
 30
0.0
 11
9.49562454223634
 21
12.7321879069011
 31
0.0
  0
LINE
  8
0
  6
CONTINUOUS
 62
0
 10
9.49562454223634
 20
12.7321879069011
 30
0.0
 11
9.56812413533527
 21
12.7057291666667
 31
0.0
  0
LINE
  8
0
  6
CONTINUOUS
 62
0
 10
9.56812413533527
 20
12.7057291666667
 30
0.0
 11
9.63656234741213
 21
12.6688537597656
 31
0.0
  0
LINE
  8
0
  6
CONTINUOUS
 62
0
 10
9.63656234741213
 20
12.6688537597656
 30
0.0
 11
9.69874954223634
 21
12.6227086385091
 31
0.0
  0
LINE
  8
0
  6
CONTINUOUS
 62
0
 10
9.69874954223634
 20
12.6227086385091
 30
0.0
 11
9.75270843505858
 21
12.568125406901
 31
0.0
  0
LINE
  8
0
  6
CONTINUOUS
 62
0
 10
9.75270843505858
 20
12.568125406901
 30
0.0
 11
9.79635365804035
 21
12.5063540140788
 31
0.0
  0
LINE
  8
0
  6
CONTINUOUS
 62
0
 10
9.79635365804035
 20
12.5063540140788
 30
0.0
 11
9.82760365804035
 21
12.4381256103516
 31
0.0
  0
LINE
  8
0
  6
CONTINUOUS
 62
0
 10
9.82760365804035
 20
12.4381256103516
 30
0.0
 11
9.8442700703939
 21
12.3647918701172
 31
0.0
  0
LINE
  8
0
  6
CONTINUOUS
 62
0
 10
9.8442700703939
 20
12.3647918701172
 30
0.0
 11
9.84885406494142
 21
12.3137499491374
 31
0.0
  0
LINE
  8
0
  6
CONTINUOUS
 62
0
 10
9.84885406494142
 20
12.3137499491374
 30
0.0
 11
9.85114542643228
 21
12.2626037597656
 31
0.0
  0
LINE
  8
0
  6
CONTINUOUS
 62
0
 10
9.85114542643228
 20
12.2626037597656
 30
0.0
 11
9.85166676839193
 21
12.2113545735677
 31
0.0
  0
LINE
  8
0
  6
CONTINUOUS
 62
0
 10
9.85166676839193
 20
12.2113545735677
 30
0.0
 11
9.8508326212565
 21
12.1601041158041
 31
0.0
  0
LINE
  8
0
  6
CONTINUOUS
 62
0
 10
9.8508326212565
 20
12.1601041158041
 30
0.0
 11
9.84906260172528
 21
12.1087493896484
 31
0.0
  0
LINE
  8
0
  6
CONTINUOUS
 62
0
 10
9.84906260172528
 20
12.1087493896484
 30
0.0
 11
9.84687423706055
 21
12.0573959350586
 31
0.0
  0
LINE
  8
0
  6
CONTINUOUS
 62
0
 10
9.84687423706055
 20
12.0573959350586
 30
0.0
 11
9.84489568074543
 21
12.0059369405111
 31
0.0
  0
LINE
  8
0
  6
CONTINUOUS
 62
0
 10
9.84489568074543
 20
12.0059369405111
 30
0.0
 11
9.84343719482421
 21
11.9545834859212
 31
0.0
  0
LINE
  8
0
  6
CONTINUOUS
 62
0
 10
9.84343719482421
 20
11.9545834859212
 30
0.0
 11
9.84312438964843
 21
11.9032287597656
 31
0.0
  0
LINE
  8
0
  6
CONTINUOUS
 62
0
 10
9.84312438964843
 20
11.9032287597656
 30
0.0
 11
9.8442700703939
 21
11.8519795735677
 31
0.0
  0
LINE
  8
0
  6
CONTINUOUS
 62
0
 10
9.8442700703939
 20
11.8519795735677
 30
0.0
 11
9.84749984741213
 21
11.7668749491374
 31
0.0
  0
LINE
  8
0
  6
CONTINUOUS
 62
0
 10
9.84749984741213
 20
11.7668749491374
 30
0.0
 11
9.84958267211913
 21
11.6831245422363
 31
0.0
  0
LINE
  8
0
  6
CONTINUOUS
 62
0
 10
9.84958267211913
 20
11.6831245422363
 30
0.0
 11
9.85020828247071
 21
11.6005210876465
 31
0.0
  0
LINE
  8
0
  6
CONTINUOUS
 62
0
 10
9.85020828247071
 20
11.6005210876465
 30
0.0
 11
9.84916687011721
 21
11.5188541412354
 31
0.0
  0
LINE
  8
0
  6
CONTINUOUS
 62
0
 10
9.84916687011721
 20
11.5188541412354
 30
0.0
 11
9.84583282470705
 21
11.4380207061768
 31
0.0
  0
LINE
  8
0
  6
CONTINUOUS
 62
0
 10
9.84583282470705
 20
11.4380207061768
 30
0.0
 11
9.84000015258791
 21
11.3575000762939
 31
0.0
  0
LINE
  8
0
  6
CONTINUOUS
 62
0
 10
9.84000015258791
 20
11.3575000762939
 30
0.0
 11
9.83114496866862
 21
11.2772916158041
 31
0.0
  0
LINE
  8
0
  6
CONTINUOUS
 62
0
 10
9.83114496866862
 20
11.2772916158041
 30
0.0
 11
9.81895828247071
 21
11.1970831553141
 31
0.0
  0
LINE
  8
0
  6
CONTINUOUS
 62
0
 10
9.81895828247071
 20
11.1970831553141
 30
0.0
 11
9.80312474568685
 21
11.1166667938232
 31
0.0
  0
LINE
  8
0
  6
CONTINUOUS
 62
0
 10
9.80312474568685
 20
11.1166667938232
 30
0.0
 11
9.78322855631512
 21
11.0357290903727
 31
0.0
  0
LINE
  8
0
  6
CONTINUOUS
 62
0
 10
9.78322855631512
 20
11.0357290903727
 30
0.0
 11
9.75874964396158
 21
10.9540627797444
 31
0.0
  0
LINE
  8
0
  6
CONTINUOUS
 62
0
 10
9.75874964396158
 20
10.9540627797444
 30
0.0
 11
9.72947947184244
 21
10.8715623219808
 31
0.0
  0
LINE
  8
0
  6
CONTINUOUS
 62
0
 10
9.72947947184244
 20
10.8715623219808
 30
0.0
 11
9.69718678792319
 21
10.7935415903727
 31
0.0
  0
LINE
  8
0
  6
CONTINUOUS
 62
0
 10
9.69718678792319
 20
10.7935415903727
 30
0.0
 11
9.66124979654949
 21
10.7179164886475
 31
0.0
  0
LINE
  8
0
  6
CONTINUOUS
 62
0
 10
9.66124979654949
 20
10.7179164886475
 30
0.0
 11
9.62229156494142
 21
10.6444791158041
 31
0.0
  0
LINE
  8
0
  6
CONTINUOUS
 62
0
 10
9.62229156494142
 20
10.6444791158041
 30
0.0
 11
9.58083343505858
 21
10.5727081298828
 31
0.0
  0
LINE
  8
0
  6
CONTINUOUS
 62
0
 10
9.58083343505858
 20
10.5727081298828
 30
0.0
 11
9.53739547729492
 21
10.5022913614909
 31
0.0
  0
LINE
  8
0
  6
CONTINUOUS
 62
0
 10
9.53739547729492
 20
10.5022913614909
 30
0.0
 11
9.49260330200197
 21
10.4329166412354
 31
0.0
  0
LINE
  8
0
  6
CONTINUOUS
 62
0
 10
9.49260330200197
 20
10.4329166412354
 30
0.0
 11
9.44697825113933
 21
10.3641668955485
 31
0.0
  0
LINE
  8
0
  6
CONTINUOUS
 62
0
 10
9.44697825113933
 20
10.3641668955485
 30
0.0
 11
9.40083312988284
 21
10.2957293192546
 31
0.0
  0
LINE
  8
0
  6
CONTINUOUS
 62
0
 10
9.40083312988284
 20
10.2957293192546
 30
0.0
 11
9.35499954223634
 21
10.2270832061768
 31
0.0
  0
LINE
  8
0
  6
CONTINUOUS
 62
0
 10
9.35499954223634
 20
10.2270832061768
 30
0.0
 11
9.30989583333335
 21
10.1580206553141
 31
0.0
  0
LINE
  8
0
  6
CONTINUOUS
 62
0
 10
9.30989583333335
 20
10.1580206553141
 30
0.0
 11
9.26604080200197
 21
10.0881252288819
 31
0.0
  0
LINE
  8
0
  6
CONTINUOUS
 62
0
 10
9.26604080200197
 20
10.0881252288819
 30
0.0
 11
9.22395833333335
 21
10.0170834859212
 31
0.0
  0
LINE
  8
0
  6
CONTINUOUS
 62
0
 10
9.22395833333335
 20
10.0170834859212
 30
0.0
 11
9.2588539123535
 21
10.0190626780192
 31
0.0
  0
LINE
  8
0
  6
CONTINUOUS
 62
0
 10
9.2588539123535
 20
10.0190626780192
 30
0.0
 11
9.2937494913737
 21
10.0179163614909
 31
0.0
  0
LINE
  8
0
  6
CONTINUOUS
 62
0
 10
9.2937494913737
 20
10.0179163614909
 30
0.0
 11
9.32833353678386
 21
10.0137500762939
 31
0.0
  0
LINE
  8
0
  6
CONTINUOUS
 62
0
 10
9.32833353678386
 20
10.0137500762939
 30
0.0
 11
9.36249923706055
 21
10.0065625508626
 31
0.0
  0
LINE
  8
0
  6
CONTINUOUS
 62
0
 10
9.36249923706055
 20
10.0065625508626
 30
0.0
 11
9.39593760172528
 21
9.9963544209798
 31
0.0
  0
LINE
  8
0
  6
CONTINUOUS
 62
0
 10
9.39593760172528
 20
9.9963544209798
 30
0.0
 11
9.42822901407878
 21
9.98312505086264
 31
0.0
  0
LINE
  8
0
  6
CONTINUOUS
 62
0
 10
9.42822901407878
 20
9.98312505086264
 30
0.0
 11
9.45927047729492
 21
9.96718724568685
 31
0.0
  0
LINE
  8
0
  6
CONTINUOUS
 62
0
 10
9.45927047729492
 20
9.96718724568685
 30
0.0
 11
9.48874918619791
 21
9.94854164123535
 31
0.0
  0
LINE
  8
0
  6
CONTINUOUS
 62
0
 10
9.48874918619791
 20
9.94854164123535
 30
0.0
 11
9.51656214396158
 21
9.92739613850913
 31
0.0
  0
LINE
  8
0
  6
CONTINUOUS
 62
0
 10
9.51656214396158
 20
9.92739613850913
 30
0.0
 11
9.54229100545248
 21
9.90375010172528
 31
0.0
  0
LINE
  8
0
  6
CONTINUOUS
 62
0
 10
9.54229100545248
 20
9.90375010172528
 30
0.0
 11
9.54510370890299
 21
9.90104166666665
 31
0.0
  0
LINE
  8
0
  6
CONTINUOUS
 62
0
 10
9.54510370890299
 20
9.90104166666665
 30
0.0
 11
9.54781214396158
 21
9.89822896321614
 31
0.0
  0
LINE
  8
0
  6
CONTINUOUS
 62
0
 10
9.54781214396158
 20
9.89822896321614
 30
0.0
 11
9.55062484741213
 21
9.8954168955485
 31
0.0
  0
LINE
  8
0
  6
CONTINUOUS
 62
0
 10
9.55062484741213
 20
9.8954168955485
 30
0.0
 11
9.55343755086264
 21
9.89260419209799
 31
0.0
  0
LINE
  8
0
  6
CONTINUOUS
 62
0
 10
9.55343755086264
 20
9.89260419209799
 30
0.0
 11
9.55625025431315
 21
9.88989575703941
 31
0.0
  0
LINE
  8
0
  6
CONTINUOUS
 62
0
 10
9.55625025431315
 20
9.88989575703941
 30
0.0
 11
9.55895741780598
 21
9.88708305358886
 31
0.0
  0
LINE
  8
0
  6
CONTINUOUS
 62
0
 10
9.55895741780598
 20
9.88708305358886
 30
0.0
 11
9.56177012125654
 21
9.88427098592122
 31
0.0
  0
LINE
  8
0
  6
CONTINUOUS
 62
0
 10
9.56177012125654
 20
9.88427098592122
 30
0.0
 11
9.56458282470705
 21
9.88156255086264
 31
0.0
  0
LINE
  8
0
  6
CONTINUOUS
 62
0
 10
9.56458282470705
 20
9.88156255086264
 30
0.0
 11
9.56729125976563
 21
9.87874984741213
 31
0.0
  0
LINE
  8
0
  6
CONTINUOUS
 62
0
 10
11.7552083333333
 20
3.97687498728434
 30
0.0
 11
11.7524998982748
 21
3.97968737284343
 31
0.0
  0
LINE
  8
0
  6
CONTINUOUS
 62
0
 10
11.7524998982748
 20
3.97968737284343
 30
0.0
 11
11.7022908528646
 21
4.04697926839193
 31
0.0
  0
LINE
  8
0
  6
CONTINUOUS
 62
0
 10
11.7022908528646
 20
4.04697926839193
 30
0.0
 11
11.6674995422363
 21
4.12333329518636
 31
0.0
  0
LINE
  8
0
  6
CONTINUOUS
 62
0
 10
11.6674995422363
 20
4.12333329518636
 30
0.0
 11
11.6495831807454
 21
4.2053124109904
 31
0.0
  0
LINE
  8
0
  6
CONTINUOUS
 62
0
 10
11.6495831807454
 20
4.2053124109904
 30
0.0
 11
11.6495831807454
 21
4.28927071889242
 31
0.0
  0
LINE
  8
0
  6
CONTINUOUS
 62
0
 10
11.6495831807454
 20
4.28927071889242
 30
0.0
 11
11.6672910054525
 21
4.37125015258789
 31
0.0
  0
LINE
  8
0
  6
CONTINUOUS
 62
0
 10
11.6672910054525
 20
4.37125015258789
 30
0.0
 11
11.7019793192546
 21
4.44770844777425
 31
0.0
  0
LINE
  8
0
  6
CONTINUOUS
 62
0
 10
11.7019793192546
 20
4.44770844777425
 30
0.0
 11
11.752082824707
 21
4.51500002543131
 31
0.0
  0
LINE
  8
0
  6
CONTINUOUS
 62
0
 10
11.752082824707
 20
4.51500002543131
 30
0.0
 11
11.8153127034505
 21
4.57020823160807
 31
0.0
  0
LINE
  8
0
  6
CONTINUOUS
 62
0
 10
11.8153127034505
 20
4.57020823160807
 30
0.0
 11
11.888853708903
 21
4.6107292175293
 31
0.0
  0
LINE
  8
0
  6
CONTINUOUS
 62
0
 10
11.888853708903
 20
4.6107292175293
 30
0.0
 11
11.9692700703939
 21
4.63468742370605
 31
0.0
  0
LINE
  8
0
  6
CONTINUOUS
 62
0
 10
11.9692700703939
 20
4.63468742370605
 30
0.0
 11
12.052916208903
 21
4.64114570617676
 31
0.0
  0
LINE
  8
0
  6
CONTINUOUS
 62
0
 10
12.052916208903
 20
4.64114570617676
 30
0.0
 11
12.1361452738444
 21
4.62968762715657
 31
0.0
  0
LINE
  8
0
  6
CONTINUOUS
 62
0
 10
12.1361452738444
 20
4.62968762715657
 30
0.0
 11
12.214895884196
 21
4.60083325703939
 31
0.0
  0
LINE
  8
0
  6
CONTINUOUS
 62
0
 10
12.214895884196
 20
4.60083325703939
 30
0.0
 11
12.2151044209798
 21
4.68010425567627
 31
0.0
  0
LINE
  8
0
  6
CONTINUOUS
 62
0
 10
12.2151044209798
 20
4.68010425567627
 30
0.0
 11
12.2147916158041
 21
4.75927098592122
 31
0.0
  0
LINE
  8
0
  6
CONTINUOUS
 62
0
 10
12.2147916158041
 20
4.75927098592122
 30
0.0
 11
12.2140617370606
 21
4.83833344777425
 31
0.0
  0
LINE
  8
0
  6
CONTINUOUS
 62
0
 10
12.2140617370606
 20
4.83833344777425
 30
0.0
 11
12.2128117879232
 21
4.91729164123535
 31
0.0
  0
LINE
  8
0
  6
CONTINUOUS
 62
0
 10
12.2128117879232
 20
4.91729164123535
 30
0.0
 11
12.2112503051758
 21
4.99625015258787
 31
0.0
  0
LINE
  8
0
  6
CONTINUOUS
 62
0
 10
12.2112503051758
 20
4.99625015258787
 30
0.0
 11
12.2092704772949
 21
5.07510407765705
 31
0.0
  0
LINE
  8
0
  6
CONTINUOUS
 62
0
 10
12.2092704772949
 20
5.07510407765705
 30
0.0
 11
12.2069791158041
 21
5.15395832061768
 31
0.0
  0
LINE
  8
0
  6
CONTINUOUS
 62
0
 10
12.2069791158041
 20
5.15395832061768
 30
0.0
 11
12.2044792175293
 21
5.23270829518638
 31
0.0
  0
LINE
  8
0
  6
CONTINUOUS
 62
0
 10
12.2044792175293
 20
5.23270829518638
 30
0.0
 11
12.2017707824707
 21
5.31145826975504
 31
0.0
  0
LINE
  8
0
  6
CONTINUOUS
 62
0
 10
12.2017707824707
 20
5.31145826975504
 30
0.0
 11
12.1988538106283
 21
5.39010429382323
 31
0.0
  0
LINE
  8
0
  6
CONTINUOUS
 62
0
 10
12.1988538106283
 20
5.39010429382323
 30
0.0
 11
12.195728302002
 21
5.46875
 31
0.0
  0
LINE
  8
0
  6
CONTINUOUS
 62
0
 10
12.195728302002
 20
5.46875
 30
0.0
 11
12.1926040649414
 21
5.54739570617677
 31
0.0
  0
LINE
  8
0
  6
CONTINUOUS
 62
0
 10
12.1926040649414
 20
5.54739570617677
 30
0.0
 11
12.1893742879232
 21
5.62604173024496
 31
0.0
  0
LINE
  8
0
  6
CONTINUOUS
 62
0
 10
12.1893742879232
 20
5.62604173024496
 30
0.0
 11
12.1861457824707
 21
5.70458348592122
 31
0.0
  0
LINE
  8
0
  6
CONTINUOUS
 62
0
 10
12.1861457824707
 20
5.70458348592122
 30
0.0
 11
12.1830202738444
 21
5.78322919209799
 31
0.0
  0
LINE
  8
0
  6
CONTINUOUS
 62
0
 10
12.1830202738444
 20
5.78322919209799
 30
0.0
 11
12.1798960367839
 21
5.86187489827472
 31
0.0
  0
LINE
  8
0
  6
CONTINUOUS
 62
0
 10
12.1798960367839
 20
5.86187489827472
 30
0.0
 11
12.1769790649414
 21
5.94052092234295
 31
0.0
  0
LINE
  8
0
  6
CONTINUOUS
 62
0
 10
12.1769790649414
 20
5.94052092234295
 30
0.0
 11
12.1741663614909
 21
6.01916662851969
 31
0.0
  0
LINE
  8
0
  6
CONTINUOUS
 62
0
 10
12.1741663614909
 20
6.01916662851969
 30
0.0
 11
12.1715621948242
 21
6.09781265258787
 31
0.0
  0
LINE
  8
0
  6
CONTINUOUS
 62
0
 10
12.1715621948242
 20
6.09781265258787
 30
0.0
 11
12.1691665649414
 21
6.17645835876465
 31
0.0
  0
LINE
  8
0
  6
CONTINUOUS
 62
0
 10
12.1691665649414
 20
6.17645835876465
 30
0.0
 11
12.1670824686686
 21
6.25520833333335
 31
0.0
  0
LINE
  8
0
  6
CONTINUOUS
 62
0
 10
12.1670824686686
 20
6.25520833333335
 30
0.0
 11
12.1654167175293
 21
6.33395830790201
 31
0.0
  0
LINE
  8
0
  6
CONTINUOUS
 62
0
 10
12.1654167175293
 20
6.33395830790201
 30
0.0
 11
12.1640625
 21
6.41281255086264
 31
0.0
  0
LINE
  8
0
  6
CONTINUOUS
 62
0
 10
12.1640625
 20
6.41281255086264
 30
0.0
 11
12.1631240844727
 21
6.49166679382323
 31
0.0
  0
LINE
  8
0
  6
CONTINUOUS
 62
0
 10
12.1631240844727
 20
6.49166679382323
 30
0.0
 11
12.1626040140788
 21
6.57062530517579
 31
0.0
  0
LINE
  8
0
  6
CONTINUOUS
 62
0
 10
12.1626040140788
 20
6.57062530517579
 30
0.0
 11
12.1626040140788
 21
6.64968744913736
 31
0.0
  0
LINE
  8
0
  6
CONTINUOUS
 62
0
 10
12.1626040140788
 20
6.64968744913736
 30
0.0
 11
12.1632283528646
 21
6.72875022888185
 31
0.0
  0
LINE
  8
0
  6
CONTINUOUS
 62
0
 10
12.1632283528646
 20
6.72875022888185
 30
0.0
 11
12.1631240844727
 21
6.80437469482421
 31
0.0
  0
LINE
  8
0
  6
CONTINUOUS
 62
0
 10
12.1631240844727
 20
6.80437469482421
 30
0.0
 11
12.1614583333333
 21
6.8821875254313
 31
0.0
  0
LINE
  8
0
  6
CONTINUOUS
 62
0
 10
12.1614583333333
 20
6.8821875254313
 30
0.0
 11
12.1588541666667
 21
6.96177101135256
 31
0.0
  0
LINE
  8
0
  6
CONTINUOUS
 62
0
 10
12.1588541666667
 20
6.96177101135256
 30
0.0
 11
12.1557286580404
 21
7.0427080790202
 31
0.0
  0
LINE
  8
0
  6
CONTINUOUS
 62
0
 10
12.1557286580404
 20
7.0427080790202
 30
0.0
 11
12.1528116861979
 21
7.12479146321614
 31
0.0
  0
LINE
  8
0
  6
CONTINUOUS
 62
0
 10
12.1528116861979
 20
7.12479146321614
 30
0.0
 11
12.150520324707
 21
7.20749982198079
 31
0.0
  0
LINE
  8
0
  6
CONTINUOUS
 62
0
 10
12.150520324707
 20
7.20749982198079
 30
0.0
 11
12.1494789123535
 21
7.29052098592122
 31
0.0
  0
LINE
  8
0
  6
CONTINUOUS
 62
0
 10
12.1494789123535
 20
7.29052098592122
 30
0.0
 11
12.1502075195313
 21
7.37343724568685
 31
0.0
  0
LINE
  8
0
  6
CONTINUOUS
 62
0
 10
12.1502075195313
 20
7.37343724568685
 30
0.0
 11
12.1533330281576
 21
7.45604197184244
 31
0.0
  0
LINE
  8
0
  6
CONTINUOUS
 62
0
 10
12.1533330281576
 20
7.45604197184244
 30
0.0
 11
12.1593742370606
 21
7.53781255086264
 31
0.0
  0
LINE
  8
0
  6
CONTINUOUS
 62
0
 10
12.1593742370606
 20
7.53781255086264
 30
0.0
 11
12.1687494913737
 21
7.61833318074543
 31
0.0
  0
LINE
  8
0
  6
CONTINUOUS
 62
0
 10
12.1687494913737
 20
7.61833318074543
 30
0.0
 11
12.1821873982748
 21
7.69739596048992
 31
0.0
  0
LINE
  8
0
  6
CONTINUOUS
 62
0
 10
12.1821873982748
 20
7.69739596048992
 30
0.0
 11
12.2002080281576
 21
7.77458318074543
 31
0.0
  0
LINE
  8
0
  6
CONTINUOUS
 62
0
 10
12.2002080281576
 20
7.77458318074543
 30
0.0
 11
12.2233327229818
 21
7.84937477111815
 31
0.0
  0
LINE
  8
0
  6
CONTINUOUS
 62
0
 10
12.2233327229818
 20
7.84937477111815
 30
0.0
 11
12.252082824707
 21
7.92166646321614
 31
0.0
  0
LINE
  8
0
  6
CONTINUOUS
 62
0
 10
12.252082824707
 20
7.92166646321614
 30
0.0
 11
12.2870826721191
 21
7.99083328247071
 31
0.0
  0
LINE
  8
0
  6
CONTINUOUS
 62
0
 10
12.2870826721191
 20
7.99083328247071
 30
0.0
 11
12.3288536071778
 21
8.05666669209799
 31
0.0
  0
LINE
  8
0
  6
CONTINUOUS
 62
0
 10
12.3288536071778
 20
8.05666669209799
 30
0.0
 11
12.3787498474121
 21
8.11229197184244
 31
0.0
  0
LINE
  8
0
  6
CONTINUOUS
 62
0
 10
12.3787498474121
 20
8.11229197184244
 30
0.0
 11
12.4408327738444
 21
8.1585413614909
 31
0.0
  0
LINE
  8
0
  6
CONTINUOUS
 62
0
 10
12.4408327738444
 20
8.1585413614909
 30
0.0
 11
12.5124994913737
 21
8.19625027974445
 31
0.0
  0
LINE
  8
0
  6
CONTINUOUS
 62
0
 10
12.5124994913737
 20
8.19625027974445
 30
0.0
 11
12.5912501017253
 21
8.22645823160807
 31
0.0
  0
LINE
  8
0
  6
CONTINUOUS
 62
0
 10
12.5912501017253
 20
8.22645823160807
 30
0.0
 11
12.6743748982747
 21
8.25
 31
0.0
  0
LINE
  8
0
  6
CONTINUOUS
 62
0
 10
12.6743748982747
 20
8.25
 30
0.0
 11
12.7592709859212
 21
8.26812489827472
 31
0.0
  0
LINE
  8
0
  6
CONTINUOUS
 62
0
 10
12.7592709859212
 20
8.26812489827472
 30
0.0
 11
12.8434371948242
 21
8.28145853678386
 31
0.0
  0
LINE
  8
0
  6
CONTINUOUS
 62
0
 10
12.8434371948242
 20
8.28145853678386
 30
0.0
 11
12.9242706298828
 21
8.29114596048992
 31
0.0
  0
LINE
  8
0
  6
CONTINUOUS
 62
0
 10
12.9242706298828
 20
8.29114596048992
 30
0.0
 11
12.9990615844727
 21
8.29812494913736
 31
0.0
  0
LINE
  8
0
  6
CONTINUOUS
 62
0
 10
12.9990615844727
 20
8.29812494913736
 30
0.0
 11
13.0653127034505
 21
8.30322901407878
 31
0.0
  0
LINE
  8
0
  6
CONTINUOUS
 62
0
 10
13.0653127034505
 20
8.30322901407878
 30
0.0
 11
13.086353302002
 21
8.3036460876465
 31
0.0
  0
LINE
  8
0
  6
CONTINUOUS
 62
0
 10
13.086353302002
 20
8.3036460876465
 30
0.0
 11
13.1430206298828
 21
8.30447896321614
 31
0.0
  0
LINE
  8
0
  6
CONTINUOUS
 62
0
 10
13.1430206298828
 20
8.30447896321614
 30
0.0
 11
13.2274996439616
 21
8.3057289123535
 31
0.0
  0
LINE
  8
0
  6
CONTINUOUS
 62
0
 10
13.2274996439616
 20
8.3057289123535
 30
0.0
 11
13.3318748474121
 21
8.30729166666665
 31
0.0
  0
LINE
  8
0
  6
CONTINUOUS
 62
0
 10
13.3318748474121
 20
8.30729166666665
 30
0.0
 11
13.4482294718424
 21
8.30895805358886
 31
0.0
  0
LINE
  8
0
  6
CONTINUOUS
 62
0
 10
13.4482294718424
 20
8.30895805358886
 30
0.0
 11
13.5687497456869
 21
8.31072934468587
 31
0.0
  0
LINE
  8
0
  6
CONTINUOUS
 62
0
 10
13.5687497456869
 20
8.31072934468587
 30
0.0
 11
13.6856244405111
 21
8.31239573160807
 31
0.0
  0
LINE
  8
0
  6
CONTINUOUS
 62
0
 10
13.6856244405111
 20
8.31239573160807
 30
0.0
 11
13.7909367879232
 21
8.31395848592122
 31
0.0
  0
LINE
  8
0
  6
CONTINUOUS
 62
0
 10
13.7909367879232
 20
8.31395848592122
 30
0.0
 11
13.8767700195313
 21
8.31520843505858
 31
0.0
  0
LINE
  8
0
  6
CONTINUOUS
 62
0
 10
13.8767700195313
 20
8.31520843505858
 30
0.0
 11
13.9353116353353
 21
8.31604194641114
 31
0.0
  0
LINE
  8
0
  6
CONTINUOUS
 62
0
 10
13.9353116353353
 20
8.31604194641114
 30
0.0
 11
13.9587491353353
 21
8.31645838419595
 31
0.0
  0
LINE
  8
0
  6
CONTINUOUS
 62
0
 10
13.9587491353353
 20
8.31645838419595
 30
0.0
 11
13.9702084859212
 21
8.31645838419595
 31
0.0
  0
LINE
  8
0
  6
CONTINUOUS
 62
0
 10
13.9702084859212
 20
8.31645838419595
 30
0.0
 11
13.9935417175293
 21
8.31604194641114
 31
0.0
  0
LINE
  8
0
  6
CONTINUOUS
 62
0
 10
13.9935417175293
 20
8.31604194641114
 30
0.0
 11
14.0520833333333
 21
8.31520843505858
 31
0.0
  0
LINE
  8
0
  6
CONTINUOUS
 62
0
 10
14.0520833333333
 20
8.31520843505858
 30
0.0
 11
14.1380208333333
 21
8.31395848592122
 31
0.0
  0
LINE
  8
0
  6
CONTINUOUS
 62
0
 10
14.1380208333333
 20
8.31395848592122
 30
0.0
 11
14.2432289123535
 21
8.31239573160807
 31
0.0
  0
LINE
  8
0
  6
CONTINUOUS
 62
0
 10
14.2432289123535
 20
8.31239573160807
 30
0.0
 11
14.3601036071778
 21
8.31072934468587
 31
0.0
  0
LINE
  8
0
  6
CONTINUOUS
 62
0
 10
14.3601036071778
 20
8.31072934468587
 30
0.0
 11
14.4806251525879
 21
8.30895805358886
 31
0.0
  0
LINE
  8
0
  6
CONTINUOUS
 62
0
 10
14.4806251525879
 20
8.30895805358886
 30
0.0
 11
14.5970827738444
 21
8.30729166666665
 31
0.0
  0
LINE
  8
0
  6
CONTINUOUS
 62
0
 10
14.5970827738444
 20
8.30729166666665
 30
0.0
 11
14.7014579772949
 21
8.3057289123535
 31
0.0
  0
LINE
  8
0
  6
CONTINUOUS
 62
0
 10
14.7014579772949
 20
8.3057289123535
 30
0.0
 11
14.7858327229818
 21
8.30447896321614
 31
0.0
  0
LINE
  8
0
  6
CONTINUOUS
 62
0
 10
14.7858327229818
 20
8.30447896321614
 30
0.0
 11
14.8425000508626
 21
8.3036460876465
 31
0.0
  0
LINE
  8
0
  6
CONTINUOUS
 62
0
 10
14.8425000508626
 20
8.3036460876465
 30
0.0
 11
14.863644917806
 21
8.30322901407878
 31
0.0
  0
LINE
  8
0
  6
CONTINUOUS
 62
0
 10
14.863644917806
 20
8.30322901407878
 30
0.0
 11
14.9298960367839
 21
8.29812494913736
 31
0.0
  0
LINE
  8
0
  6
CONTINUOUS
 62
0
 10
14.9298960367839
 20
8.29812494913736
 30
0.0
 11
15.0046869913737
 21
8.29114596048992
 31
0.0
  0
LINE
  8
0
  6
CONTINUOUS
 62
0
 10
15.0046869913737
 20
8.29114596048992
 30
0.0
 11
15.0854161580404
 21
8.28145853678386
 31
0.0
  0
LINE
  8
0
  6
CONTINUOUS
 62
0
 10
15.0854161580404
 20
8.28145853678386
 30
0.0
 11
15.1695836385091
 21
8.26812489827472
 31
0.0
  0
LINE
  8
0
  6
CONTINUOUS
 62
0
 10
15.1695836385091
 20
8.26812489827472
 30
0.0
 11
15.2545827229818
 21
8.25
 31
0.0
  0
LINE
  8
0
  6
CONTINUOUS
 62
0
 10
15.2545827229818
 20
8.25
 30
0.0
 11
15.3377075195313
 21
8.22645823160807
 31
0.0
  0
LINE
  8
0
  6
CONTINUOUS
 62
0
 10
15.3377075195313
 20
8.22645823160807
 30
0.0
 11
15.4163538614909
 21
8.19625027974445
 31
0.0
  0
LINE
  8
0
  6
CONTINUOUS
 62
0
 10
15.4163538614909
 20
8.19625027974445
 30
0.0
 11
15.4880205790202
 21
8.1585413614909
 31
0.0
  0
LINE
  8
0
  6
CONTINUOUS
 62
0
 10
15.4880205790202
 20
8.1585413614909
 30
0.0
 11
15.5502077738444
 21
8.11229197184244
 31
0.0
  0
LINE
  8
0
  6
CONTINUOUS
 62
0
 10
15.5502077738444
 20
8.11229197184244
 30
0.0
 11
15.6001040140788
 21
8.05666669209799
 31
0.0
  0
LINE
  8
0
  6
CONTINUOUS
 62
0
 10
15.6001040140788
 20
8.05666669209799
 30
0.0
 11
15.6417706807454
 21
7.99083328247071
 31
0.0
  0
LINE
  8
0
  6
CONTINUOUS
 62
0
 10
15.6417706807454
 20
7.99083328247071
 30
0.0
 11
15.6767705281576
 21
7.92166646321614
 31
0.0
  0
LINE
  8
0
  6
CONTINUOUS
 62
0
 10
15.6767705281576
 20
7.92166646321614
 30
0.0
 11
15.7055206298828
 21
7.84937477111815
 31
0.0
  0
LINE
  8
0
  6
CONTINUOUS
 62
0
 10
15.7055206298828
 20
7.84937477111815
 30
0.0
 11
15.728645324707
 21
7.77458318074543
 31
0.0
  0
LINE
  8
0
  6
CONTINUOUS
 62
0
 10
15.728645324707
 20
7.77458318074543
 30
0.0
 11
15.7466659545898
 21
7.69739596048992
 31
0.0
  0
LINE
  8
0
  6
CONTINUOUS
 62
0
 10
15.7466659545898
 20
7.69739596048992
 30
0.0
 11
15.7601038614909
 21
7.61833318074543
 31
0.0
  0
LINE
  8
0
  6
CONTINUOUS
 62
0
 10
15.7601038614909
 20
7.61833318074543
 30
0.0
 11
15.769583384196
 21
7.53781255086264
 31
0.0
  0
LINE
  8
0
  6
CONTINUOUS
 62
0
 10
15.769583384196
 20
7.53781255086264
 30
0.0
 11
15.775520324707
 21
7.45604197184244
 31
0.0
  0
LINE
  8
0
  6
CONTINUOUS
 62
0
 10
15.775520324707
 20
7.45604197184244
 30
0.0
 11
15.7786458333333
 21
7.37343724568685
 31
0.0
  0
LINE
  8
0
  6
CONTINUOUS
 62
0
 10
15.7786458333333
 20
7.37343724568685
 30
0.0
 11
15.7793744405111
 21
7.29052098592122
 31
0.0
  0
LINE
  8
0
  6
CONTINUOUS
 62
0
 10
15.7793744405111
 20
7.29052098592122
 30
0.0
 11
15.7783330281576
 21
7.20749982198079
 31
0.0
  0
LINE
  8
0
  6
CONTINUOUS
 62
0
 10
15.7783330281576
 20
7.20749982198079
 30
0.0
 11
15.7761459350586
 21
7.12479146321614
 31
0.0
  0
LINE
  8
0
  6
CONTINUOUS
 62
0
 10
15.7761459350586
 20
7.12479146321614
 30
0.0
 11
15.7731246948242
 21
7.0427080790202
 31
0.0
  0
LINE
  8
0
  6
CONTINUOUS
 62
0
 10
15.7731246948242
 20
7.0427080790202
 30
0.0
 11
15.7701034545898
 21
6.96177101135252
 31
0.0
  0
LINE
  8
0
  6
CONTINUOUS
 62
0
 10
15.7701034545898
 20
6.96177101135252
 30
0.0
 11
15.7673950195313
 21
6.8821875254313
 31
0.0
  0
LINE
  8
0
  6
CONTINUOUS
 62
0
 10
15.7673950195313
 20
6.8821875254313
 30
0.0
 11
15.7658335367839
 21
6.80437469482421
 31
0.0
  0
LINE
  8
0
  6
CONTINUOUS
 62
0
 10
15.7658335367839
 20
6.80437469482421
 30
0.0
 11
15.765625
 21
6.72875022888185
 31
0.0
  0
LINE
  8
0
  6
CONTINUOUS
 62
0
 10
15.765625
 20
6.72875022888185
 30
0.0
 11
15.7662493387858
 21
6.6473960876465
 31
0.0
  0
LINE
  8
0
  6
CONTINUOUS
 62
0
 10
15.7662493387858
 20
6.6473960876465
 30
0.0
 11
15.7662493387858
 21
6.56604194641114
 31
0.0
  0
LINE
  8
0
  6
CONTINUOUS
 62
0
 10
15.7662493387858
 20
6.56604194641114
 30
0.0
 11
15.7657292683919
 21
6.48479143778484
 31
0.0
  0
LINE
  8
0
  6
CONTINUOUS
 62
0
 10
15.7657292683919
 20
6.48479143778484
 30
0.0
 11
15.7647908528646
 21
6.40364583333335
 31
0.0
  0
LINE
  8
0
  6
CONTINUOUS
 62
0
 10
15.7647908528646
 20
6.40364583333335
 30
0.0
 11
15.7633336385091
 21
6.32249991099039
 31
0.0
  0
LINE
  8
0
  6
CONTINUOUS
 62
0
 10
15.7633336385091
 20
6.32249991099039
 30
0.0
 11
15.7614580790202
 21
6.24145825703937
 31
0.0
  0
LINE
  8
0
  6
CONTINUOUS
 62
0
 10
15.7614580790202
 20
6.24145825703937
 30
0.0
 11
15.7592709859212
 21
6.16041660308839
 31
0.0
  0
LINE
  8
0
  6
CONTINUOUS
 62
0
 10
15.7592709859212
 20
6.16041660308839
 30
0.0
 11
15.7567710876465
 21
6.07937494913736
 31
0.0
  0
LINE
  8
0
  6
CONTINUOUS
 62
0
 10
15.7567710876465
 20
6.07937494913736
 30
0.0
 11
15.7540626525879
 21
5.99843756357831
 31
0.0
  0
LINE
  8
0
  6
CONTINUOUS
 62
0
 10
15.7540626525879
 20
5.99843756357831
 30
0.0
 11
15.7511456807454
 21
5.91749986012776
 31
0.0
  0
LINE
  8
0
  6
CONTINUOUS
 62
0
 10
15.7511456807454
 20
5.91749986012776
 30
0.0
 11
15.7480201721191
 21
5.8365624745687
 31
0.0
  0
LINE
  8
0
  6
CONTINUOUS
 62
0
 10
15.7480201721191
 20
5.8365624745687
 30
0.0
 11
15.7447916666667
 21
5.75562508900961
 31
0.0
  0
LINE
  8
0
  6
CONTINUOUS
 62
0
 10
15.7447916666667
 20
5.75562508900961
 30
0.0
 11
15.7414576212565
 21
5.67479165395102
 31
0.0
  0
LINE
  8
0
  6
CONTINUOUS
 62
0
 10
15.7414576212565
 20
5.67479165395102
 30
0.0
 11
15.7382291158041
 21
5.59385426839193
 31
0.0
  0
LINE
  8
0
  6
CONTINUOUS
 62
0
 10
15.7382291158041
 20
5.59385426839193
 30
0.0
 11
15.7348950703939
 21
5.51291656494142
 31
0.0
  0
LINE
  8
0
  6
CONTINUOUS
 62
0
 10
15.7348950703939
 20
5.51291656494142
 30
0.0
 11
15.7316665649414
 21
5.43197917938232
 31
0.0
  0
LINE
  8
0
  6
CONTINUOUS
 62
0
 10
15.7316665649414
 20
5.43197917938232
 30
0.0
 11
15.728645324707
 21
5.35104179382323
 31
0.0
  0
LINE
  8
0
  6
CONTINUOUS
 62
0
 10
15.728645324707
 20
5.35104179382323
 30
0.0
 11
15.7257283528646
 21
5.27000013987224
 31
0.0
  0
LINE
  8
0
  6
CONTINUOUS
 62
0
 10
15.7257283528646
 20
5.27000013987224
 30
0.0
 11
15.723019917806
 21
5.18895848592122
 31
0.0
  0
LINE
  8
0
  6
CONTINUOUS
 62
0
 10
15.723019917806
 20
5.18895848592122
 30
0.0
 11
15.7205200195313
 21
5.10781256357831
 31
0.0
  0
LINE
  8
0
  6
CONTINUOUS
 62
0
 10
15.7205200195313
 20
5.10781256357831
 30
0.0
 11
15.7184371948242
 21
5.02666664123535
 31
0.0
  0
LINE
  8
0
  6
CONTINUOUS
 62
0
 10
15.7184371948242
 20
5.02666664123535
 30
0.0
 11
15.7165616353353
 21
4.9455207188924
 31
0.0
  0
LINE
  8
0
  6
CONTINUOUS
 62
0
 10
15.7165616353353
 20
4.9455207188924
 30
0.0
 11
15.715207417806
 21
4.86416657765706
 31
0.0
  0
LINE
  8
0
  6
CONTINUOUS
 62
0
 10
15.715207417806
 20
4.86416657765706
 30
0.0
 11
15.7142702738444
 21
4.78281243642171
 31
0.0
  0
LINE
  8
0
  6
CONTINUOUS
 62
0
 10
15.7142702738444
 20
4.78281243642171
 30
0.0
 11
15.7137502034505
 21
4.70135402679443
 31
0.0
  0
LINE
  8
0
  6
CONTINUOUS
 62
0
 10
15.7137502034505
 20
4.70135402679443
 30
0.0
 11
15.7138544718424
 21
4.61989593505859
 31
0.0
  0
LINE
  8
0
  6
CONTINUOUS
 62
0
 10
15.7138544718424
 20
4.61989593505859
 30
0.0
 11
15.7145830790202
 21
4.5382293065389
 31
0.0
  0
LINE
  8
0
  6
CONTINUOUS
 62
0
 10
15.7145830790202
 20
4.5382293065389
 30
0.0
 11
15.7899996439616
 21
4.56697909037272
 31
0.0
  0
LINE
  8
0
  6
CONTINUOUS
 62
0
 10
15.7899996439616
 20
4.56697909037272
 30
0.0
 11
15.8697916666667
 21
4.57958348592122
 31
0.0
  0
LINE
  8
0
  6
CONTINUOUS
 62
0
 10
15.8697916666667
 20
4.57958348592122
 30
0.0
 11
15.9505208333333
 21
4.57572905222575
 31
0.0
  0
LINE
  8
0
  6
CONTINUOUS
 62
0
 10
15.9505208333333
 20
4.57572905222575
 30
0.0
 11
16.0287494659424
 21
4.5555206934611
 31
0.0
  0
LINE
  8
0
  6
CONTINUOUS
 62
0
 10
16.0287494659424
 20
4.5555206934611
 30
0.0
 11
16.1011454264323
 21
4.51968765258789
 31
0.0
  0
LINE
  8
0
  6
CONTINUOUS
 62
0
 10
16.1011454264323
 20
4.51968765258789
 30
0.0
 11
16.1646874745687
 21
4.46989568074544
 31
0.0
  0
LINE
  8
0
  6
CONTINUOUS
 62
0
 10
16.1646874745687
 20
4.46989568074544
 30
0.0
 11
16.216770807902
 21
4.40812492370606
 31
0.0
  0
LINE
  8
0
  6
CONTINUOUS
 62
0
 10
16.216770807902
 20
4.40812492370606
 30
0.0
 11
16.2552083333333
 21
4.33708318074545
 31
0.0
  0
LINE
  8
0
  6
CONTINUOUS
 62
0
 10
16.2552083333333
 20
4.33708318074545
 30
0.0
 11
16.2782287597656
 21
4.25968742370605
 31
0.0
  0
LINE
  8
0
  6
CONTINUOUS
 62
0
 10
16.2782287597656
 20
4.25968742370605
 30
0.0
 11
16.2849998474121
 21
4.17916679382324
 31
0.0
  0
LINE
  8
0
  6
CONTINUOUS
 62
0
 10
16.2849998474121
 20
4.17916679382324
 30
0.0
 11
16.2752081553141
 21
4.09895833333333
 31
0.0
  0
LINE
  8
0
  6
CONTINUOUS
 62
0
 10
16.2752081553141
 20
4.09895833333333
 30
0.0
 11
16.2492707570394
 21
4.02250003814697
 31
0.0
  0
LINE
  8
0
  6
CONTINUOUS
 62
0
 10
16.2492707570394
 20
4.02250003814697
 30
0.0
 11
16.2083333333333
 21
3.95291678110759
 31
0.0
  0
LINE
  8
0
  6
CONTINUOUS
 62
0
 10
16.2083333333333
 20
3.95291678110759
 30
0.0
 11
16.1539580027263
 21
3.89312489827474
 31
0.0
  0
LINE
  8
0
  6
CONTINUOUS
 62
0
 10
16.1539580027263
 20
3.89312489827474
 30
0.0
 11
16.0885416666667
 21
3.84572919209798
 31
0.0
  0
LINE
  8
0
  6
CONTINUOUS
 62
0
 10
16.0885416666667
 20
3.84572919209798
 30
0.0
 11
16.0148957570394
 21
3.81260426839193
 31
0.0
  0
LINE
  8
0
  6
CONTINUOUS
 62
0
 10
16.0148957570394
 20
3.81260426839193
 30
0.0
 11
15.9359372456868
 21
3.79531256357829
 31
0.0
  0
LINE
  8
0
  6
CONTINUOUS
 62
0
 10
15.9359372456868
 20
3.79531256357829
 30
0.0
 11
15.8552080790202
 21
3.79447905222575
 31
0.0
  0
LINE
  8
0
  6
CONTINUOUS
 62
0
 10
15.8552080790202
 20
3.79447905222575
 30
0.0
 11
15.7759373982748
 21
3.81010405222575
 31
0.0
  0
LINE
  8
0
  6
CONTINUOUS
 62
0
 10
15.7759373982748
 20
3.81010405222575
 30
0.0
 11
15.7811457316081
 21
3.76072915395101
 31
0.0
  0
LINE
  8
0
  6
CONTINUOUS
 62
0
 10
15.7811457316081
 20
3.76072915395101
 30
0.0
 11
15.7835413614909
 21
3.73604170481364
 31
0.0
  0
LINE
  8
0
  6
CONTINUOUS
 62
0
 10
15.7835413614909
 20
3.73604170481364
 30
0.0
 11
15.7857284545898
 21
3.71135425567627
 31
0.0
  0
LINE
  8
0
  6
CONTINUOUS
 62
0
 10
15.7857284545898
 20
3.71135425567627
 30
0.0
 11
15.7878125508626
 21
3.6866668065389
 31
0.0
  0
LINE
  8
0
  6
CONTINUOUS
 62
0
 10
15.7878125508626
 20
3.6866668065389
 30
0.0
 11
15.7896868387858
 21
3.66187493006388
 31
0.0
  0
LINE
  8
0
  6
CONTINUOUS
 62
0
 10
15.7896868387858
 20
3.66187493006388
 30
0.0
 11
15.7914581298828
 21
3.63718748092651
 31
0.0
  0
LINE
  8
0
  6
CONTINUOUS
 62
0
 10
15.7914581298828
 20
3.63718748092651
 30
0.0
 11
15.7929166158041
 21
3.61239576339722
 31
0.0
  0
LINE
  8
0
  6
CONTINUOUS
 62
0
 10
15.7929166158041
 20
3.61239576339722
 30
0.0
 11
15.7941665649414
 21
3.58770831425985
 31
0.0
  0
LINE
  8
0
  6
CONTINUOUS
 62
0
 10
15.7941665649414
 20
3.58770831425985
 30
0.0
 11
15.795103708903
 21
3.56291659673055
 31
0.0
  0
LINE
  8
0
  6
CONTINUOUS
 62
0
 10
15.795103708903
 20
3.56291659673055
 30
0.0
 11
15.7973950703939
 21
3.48208332061768
 31
0.0
  0
LINE
  8
0
  6
CONTINUOUS
 62
0
 10
15.7973950703939
 20
3.48208332061768
 30
0.0
 11
15.7984377543132
 21
3.40093755722046
 31
0.0
  0
LINE
  8
0
  6
CONTINUOUS
 62
0
 10
15.7984377543132
 20
3.40093755722046
 30
0.0
 11
15.7985407511393
 21
3.31968752543131
 31
0.0
  0
LINE
  8
0
  6
CONTINUOUS
 62
0
 10
15.7985407511393
 20
3.31968752543131
 30
0.0
 11
15.7976036071778
 21
3.23822911580404
 31
0.0
  0
LINE
  8
0
  6
CONTINUOUS
 62
0
 10
15.7976036071778
 20
3.23822911580404
 30
0.0
 11
15.7960408528646
 21
3.15666659673055
 31
0.0
  0
LINE
  8
0
  6
CONTINUOUS
 62
0
 10
15.7960408528646
 20
3.15666659673055
 30
0.0
 11
15.7937494913737
 21
3.07499996821085
 31
0.0
  0
LINE
  8
0
  6
CONTINUOUS
 62
0
 10
15.7937494913737
 20
3.07499996821085
 30
0.0
 11
15.7909367879232
 21
2.99333333969116
 31
0.0
  0
LINE
  8
0
  6
CONTINUOUS
 62
0
 10
15.7909367879232
 20
2.99333333969116
 30
0.0
 11
15.7878125508626
 21
2.91156244277954
 31
0.0
  0
LINE
  8
0
  6
CONTINUOUS
 62
0
 10
15.7878125508626
 20
2.91156244277954
 30
0.0
 11
15.7843742370606
 21
2.82989581425985
 31
0.0
  0
LINE
  8
0
  6
CONTINUOUS
 62
0
 10
15.7843742370606
 20
2.82989581425985
 30
0.0
 11
15.7808329264323
 21
2.74822918574015
 31
0.0
  0
LINE
  8
0
  6
CONTINUOUS
 62
0
 10
15.7808329264323
 20
2.74822918574015
 30
0.0
 11
15.7771873474121
 21
2.66666666666667
 31
0.0
  0
LINE
  8
0
  6
CONTINUOUS
 62
0
 10
15.7771873474121
 20
2.66666666666667
 30
0.0
 11
15.773853302002
 21
2.58510414759318
 31
0.0
  0
LINE
  8
0
  6
CONTINUOUS
 62
0
 10
15.773853302002
 20
2.58510414759318
 30
0.0
 11
15.7706247965495
 21
2.50385411580404
 31
0.0
  0
LINE
  8
0
  6
CONTINUOUS
 62
0
 10
15.7706247965495
 20
2.50385411580404
 30
0.0
 11
15.7679163614909
 21
2.42270835240682
 31
0.0
  0
LINE
  8
0
  6
CONTINUOUS
 62
0
 10
15.7679163614909
 20
2.42270835240682
 30
0.0
 11
15.765625
 21
2.34187507629394
 31
0.0
  0
LINE
  8
0
  6
CONTINUOUS
 62
0
 10
15.765625
 20
2.34187507629394
 30
0.0
 11
15.7648951212565
 21
2.26187499364217
 31
0.0
  0
LINE
  8
0
  6
CONTINUOUS
 62
0
 10
15.7648951212565
 20
2.26187499364217
 30
0.0
 11
15.765625
 21
2.18562499682109
 31
0.0
  0
LINE
  8
0
  6
CONTINUOUS
 62
0
 10
15.765625
 20
2.18562499682109
 30
0.0
 11
15.7663536071778
 21
2.11229165395101
 31
0.0
  0
LINE
  8
0
  6
CONTINUOUS
 62
0
 10
15.7663536071778
 20
2.11229165395101
 30
0.0
 11
15.7657292683919
 21
2.04135417938232
 31
0.0
  0
LINE
  8
0
  6
CONTINUOUS
 62
0
 10
15.7657292683919
 20
2.04135417938232
 30
0.0
 11
15.7622909545898
 21
1.97208333015442
 31
0.0
  0
LINE
  8
0
  6
CONTINUOUS
 62
0
 10
15.7622909545898
 20
1.97208333015442
 30
0.0
 11
15.7544784545898
 21
1.90395832061768
 31
0.0
  0
LINE
  8
0
  6
CONTINUOUS
 62
0
 10
15.7544784545898
 20
1.90395832061768
 30
0.0
 11
15.7408332824707
 21
1.83635417620341
 31
0.0
  0
LINE
  8
0
  6
CONTINUOUS
 62
0
 10
15.7408332824707
 20
1.83635417620341
 30
0.0
 11
15.7199999491374
 21
1.76864584287007
 31
0.0
  0
LINE
  8
0
  6
CONTINUOUS
 62
0
 10
15.7199999491374
 20
1.76864584287007
 30
0.0
 11
15.6905199686686
 21
1.70020834604899
 31
0.0
  0
LINE
  8
0
  6
CONTINUOUS
 62
0
 10
15.6905199686686
 20
1.70020834604899
 30
0.0
 11
15.6508331298828
 21
1.63031248251597
 31
0.0
  0
LINE
  8
0
  6
CONTINUOUS
 62
0
 10
15.6508331298828
 20
1.63031248251597
 30
0.0
 11
15.6005210876465
 21
1.5676041841507
 31
0.0
  0
LINE
  8
0
  6
CONTINUOUS
 62
0
 10
15.6005210876465
 20
1.5676041841507
 30
0.0
 11
15.539478302002
 21
1.51729166507721
 31
0.0
  0
LINE
  8
0
  6
CONTINUOUS
 62
0
 10
15.539478302002
 20
1.51729166507721
 30
0.0
 11
15.4693743387858
 21
1.4780208269755
 31
0.0
  0
LINE
  8
0
  6
CONTINUOUS
 62
0
 10
15.4693743387858
 20
1.4780208269755
 30
0.0
 11
15.3922907511393
 21
1.44843749205272
 31
0.0
  0
LINE
  8
0
  6
CONTINUOUS
 62
0
 10
15.3922907511393
 20
1.44843749205272
 30
0.0
 11
15.3101043701172
 21
1.42718748251597
 31
0.0
  0
LINE
  8
0
  6
CONTINUOUS
 62
0
 10
15.3101043701172
 20
1.42718748251597
 30
0.0
 11
15.2244784037272
 21
1.41302084922791
 31
0.0
  0
LINE
  8
0
  6
CONTINUOUS
 62
0
 10
15.2244784037272
 20
1.41302084922791
 30
0.0
 11
15.1374994913737
 21
1.40447918574015
 31
0.0
  0
LINE
  8
0
  6
CONTINUOUS
 62
0
 10
15.1374994913737
 20
1.40447918574015
 30
0.0
 11
15.0510419209798
 21
1.40031250317891
 31
0.0
  0
LINE
  8
0
  6
CONTINUOUS
 62
0
 10
15.0510419209798
 20
1.40031250317891
 30
0.0
 11
14.9667701721191
 21
1.39916666348775
 31
0.0
  0
LINE
  8
0
  6
CONTINUOUS
 62
0
 10
14.9667701721191
 20
1.39916666348775
 30
0.0
 11
14.886770884196
 21
1.39979167779287
 31
0.0
  0
LINE
  8
0
  6
CONTINUOUS
 62
0
 10
14.886770884196
 20
1.39979167779287
 30
0.0
 11
14.812915802002
 21
1.40072917938232
 31
0.0
  0
LINE
  8
0
  6
CONTINUOUS
 62
0
 10
14.812915802002
 20
1.40072917938232
 30
0.0
 11
14.7469787597656
 21
1.40072917938232
 31
0.0
  0
LINE
  8
0
  6
CONTINUOUS
 62
0
 10
14.7469787597656
 20
1.40072917938232
 30
0.0
 11
14.6687494913737
 21
1.40020831425985
 31
0.0
  0
LINE
  8
0
  6
CONTINUOUS
 62
0
 10
14.6687494913737
 20
1.40020831425985
 30
0.0
 11
14.5905202229818
 21
1.40104166666667
 31
0.0
  0
LINE
  8
0
  6
CONTINUOUS
 62
0
 10
14.5905202229818
 20
1.40104166666667
 30
0.0
 11
14.5122909545898
 21
1.40302081902822
 31
0.0
  0
LINE
  8
0
  6
CONTINUOUS
 62
0
 10
14.5122909545898
 20
1.40302081902822
 30
0.0
 11
14.4340616861979
 21
1.40572917461395
 31
0.0
  0
LINE
  8
0
  6
CONTINUOUS
 62
0
 10
14.4340616861979
 20
1.40572917461395
 30
0.0
 11
14.355832417806
 21
1.40906250476837
 31
0.0
  0
LINE
  8
0
  6
CONTINUOUS
 62
0
 10
14.355832417806
 20
1.40906250476837
 30
0.0
 11
14.277707417806
 21
1.41270832220713
 31
0.0
  0
LINE
  8
0
  6
CONTINUOUS
 62
0
 10
14.277707417806
 20
1.41270832220713
 30
0.0
 11
14.1994794209798
 21
1.41656251748403
 31
0.0
  0
LINE
  8
0
  6
CONTINUOUS
 62
0
 10
14.1994794209798
 20
1.41656251748403
 30
0.0
 11
14.1212501525879
 21
1.42031248410543
 31
0.0
  0
LINE
  8
0
  6
CONTINUOUS
 62
0
 10
14.1212501525879
 20
1.42031248410543
 30
0.0
 11
14.043020884196
 21
1.42385415236155
 31
0.0
  0
LINE
  8
0
  6
CONTINUOUS
 62
0
 10
14.043020884196
 20
1.42385415236155
 30
0.0
 11
13.9647916158041
 21
1.42677084604899
 31
0.0
  0
LINE
  8
0
  6
CONTINUOUS
 62
0
 10
13.9647916158041
 20
1.42677084604899
 30
0.0
 11
13.9640617370606
 21
1.42677084604899
 31
0.0
  0
LINE
  8
0
  6
CONTINUOUS
 62
0
 10
13.9640617370606
 20
1.42677084604899
 30
0.0
 11
13.8858324686686
 21
1.42385415236155
 31
0.0
  0
LINE
  8
0
  6
CONTINUOUS
 62
0
 10
13.8858324686686
 20
1.42385415236155
 30
0.0
 11
13.8076044718424
 21
1.42031248410543
 31
0.0
  0
LINE
  8
0
  6
CONTINUOUS
 62
0
 10
13.8076044718424
 20
1.42031248410543
 30
0.0
 11
13.7294794718424
 21
1.41656251748403
 31
0.0
  0
LINE
  8
0
  6
CONTINUOUS
 62
0
 10
13.7294794718424
 20
1.41656251748403
 30
0.0
 11
13.6512502034505
 21
1.41270832220713
 31
0.0
  0
LINE
  8
0
  6
CONTINUOUS
 62
0
 10
13.6512502034505
 20
1.41270832220713
 30
0.0
 11
13.5730209350586
 21
1.40906250476837
 31
0.0
  0
LINE
  8
0
  6
CONTINUOUS
 62
0
 10
13.5730209350586
 20
1.40906250476837
 30
0.0
 11
13.4947916666667
 21
1.40572917461395
 31
0.0
  0
LINE
  8
0
  6
CONTINUOUS
 62
0
 10
13.4947916666667
 20
1.40572917461395
 30
0.0
 11
13.4165623982747
 21
1.40302081902822
 31
0.0
  0
LINE
  8
0
  6
CONTINUOUS
 62
0
 10
13.4165623982747
 20
1.40302081902822
 30
0.0
 11
13.3383331298828
 21
1.40104166666667
 31
0.0
  0
LINE
  8
0
  6
CONTINUOUS
 62
0
 10
13.3383331298828
 20
1.40104166666667
 30
0.0
 11
13.2601038614909
 21
1.40020831425985
 31
0.0
  0
LINE
  8
0
  6
CONTINUOUS
 62
0
 10
13.2601038614909
 20
1.40020831425985
 30
0.0
 11
13.181874593099
 21
1.40072917938232
 31
0.0
  0
LINE
  8
0
  6
CONTINUOUS
 62
0
 10
13.181874593099
 20
1.40072917938232
 30
0.0
 11
13.1159375508626
 21
1.40072917938232
 31
0.0
  0
LINE
  8
0
  6
CONTINUOUS
 62
0
 10
13.1159375508626
 20
1.40072917938232
 30
0.0
 11
13.0420824686686
 21
1.39979167779287
 31
0.0
  0
LINE
  8
0
  6
CONTINUOUS
 62
0
 10
13.0420824686686
 20
1.39979167779287
 30
0.0
 11
12.9620831807454
 21
1.39916666348775
 31
0.0
  0
LINE
  8
0
  6
CONTINUOUS
 62
0
 10
12.9620831807454
 20
1.39916666348775
 30
0.0
 11
12.8779169718424
 21
1.40031250317891
 31
0.0
  0
LINE
  8
0
  6
CONTINUOUS
 62
0
 10
12.8779169718424
 20
1.40031250317891
 30
0.0
 11
12.7913538614909
 21
1.40447918574015
 31
0.0
  0
LINE
  8
0
  6
CONTINUOUS
 62
0
 10
12.7913538614909
 20
1.40447918574015
 30
0.0
 11
12.7043749491374
 21
1.41302084922791
 31
0.0
  0
LINE
  8
0
  6
CONTINUOUS
 62
0
 10
12.7043749491374
 20
1.41302084922791
 30
0.0
 11
12.6188532511393
 21
1.42718748251597
 31
0.0
  0
LINE
  8
0
  6
CONTINUOUS
 62
0
 10
12.6188532511393
 20
1.42718748251597
 30
0.0
 11
12.5365626017253
 21
1.44843749205272
 31
0.0
  0
LINE
  8
0
  6
CONTINUOUS
 62
0
 10
12.5365626017253
 20
1.44843749205272
 30
0.0
 11
12.4594790140788
 21
1.4780208269755
 31
0.0
  0
LINE
  8
0
  6
CONTINUOUS
 62
0
 10
12.4594790140788
 20
1.4780208269755
 30
0.0
 11
12.3894793192546
 21
1.51729166507721
 31
0.0
  0
LINE
  8
0
  6
CONTINUOUS
 62
0
 10
12.3894793192546
 20
1.51729166507721
 30
0.0
 11
12.3283335367839
 21
1.5676041841507
 31
0.0
  0
LINE
  8
0
  6
CONTINUOUS
 62
0
 10
12.3283335367839
 20
1.5676041841507
 30
0.0
 11
12.2780202229818
 21
1.63031248251597
 31
0.0
  0
LINE
  8
0
  6
CONTINUOUS
 62
0
 10
12.2780202229818
 20
1.63031248251597
 30
0.0
 11
12.2384376525879
 21
1.70020834604899
 31
0.0
  0
LINE
  8
0
  6
CONTINUOUS
 62
0
 10
12.2384376525879
 20
1.70020834604899
 30
0.0
 11
12.2088534037272
 21
1.76864584287007
 31
0.0
  0
LINE
  8
0
  6
CONTINUOUS
 62
0
 10
12.2088534037272
 20
1.76864584287007
 30
0.0
 11
12.1880200703939
 21
1.83635417620341
 31
0.0
  0
LINE
  8
0
  6
CONTINUOUS
 62
0
 10
12.1880200703939
 20
1.83635417620341
 30
0.0
 11
12.1744791666667
 21
1.90395832061768
 31
0.0
  0
LINE
  8
0
  6
CONTINUOUS
 62
0
 10
12.1744791666667
 20
1.90395832061768
 30
0.0
 11
12.1666666666667
 21
1.97208333015442
 31
0.0
  0
LINE
  8
0
  6
CONTINUOUS
 62
0
 10
12.1666666666667
 20
1.97208333015442
 30
0.0
 11
12.1631240844727
 21
2.04135417938232
 31
0.0
  0
LINE
  8
0
  6
CONTINUOUS
 62
0
 10
12.1631240844727
 20
2.04135417938232
 30
0.0
 11
12.1624997456869
 21
2.11229165395101
 31
0.0
  0
LINE
  8
0
  6
CONTINUOUS
 62
0
 10
12.1624997456869
 20
2.11229165395101
 30
0.0
 11
12.1633326212565
 21
2.18562499682109
 31
0.0
  0
LINE
  8
0
  6
CONTINUOUS
 62
0
 10
12.1633326212565
 20
2.18562499682109
 30
0.0
 11
12.1640625
 21
2.26187499364217
 31
0.0
  0
LINE
  8
0
  6
CONTINUOUS
 62
0
 10
12.1640625
 20
2.26187499364217
 30
0.0
 11
12.1632283528646
 21
2.34187507629394
 31
0.0
  0
LINE
  8
0
  6
CONTINUOUS
 62
0
 10
12.1632283528646
 20
2.34187507629394
 30
0.0
 11
12.1610412597656
 21
2.42270835240682
 31
0.0
  0
LINE
  8
0
  6
CONTINUOUS
 62
0
 10
12.1610412597656
 20
2.42270835240682
 30
0.0
 11
12.1582285563151
 21
2.50385411580404
 31
0.0
  0
LINE
  8
0
  6
CONTINUOUS
 62
0
 10
12.1582285563151
 20
2.50385411580404
 30
0.0
 11
12.1551043192546
 21
2.58510414759318
 31
0.0
  0
LINE
  8
0
  6
CONTINUOUS
 62
0
 10
12.1551043192546
 20
2.58510414759318
 30
0.0
 11
12.1516660054525
 21
2.66666666666667
 31
0.0
  0
LINE
  8
0
  6
CONTINUOUS
 62
0
 10
12.1516660054525
 20
2.66666666666667
 30
0.0
 11
12.1481246948242
 21
2.74822918574015
 31
0.0
  0
LINE
  8
0
  6
CONTINUOUS
 62
0
 10
12.1481246948242
 20
2.74822918574015
 30
0.0
 11
12.144583384196
 21
2.82989581425985
 31
0.0
  0
LINE
  8
0
  6
CONTINUOUS
 62
0
 10
12.144583384196
 20
2.82989581425985
 30
0.0
 11
12.1411450703939
 21
2.91156244277954
 31
0.0
  0
LINE
  8
0
  6
CONTINUOUS
 62
0
 10
12.1411450703939
 20
2.91156244277954
 30
0.0
 11
12.1379165649414
 21
2.99333333969116
 31
0.0
  0
LINE
  8
0
  6
CONTINUOUS
 62
0
 10
12.1379165649414
 20
2.99333333969116
 30
0.0
 11
12.1351038614909
 21
3.07499996821085
 31
0.0
  0
LINE
  8
0
  6
CONTINUOUS
 62
0
 10
12.1351038614909
 20
3.07499996821085
 30
0.0
 11
12.1329167683919
 21
3.15666659673055
 31
0.0
  0
LINE
  8
0
  6
CONTINUOUS
 62
0
 10
12.1329167683919
 20
3.15666659673055
 30
0.0
 11
12.1312497456869
 21
3.23822911580404
 31
0.0
  0
LINE
  8
0
  6
CONTINUOUS
 62
0
 10
12.1312497456869
 20
3.23822911580404
 30
0.0
 11
12.1304168701172
 21
3.31968752543131
 31
0.0
  0
LINE
  8
0
  6
CONTINUOUS
 62
0
 10
12.1304168701172
 20
3.31968752543131
 30
0.0
 11
12.1304168701172
 21
3.40093755722046
 31
0.0
  0
LINE
  8
0
  6
CONTINUOUS
 62
0
 10
12.1304168701172
 20
3.40093755722046
 30
0.0
 11
12.1315625508626
 21
3.48208332061768
 31
0.0
  0
LINE
  8
0
  6
CONTINUOUS
 62
0
 10
12.1315625508626
 20
3.48208332061768
 30
0.0
 11
12.1337496439616
 21
3.56291659673055
 31
0.0
  0
LINE
  8
0
  6
CONTINUOUS
 62
0
 10
12.1337496439616
 20
3.56291659673055
 30
0.0
 11
12.134895324707
 21
3.59020837148031
 31
0.0
  0
LINE
  8
0
  6
CONTINUOUS
 62
0
 10
12.134895324707
 20
3.59020837148031
 30
0.0
 11
12.1362495422363
 21
3.61739587783813
 31
0.0
  0
LINE
  8
0
  6
CONTINUOUS
 62
0
 10
12.1362495422363
 20
3.61739587783813
 30
0.0
 11
12.1380208333333
 21
3.64468749364217
 31
0.0
  0
LINE
  8
0
  6
CONTINUOUS
 62
0
 10
12.1380208333333
 20
3.64468749364217
 30
0.0
 11
12.1398951212565
 21
3.671875
 31
0.0
  0
LINE
  8
0
  6
CONTINUOUS
 62
0
 10
12.1398951212565
 20
3.671875
 30
0.0
 11
12.1420834859212
 21
3.69906234741211
 31
0.0
  0
LINE
  8
0
  6
CONTINUOUS
 62
0
 10
12.1420834859212
 20
3.69906234741211
 30
0.0
 11
12.1444791158041
 21
3.72635428110758
 31
0.0
  0
LINE
  8
0
  6
CONTINUOUS
 62
0
 10
12.1444791158041
 20
3.72635428110758
 30
0.0
 11
12.1470832824707
 21
3.75354162851969
 31
0.0
  0
LINE
  8
0
  6
CONTINUOUS
 62
0
 10
12.1470832824707
 20
3.75354162851969
 30
0.0
 11
12.1497917175293
 21
3.78062502543131
 31
0.0
  0
LINE
  8
0
  6
CONTINUOUS
 62
0
 10
12.1497917175293
 20
3.78062502543131
 30
0.0
 11
12.152707417806
 21
3.80781237284342
 31
0.0
  0
LINE
  8
0
  6
CONTINUOUS
 62
0
 10
12.152707417806
 20
3.80781237284342
 30
0.0
 11
12.1557286580404
 21
3.83500003814697
 31
0.0
  0
LINE
  8
0
  6
CONTINUOUS
 62
0
 10
12.1557286580404
 20
3.83500003814697
 30
0.0
 11
12.1151034037272
 21
3.82791678110759
 31
0.0
  0
LINE
  8
0
  6
CONTINUOUS
 62
0
 10
12.1151034037272
 20
3.82791678110759
 30
0.0
 11
12.0739580790202
 21
3.82510407765706
 31
0.0
  0
LINE
  8
0
  6
CONTINUOUS
 62
0
 10
12.0739580790202
 20
3.82510407765706
 30
0.0
 11
12.0328127543131
 21
3.82666651407878
 31
0.0
  0
LINE
  8
0
  6
CONTINUOUS
 62
0
 10
12.0328127543131
 20
3.82666651407878
 30
0.0
 11
11.9919789632161
 21
3.83239587148031
 31
0.0
  0
LINE
  8
0
  6
CONTINUOUS
 62
0
 10
11.9919789632161
 20
3.83239587148031
 30
0.0
 11
11.9519793192546
 21
3.84250005086263
 31
0.0
  0
LINE
  8
0
  6
CONTINUOUS
 62
0
 10
11.9519793192546
 20
3.84250005086263
 30
0.0
 11
11.9133326212565
 21
3.85666656494141
 31
0.0
  0
LINE
  8
0
  6
CONTINUOUS
 62
0
 10
11.9133326212565
 20
3.85666656494141
 30
0.0
 11
11.8762499491374
 21
3.87479178110759
 31
0.0
  0
LINE
  8
0
  6
CONTINUOUS
 62
0
 10
11.8762499491374
 20
3.87479178110759
 30
0.0
 11
11.8413543701172
 21
3.89677079518636
 31
0.0
  0
LINE
  8
0
  6
CONTINUOUS
 62
0
 10
11.8413543701172
 20
3.89677079518636
 30
0.0
 11
11.808957417806
 21
3.92218748728434
 31
0.0
  0
LINE
  8
0
  6
CONTINUOUS
 62
0
 10
11.808957417806
 20
3.92218748728434
 30
0.0
 11
11.7793744405111
 21
3.95083332061768
 31
0.0
  0
LINE
  8
0
  6
CONTINUOUS
 62
0
 10
11.7793744405111
 20
3.95083332061768
 30
0.0
 11
11.7739575703939
 21
3.95666662851969
 31
0.0
  0
LINE
  8
0
  6
CONTINUOUS
 62
0
 10
11.7739575703939
 20
3.95666662851969
 30
0.0
 11
11.7712491353353
 21
3.95947901407878
 31
0.0
  0
LINE
  8
0
  6
CONTINUOUS
 62
0
 10
11.7712491353353
 20
3.95947901407878
 30
0.0
 11
11.7686449686686
 21
3.96239598592122
 31
0.0
  0
LINE
  8
0
  6
CONTINUOUS
 62
0
 10
11.7686449686686
 20
3.96239598592122
 30
0.0
 11
11.7659378051758
 21
3.96531263987223
 31
0.0
  0
LINE
  8
0
  6
CONTINUOUS
 62
0
 10
11.7659378051758
 20
3.96531263987223
 30
0.0
 11
11.7632293701172
 21
3.96822929382324
 31
0.0
  0
LINE
  8
0
  6
CONTINUOUS
 62
0
 10
11.7632293701172
 20
3.96822929382324
 30
0.0
 11
11.7605209350586
 21
3.97104167938232
 31
0.0
  0
LINE
  8
0
  6
CONTINUOUS
 62
0
 10
11.7605209350586
 20
3.97104167938232
 30
0.0
 11
11.7579167683919
 21
3.97395833333333
 31
0.0
  0
LINE
  8
0
  6
CONTINUOUS
 62
0
 10
11.7579167683919
 20
3.97395833333333
 30
0.0
 11
11.7552083333333
 21
3.97687498728434
 31
0.0
  0
LINE
  8
0
  6
CONTINUOUS
 62
0
 10
11.0628128051758
 20
7.39895820617677
 30
0.0
 11
11.0625
 21
7.39531262715657
 31
0.0
  0
LINE
  8
0
  6
CONTINUOUS
 62
0
 10
11.0625
 20
7.39531262715657
 30
0.0
 11
11.1194788614909
 21
7.34958330790201
 31
0.0
  0
LINE
  8
0
  6
CONTINUOUS
 62
0
 10
11.1194788614909
 20
7.34958330790201
 30
0.0
 11
11.1673952738444
 21
7.29729143778484
 31
0.0
  0
LINE
  8
0
  6
CONTINUOUS
 62
0
 10
11.1673952738444
 20
7.29729143778484
 30
0.0
 11
11.207083384196
 21
7.23874982198079
 31
0.0
  0
LINE
  8
0
  6
CONTINUOUS
 62
0
 10
11.207083384196
 20
7.23874982198079
 30
0.0
 11
11.2393747965495
 21
7.17458343505858
 31
0.0
  0
LINE
  8
0
  6
CONTINUOUS
 62
0
 10
11.2393747965495
 20
7.17458343505858
 30
0.0
 11
11.2648951212565
 21
7.10500017801921
 31
0.0
  0
LINE
  8
0
  6
CONTINUOUS
 62
0
 10
11.2648951212565
 20
7.10500017801921
 30
0.0
 11
11.2844785054525
 21
7.0306250254313
 31
0.0
  0
LINE
  8
0
  6
CONTINUOUS
 62
0
 10
11.2844785054525
 20
7.0306250254313
 30
0.0
 11
11.298957824707
 21
6.95187505086264
 31
0.0
  0
LINE
  8
0
  6
CONTINUOUS
 62
0
 10
11.298957824707
 20
6.95187505086264
 30
0.0
 11
11.3088544209798
 21
6.86927096048992
 31
0.0
  0
LINE
  8
0
  6
CONTINUOUS
 62
0
 10
11.3088544209798
 20
6.86927096048992
 30
0.0
 11
11.3152084350586
 21
6.78312492370606
 31
0.0
  0
LINE
  8
0
  6
CONTINUOUS
 62
0
 10
11.3152084350586
 20
6.78312492370606
 30
0.0
 11
11.318541208903
 21
6.69406255086264
 31
0.0
  0
LINE
  8
0
  6
CONTINUOUS
 62
0
 10
11.318541208903
 20
6.69406255086264
 30
0.0
 11
11.3197911580404
 21
6.60239601135256
 31
0.0
  0
LINE
  8
0
  6
CONTINUOUS
 62
0
 10
11.3197911580404
 20
6.60239601135256
 30
0.0
 11
11.3196868896484
 21
6.50864601135256
 31
0.0
  0
LINE
  8
0
  6
CONTINUOUS
 62
0
 10
11.3196868896484
 20
6.50864601135256
 30
0.0
 11
11.3189582824707
 21
6.41333325703937
 31
0.0
  0
LINE
  8
0
  6
CONTINUOUS
 62
0
 10
11.3189582824707
 20
6.41333325703937
 30
0.0
 11
11.3186454772949
 21
6.37541643778484
 31
0.0
  0
LINE
  8
0
  6
CONTINUOUS
 62
0
 10
11.3186454772949
 20
6.37541643778484
 30
0.0
 11
11.3183326721191
 21
6.33750025431315
 31
0.0
  0
LINE
  8
0
  6
CONTINUOUS
 62
0
 10
11.3183326721191
 20
6.33750025431315
 30
0.0
 11
11.3180211385091
 21
6.29958343505858
 31
0.0
  0
LINE
  8
0
  6
CONTINUOUS
 62
0
 10
11.3180211385091
 20
6.29958343505858
 30
0.0
 11
11.3176040649414
 21
6.26166661580405
 31
0.0
  0
LINE
  8
0
  6
CONTINUOUS
 62
0
 10
11.3176040649414
 20
6.26166661580405
 30
0.0
 11
11.3172912597656
 21
6.22375011444091
 31
0.0
  0
LINE
  8
0
  6
CONTINUOUS
 62
0
 10
11.3172912597656
 20
6.22375011444091
 30
0.0
 11
11.3169784545898
 21
6.18583329518638
 31
0.0
  0
LINE
  8
0
  6
CONTINUOUS
 62
0
 10
11.3169784545898
 20
6.18583329518638
 30
0.0
 11
11.3166669209798
 21
6.14791679382323
 31
0.0
  0
LINE
  8
0
  6
CONTINUOUS
 62
0
 10
11.3166669209798
 20
6.14791679382323
 30
0.0
 11
11.3163541158041
 21
6.1099999745687
 31
0.0
  0
LINE
  8
0
  6
CONTINUOUS
 62
0
 10
11.3163541158041
 20
6.1099999745687
 30
0.0
 11
11.3160413106283
 21
6.07208347320555
 31
0.0
  0
LINE
  8
0
  6
CONTINUOUS
 62
0
 10
11.3160413106283
 20
6.07208347320555
 30
0.0
 11
11.3157285054525
 21
6.03416665395102
 31
0.0
  0
LINE
  8
0
  6
CONTINUOUS
 62
0
 10
11.3157285054525
 20
6.03416665395102
 30
0.0
 11
11.3151041666667
 21
5.95833333333335
 31
0.0
  0
LINE
  8
0
  6
CONTINUOUS
 62
0
 10
11.3151041666667
 20
5.95833333333335
 30
0.0
 11
11.3143742879232
 21
5.88250001271567
 31
0.0
  0
LINE
  8
0
  6
CONTINUOUS
 62
0
 10
11.3143742879232
 20
5.88250001271567
 30
0.0
 11
11.3137499491374
 21
5.80666669209799
 31
0.0
  0
LINE
  8
0
  6
CONTINUOUS
 62
0
 10
11.3137499491374
 20
5.80666669209799
 30
0.0
 11
11.3131243387858
 21
5.73083337148032
 31
0.0
  0
LINE
  8
0
  6
CONTINUOUS
 62
0
 10
11.3131243387858
 20
5.73083337148032
 30
0.0
 11
11.3123957316081
 21
5.65500005086264
 31
0.0
  0
LINE
  8
0
  6
CONTINUOUS
 62
0
 10
11.3123957316081
 20
5.65500005086264
 30
0.0
 11
11.3117701212565
 21
5.57916673024496
 31
0.0
  0
LINE
  8
0
  6
CONTINUOUS
 62
0
 10
11.3117701212565
 20
5.57916673024496
 30
0.0
 11
11.3111457824707
 21
5.50333340962728
 31
0.0
  0
LINE
  8
0
  6
CONTINUOUS
 62
0
 10
11.3111457824707
 20
5.50333340962728
 30
0.0
 11
11.3105201721191
 21
5.42750008900961
 31
0.0
  0
LINE
  8
0
  6
CONTINUOUS
 62
0
 10
11.3105201721191
 20
5.42750008900961
 30
0.0
 11
11.3097915649414
 21
5.35166676839193
 31
0.0
  0
LINE
  8
0
  6
CONTINUOUS
 62
0
 10
11.3097915649414
 20
5.35166676839193
 30
0.0
 11
11.3091659545898
 21
5.27583344777425
 31
0.0
  0
LINE
  8
0
  6
CONTINUOUS
 62
0
 10
11.3091659545898
 20
5.27583344777425
 30
0.0
 11
11.308957417806
 21
5.19624996185303
 31
0.0
  0
LINE
  8
0
  6
CONTINUOUS
 62
0
 10
11.308957417806
 20
5.19624996185303
 30
0.0
 11
11.3093744913737
 21
5.11614576975504
 31
0.0
  0
LINE
  8
0
  6
CONTINUOUS
 62
0
 10
11.3093744913737
 20
5.11614576975504
 30
0.0
 11
11.3104159037272
 21
5.03562513987224
 31
0.0
  0
LINE
  8
0
  6
CONTINUOUS
 62
0
 10
11.3104159037272
 20
5.03562513987224
 30
0.0
 11
11.3119786580404
 21
4.95468743642169
 31
0.0
  0
LINE
  8
0
  6
CONTINUOUS
 62
0
 10
11.3119786580404
 20
4.95468743642169
 30
0.0
 11
11.3137499491374
 21
4.87343756357829
 31
0.0
  0
LINE
  8
0
  6
CONTINUOUS
 62
0
 10
11.3137499491374
 20
4.87343756357829
 30
0.0
 11
11.3158327738444
 21
4.79197915395101
 31
0.0
  0
LINE
  8
0
  6
CONTINUOUS
 62
0
 10
11.3158327738444
 20
4.79197915395101
 30
0.0
 11
11.3179168701172
 21
4.71031252543131
 31
0.0
  0
LINE
  8
0
  6
CONTINUOUS
 62
0
 10
11.3179168701172
 20
4.71031252543131
 30
0.0
 11
11.3197911580404
 21
4.62843736012777
 31
0.0
  0
LINE
  8
0
  6
CONTINUOUS
 62
0
 10
11.3197911580404
 20
4.62843736012777
 30
0.0
 11
11.3215624491374
 21
4.54656251271566
 31
0.0
  0
LINE
  8
0
  6
CONTINUOUS
 62
0
 10
11.3215624491374
 20
4.54656251271566
 30
0.0
 11
11.3229166666667
 21
4.46468734741211
 31
0.0
  0
LINE
  8
0
  6
CONTINUOUS
 62
0
 10
11.3229166666667
 20
4.46468734741211
 30
0.0
 11
11.3238538106283
 21
4.3828125
 31
0.0
  0
LINE
  8
0
  6
CONTINUOUS
 62
0
 10
11.3238538106283
 20
4.3828125
 30
0.0
 11
11.3240623474121
 21
4.30114587148031
 31
0.0
  0
LINE
  8
0
  6
CONTINUOUS
 62
0
 10
11.3240623474121
 20
4.30114587148031
 30
0.0
 11
11.3234367370606
 21
4.2195831934611
 31
0.0
  0
LINE
  8
0
  6
CONTINUOUS
 62
0
 10
11.3234367370606
 20
4.2195831934611
 30
0.0
 11
11.3219782511393
 21
4.13833332061768
 31
0.0
  0
LINE
  8
0
  6
CONTINUOUS
 62
0
 10
11.3219782511393
 20
4.13833332061768
 30
0.0
 11
11.3194783528646
 21
4.05739593505859
 31
0.0
  0
LINE
  8
0
  6
CONTINUOUS
 62
0
 10
11.3194783528646
 20
4.05739593505859
 30
0.0
 11
11.3157285054525
 21
3.97687498728434
 31
0.0
  0
LINE
  8
0
  6
CONTINUOUS
 62
0
 10
11.3157285054525
 20
3.97687498728434
 30
0.0
 11
11.3106244405111
 21
3.89677079518636
 31
0.0
  0
LINE
  8
0
  6
CONTINUOUS
 62
0
 10
11.3106244405111
 20
3.89677079518636
 30
0.0
 11
11.3041661580404
 21
3.81708335876465
 31
0.0
  0
LINE
  8
0
  6
CONTINUOUS
 62
0
 10
11.3041661580404
 20
3.81708335876465
 30
0.0
 11
11.2959365844727
 21
3.73812484741211
 31
0.0
  0
LINE
  8
0
  6
CONTINUOUS
 62
0
 10
11.2959365844727
 20
3.73812484741211
 30
0.0
 11
11.2910410563151
 21
3.70645840962728
 31
0.0
  0
LINE
  8
0
  6
CONTINUOUS
 62
0
 10
11.2910410563151
 20
3.70645840962728
 30
0.0
 11
11.2839584350586
 21
3.67510414123535
 31
0.0
  0
LINE
  8
0
  6
CONTINUOUS
 62
0
 10
11.2839584350586
 20
3.67510414123535
 30
0.0
 11
11.2753117879232
 21
3.64406251907348
 31
0.0
  0
LINE
  8
0
  6
CONTINUOUS
 62
0
 10
11.2753117879232
 20
3.64406251907348
 30
0.0
 11
11.265625
 21
3.61312500635783
 31
0.0
  0
LINE
  8
0
  6
CONTINUOUS
 62
0
 10
11.265625
 20
3.61312500635783
 30
0.0
 11
11.2554168701172
 21
3.58239587148031
 31
0.0
  0
LINE
  8
0
  6
CONTINUOUS
 62
0
 10
11.2554168701172
 20
3.58239587148031
 30
0.0
 11
11.2454160054525
 21
3.55156246821086
 31
0.0
  0
LINE
  8
0
  6
CONTINUOUS
 62
0
 10
11.2454160054525
 20
3.55156246821086
 30
0.0
 11
11.2360407511393
 21
3.52072922388713
 31
0.0
  0
LINE
  8
0
  6
CONTINUOUS
 62
0
 10
11.2360407511393
 20
3.52072922388713
 30
0.0
 11
11.2280209859212
 21
3.48958333333333
 31
0.0
  0
LINE
  8
0
  6
CONTINUOUS
 62
0
 10
11.2280209859212
 20
3.48958333333333
 30
0.0
 11
11.2218742370606
 21
3.45822922388713
 31
0.0
  0
LINE
  8
0
  6
CONTINUOUS
 62
0
 10
11.2218742370606
 20
3.45822922388713
 30
0.0
 11
11.2180201212565
 21
3.42635409037272
 31
0.0
  0
LINE
  8
0
  6
CONTINUOUS
 62
0
 10
11.2180201212565
 20
3.42635409037272
 30
0.0
 11
11.2137502034505
 21
3.35239585240682
 31
0.0
  0
LINE
  8
0
  6
CONTINUOUS
 62
0
 10
11.2137502034505
 20
3.35239585240682
 30
0.0
 11
11.2115618387858
 21
3.2784374554952
 31
0.0
  0
LINE
  8
0
  6
CONTINUOUS
 62
0
 10
11.2115618387858
 20
3.2784374554952
 30
0.0
 11
11.2109375
 21
3.20437494913737
 31
0.0
  0
LINE
  8
0
  6
CONTINUOUS
 62
0
 10
11.2109375
 20
3.20437494913737
 30
0.0
 11
11.2115618387858
 21
3.13031244277954
 31
0.0
  0
LINE
  8
0
  6
CONTINUOUS
 62
0
 10
11.2115618387858
 20
3.13031244277954
 30
0.0
 11
11.213020324707
 21
3.0561458269755
 31
0.0
  0
LINE
  8
0
  6
CONTINUOUS
 62
0
 10
11.213020324707
 20
3.0561458269755
 30
0.0
 11
11.214895884196
 21
2.98197921117147
 31
0.0
  0
LINE
  8
0
  6
CONTINUOUS
 62
0
 10
11.214895884196
 20
2.98197921117147
 30
0.0
 11
11.2166659037272
 21
2.90781243642171
 31
0.0
  0
LINE
  8
0
  6
CONTINUOUS
 62
0
 10
11.2166659037272
 20
2.90781243642171
 30
0.0
 11
11.2181243896484
 21
2.83364582061768
 31
0.0
  0
LINE
  8
0
  6
CONTINUOUS
 62
0
 10
11.2181243896484
 20
2.83364582061768
 30
0.0
 11
11.21875
 21
2.75947920481364
 31
0.0
  0
LINE
  8
0
  6
CONTINUOUS
 62
0
 10
11.21875
 20
2.75947920481364
 30
0.0
 11
11.2180201212565
 21
2.68541669845581
 31
0.0
  0
LINE
  8
0
  6
CONTINUOUS
 62
0
 10
11.2180201212565
 20
2.68541669845581
 30
0.0
 11
11.2178115844727
 21
2.67979160944621
 31
0.0
  0
LINE
  8
0
  6
CONTINUOUS
 62
0
 10
11.2178115844727
 20
2.67979160944621
 30
0.0
 11
11.2171872456869
 21
2.67427078882853
 31
0.0
  0
LINE
  8
0
  6
CONTINUOUS
 62
0
 10
11.2171872456869
 20
2.67427078882853
 30
0.0
 11
11.2163543701172
 21
2.66864585876465
 31
0.0
  0
LINE
  8
0
  6
CONTINUOUS
 62
0
 10
11.2163543701172
 20
2.66864585876465
 30
0.0
 11
11.215207417806
 21
2.66312503814697
 31
0.0
  0
LINE
  8
0
  6
CONTINUOUS
 62
0
 10
11.215207417806
 20
2.66312503814697
 30
0.0
 11
11.2137502034505
 21
2.6577083269755
 31
0.0
  0
LINE
  8
0
  6
CONTINUOUS
 62
0
 10
11.2137502034505
 20
2.6577083269755
 30
0.0
 11
11.2120831807454
 21
2.65229161580404
 31
0.0
  0
LINE
  8
0
  6
CONTINUOUS
 62
0
 10
11.2120831807454
 20
2.65229161580404
 30
0.0
 11
11.2102076212565
 21
2.6469791730245
 31
0.0
  0
LINE
  8
0
  6
CONTINUOUS
 62
0
 10
11.2102076212565
 20
2.6469791730245
 30
0.0
 11
11.2080205281576
 21
2.64177083969116
 31
0.0
  0
LINE
  8
0
  6
CONTINUOUS
 62
0
 10
11.2080205281576
 20
2.64177083969116
 30
0.0
 11
11.2056248982748
 21
2.63666661580404
 31
0.0
  0
LINE
  8
0
  6
CONTINUOUS
 62
0
 10
11.2056248982748
 20
2.63666661580404
 30
0.0
 11
11.2029164632161
 21
2.63177076975505
 31
0.0
  0
LINE
  8
0
  6
CONTINUOUS
 62
0
 10
11.2029164632161
 20
2.63177076975505
 30
0.0
 11
11.1821873982748
 21
2.59906244277954
 31
0.0
  0
LINE
  8
0
  6
CONTINUOUS
 62
0
 10
11.1821873982748
 20
2.59906244277954
 30
0.0
 11
11.1580200195313
 21
2.56729173660278
 31
0.0
  0
LINE
  8
0
  6
CONTINUOUS
 62
0
 10
11.1580200195313
 20
2.56729173660278
 30
0.0
 11
11.1319783528646
 21
2.5362499554952
 31
0.0
  0
LINE
  8
0
  6
CONTINUOUS
 62
0
 10
11.1319783528646
 20
2.5362499554952
 30
0.0
 11
11.1052080790202
 21
2.50541671117147
 31
0.0
  0
LINE
  8
0
  6
CONTINUOUS
 62
0
 10
11.1052080790202
 20
2.50541671117147
 30
0.0
 11
11.0790621439616
 21
2.47447919845581
 31
0.0
  0
LINE
  8
0
  6
CONTINUOUS
 62
0
 10
11.0790621439616
 20
2.47447919845581
 30
0.0
 11
11.0550003051758
 21
2.44312493006389
 31
0.0
  0
LINE
  8
0
  6
CONTINUOUS
 62
0
 10
11.0550003051758
 20
2.44312493006389
 30
0.0
 11
11.0341669718424
 21
2.41083335876465
 31
0.0
  0
LINE
  8
0
  6
CONTINUOUS
 62
0
 10
11.0341669718424
 20
2.41083335876465
 30
0.0
 11
11.0179163614909
 21
2.37729167938232
 31
0.0
  0
LINE
  8
0
  6
CONTINUOUS
 62
0
 10
11.0179163614909
 20
2.37729167938232
 30
0.0
 11
11.0076039632161
 21
2.34218756357829
 31
0.0
  0
LINE
  8
0
  6
CONTINUOUS
 62
0
 10
11.0076039632161
 20
2.34218756357829
 30
0.0
 11
11.0046869913737
 21
2.30510417620341
 31
0.0
  0
LINE
  8
0
  6
CONTINUOUS
 62
0
 10
11.0046869913737
 20
2.30510417620341
 30
0.0
 11
11.0146865844727
 21
2.14489587148031
 31
0.0
  0
LINE
  8
0
  6
CONTINUOUS
 62
0
 10
11.0146865844727
 20
2.14489587148031
 30
0.0
 11
11.0328127543132
 21
2.04385415712992
 31
0.0
  0
LINE
  8
0
  6
CONTINUOUS
 62
0
 10
11.0328127543132
 20
2.04385415712992
 30
0.0
 11
11.0570831298828
 21
1.99041668574015
 31
0.0
  0
LINE
  8
0
  6
CONTINUOUS
 62
0
 10
11.0570831298828
 20
1.99041668574015
 30
0.0
 11
11.0855204264323
 21
1.97302087148031
 31
0.0
  0
LINE
  8
0
  6
CONTINUOUS
 62
0
 10
11.0855204264323
 20
1.97302087148031
 30
0.0
 11
11.1164576212565
 21
1.98020831743876
 31
0.0
  0
LINE
  8
0
  6
CONTINUOUS
 62
0
 10
11.1164576212565
 20
1.98020831743876
 30
0.0
 11
11.1478118896484
 21
2.00041667620341
 31
0.0
  0
LINE
  8
0
  6
CONTINUOUS
 62
0
 10
11.1478118896484
 20
2.00041667620341
 30
0.0
 11
11.1778119405111
 21
2.02218747138977
 31
0.0
  0
LINE
  8
0
  6
CONTINUOUS
 62
0
 10
11.1778119405111
 20
2.02218747138977
 30
0.0
 11
11.2043749491374
 21
2.03395835558573
 31
0.0
  0
LINE
  8
0
  6
CONTINUOUS
 62
0
 10
11.2043749491374
 20
2.03395835558573
 30
0.0
 11
11.2258326212565
 21
2.02416666348775
 31
0.0
  0
LINE
  8
0
  6
CONTINUOUS
 62
0
 10
11.2258326212565
 20
2.02416666348775
 30
0.0
 11
11.2402076721191
 21
1.98145834604899
 31
0.0
  0
LINE
  8
0
  6
CONTINUOUS
 62
0
 10
11.2402076721191
 20
1.98145834604899
 30
0.0
 11
11.2450002034505
 21
1.95270832379659
 31
0.0
  0
LINE
  8
0
  6
CONTINUOUS
 62
0
 10
11.2450002034505
 20
1.95270832379659
 30
0.0
 11
11.2497914632161
 21
1.92395830154419
 31
0.0
  0
LINE
  8
0
  6
CONTINUOUS
 62
0
 10
11.2497914632161
 20
1.92395830154419
 30
0.0
 11
11.2544784545898
 21
1.89520835876465
 31
0.0
  0
LINE
  8
0
  6
CONTINUOUS
 62
0
 10
11.2544784545898
 20
1.89520835876465
 30
0.0
 11
11.2589581807454
 21
1.86645833651225
 31
0.0
  0
LINE
  8
0
  6
CONTINUOUS
 62
0
 10
11.2589581807454
 20
1.86645833651225
 30
0.0
 11
11.2632293701172
 21
1.83760420481364
 31
0.0
  0
LINE
  8
0
  6
CONTINUOUS
 62
0
 10
11.2632293701172
 20
1.83760420481364
 30
0.0
 11
11.2668749491374
 21
1.80874999364217
 31
0.0
  0
LINE
  8
0
  6
CONTINUOUS
 62
0
 10
11.2668749491374
 20
1.80874999364217
 30
0.0
 11
11.2699991861979
 21
1.7797916730245
 31
0.0
  0
LINE
  8
0
  6
CONTINUOUS
 62
0
 10
11.2699991861979
 20
1.7797916730245
 30
0.0
 11
11.2722918192546
 21
1.75083335240682
 31
0.0
  0
LINE
  8
0
  6
CONTINUOUS
 62
0
 10
11.2722918192546
 20
1.75083335240682
 30
0.0
 11
11.2737503051758
 21
1.72187503178914
 31
0.0
  0
LINE
  8
0
  6
CONTINUOUS
 62
0
 10
11.2737503051758
 20
1.72187503178914
 30
0.0
 11
11.2741661071778
 21
1.6928125222524
 31
0.0
  0
LINE
  8
0
  6
CONTINUOUS
 62
0
 10
11.2741661071778
 20
1.6928125222524
 30
0.0
 11
11.2654164632161
 21
1.62635417779287
 31
0.0
  0
LINE
  8
0
  6
CONTINUOUS
 62
0
 10
11.2654164632161
 20
1.62635417779287
 30
0.0
 11
11.2420832316081
 21
1.57614584763845
 31
0.0
  0
LINE
  8
0
  6
CONTINUOUS
 62
0
 10
11.2420832316081
 20
1.57614584763845
 30
0.0
 11
11.2068748474121
 21
1.54072916507721
 31
0.0
  0
LINE
  8
0
  6
CONTINUOUS
 62
0
 10
11.2068748474121
 20
1.54072916507721
 30
0.0
 11
11.1626040140788
 21
1.51885418097178
 31
0.0
  0
LINE
  8
0
  6
CONTINUOUS
 62
0
 10
11.1626040140788
 20
1.51885418097178
 30
0.0
 11
11.1119791666667
 21
1.50885415077209
 31
0.0
  0
LINE
  8
0
  6
CONTINUOUS
 62
0
 10
11.1119791666667
 20
1.50885415077209
 30
0.0
 11
11.0579160054525
 21
1.50958331425985
 31
0.0
  0
LINE
  8
0
  6
CONTINUOUS
 62
0
 10
11.0579160054525
 20
1.50958331425985
 30
0.0
 11
11.0030199686686
 21
1.51958334445954
 31
0.0
  0
LINE
  8
0
  6
CONTINUOUS
 62
0
 10
11.0030199686686
 20
1.51958334445954
 30
0.0
 11
10.9502080281576
 21
1.53729168574015
 31
0.0
  0
LINE
  8
0
  6
CONTINUOUS
 62
0
 10
10.9502080281576
 20
1.53729168574015
 30
0.0
 11
10.9022916158041
 21
1.56135416030884
 31
0.0
  0
LINE
  8
0
  6
CONTINUOUS
 62
0
 10
10.9022916158041
 20
1.56135416030884
 30
0.0
 11
10.8618748982748
 21
1.59052081902822
 31
0.0
  0
LINE
  8
0
  6
CONTINUOUS
 62
0
 10
10.8618748982748
 20
1.59052081902822
 30
0.0
 11
10.8372917175293
 21
1.61645833651225
 31
0.0
  0
LINE
  8
0
  6
CONTINUOUS
 62
0
 10
10.8372917175293
 20
1.61645833651225
 30
0.0
 11
10.8178126017253
 21
1.64541665712992
 31
0.0
  0
LINE
  8
0
  6
CONTINUOUS
 62
0
 10
10.8178126017253
 20
1.64541665712992
 30
0.0
 11
10.8020833333333
 21
1.67666665712993
 31
0.0
  0
LINE
  8
0
  6
CONTINUOUS
 62
0
 10
10.8020833333333
 20
1.67666665712993
 30
0.0
 11
10.7889582316081
 21
1.7094791730245
 31
0.0
  0
LINE
  8
0
  6
CONTINUOUS
 62
0
 10
10.7889582316081
 20
1.7094791730245
 30
0.0
 11
10.7769788106283
 21
1.74322915077209
 31
0.0
  0
LINE
  8
0
  6
CONTINUOUS
 62
0
 10
10.7769788106283
 20
1.74322915077209
 30
0.0
 11
10.7648951212565
 21
1.77718750635783
 31
0.0
  0
LINE
  8
0
  6
CONTINUOUS
 62
0
 10
10.7648951212565
 20
1.77718750635783
 30
0.0
 11
10.7514584859212
 21
1.81052080790202
 31
0.0
  0
LINE
  8
0
  6
CONTINUOUS
 62
0
 10
10.7514584859212
 20
1.81052080790202
 30
0.0
 11
10.7352078755696
 21
1.84270834922791
 31
0.0
  0
LINE
  8
0
  6
CONTINUOUS
 62
0
 10
10.7352078755696
 20
1.84270834922791
 30
0.0
 11
10.7150001525879
 21
1.87281250953674
 31
0.0
  0
LINE
  8
0
  6
CONTINUOUS
 62
0
 10
10.7150001525879
 20
1.87281250953674
 30
0.0
 11
10.6893742879232
 21
1.90020831425985
 31
0.0
  0
LINE
  8
0
  6
CONTINUOUS
 62
0
 10
10.6893742879232
 20
1.90020831425985
 30
0.0
 11
10.6637496948242
 21
1.87281250953674
 31
0.0
  0
LINE
  8
0
  6
CONTINUOUS
 62
0
 10
10.6637496948242
 20
1.87281250953674
 30
0.0
 11
10.6435419718424
 21
1.84270834922791
 31
0.0
  0
LINE
  8
0
  6
CONTINUOUS
 62
0
 10
10.6435419718424
 20
1.84270834922791
 30
0.0
 11
10.6272913614909
 21
1.81052080790202
 31
0.0
  0
LINE
  8
0
  6
CONTINUOUS
 62
0
 10
10.6272913614909
 20
1.81052080790202
 30
0.0
 11
10.6138534545898
 21
1.77718750635783
 31
0.0
  0
LINE
  8
0
  6
CONTINUOUS
 62
0
 10
10.6138534545898
 20
1.77718750635783
 30
0.0
 11
10.6017710367839
 21
1.74322915077209
 31
0.0
  0
LINE
  8
0
  6
CONTINUOUS
 62
0
 10
10.6017710367839
 20
1.74322915077209
 30
0.0
 11
10.589895884196
 21
1.7094791730245
 31
0.0
  0
LINE
  8
0
  6
CONTINUOUS
 62
0
 10
10.589895884196
 20
1.7094791730245
 30
0.0
 11
10.5766665140788
 21
1.67666665712993
 31
0.0
  0
LINE
  8
0
  6
CONTINUOUS
 62
0
 10
10.5766665140788
 20
1.67666665712993
 30
0.0
 11
10.5610415140788
 21
1.64541665712992
 31
0.0
  0
LINE
  8
0
  6
CONTINUOUS
 62
0
 10
10.5610415140788
 20
1.64541665712992
 30
0.0
 11
10.5415623982748
 21
1.61645833651225
 31
0.0
  0
LINE
  8
0
  6
CONTINUOUS
 62
0
 10
10.5415623982748
 20
1.61645833651225
 30
0.0
 11
10.5168749491374
 21
1.59052081902822
 31
0.0
  0
LINE
  8
0
  6
CONTINUOUS
 62
0
 10
10.5168749491374
 20
1.59052081902822
 30
0.0
 11
10.4765625
 21
1.56135416030884
 31
0.0
  0
LINE
  8
0
  6
CONTINUOUS
 62
0
 10
10.4765625
 20
1.56135416030884
 30
0.0
 11
10.4285418192546
 21
1.53729168574015
 31
0.0
  0
LINE
  8
0
  6
CONTINUOUS
 62
0
 10
10.4285418192546
 20
1.53729168574015
 30
0.0
 11
10.3757286071778
 21
1.51958334445954
 31
0.0
  0
LINE
  8
0
  6
CONTINUOUS
 62
0
 10
10.3757286071778
 20
1.51958334445954
 30
0.0
 11
10.3209368387858
 21
1.50958331425985
 31
0.0
  0
LINE
  8
0
  6
CONTINUOUS
 62
0
 10
10.3209368387858
 20
1.50958331425985
 30
0.0
 11
10.2667706807454
 21
1.50885415077209
 31
0.0
  0
LINE
  8
0
  6
CONTINUOUS
 62
0
 10
10.2667706807454
 20
1.50885415077209
 30
0.0
 11
10.2162501017253
 21
1.51885418097178
 31
0.0
  0
LINE
  8
0
  6
CONTINUOUS
 62
0
 10
10.2162501017253
 20
1.51885418097178
 30
0.0
 11
10.171875
 21
1.54072916507721
 31
0.0
  0
LINE
  8
0
  6
CONTINUOUS
 62
0
 10
10.171875
 20
1.54072916507721
 30
0.0
 11
10.1366666158041
 21
1.57614584763845
 31
0.0
  0
LINE
  8
0
  6
CONTINUOUS
 62
0
 10
10.1366666158041
 20
1.57614584763845
 30
0.0
 11
10.113333384196
 21
1.62635417779287
 31
0.0
  0
LINE
  8
0
  6
CONTINUOUS
 62
0
 10
10.113333384196
 20
1.62635417779287
 30
0.0
 11
10.1046867370606
 21
1.6928125222524
 31
0.0
  0
LINE
  8
0
  6
CONTINUOUS
 62
0
 10
10.1046867370606
 20
1.6928125222524
 30
0.0
 11
10.1051038106283
 21
1.72187503178914
 31
0.0
  0
LINE
  8
0
  6
CONTINUOUS
 62
0
 10
10.1051038106283
 20
1.72187503178914
 30
0.0
 11
10.1064580281576
 21
1.75083335240682
 31
0.0
  0
LINE
  8
0
  6
CONTINUOUS
 62
0
 10
10.1064580281576
 20
1.75083335240682
 30
0.0
 11
10.1088536580404
 21
1.7797916730245
 31
0.0
  0
LINE
  8
0
  6
CONTINUOUS
 62
0
 10
10.1088536580404
 20
1.7797916730245
 30
0.0
 11
10.1118748982748
 21
1.80874999364217
 31
0.0
  0
LINE
  8
0
  6
CONTINUOUS
 62
0
 10
10.1118748982748
 20
1.80874999364217
 30
0.0
 11
10.1156247456868
 21
1.83760420481364
 31
0.0
  0
LINE
  8
0
  6
CONTINUOUS
 62
0
 10
10.1156247456868
 20
1.83760420481364
 30
0.0
 11
10.1197916666667
 21
1.86645833651225
 31
0.0
  0
LINE
  8
0
  6
CONTINUOUS
 62
0
 10
10.1197916666667
 20
1.86645833651225
 30
0.0
 11
10.1243743896484
 21
1.89520835876465
 31
0.0
  0
LINE
  8
0
  6
CONTINUOUS
 62
0
 10
10.1243743896484
 20
1.89520835876465
 30
0.0
 11
10.1290626525879
 21
1.92395830154419
 31
0.0
  0
LINE
  8
0
  6
CONTINUOUS
 62
0
 10
10.1290626525879
 20
1.92395830154419
 30
0.0
 11
10.1338539123535
 21
1.95270832379659
 31
0.0
  0
LINE
  8
0
  6
CONTINUOUS
 62
0
 10
10.1338539123535
 20
1.95270832379659
 30
0.0
 11
10.1385409037272
 21
1.98145834604899
 31
0.0
  0
LINE
  8
0
  6
CONTINUOUS
 62
0
 10
10.1385409037272
 20
1.98145834604899
 30
0.0
 11
10.1529159545898
 21
2.02416666348775
 31
0.0
  0
LINE
  8
0
  6
CONTINUOUS
 62
0
 10
10.1529159545898
 20
2.02416666348775
 30
0.0
 11
10.1743748982747
 21
2.03395835558573
 31
0.0
  0
LINE
  8
0
  6
CONTINUOUS
 62
0
 10
10.1743748982747
 20
2.03395835558573
 30
0.0
 11
10.2010409037272
 21
2.02218747138977
 31
0.0
  0
LINE
  8
0
  6
CONTINUOUS
 62
0
 10
10.2010409037272
 20
2.02218747138977
 30
0.0
 11
10.2309366861979
 21
2.00041667620341
 31
0.0
  0
LINE
  8
0
  6
CONTINUOUS
 62
0
 10
10.2309366861979
 20
2.00041667620341
 30
0.0
 11
10.2623952229818
 21
1.98020831743876
 31
0.0
  0
LINE
  8
0
  6
CONTINUOUS
 62
0
 10
10.2623952229818
 20
1.98020831743876
 30
0.0
 11
10.2932294209798
 21
1.97302087148031
 31
0.0
  0
LINE
  8
0
  6
CONTINUOUS
 62
0
 10
10.2932294209798
 20
1.97302087148031
 30
0.0
 11
10.3217709859212
 21
1.99041668574015
 31
0.0
  0
LINE
  8
0
  6
CONTINUOUS
 62
0
 10
10.3217709859212
 20
1.99041668574015
 30
0.0
 11
10.3460413614909
 21
2.04385415712992
 31
0.0
  0
LINE
  8
0
  6
CONTINUOUS
 62
0
 10
10.3460413614909
 20
2.04385415712992
 30
0.0
 11
10.3640619913737
 21
2.14489587148031
 31
0.0
  0
LINE
  8
0
  6
CONTINUOUS
 62
0
 10
10.3640619913737
 20
2.14489587148031
 30
0.0
 11
10.3741658528646
 21
2.30510417620341
 31
0.0
  0
LINE
  8
0
  6
CONTINUOUS
 62
0
 10
10.3741658528646
 20
2.30510417620341
 30
0.0
 11
10.371145884196
 21
2.34218756357829
 31
0.0
  0
LINE
  8
0
  6
CONTINUOUS
 62
0
 10
10.371145884196
 20
2.34218756357829
 30
0.0
 11
10.3608334859212
 21
2.37729167938232
 31
0.0
  0
LINE
  8
0
  6
CONTINUOUS
 62
0
 10
10.3608334859212
 20
2.37729167938232
 30
0.0
 11
10.3446871439616
 21
2.41083335876465
 31
0.0
  0
LINE
  8
0
  6
CONTINUOUS
 62
0
 10
10.3446871439616
 20
2.41083335876465
 30
0.0
 11
10.3238538106283
 21
2.44312493006389
 31
0.0
  0
LINE
  8
0
  6
CONTINUOUS
 62
0
 10
10.3238538106283
 20
2.44312493006389
 30
0.0
 11
10.2996877034505
 21
2.47447919845581
 31
0.0
  0
LINE
  8
0
  6
CONTINUOUS
 62
0
 10
10.2996877034505
 20
2.47447919845581
 30
0.0
 11
10.2736460367839
 21
2.50541671117147
 31
0.0
  0
LINE
  8
0
  6
CONTINUOUS
 62
0
 10
10.2736460367839
 20
2.50541671117147
 30
0.0
 11
10.2468744913737
 21
2.5362499554952
 31
0.0
  0
LINE
  8
0
  6
CONTINUOUS
 62
0
 10
10.2468744913737
 20
2.5362499554952
 30
0.0
 11
10.2207285563151
 21
2.56729173660278
 31
0.0
  0
LINE
  8
0
  6
CONTINUOUS
 62
0
 10
10.2207285563151
 20
2.56729173660278
 30
0.0
 11
10.1966667175293
 21
2.59906244277954
 31
0.0
  0
LINE
  8
0
  6
CONTINUOUS
 62
0
 10
10.1966667175293
 20
2.59906244277954
 30
0.0
 11
10.175833384196
 21
2.63177076975505
 31
0.0
  0
LINE
  8
0
  6
CONTINUOUS
 62
0
 10
10.175833384196
 20
2.63177076975505
 30
0.0
 11
10.1732292175293
 21
2.63666661580404
 31
0.0
  0
LINE
  8
0
  6
CONTINUOUS
 62
0
 10
10.1732292175293
 20
2.63666661580404
 30
0.0
 11
10.1708335876465
 21
2.64177083969116
 31
0.0
  0
LINE
  8
0
  6
CONTINUOUS
 62
0
 10
10.1708335876465
 20
2.64177083969116
 30
0.0
 11
10.1686452229818
 21
2.6469791730245
 31
0.0
  0
LINE
  8
0
  6
CONTINUOUS
 62
0
 10
10.1686452229818
 20
2.6469791730245
 30
0.0
 11
10.1666666666667
 21
2.65229161580404
 31
0.0
  0
LINE
  8
0
  6
CONTINUOUS
 62
0
 10
10.1666666666667
 20
2.65229161580404
 30
0.0
 11
10.1649996439616
 21
2.6577083269755
 31
0.0
  0
LINE
  8
0
  6
CONTINUOUS
 62
0
 10
10.1649996439616
 20
2.6577083269755
 30
0.0
 11
10.1635411580404
 21
2.66312503814697
 31
0.0
  0
LINE
  8
0
  6
CONTINUOUS
 62
0
 10
10.1635411580404
 20
2.66312503814697
 30
0.0
 11
10.1623954772949
 21
2.66864585876465
 31
0.0
  0
LINE
  8
0
  6
CONTINUOUS
 62
0
 10
10.1623954772949
 20
2.66864585876465
 30
0.0
 11
10.1615626017253
 21
2.67427078882853
 31
0.0
  0
LINE
  8
0
  6
CONTINUOUS
 62
0
 10
10.1615626017253
 20
2.67427078882853
 30
0.0
 11
10.1609369913737
 21
2.67979160944621
 31
0.0
  0
LINE
  8
0
  6
CONTINUOUS
 62
0
 10
10.1609369913737
 20
2.67979160944621
 30
0.0
 11
10.1607284545898
 21
2.68541669845581
 31
0.0
  0
LINE
  8
0
  6
CONTINUOUS
 62
0
 10
10.1607284545898
 20
2.68541669845581
 30
0.0
 11
10.1601041158041
 21
2.75947920481364
 31
0.0
  0
LINE
  8
0
  6
CONTINUOUS
 62
0
 10
10.1601041158041
 20
2.75947920481364
 30
0.0
 11
10.1606241861979
 21
2.83364582061768
 31
0.0
  0
LINE
  8
0
  6
CONTINUOUS
 62
0
 10
10.1606241861979
 20
2.83364582061768
 30
0.0
 11
10.1620826721191
 21
2.90781243642171
 31
0.0
  0
LINE
  8
0
  6
CONTINUOUS
 62
0
 10
10.1620826721191
 20
2.90781243642171
 30
0.0
 11
10.1639582316081
 21
2.98197921117147
 31
0.0
  0
LINE
  8
0
  6
CONTINUOUS
 62
0
 10
10.1639582316081
 20
2.98197921117147
 30
0.0
 11
10.1658325195313
 21
3.0561458269755
 31
0.0
  0
LINE
  8
0
  6
CONTINUOUS
 62
0
 10
10.1658325195313
 20
3.0561458269755
 30
0.0
 11
10.1672910054525
 21
3.13031244277954
 31
0.0
  0
LINE
  8
0
  6
CONTINUOUS
 62
0
 10
10.1672910054525
 20
3.13031244277954
 30
0.0
 11
10.1679166158041
 21
3.20437494913737
 31
0.0
  0
LINE
  8
0
  6
CONTINUOUS
 62
0
 10
10.1679166158041
 20
3.20437494913737
 30
0.0
 11
10.1672910054525
 21
3.2784374554952
 31
0.0
  0
LINE
  8
0
  6
CONTINUOUS
 62
0
 10
10.1672910054525
 20
3.2784374554952
 30
0.0
 11
10.1649996439616
 21
3.35239585240682
 31
0.0
  0
LINE
  8
0
  6
CONTINUOUS
 62
0
 10
10.1649996439616
 20
3.35239585240682
 30
0.0
 11
10.1607284545898
 21
3.42635409037272
 31
0.0
  0
LINE
  8
0
  6
CONTINUOUS
 62
0
 10
10.1607284545898
 20
3.42635409037272
 30
0.0
 11
10.1569786071778
 21
3.45822922388713
 31
0.0
  0
LINE
  8
0
  6
CONTINUOUS
 62
0
 10
10.1569786071778
 20
3.45822922388713
 30
0.0
 11
10.1507288614909
 21
3.48958333333333
 31
0.0
  0
LINE
  8
0
  6
CONTINUOUS
 62
0
 10
10.1507288614909
 20
3.48958333333333
 30
0.0
 11
10.142707824707
 21
3.52072922388713
 31
0.0
  0
LINE
  8
0
  6
CONTINUOUS
 62
0
 10
10.142707824707
 20
3.52072922388713
 30
0.0
 11
10.1333325703939
 21
3.55156246821085
 31
0.0
  0
LINE
  8
0
  6
CONTINUOUS
 62
0
 10
10.1333325703939
 20
3.55156246821085
 30
0.0
 11
10.1233329772949
 21
3.58239587148031
 31
0.0
  0
LINE
  8
0
  6
CONTINUOUS
 62
0
 10
10.1233329772949
 20
3.58239587148031
 30
0.0
 11
10.1132291158041
 21
3.61312500635783
 31
0.0
  0
LINE
  8
0
  6
CONTINUOUS
 62
0
 10
10.1132291158041
 20
3.61312500635783
 30
0.0
 11
10.1035410563151
 21
3.64406251907348
 31
0.0
  0
LINE
  8
0
  6
CONTINUOUS
 62
0
 10
10.1035410563151
 20
3.64406251907348
 30
0.0
 11
10.0947914123535
 21
3.67510414123535
 31
0.0
  0
LINE
  8
0
  6
CONTINUOUS
 62
0
 10
10.0947914123535
 20
3.67510414123535
 30
0.0
 11
10.0877075195313
 21
3.70645840962728
 31
0.0
  0
LINE
  8
0
  6
CONTINUOUS
 62
0
 10
10.0877075195313
 20
3.70645840962728
 30
0.0
 11
10.0828119913737
 21
3.73812484741211
 31
0.0
  0
LINE
  8
0
  6
CONTINUOUS
 62
0
 10
10.0828119913737
 20
3.73812484741211
 30
0.0
 11
10.0746866861979
 21
3.81708335876465
 31
0.0
  0
LINE
  8
0
  6
CONTINUOUS
 62
0
 10
10.0746866861979
 20
3.81708335876465
 30
0.0
 11
10.0681241353353
 21
3.89677079518636
 31
0.0
  0
LINE
  8
0
  6
CONTINUOUS
 62
0
 10
10.0681241353353
 20
3.89677079518636
 30
0.0
 11
10.0630200703939
 21
3.97687498728434
 31
0.0
  0
LINE
  8
0
  6
CONTINUOUS
 62
0
 10
10.0630200703939
 20
3.97687498728434
 30
0.0
 11
10.0593744913737
 21
4.05739593505859
 31
0.0
  0
LINE
  8
0
  6
CONTINUOUS
 62
0
 10
10.0593744913737
 20
4.05739593505859
 30
0.0
 11
10.056770324707
 21
4.13833332061768
 31
0.0
  0
LINE
  8
0
  6
CONTINUOUS
 62
0
 10
10.056770324707
 20
4.13833332061768
 30
0.0
 11
10.0553118387858
 21
4.2195831934611
 31
0.0
  0
LINE
  8
0
  6
CONTINUOUS
 62
0
 10
10.0553118387858
 20
4.2195831934611
 30
0.0
 11
10.0547917683919
 21
4.30114587148031
 31
0.0
  0
LINE
  8
0
  6
CONTINUOUS
 62
0
 10
10.0547917683919
 20
4.30114587148031
 30
0.0
 11
10.0550003051758
 21
4.3828125
 31
0.0
  0
LINE
  8
0
  6
CONTINUOUS
 62
0
 10
10.0550003051758
 20
4.3828125
 30
0.0
 11
10.0558331807454
 21
4.46468734741211
 31
0.0
  0
LINE
  8
0
  6
CONTINUOUS
 62
0
 10
10.0558331807454
 20
4.46468734741211
 30
0.0
 11
10.0571873982747
 21
4.54656251271566
 31
0.0
  0
LINE
  8
0
  6
CONTINUOUS
 62
0
 10
10.0571873982747
 20
4.54656251271566
 30
0.0
 11
10.058957417806
 21
4.62843736012777
 31
0.0
  0
LINE
  8
0
  6
CONTINUOUS
 62
0
 10
10.058957417806
 20
4.62843736012777
 30
0.0
 11
10.0609372456869
 21
4.71031252543131
 31
0.0
  0
LINE
  8
0
  6
CONTINUOUS
 62
0
 10
10.0609372456869
 20
4.71031252543131
 30
0.0
 11
10.0630200703939
 21
4.79197915395101
 31
0.0
  0
LINE
  8
0
  6
CONTINUOUS
 62
0
 10
10.0630200703939
 20
4.79197915395101
 30
0.0
 11
10.0649998982747
 21
4.87343756357829
 31
0.0
  0
LINE
  8
0
  6
CONTINUOUS
 62
0
 10
10.0649998982747
 20
4.87343756357829
 30
0.0
 11
10.0668741861979
 21
4.95468743642169
 31
0.0
  0
LINE
  8
0
  6
CONTINUOUS
 62
0
 10
10.0668741861979
 20
4.95468743642169
 30
0.0
 11
10.0683326721191
 21
5.03562513987224
 31
0.0
  0
LINE
  8
0
  6
CONTINUOUS
 62
0
 10
10.0683326721191
 20
5.03562513987224
 30
0.0
 11
10.0693740844727
 21
5.11614576975504
 31
0.0
  0
LINE
  8
0
  6
CONTINUOUS
 62
0
 10
10.0693740844727
 20
5.11614576975504
 30
0.0
 11
10.0698954264323
 21
5.19624996185303
 31
0.0
  0
LINE
  8
0
  6
CONTINUOUS
 62
0
 10
10.0698954264323
 20
5.19624996185303
 30
0.0
 11
10.0695826212565
 21
5.27583344777425
 31
0.0
  0
LINE
  8
0
  6
CONTINUOUS
 62
0
 10
10.0695826212565
 20
5.27583344777425
 30
0.0
 11
10.0689582824707
 21
5.35166676839193
 31
0.0
  0
LINE
  8
0
  6
CONTINUOUS
 62
0
 10
10.0689582824707
 20
5.35166676839193
 30
0.0
 11
10.0683326721191
 21
5.42750008900961
 31
0.0
  0
LINE
  8
0
  6
CONTINUOUS
 62
0
 10
10.0683326721191
 20
5.42750008900961
 30
0.0
 11
10.0677083333333
 21
5.50333340962728
 31
0.0
  0
LINE
  8
0
  6
CONTINUOUS
 62
0
 10
10.0677083333333
 20
5.50333340962728
 30
0.0
 11
10.0669784545898
 21
5.57916673024496
 31
0.0
  0
LINE
  8
0
  6
CONTINUOUS
 62
0
 10
10.0669784545898
 20
5.57916673024496
 30
0.0
 11
10.0663541158041
 21
5.65500005086264
 31
0.0
  0
LINE
  8
0
  6
CONTINUOUS
 62
0
 10
10.0663541158041
 20
5.65500005086264
 30
0.0
 11
10.0657285054525
 21
5.73083337148032
 31
0.0
  0
LINE
  8
0
  6
CONTINUOUS
 62
0
 10
10.0657285054525
 20
5.73083337148032
 30
0.0
 11
10.0649998982747
 21
5.80666669209799
 31
0.0
  0
LINE
  8
0
  6
CONTINUOUS
 62
0
 10
10.0649998982747
 20
5.80666669209799
 30
0.0
 11
10.0643742879232
 21
5.88250001271567
 31
0.0
  0
LINE
  8
0
  6
CONTINUOUS
 62
0
 10
10.0643742879232
 20
5.88250001271567
 30
0.0
 11
10.0637499491374
 21
5.95833333333335
 31
0.0
  0
LINE
  8
0
  6
CONTINUOUS
 62
0
 10
10.0637499491374
 20
5.95833333333335
 30
0.0
 11
10.0631243387858
 21
6.03416665395102
 31
0.0
  0
LINE
  8
0
  6
CONTINUOUS
 62
0
 10
10.0631243387858
 20
6.03416665395102
 30
0.0
 11
10.0628128051758
 21
6.07208347320555
 31
0.0
  0
LINE
  8
0
  6
CONTINUOUS
 62
0
 10
10.0628128051758
 20
6.07208347320555
 30
0.0
 11
10.0623957316081
 21
6.1099999745687
 31
0.0
  0
LINE
  8
0
  6
CONTINUOUS
 62
0
 10
10.0623957316081
 20
6.1099999745687
 30
0.0
 11
10.0620829264323
 21
6.14791679382323
 31
0.0
  0
LINE
  8
0
  6
CONTINUOUS
 62
0
 10
10.0620829264323
 20
6.14791679382323
 30
0.0
 11
10.0617701212565
 21
6.18583329518638
 31
0.0
  0
LINE
  8
0
  6
CONTINUOUS
 62
0
 10
10.0617701212565
 20
6.18583329518638
 30
0.0
 11
10.0614585876465
 21
6.22375011444091
 31
0.0
  0
LINE
  8
0
  6
CONTINUOUS
 62
0
 10
10.0614585876465
 20
6.22375011444091
 30
0.0
 11
10.0611457824707
 21
6.26166661580405
 31
0.0
  0
LINE
  8
0
  6
CONTINUOUS
 62
0
 10
10.0611457824707
 20
6.26166661580405
 30
0.0
 11
10.0605201721191
 21
6.33750025431315
 31
0.0
  0
LINE
  8
0
  6
CONTINUOUS
 62
0
 10
10.0605201721191
 20
6.33750025431315
 30
0.0
 11
10.0602086385091
 21
6.37541643778484
 31
0.0
  0
LINE
  8
0
  6
CONTINUOUS
 62
0
 10
10.0602086385091
 20
6.37541643778484
 30
0.0
 11
10.0598958333333
 21
6.41333325703937
 31
0.0
  0
LINE
  8
0
  6
CONTINUOUS
 62
0
 10
10.0598958333333
 20
6.41333325703937
 30
0.0
 11
10.0590616861979
 21
6.5119794209798
 31
0.0
  0
LINE
  8
0
  6
CONTINUOUS
 62
0
 10
10.0590616861979
 20
6.5119794209798
 30
0.0
 11
10.058957417806
 21
6.6087500254313
 31
0.0
  0
LINE
  8
0
  6
CONTINUOUS
 62
0
 10
10.058957417806
 20
6.6087500254313
 30
0.0
 11
10.0604159037272
 21
6.70343780517579
 31
0.0
  0
LINE
  8
0
  6
CONTINUOUS
 62
0
 10
10.0604159037272
 20
6.70343780517579
 30
0.0
 11
10.0642700195313
 21
6.7952086130778
 31
0.0
  0
LINE
  8
0
  6
CONTINUOUS
 62
0
 10
10.0642700195313
 20
6.7952086130778
 30
0.0
 11
10.0713539123535
 21
6.88375027974445
 31
0.0
  0
LINE
  8
0
  6
CONTINUOUS
 62
0
 10
10.0713539123535
 20
6.88375027974445
 30
0.0
 11
10.0824991861979
 21
6.96854146321614
 31
0.0
  0
LINE
  8
0
  6
CONTINUOUS
 62
0
 10
10.0824991861979
 20
6.96854146321614
 30
0.0
 11
10.0985412597656
 21
7.04906272888185
 31
0.0
  0
LINE
  8
0
  6
CONTINUOUS
 62
0
 10
10.0985412597656
 20
7.04906272888185
 30
0.0
 11
10.1203117370606
 21
7.12468719482421
 31
0.0
  0
LINE
  8
0
  6
CONTINUOUS
 62
0
 10
10.1203117370606
 20
7.12468719482421
 30
0.0
 11
10.1486460367839
 21
7.19510396321614
 31
0.0
  0
LINE
  8
0
  6
CONTINUOUS
 62
0
 10
10.1486460367839
 20
7.19510396321614
 30
0.0
 11
10.1844787597656
 21
7.25968742370606
 31
0.0
  0
LINE
  8
0
  6
CONTINUOUS
 62
0
 10
10.1844787597656
 20
7.25968742370606
 30
0.0
 11
10.228645324707
 21
7.3179168701172
 31
0.0
  0
LINE
  8
0
  6
CONTINUOUS
 62
0
 10
10.228645324707
 20
7.3179168701172
 30
0.0
 11
10.2817700703939
 21
7.36937522888185
 31
0.0
  0
LINE
  8
0
  6
CONTINUOUS
 62
0
 10
10.2817700703939
 20
7.36937522888185
 30
0.0
 11
10.2808329264323
 21
7.3756249745687
 31
0.0
  0
LINE
  8
0
  6
CONTINUOUS
 62
0
 10
10.2808329264323
 20
7.3756249745687
 30
0.0
 11
10.2800000508626
 21
7.3817710876465
 31
0.0
  0
LINE
  8
0
  6
CONTINUOUS
 62
0
 10
10.2800000508626
 20
7.3817710876465
 30
0.0
 11
10.2792701721191
 21
7.38802083333335
 31
0.0
  0
LINE
  8
0
  6
CONTINUOUS
 62
0
 10
10.2792701721191
 20
7.38802083333335
 30
0.0
 11
10.2786458333333
 21
7.3942705790202
 31
0.0
  0
LINE
  8
0
  6
CONTINUOUS
 62
0
 10
10.2786458333333
 20
7.3942705790202
 30
0.0
 11
10.2781244913737
 21
7.40052096048992
 31
0.0
  0
LINE
  8
0
  6
CONTINUOUS
 62
0
 10
10.2781244913737
 20
7.40052096048992
 30
0.0
 11
10.2776044209798
 21
7.40677070617677
 31
0.0
  0
LINE
  8
0
  6
CONTINUOUS
 62
0
 10
10.2776044209798
 20
7.40677070617677
 30
0.0
 11
10.2772916158041
 21
7.4130210876465
 31
0.0
  0
LINE
  8
0
  6
CONTINUOUS
 62
0
 10
10.2772916158041
 20
7.4130210876465
 30
0.0
 11
10.2769788106283
 21
7.41937510172528
 31
0.0
  0
LINE
  8
0
  6
CONTINUOUS
 62
0
 10
10.2769788106283
 20
7.41937510172528
 30
0.0
 11
10.2768745422363
 21
7.42562484741213
 31
0.0
  0
LINE
  8
0
  6
CONTINUOUS
 62
0
 10
10.2768745422363
 20
7.42562484741213
 30
0.0
 11
10.2768745422363
 21
7.47124989827472
 31
0.0
  0
LINE
  8
0
  6
CONTINUOUS
 62
0
 10
10.2768745422363
 20
7.47124989827472
 30
0.0
 11
10.2854169209798
 21
7.55312474568685
 31
0.0
  0
LINE
  8
0
  6
CONTINUOUS
 62
0
 10
10.2854169209798
 20
7.55312474568685
 30
0.0
 11
10.3108329772949
 21
7.63135401407878
 31
0.0
  0
LINE
  8
0
  6
CONTINUOUS
 62
0
 10
10.3108329772949
 20
7.63135401407878
 30
0.0
 11
10.351978302002
 21
7.70260429382323
 31
0.0
  0
LINE
  8
0
  6
CONTINUOUS
 62
0
 10
10.351978302002
 20
7.70260429382323
 30
0.0
 11
10.4070828755697
 21
7.76385434468587
 31
0.0
  0
LINE
  8
0
  6
CONTINUOUS
 62
0
 10
10.4070828755697
 20
7.76385434468587
 30
0.0
 11
10.4736455281576
 21
7.81218719482421
 31
0.0
  0
LINE
  8
0
  6
CONTINUOUS
 62
0
 10
10.4736455281576
 20
7.81218719482421
 30
0.0
 11
10.5488535563151
 21
7.84562492370606
 31
0.0
  0
LINE
  8
0
  6
CONTINUOUS
 62
0
 10
10.5488535563151
 20
7.84562492370606
 30
0.0
 11
10.6293741861979
 21
7.86281267801921
 31
0.0
  0
LINE
  8
0
  6
CONTINUOUS
 62
0
 10
10.6293741861979
 20
7.86281267801921
 30
0.0
 11
10.7116661071778
 21
7.86281267801921
 31
0.0
  0
LINE
  8
0
  6
CONTINUOUS
 62
0
 10
10.7116661071778
 20
7.86281267801921
 30
0.0
 11
10.7921867370606
 21
7.84562492370606
 31
0.0
  0
LINE
  8
0
  6
CONTINUOUS
 62
0
 10
10.7921867370606
 20
7.84562492370606
 30
0.0
 11
10.8673960367839
 21
7.81218719482421
 31
0.0
  0
LINE
  8
0
  6
CONTINUOUS
 62
0
 10
10.8673960367839
 20
7.81218719482421
 30
0.0
 11
10.933957417806
 21
7.76385434468587
 31
0.0
  0
LINE
  8
0
  6
CONTINUOUS
 62
0
 10
10.933957417806
 20
7.76385434468587
 30
0.0
 11
10.9890619913737
 21
7.70260429382323
 31
0.0
  0
LINE
  8
0
  6
CONTINUOUS
 62
0
 10
10.9890619913737
 20
7.70260429382323
 30
0.0
 11
11.0302085876465
 21
7.63135401407878
 31
0.0
  0
LINE
  8
0
  6
CONTINUOUS
 62
0
 10
11.0302085876465
 20
7.63135401407878
 30
0.0
 11
11.0556246439616
 21
7.55312474568685
 31
0.0
  0
LINE
  8
0
  6
CONTINUOUS
 62
0
 10
11.0556246439616
 20
7.55312474568685
 30
0.0
 11
11.0642700195313
 21
7.47124989827472
 31
0.0
  0
LINE
  8
0
  6
CONTINUOUS
 62
0
 10
11.0642700195313
 20
7.47124989827472
 30
0.0
 11
11.0642700195313
 21
7.43187522888185
 31
0.0
  0
LINE
  8
0
  6
CONTINUOUS
 62
0
 10
11.0642700195313
 20
7.43187522888185
 30
0.0
 11
11.0641657511393
 21
7.42822901407878
 31
0.0
  0
LINE
  8
0
  6
CONTINUOUS
 62
0
 10
11.0641657511393
 20
7.42822901407878
 30
0.0
 11
11.0641657511393
 21
7.42458343505858
 31
0.0
  0
LINE
  8
0
  6
CONTINUOUS
 62
0
 10
11.0641657511393
 20
7.42458343505858
 30
0.0
 11
11.0640627543132
 21
7.4208335876465
 31
0.0
  0
LINE
  8
0
  6
CONTINUOUS
 62
0
 10
11.0640627543132
 20
7.4208335876465
 30
0.0
 11
11.0639584859212
 21
7.41718737284343
 31
0.0
  0
LINE
  8
0
  6
CONTINUOUS
 62
0
 10
11.0639584859212
 20
7.41718737284343
 30
0.0
 11
11.0638542175293
 21
7.41354179382323
 31
0.0
  0
LINE
  8
0
  6
CONTINUOUS
 62
0
 10
11.0638542175293
 20
7.41354179382323
 30
0.0
 11
11.0636456807454
 21
7.4098955790202
 31
0.0
  0
LINE
  8
0
  6
CONTINUOUS
 62
0
 10
11.0636456807454
 20
7.4098955790202
 30
0.0
 11
11.0634371439616
 21
7.40625
 31
0.0
  0
LINE
  8
0
  6
CONTINUOUS
 62
0
 10
11.0634371439616
 20
7.40625
 30
0.0
 11
11.0631243387858
 21
7.4026044209798
 31
0.0
  0
LINE
  8
0
  6
CONTINUOUS
 62
0
 10
11.0631243387858
 20
7.4026044209798
 30
0.0
 11
11.0628128051758
 21
7.39895820617677
 31
0.0
  0
LINE
  8
0
  6
CONTINUOUS
 62
0
 10
25.9212497075399
 20
9.98635419209799
 30
0.0
 11
25.9244788487752
 21
9.98406219482421
 31
0.0
  0
LINE
  8
0
  6
CONTINUOUS
 62
0
 10
25.9244788487752
 20
9.98406219482421
 30
0.0
 11
25.9870830376943
 21
9.92729187011721
 31
0.0
  0
LINE
  8
0
  6
CONTINUOUS
 62
0
 10
25.9870830376943
 20
9.92729187011721
 30
0.0
 11
26.0361455281576
 21
9.85854148864748
 31
0.0
  0
LINE
  8
0
  6
CONTINUOUS
 62
0
 10
26.0361455281576
 20
9.85854148864748
 30
0.0
 11
26.0693746805191
 21
9.78083356221516
 31
0.0
  0
LINE
  8
0
  6
CONTINUOUS
 62
0
 10
26.0693746805191
 20
9.78083356221516
 30
0.0
 11
26.0853122075399
 21
9.69791666666665
 31
0.0
  0
LINE
  8
0
  6
CONTINUOUS
 62
0
 10
26.0853122075399
 20
9.69791666666665
 30
0.0
 11
26.0831246773402
 21
9.61343765258787
 31
0.0
  0
LINE
  8
0
  6
CONTINUOUS
 62
0
 10
26.0831246773402
 20
9.61343765258787
 30
0.0
 11
26.063020547231
 21
9.53135426839193
 31
0.0
  0
LINE
  8
0
  6
CONTINUOUS
 62
0
 10
26.063020547231
 20
9.53135426839193
 30
0.0
 11
26.0258330106735
 21
9.45552062988279
 31
0.0
  0
LINE
  8
0
  6
CONTINUOUS
 62
0
 10
26.0258330106735
 20
9.45552062988279
 30
0.0
 11
25.9733330408732
 21
9.38927078247071
 31
0.0
  0
LINE
  8
0
  6
CONTINUOUS
 62
0
 10
25.9733330408732
 20
9.38927078247071
 30
0.0
 11
25.9079163869222
 21
9.33583323160807
 31
0.0
  0
LINE
  8
0
  6
CONTINUOUS
 62
0
 10
25.9079163869222
 20
9.33583323160807
 30
0.0
 11
25.8326038519542
 21
9.2974999745687
 31
0.0
  0
LINE
  8
0
  6
CONTINUOUS
 62
0
 10
25.8326038519542
 20
9.2974999745687
 30
0.0
 11
25.7509372234345
 21
9.27625020345051
 31
0.0
  0
LINE
  8
0
  6
CONTINUOUS
 62
0
 10
25.7509372234345
 20
9.27625020345051
 30
0.0
 11
25.66645805041
 21
9.2728125254313
 31
0.0
  0
LINE
  8
0
  6
CONTINUOUS
 62
0
 10
25.66645805041
 20
9.2728125254313
 30
0.0
 11
25.6661455631256
 21
9.234375
 31
0.0
  0
LINE
  8
0
  6
CONTINUOUS
 62
0
 10
25.6661455631256
 20
9.234375
 30
0.0
 11
25.6657288869222
 21
9.19041697184244
 31
0.0
  0
LINE
  8
0
  6
CONTINUOUS
 62
0
 10
25.6657288869222
 20
9.19041697184244
 30
0.0
 11
25.6652080217997
 21
9.14041646321614
 31
0.0
  0
LINE
  8
0
  6
CONTINUOUS
 62
0
 10
25.6652080217997
 20
9.14041646321614
 30
0.0
 11
25.6646871566772
 21
9.08406257629394
 31
0.0
  0
LINE
  8
0
  6
CONTINUOUS
 62
0
 10
25.6646871566772
 20
9.08406257629394
 30
0.0
 11
25.6640621821086
 21
9.02093760172528
 31
0.0
  0
LINE
  8
0
  6
CONTINUOUS
 62
0
 10
25.6640621821086
 20
9.02093760172528
 30
0.0
 11
25.6634372075399
 21
8.95083363850913
 31
0.0
  0
LINE
  8
0
  6
CONTINUOUS
 62
0
 10
25.6634372075399
 20
8.95083363850913
 30
0.0
 11
25.6627080440521
 21
8.87312507629394
 31
0.0
  0
LINE
  8
0
  6
CONTINUOUS
 62
0
 10
25.6627080440521
 20
8.87312507629394
 30
0.0
 11
25.6618746916453
 21
8.78760401407878
 31
0.0
  0
LINE
  8
0
  6
CONTINUOUS
 62
0
 10
25.6618746916453
 20
8.78760401407878
 30
0.0
 11
25.6610413392385
 21
8.69385401407878
 31
0.0
  0
LINE
  8
0
  6
CONTINUOUS
 62
0
 10
25.6610413392385
 20
8.69385401407878
 30
0.0
 11
25.6599996884664
 21
8.59145863850913
 31
0.0
  0
LINE
  8
0
  6
CONTINUOUS
 62
0
 10
25.6599996884664
 20
8.59145863850913
 30
0.0
 11
25.6589580376943
 21
8.48010444641114
 31
0.0
  0
LINE
  8
0
  6
CONTINUOUS
 62
0
 10
25.6589580376943
 20
8.48010444641114
 30
0.0
 11
25.6578121980031
 21
8.359375
 31
0.0
  0
LINE
  8
0
  6
CONTINUOUS
 62
0
 10
25.6578121980031
 20
8.359375
 30
0.0
 11
25.6565621693929
 21
8.22895812988279
 31
0.0
  0
LINE
  8
0
  6
CONTINUOUS
 62
0
 10
25.6565621693929
 20
8.22895812988279
 30
0.0
 11
25.6558330059052
 21
8.14864603678386
 31
0.0
  0
LINE
  8
0
  6
CONTINUOUS
 62
0
 10
25.6558330059052
 20
8.14864603678386
 30
0.0
 11
25.6551038424174
 21
8.06843757629394
 31
0.0
  0
LINE
  8
0
  6
CONTINUOUS
 62
0
 10
25.6551038424174
 20
8.06843757629394
 30
0.0
 11
25.6543746789297
 21
7.98812484741213
 31
0.0
  0
LINE
  8
0
  6
CONTINUOUS
 62
0
 10
25.6543746789297
 20
7.98812484741213
 30
0.0
 11
25.6535413265228
 21
7.90781275431315
 31
0.0
  0
LINE
  8
0
  6
CONTINUOUS
 62
0
 10
25.6535413265228
 20
7.90781275431315
 30
0.0
 11
25.6528121630351
 21
7.8275000254313
 31
0.0
  0
LINE
  8
0
  6
CONTINUOUS
 62
0
 10
25.6528121630351
 20
7.8275000254313
 30
0.0
 11
25.6520829995473
 21
7.74729156494142
 31
0.0
  0
LINE
  8
0
  6
CONTINUOUS
 62
0
 10
25.6520829995473
 20
7.74729156494142
 30
0.0
 11
25.6512497266134
 21
7.66697947184244
 31
0.0
  0
LINE
  8
0
  6
CONTINUOUS
 62
0
 10
25.6512497266134
 20
7.66697947184244
 30
0.0
 11
25.6505205631256
 21
7.58666674296063
 31
0.0
  0
LINE
  8
0
  6
CONTINUOUS
 62
0
 10
25.6505205631256
 20
7.58666674296063
 30
0.0
 11
25.6497913996379
 21
7.50645828247071
 31
0.0
  0
LINE
  8
0
  6
CONTINUOUS
 62
0
 10
25.6497913996379
 20
7.50645828247071
 30
0.0
 11
25.6490621566772
 21
7.42614555358886
 31
0.0
  0
LINE
  8
0
  6
CONTINUOUS
 62
0
 10
25.6490621566772
 20
7.42614555358886
 30
0.0
 11
25.6482288837433
 21
7.34583346048992
 31
0.0
  0
LINE
  8
0
  6
CONTINUOUS
 62
0
 10
25.6482288837433
 20
7.34583346048992
 30
0.0
 11
25.6474997202555
 21
7.265625
 31
0.0
  0
LINE
  8
0
  6
CONTINUOUS
 62
0
 10
25.6474997202555
 20
7.265625
 30
0.0
 11
25.6467705567678
 21
7.18531227111815
 31
0.0
  0
LINE
  8
0
  6
CONTINUOUS
 62
0
 10
25.6467705567678
 20
7.18531227111815
 30
0.0
 11
25.645937204361
 21
7.10500017801921
 31
0.0
  0
LINE
  8
0
  6
CONTINUOUS
 62
0
 10
25.645937204361
 20
7.10500017801921
 30
0.0
 11
25.6452080408732
 21
7.02479171752929
 31
0.0
  0
LINE
  8
0
  6
CONTINUOUS
 62
0
 10
25.6452080408732
 20
7.02479171752929
 30
0.0
 11
25.6444788773855
 21
6.94447898864748
 31
0.0
  0
LINE
  8
0
  6
CONTINUOUS
 62
0
 10
25.6444788773855
 20
6.94447898864748
 30
0.0
 11
25.6437497138977
 21
6.8641668955485
 31
0.0
  0
LINE
  8
0
  6
CONTINUOUS
 62
0
 10
25.6437497138977
 20
6.8641668955485
 30
0.0
 11
25.6429163614909
 21
6.78385416666665
 31
0.0
  0
LINE
  8
0
  6
CONTINUOUS
 62
0
 10
25.6429163614909
 20
6.78385416666665
 30
0.0
 11
25.6421871980031
 21
6.70364570617677
 31
0.0
  0
LINE
  8
0
  6
CONTINUOUS
 62
0
 10
25.6421871980031
 20
6.70364570617677
 30
0.0
 11
25.6414580345154
 21
6.6233336130778
 31
0.0
  0
LINE
  8
0
  6
CONTINUOUS
 62
0
 10
25.6414580345154
 20
6.6233336130778
 30
0.0
 11
25.6406246821086
 21
6.54302088419595
 31
0.0
  0
LINE
  8
0
  6
CONTINUOUS
 62
0
 10
25.6406246821086
 20
6.54302088419595
 30
0.0
 11
25.6398955186208
 21
6.46281242370606
 31
0.0
  0
LINE
  8
0
  6
CONTINUOUS
 62
0
 10
25.6398955186208
 20
6.46281242370606
 30
0.0
 11
25.6391663551331
 21
6.38249969482421
 31
0.0
  0
LINE
  8
0
  6
CONTINUOUS
 62
0
 10
25.6391663551331
 20
6.38249969482421
 30
0.0
 11
25.6384371916453
 21
6.30218760172527
 31
0.0
  0
LINE
  8
0
  6
CONTINUOUS
 62
0
 10
25.6384371916453
 20
6.30218760172527
 30
0.0
 11
25.6376038392385
 21
6.22197914123535
 31
0.0
  0
LINE
  8
0
  6
CONTINUOUS
 62
0
 10
25.6376038392385
 20
6.22197914123535
 30
0.0
 11
25.636145512263
 21
6.06135431925457
 31
0.0
  0
LINE
  8
0
  6
CONTINUOUS
 62
0
 10
25.636145512263
 20
6.06135431925457
 30
0.0
 11
25.6354163487752
 21
5.98104159037272
 31
0.0
  0
LINE
  8
0
  6
CONTINUOUS
 62
0
 10
25.6354163487752
 20
5.98104159037272
 30
0.0
 11
25.6345829963684
 21
5.90083344777425
 31
0.0
  0
LINE
  8
0
  6
CONTINUOUS
 62
0
 10
25.6345829963684
 20
5.90083344777425
 30
0.0
 11
25.6338538328807
 21
5.8205207188924
 31
0.0
  0
LINE
  8
0
  6
CONTINUOUS
 62
0
 10
25.6338538328807
 20
5.8205207188924
 30
0.0
 11
25.6331246693929
 21
5.74020830790201
 31
0.0
  0
LINE
  8
0
  6
CONTINUOUS
 62
0
 10
25.6331246693929
 20
5.74020830790201
 30
0.0
 11
25.6322913964589
 21
5.65999984741213
 31
0.0
  0
LINE
  8
0
  6
CONTINUOUS
 62
0
 10
25.6322913964589
 20
5.65999984741213
 30
0.0
 11
25.6315622329712
 21
5.57968743642173
 31
0.0
  0
LINE
  8
0
  6
CONTINUOUS
 62
0
 10
25.6315622329712
 20
5.57968743642173
 30
0.0
 11
25.6308329900106
 21
5.4993750254313
 31
0.0
  0
LINE
  8
0
  6
CONTINUOUS
 62
0
 10
25.6308329900106
 20
5.4993750254313
 30
0.0
 11
25.6299997170766
 21
5.41916656494142
 31
0.0
  0
LINE
  8
0
  6
CONTINUOUS
 62
0
 10
25.6299997170766
 20
5.41916656494142
 30
0.0
 11
25.6285413901011
 21
5.25854174296063
 31
0.0
  0
LINE
  8
0
  6
CONTINUOUS
 62
0
 10
25.6285413901011
 20
5.25854174296063
 30
0.0
 11
25.6277080376943
 21
5.17833328247071
 31
0.0
  0
LINE
  8
0
  6
CONTINUOUS
 62
0
 10
25.6277080376943
 20
5.17833328247071
 30
0.0
 11
25.6262497107188
 21
5.01770846048992
 31
0.0
  0
LINE
  8
0
  6
CONTINUOUS
 62
0
 10
25.6262497107188
 20
5.01770846048992
 30
0.0
 11
25.625520547231
 21
4.93739573160807
 31
0.0
  0
LINE
  8
0
  6
CONTINUOUS
 62
0
 10
25.625520547231
 20
4.93739573160807
 30
0.0
 11
25.6246871948242
 21
4.8571875890096
 31
0.0
  0
LINE
  8
0
  6
CONTINUOUS
 62
0
 10
25.6246871948242
 20
4.8571875890096
 30
0.0
 11
25.6239580313365
 21
4.77687486012777
 31
0.0
  0
LINE
  8
0
  6
CONTINUOUS
 62
0
 10
25.6239580313365
 20
4.77687486012777
 30
0.0
 11
25.6232288678487
 21
4.69656244913737
 31
0.0
  0
LINE
  8
0
  6
CONTINUOUS
 62
0
 10
25.6232288678487
 20
4.69656244913737
 30
0.0
 11
25.6223955154419
 21
4.6163543065389
 31
0.0
  0
LINE
  8
0
  6
CONTINUOUS
 62
0
 10
25.6223955154419
 20
4.6163543065389
 30
0.0
 11
25.6216663519541
 21
4.53604157765706
 31
0.0
  0
LINE
  8
0
  6
CONTINUOUS
 62
0
 10
25.6216663519541
 20
4.53604157765706
 30
0.0
 11
25.6209371884664
 21
4.45572916666667
 31
0.0
  0
LINE
  8
0
  6
CONTINUOUS
 62
0
 10
25.6209371884664
 20
4.45572916666667
 30
0.0
 11
25.6201038360596
 21
4.37552070617676
 31
0.0
  0
LINE
  8
0
  6
CONTINUOUS
 62
0
 10
25.6201038360596
 20
4.37552070617676
 30
0.0
 11
25.6179163455963
 21
4.13458347320557
 31
0.0
  0
LINE
  8
0
  6
CONTINUOUS
 62
0
 10
25.6179163455963
 20
4.13458347320557
 30
0.0
 11
25.6170829931895
 21
4.05437501271566
 31
0.0
  0
LINE
  8
0
  6
CONTINUOUS
 62
0
 10
25.6170829931895
 20
4.05437501271566
 30
0.0
 11
25.6163538297017
 21
3.97406260172526
 31
0.0
  0
LINE
  8
0
  6
CONTINUOUS
 62
0
 10
25.6163538297017
 20
3.97406260172526
 30
0.0
 11
25.615624666214
 21
3.89374987284343
 31
0.0
  0
LINE
  8
0
  6
CONTINUOUS
 62
0
 10
25.615624666214
 20
3.89374987284343
 30
0.0
 11
25.6148955027262
 21
3.81354173024496
 31
0.0
  0
LINE
  8
0
  6
CONTINUOUS
 62
0
 10
25.6148955027262
 20
3.81354173024496
 30
0.0
 11
25.6140622297923
 21
3.73322931925456
 31
0.0
  0
LINE
  8
0
  6
CONTINUOUS
 62
0
 10
25.6140622297923
 20
3.73322931925456
 30
0.0
 11
25.6133330663045
 21
3.65291659037272
 31
0.0
  0
LINE
  8
0
  6
CONTINUOUS
 62
0
 10
25.6133330663045
 20
3.65291659037272
 30
0.0
 11
25.6126038233439
 21
3.57270828882853
 31
0.0
  0
LINE
  8
0
  6
CONTINUOUS
 62
0
 10
25.6126038233439
 20
3.57270828882853
 30
0.0
 11
25.61177055041
 21
3.49239587783813
 31
0.0
  0
LINE
  8
0
  6
CONTINUOUS
 62
0
 10
25.61177055041
 20
3.49239587783813
 30
0.0
 11
25.6110413869222
 21
3.41208330790202
 31
0.0
  0
LINE
  8
0
  6
CONTINUOUS
 62
0
 10
25.6110413869222
 20
3.41208330790202
 30
0.0
 11
25.6107288996379
 21
3.32916673024496
 31
0.0
  0
LINE
  8
0
  6
CONTINUOUS
 62
0
 10
25.6107288996379
 20
3.32916673024496
 30
0.0
 11
25.6113538742065
 21
3.24624999364217
 31
0.0
  0
LINE
  8
0
  6
CONTINUOUS
 62
0
 10
25.6113538742065
 20
3.24624999364217
 30
0.0
 11
25.6126038233439
 21
3.16322914759318
 31
0.0
  0
LINE
  8
0
  6
CONTINUOUS
 62
0
 10
25.6126038233439
 20
3.16322914759318
 30
0.0
 11
25.6142705281576
 21
3.08020830154419
 31
0.0
  0
LINE
  8
0
  6
CONTINUOUS
 62
0
 10
25.6142705281576
 20
3.08020830154419
 30
0.0
 11
25.6161455313365
 21
2.99708334604899
 31
0.0
  0
LINE
  8
0
  6
CONTINUOUS
 62
0
 10
25.6161455313365
 20
2.99708334604899
 30
0.0
 11
25.6180205345154
 21
2.9140625
 31
0.0
  0
LINE
  8
0
  6
CONTINUOUS
 62
0
 10
25.6180205345154
 20
2.9140625
 30
0.0
 11
25.6196871598562
 21
2.83104165395101
 31
0.0
  0
LINE
  8
0
  6
CONTINUOUS
 62
0
 10
25.6196871598562
 20
2.83104165395101
 30
0.0
 11
25.6209371884664
 21
2.74802080790202
 31
0.0
  0
LINE
  8
0
  6
CONTINUOUS
 62
0
 10
25.6209371884664
 20
2.74802080790202
 30
0.0
 11
25.6215621630351
 21
2.66510423024495
 31
0.0
  0
LINE
  8
0
  6
CONTINUOUS
 62
0
 10
25.6215621630351
 20
2.66510423024495
 30
0.0
 11
25.6212496757507
 21
2.58218749364217
 31
0.0
  0
LINE
  8
0
  6
CONTINUOUS
 62
0
 10
25.6212496757507
 20
2.58218749364217
 30
0.0
 11
25.6198955376943
 21
2.49927075703939
 31
0.0
  0
LINE
  8
0
  6
CONTINUOUS
 62
0
 10
25.6198955376943
 20
2.49927075703939
 30
0.0
 11
25.6171871821086
 21
2.41656255722046
 31
0.0
  0
LINE
  8
0
  6
CONTINUOUS
 62
0
 10
25.6171871821086
 20
2.41656255722046
 30
0.0
 11
25.6130204995473
 21
2.33385419845581
 31
0.0
  0
LINE
  8
0
  6
CONTINUOUS
 62
0
 10
25.6130204995473
 20
2.33385419845581
 30
0.0
 11
25.6071871916453
 21
2.25125002861023
 31
0.0
  0
LINE
  8
0
  6
CONTINUOUS
 62
0
 10
25.6071871916453
 20
2.25125002861023
 30
0.0
 11
25.5992705027262
 21
2.16874996821085
 31
0.0
  0
LINE
  8
0
  6
CONTINUOUS
 62
0
 10
25.5992705027262
 20
2.16874996821085
 30
0.0
 11
25.5932288964589
 21
2.12510418891907
 31
0.0
  0
LINE
  8
0
  6
CONTINUOUS
 62
0
 10
25.5932288964589
 20
2.12510418891907
 30
0.0
 11
25.5841663678487
 21
2.08072916666667
 31
0.0
  0
LINE
  8
0
  6
CONTINUOUS
 62
0
 10
25.5841663678487
 20
2.08072916666667
 30
0.0
 11
25.5720829963684
 21
2.03635414441426
 31
0.0
  0
LINE
  8
0
  6
CONTINUOUS
 62
0
 10
25.5720829963684
 20
2.03635414441426
 30
0.0
 11
25.5567705631256
 21
1.99270836512248
 31
0.0
  0
LINE
  8
0
  6
CONTINUOUS
 62
0
 10
25.5567705631256
 20
1.99270836512248
 30
0.0
 11
25.5383330186208
 21
1.95052083333333
 31
0.0
  0
LINE
  8
0
  6
CONTINUOUS
 62
0
 10
25.5383330186208
 20
1.95052083333333
 30
0.0
 11
25.5164580345154
 21
1.91052087148031
 31
0.0
  0
LINE
  8
0
  6
CONTINUOUS
 62
0
 10
25.5164580345154
 20
1.91052087148031
 30
0.0
 11
25.4912497202555
 21
1.87364586194356
 31
0.0
  0
LINE
  8
0
  6
CONTINUOUS
 62
0
 10
25.4912497202555
 20
1.87364586194356
 30
0.0
 11
25.4623955090841
 21
1.84041666984558
 31
0.0
  0
LINE
  8
0
  6
CONTINUOUS
 62
0
 10
25.4623955090841
 20
1.84041666984558
 30
0.0
 11
25.4299996693929
 21
1.81177083651225
 31
0.0
  0
LINE
  8
0
  6
CONTINUOUS
 62
0
 10
25.4299996693929
 20
1.81177083651225
 30
0.0
 11
25.3938538233439
 21
1.78833333651225
 31
0.0
  0
LINE
  8
0
  6
CONTINUOUS
 62
0
 10
25.3938538233439
 20
1.78833333651225
 30
0.0
 11
25.3586455186208
 21
1.76864584287007
 31
0.0
  0
LINE
  8
0
  6
CONTINUOUS
 62
0
 10
25.3586455186208
 20
1.76864584287007
 30
0.0
 11
25.3237497011821
 21
1.74781250953674
 31
0.0
  0
LINE
  8
0
  6
CONTINUOUS
 62
0
 10
25.3237497011821
 20
1.74781250953674
 30
0.0
 11
25.2888538042704
 21
1.7265625
 31
0.0
  0
LINE
  8
0
  6
CONTINUOUS
 62
0
 10
25.2888538042704
 20
1.7265625
 30
0.0
 11
25.2538537979126
 21
1.70541667938232
 31
0.0
  0
LINE
  8
0
  6
CONTINUOUS
 62
0
 10
25.2538537979126
 20
1.70541667938232
 30
0.0
 11
25.2186455726624
 21
1.68510413169861
 31
0.0
  0
LINE
  8
0
  6
CONTINUOUS
 62
0
 10
25.2186455726624
 20
1.68510413169861
 30
0.0
 11
25.1829163233439
 21
1.66604165236155
 31
0.0
  0
LINE
  8
0
  6
CONTINUOUS
 62
0
 10
25.1829163233439
 20
1.66604165236155
 30
0.0
 11
25.1465622584025
 21
1.64906251430511
 31
0.0
  0
LINE
  8
0
  6
CONTINUOUS
 62
0
 10
25.1465622584025
 20
1.64906251430511
 30
0.0
 11
25.1094787915548
 21
1.63447916507721
 31
0.0
  0
LINE
  8
0
  6
CONTINUOUS
 62
0
 10
25.1094787915548
 20
1.63447916507721
 30
0.0
 11
25.0714580217997
 21
1.62312499682109
 31
0.0
  0
LINE
  8
0
  6
CONTINUOUS
 62
0
 10
25.0714580217997
 20
1.62312499682109
 30
0.0
 11
25.0323955217997
 21
1.61552083492279
 31
0.0
  0
LINE
  8
0
  6
CONTINUOUS
 62
0
 10
25.0323955217997
 20
1.61552083492279
 30
0.0
 11
25.0209371248881
 21
1.61562498410543
 31
0.0
  0
LINE
  8
0
  6
CONTINUOUS
 62
0
 10
25.0209371248881
 20
1.61562498410543
 30
0.0
 11
24.9881246884664
 21
1.61583332220713
 31
0.0
  0
LINE
  8
0
  6
CONTINUOUS
 62
0
 10
24.9881246884664
 20
1.61583332220713
 30
0.0
 11
24.9363538424174
 21
1.61624999841054
 31
0.0
  0
LINE
  8
0
  6
CONTINUOUS
 62
0
 10
24.9363538424174
 20
1.61624999841054
 30
0.0
 11
24.8680205345154
 21
1.61687501271566
 31
0.0
  0
LINE
  8
0
  6
CONTINUOUS
 62
0
 10
24.8680205345154
 20
1.61687501271566
 30
0.0
 11
24.7854162851969
 21
1.61749998728434
 31
0.0
  0
LINE
  8
0
  6
CONTINUOUS
 62
0
 10
24.7854162851969
 20
1.61749998728434
 30
0.0
 11
24.6908330917358
 21
1.61833333969116
 31
0.0
  0
LINE
  8
0
  6
CONTINUOUS
 62
0
 10
24.6908330917358
 20
1.61833333969116
 30
0.0
 11
24.5866664250692
 21
1.61916665236155
 31
0.0
  0
LINE
  8
0
  6
CONTINUOUS
 62
0
 10
24.5866664250692
 20
1.61916665236155
 30
0.0
 11
24.4753122329712
 21
1.62010415395101
 31
0.0
  0
LINE
  8
0
  6
CONTINUOUS
 62
0
 10
24.4753122329712
 20
1.62010415395101
 30
0.0
 11
24.358958085378
 21
1.62104165554046
 31
0.0
  0
LINE
  8
0
  6
CONTINUOUS
 62
0
 10
24.358958085378
 20
1.62104165554046
 30
0.0
 11
24.2401038805644
 21
1.62208334604899
 31
0.0
  0
LINE
  8
0
  6
CONTINUOUS
 62
0
 10
24.2401038805644
 20
1.62208334604899
 30
0.0
 11
24.1209371884664
 21
1.62302084763845
 31
0.0
  0
LINE
  8
0
  6
CONTINUOUS
 62
0
 10
24.1209371884664
 20
1.62302084763845
 30
0.0
 11
24.0039580663045
 21
1.62395834922791
 31
0.0
  0
LINE
  8
0
  6
CONTINUOUS
 62
0
 10
24.0039580663045
 20
1.62395834922791
 30
0.0
 11
23.8913539250692
 21
1.62489585081736
 31
0.0
  0
LINE
  8
0
  6
CONTINUOUS
 62
0
 10
23.8913539250692
 20
1.62489585081736
 30
0.0
 11
23.7855205535889
 21
1.62583335240682
 31
0.0
  0
LINE
  8
0
  6
CONTINUOUS
 62
0
 10
23.7855205535889
 20
1.62583335240682
 30
0.0
 11
23.6888538996379
 21
1.62656251589457
 31
0.0
  0
LINE
  8
0
  6
CONTINUOUS
 62
0
 10
23.6888538996379
 20
1.62656251589457
 30
0.0
 11
23.6036456425985
 21
1.62729167938232
 31
0.0
  0
LINE
  8
0
  6
CONTINUOUS
 62
0
 10
23.6036456425985
 20
1.62729167938232
 30
0.0
 11
23.5321871439616
 21
1.62791665395101
 31
0.0
  0
LINE
  8
0
  6
CONTINUOUS
 62
0
 10
23.5321871439616
 20
1.62791665395101
 30
0.0
 11
23.4768746693929
 21
1.62833333015442
 31
0.0
  0
LINE
  8
0
  6
CONTINUOUS
 62
0
 10
23.4768746693929
 20
1.62833333015442
 30
0.0
 11
23.4401038487752
 21
1.62864581743876
 31
0.0
  0
LINE
  8
0
  6
CONTINUOUS
 62
0
 10
23.4401038487752
 20
1.62864581743876
 30
0.0
 11
23.424062093099
 21
1.62875000635783
 31
0.0
  0
LINE
  8
0
  6
CONTINUOUS
 62
0
 10
23.424062093099
 20
1.62875000635783
 30
0.0
 11
23.4112497965495
 21
1.62875000635783
 31
0.0
  0
LINE
  8
0
  6
CONTINUOUS
 62
0
 10
23.4112497965495
 20
1.62875000635783
 30
0.0
 11
23.3952080408732
 21
1.62864581743876
 31
0.0
  0
LINE
  8
0
  6
CONTINUOUS
 62
0
 10
23.3952080408732
 20
1.62864581743876
 30
0.0
 11
23.3584372202555
 21
1.62833333015442
 31
0.0
  0
LINE
  8
0
  6
CONTINUOUS
 62
0
 10
23.3584372202555
 20
1.62833333015442
 30
0.0
 11
23.3031247456869
 21
1.62791665395101
 31
0.0
  0
LINE
  8
0
  6
CONTINUOUS
 62
0
 10
23.3031247456869
 20
1.62791665395101
 30
0.0
 11
23.23166624705
 21
1.62729167938232
 31
0.0
  0
LINE
  8
0
  6
CONTINUOUS
 62
0
 10
23.23166624705
 20
1.62729167938232
 30
0.0
 11
23.1464579900106
 21
1.62656251589457
 31
0.0
  0
LINE
  8
0
  6
CONTINUOUS
 62
0
 10
23.1464579900106
 20
1.62656251589457
 30
0.0
 11
23.0497913360596
 21
1.62583335240682
 31
0.0
  0
LINE
  8
0
  6
CONTINUOUS
 62
0
 10
23.0497913360596
 20
1.62583335240682
 30
0.0
 11
22.9439579645793
 21
1.62489585081736
 31
0.0
  0
LINE
  8
0
  6
CONTINUOUS
 62
0
 10
22.9439579645793
 20
1.62489585081736
 30
0.0
 11
22.8313538233439
 21
1.62395834922791
 31
0.0
  0
LINE
  8
0
  6
CONTINUOUS
 62
0
 10
22.8313538233439
 20
1.62395834922791
 30
0.0
 11
22.7143745422363
 21
1.62302084763845
 31
0.0
  0
LINE
  8
0
  6
CONTINUOUS
 62
0
 10
22.7143745422363
 20
1.62302084763845
 30
0.0
 11
22.5952081680298
 21
1.62208334604899
 31
0.0
  0
LINE
  8
0
  6
CONTINUOUS
 62
0
 10
22.5952081680298
 20
1.62208334604899
 30
0.0
 11
22.4763539632161
 21
1.62104165554046
 31
0.0
  0
LINE
  8
0
  6
CONTINUOUS
 62
0
 10
22.4763539632161
 20
1.62104165554046
 30
0.0
 11
22.3599996566772
 21
1.62010415395101
 31
0.0
  0
LINE
  8
0
  6
CONTINUOUS
 62
0
 10
22.3599996566772
 20
1.62010415395101
 30
0.0
 11
22.2486454645793
 21
1.61916665236155
 31
0.0
  0
LINE
  8
0
  6
CONTINUOUS
 62
0
 10
22.2486454645793
 20
1.61916665236155
 30
0.0
 11
22.1444787979126
 21
1.61833333969116
 31
0.0
  0
LINE
  8
0
  6
CONTINUOUS
 62
0
 10
22.1444787979126
 20
1.61833333969116
 30
0.0
 11
22.0498956044515
 21
1.61749998728434
 31
0.0
  0
LINE
  8
0
  6
CONTINUOUS
 62
0
 10
22.0498956044515
 20
1.61749998728434
 30
0.0
 11
21.9672915140788
 21
1.61687501271566
 31
0.0
  0
LINE
  8
0
  6
CONTINUOUS
 62
0
 10
21.9672915140788
 20
1.61687501271566
 30
0.0
 11
21.8989578882853
 21
1.61624999841054
 31
0.0
  0
LINE
  8
0
  6
CONTINUOUS
 62
0
 10
21.8989578882853
 20
1.61624999841054
 30
0.0
 11
21.8471870422363
 21
1.61583332220713
 31
0.0
  0
LINE
  8
0
  6
CONTINUOUS
 62
0
 10
21.8471870422363
 20
1.61583332220713
 30
0.0
 11
21.8143746058146
 21
1.61562498410543
 31
0.0
  0
LINE
  8
0
  6
CONTINUOUS
 62
0
 10
21.8143746058146
 20
1.61562498410543
 30
0.0
 11
21.802916208903
 21
1.61552083492279
 31
0.0
  0
LINE
  8
0
  6
CONTINUOUS
 62
0
 10
21.802916208903
 20
1.61552083492279
 30
0.0
 11
21.763853708903
 21
1.62312499682109
 31
0.0
  0
LINE
  8
0
  6
CONTINUOUS
 62
0
 10
21.763853708903
 20
1.62312499682109
 30
0.0
 11
21.7258329391479
 21
1.63447916507721
 31
0.0
  0
LINE
  8
0
  6
CONTINUOUS
 62
0
 10
21.7258329391479
 20
1.63447916507721
 30
0.0
 11
21.6887496312459
 21
1.64906251430511
 31
0.0
  0
LINE
  8
0
  6
CONTINUOUS
 62
0
 10
21.6887496312459
 20
1.64906251430511
 30
0.0
 11
21.6523955663045
 21
1.66604165236155
 31
0.0
  0
LINE
  8
0
  6
CONTINUOUS
 62
0
 10
21.6523955663045
 20
1.66604165236155
 30
0.0
 11
21.6166664759318
 21
1.68510413169861
 31
0.0
  0
LINE
  8
0
  6
CONTINUOUS
 62
0
 10
21.6166664759318
 20
1.68510413169861
 30
0.0
 11
21.5814580917358
 21
1.70541667938232
 31
0.0
  0
LINE
  8
0
  6
CONTINUOUS
 62
0
 10
21.5814580917358
 20
1.70541667938232
 30
0.0
 11
21.5464579264323
 21
1.7265625
 31
0.0
  0
LINE
  8
0
  6
CONTINUOUS
 62
0
 10
21.5464579264323
 20
1.7265625
 30
0.0
 11
21.5115623474121
 21
1.74781250953674
 31
0.0
  0
LINE
  8
0
  6
CONTINUOUS
 62
0
 10
21.5115623474121
 20
1.74781250953674
 30
0.0
 11
21.4766664505005
 21
1.76864584287007
 31
0.0
  0
LINE
  8
0
  6
CONTINUOUS
 62
0
 10
21.4766664505005
 20
1.76864584287007
 30
0.0
 11
21.4415623346965
 21
1.78833333651225
 31
0.0
  0
LINE
  8
0
  6
CONTINUOUS
 62
0
 10
21.4415623346965
 20
1.78833333651225
 30
0.0
 11
21.4053122202556
 21
1.81177083651225
 31
0.0
  0
LINE
  8
0
  6
CONTINUOUS
 62
0
 10
21.4053122202556
 20
1.81177083651225
 30
0.0
 11
21.3729162216187
 21
1.84041666984558
 31
0.0
  0
LINE
  8
0
  6
CONTINUOUS
 62
0
 10
21.3729162216187
 20
1.84041666984558
 30
0.0
 11
21.3441664377848
 21
1.87364586194356
 31
0.0
  0
LINE
  8
0
  6
CONTINUOUS
 62
0
 10
21.3441664377848
 20
1.87364586194356
 30
0.0
 11
21.3188540140788
 21
1.91052087148031
 31
0.0
  0
LINE
  8
0
  6
CONTINUOUS
 62
0
 10
21.3188540140788
 20
1.91052087148031
 30
0.0
 11
21.2969789505005
 21
1.95052083333333
 31
0.0
  0
LINE
  8
0
  6
CONTINUOUS
 62
0
 10
21.2969789505005
 20
1.95052083333333
 30
0.0
 11
21.2785415649414
 21
1.99270836512248
 31
0.0
  0
LINE
  8
0
  6
CONTINUOUS
 62
0
 10
21.2785415649414
 20
1.99270836512248
 30
0.0
 11
21.2632287343343
 21
2.03635414441426
 31
0.0
  0
LINE
  8
0
  6
CONTINUOUS
 62
0
 10
21.2632287343343
 20
2.03635414441426
 30
0.0
 11
21.2511456807454
 21
2.08072916666667
 31
0.0
  0
LINE
  8
0
  6
CONTINUOUS
 62
0
 10
21.2511456807454
 20
2.08072916666667
 30
0.0
 11
21.2420832316081
 21
2.12510418891907
 31
0.0
  0
LINE
  8
0
  6
CONTINUOUS
 62
0
 10
21.2420832316081
 20
2.12510418891907
 30
0.0
 11
21.2360413869222
 21
2.16874996821085
 31
0.0
  0
LINE
  8
0
  6
CONTINUOUS
 62
0
 10
21.2360413869222
 20
2.16874996821085
 30
0.0
 11
21.2282288869222
 21
2.25125002861023
 31
0.0
  0
LINE
  8
0
  6
CONTINUOUS
 62
0
 10
21.2282288869222
 20
2.25125002861023
 30
0.0
 11
21.2222913106283
 21
2.33385419845581
 31
0.0
  0
LINE
  8
0
  6
CONTINUOUS
 62
0
 10
21.2222913106283
 20
2.33385419845581
 30
0.0
 11
21.2181243896484
 21
2.41656255722046
 31
0.0
  0
LINE
  8
0
  6
CONTINUOUS
 62
0
 10
21.2181243896484
 20
2.41656255722046
 30
0.0
 11
21.2154165903727
 21
2.49927075703939
 31
0.0
  0
LINE
  8
0
  6
CONTINUOUS
 62
0
 10
21.2154165903727
 20
2.49927075703939
 30
0.0
 11
21.2140623728434
 21
2.58218749364217
 31
0.0
  0
LINE
  8
0
  6
CONTINUOUS
 62
0
 10
21.2140623728434
 20
2.58218749364217
 30
0.0
 11
21.2137495676676
 21
2.66510423024495
 31
0.0
  0
LINE
  8
0
  6
CONTINUOUS
 62
0
 10
21.2137495676676
 20
2.66510423024495
 30
0.0
 11
21.2143745422363
 21
2.74802080790202
 31
0.0
  0
LINE
  8
0
  6
CONTINUOUS
 62
0
 10
21.2143745422363
 20
2.74802080790202
 30
0.0
 11
21.2156244913737
 21
2.83104165395101
 31
0.0
  0
LINE
  8
0
  6
CONTINUOUS
 62
0
 10
21.2156244913737
 20
2.83104165395101
 30
0.0
 11
21.2172915140788
 21
2.9140625
 31
0.0
  0
LINE
  8
0
  6
CONTINUOUS
 62
0
 10
21.2172915140788
 20
2.9140625
 30
0.0
 11
21.2191664377848
 21
2.99708334604899
 31
0.0
  0
LINE
  8
0
  6
CONTINUOUS
 62
0
 10
21.2191664377848
 20
2.99708334604899
 30
0.0
 11
21.2210413614909
 21
3.08020830154419
 31
0.0
  0
LINE
  8
0
  6
CONTINUOUS
 62
0
 10
21.2210413614909
 20
3.08020830154419
 30
0.0
 11
21.2227077484131
 21
3.16322914759318
 31
0.0
  0
LINE
  8
0
  6
CONTINUOUS
 62
0
 10
21.2227077484131
 20
3.16322914759318
 30
0.0
 11
21.2239583333333
 21
3.24624999364217
 31
0.0
  0
LINE
  8
0
  6
CONTINUOUS
 62
0
 10
21.2239583333333
 20
3.24624999364217
 30
0.0
 11
21.224583307902
 21
3.32916673024496
 31
0.0
  0
LINE
  8
0
  6
CONTINUOUS
 62
0
 10
21.224583307902
 20
3.32916673024496
 30
0.0
 11
21.2242705027263
 21
3.41208330790202
 31
0.0
  0
LINE
  8
0
  6
CONTINUOUS
 62
0
 10
21.2242705027263
 20
3.41208330790202
 30
0.0
 11
21.2235412597656
 21
3.49239587783813
 31
0.0
  0
LINE
  8
0
  6
CONTINUOUS
 62
0
 10
21.2235412597656
 20
3.49239587783813
 30
0.0
 11
21.2227077484131
 21
3.57270828882853
 31
0.0
  0
LINE
  8
0
  6
CONTINUOUS
 62
0
 10
21.2227077484131
 20
3.57270828882853
 30
0.0
 11
21.2219791412354
 21
3.65291659037272
 31
0.0
  0
LINE
  8
0
  6
CONTINUOUS
 62
0
 10
21.2219791412354
 20
3.65291659037272
 30
0.0
 11
21.2212498982748
 21
3.73322931925456
 31
0.0
  0
LINE
  8
0
  6
CONTINUOUS
 62
0
 10
21.2212498982748
 20
3.73322931925456
 30
0.0
 11
21.2205206553141
 21
3.81354173024496
 31
0.0
  0
LINE
  8
0
  6
CONTINUOUS
 62
0
 10
21.2205206553141
 20
3.81354173024496
 30
0.0
 11
21.2196871439616
 21
3.89374987284343
 31
0.0
  0
LINE
  8
0
  6
CONTINUOUS
 62
0
 10
21.2196871439616
 20
3.89374987284343
 30
0.0
 11
21.218957901001
 21
3.97406260172526
 31
0.0
  0
LINE
  8
0
  6
CONTINUOUS
 62
0
 10
21.218957901001
 20
3.97406260172526
 30
0.0
 11
21.2182286580404
 21
4.05437501271566
 31
0.0
  0
LINE
  8
0
  6
CONTINUOUS
 62
0
 10
21.2182286580404
 20
4.05437501271566
 30
0.0
 11
21.2173957824707
 21
4.13458347320557
 31
0.0
  0
LINE
  8
0
  6
CONTINUOUS
 62
0
 10
21.2173957824707
 20
4.13458347320557
 30
0.0
 11
21.2152080535889
 21
4.37552070617676
 31
0.0
  0
LINE
  8
0
  6
CONTINUOUS
 62
0
 10
21.2152080535889
 20
4.37552070617676
 30
0.0
 11
21.2143745422363
 21
4.45572916666667
 31
0.0
  0
LINE
  8
0
  6
CONTINUOUS
 62
0
 10
21.2143745422363
 20
4.45572916666667
 30
0.0
 11
21.2136452992757
 21
4.53604157765706
 31
0.0
  0
LINE
  8
0
  6
CONTINUOUS
 62
0
 10
21.2136452992757
 20
4.53604157765706
 30
0.0
 11
21.2129160563151
 21
4.6163543065389
 31
0.0
  0
LINE
  8
0
  6
CONTINUOUS
 62
0
 10
21.2129160563151
 20
4.6163543065389
 30
0.0
 11
21.2120831807454
 21
4.69656244913737
 31
0.0
  0
LINE
  8
0
  6
CONTINUOUS
 62
0
 10
21.2120831807454
 20
4.69656244913737
 30
0.0
 11
21.2113539377848
 21
4.77687486012777
 31
0.0
  0
LINE
  8
0
  6
CONTINUOUS
 62
0
 10
21.2113539377848
 20
4.77687486012777
 30
0.0
 11
21.2106246948242
 21
4.8571875890096
 31
0.0
  0
LINE
  8
0
  6
CONTINUOUS
 62
0
 10
21.2106246948242
 20
4.8571875890096
 30
0.0
 11
21.2098954518636
 21
4.93739573160807
 31
0.0
  0
LINE
  8
0
  6
CONTINUOUS
 62
0
 10
21.2098954518636
 20
4.93739573160807
 30
0.0
 11
21.2090619405111
 21
5.01770846048992
 31
0.0
  0
LINE
  8
0
  6
CONTINUOUS
 62
0
 10
21.2090619405111
 20
5.01770846048992
 30
0.0
 11
21.2083333333333
 21
5.09802087148032
 31
0.0
  0
LINE
  8
0
  6
CONTINUOUS
 62
0
 10
21.2083333333333
 20
5.09802087148032
 30
0.0
 11
21.2076040903727
 21
5.17833328247071
 31
0.0
  0
LINE
  8
0
  6
CONTINUOUS
 62
0
 10
21.2076040903727
 20
5.17833328247071
 30
0.0
 11
21.2067705790202
 21
5.25854174296063
 31
0.0
  0
LINE
  8
0
  6
CONTINUOUS
 62
0
 10
21.2067705790202
 20
5.25854174296063
 30
0.0
 11
21.205312093099
 21
5.41916656494142
 31
0.0
  0
LINE
  8
0
  6
CONTINUOUS
 62
0
 10
21.205312093099
 20
5.41916656494142
 30
0.0
 11
21.2044785817464
 21
5.4993750254313
 31
0.0
  0
LINE
  8
0
  6
CONTINUOUS
 62
0
 10
21.2044785817464
 20
5.4993750254313
 30
0.0
 11
21.2037499745687
 21
5.57968743642169
 31
0.0
  0
LINE
  8
0
  6
CONTINUOUS
 62
0
 10
21.2037499745687
 20
5.57968743642169
 30
0.0
 11
21.2030207316081
 21
5.65999984741213
 31
0.0
  0
LINE
  8
0
  6
CONTINUOUS
 62
0
 10
21.2030207316081
 20
5.65999984741213
 30
0.0
 11
21.2021872202555
 21
5.74020830790201
 31
0.0
  0
LINE
  8
0
  6
CONTINUOUS
 62
0
 10
21.2021872202555
 20
5.74020830790201
 30
0.0
 11
21.2014579772949
 21
5.8205207188924
 31
0.0
  0
LINE
  8
0
  6
CONTINUOUS
 62
0
 10
21.2014579772949
 20
5.8205207188924
 30
0.0
 11
21.2007287343343
 21
5.90083344777425
 31
0.0
  0
LINE
  8
0
  6
CONTINUOUS
 62
0
 10
21.2007287343343
 20
5.90083344777425
 30
0.0
 11
21.1999994913737
 21
5.98104159037272
 31
0.0
  0
LINE
  8
0
  6
CONTINUOUS
 62
0
 10
21.1999994913737
 20
5.98104159037272
 30
0.0
 11
21.1991666158041
 21
6.06135431925457
 31
0.0
  0
LINE
  8
0
  6
CONTINUOUS
 62
0
 10
21.1991666158041
 20
6.06135431925457
 30
0.0
 11
21.1977081298828
 21
6.22197914123535
 31
0.0
  0
LINE
  8
0
  6
CONTINUOUS
 62
0
 10
21.1977081298828
 20
6.22197914123535
 30
0.0
 11
21.1968746185303
 21
6.30218760172527
 31
0.0
  0
LINE
  8
0
  6
CONTINUOUS
 62
0
 10
21.1968746185303
 20
6.30218760172527
 30
0.0
 11
21.1961453755697
 21
6.38249969482421
 31
0.0
  0
LINE
  8
0
  6
CONTINUOUS
 62
0
 10
21.1961453755697
 20
6.38249969482421
 30
0.0
 11
21.1954161326091
 21
6.46281242370606
 31
0.0
  0
LINE
  8
0
  6
CONTINUOUS
 62
0
 10
21.1954161326091
 20
6.46281242370606
 30
0.0
 11
21.1946868896484
 21
6.54302088419595
 31
0.0
  0
LINE
  8
0
  6
CONTINUOUS
 62
0
 10
21.1946868896484
 20
6.54302088419595
 30
0.0
 11
21.1938540140788
 21
6.6233336130778
 31
0.0
  0
LINE
  8
0
  6
CONTINUOUS
 62
0
 10
21.1938540140788
 20
6.6233336130778
 30
0.0
 11
21.1931247711182
 21
6.70364570617677
 31
0.0
  0
LINE
  8
0
  6
CONTINUOUS
 62
0
 10
21.1931247711182
 20
6.70364570617677
 30
0.0
 11
21.1923955281576
 21
6.78385416666665
 31
0.0
  0
LINE
  8
0
  6
CONTINUOUS
 62
0
 10
21.1923955281576
 20
6.78385416666665
 30
0.0
 11
21.191562016805
 21
6.8641668955485
 31
0.0
  0
LINE
  8
0
  6
CONTINUOUS
 62
0
 10
21.191562016805
 20
6.8641668955485
 30
0.0
 11
21.1908327738444
 21
6.94447898864748
 31
0.0
  0
LINE
  8
0
  6
CONTINUOUS
 62
0
 10
21.1908327738444
 20
6.94447898864748
 30
0.0
 11
21.1901041666667
 21
7.02479171752929
 31
0.0
  0
LINE
  8
0
  6
CONTINUOUS
 62
0
 10
21.1901041666667
 20
7.02479171752929
 30
0.0
 11
21.1893749237061
 21
7.10500017801921
 31
0.0
  0
LINE
  8
0
  6
CONTINUOUS
 62
0
 10
21.1893749237061
 20
7.10500017801921
 30
0.0
 11
21.1885414123535
 21
7.18531227111815
 31
0.0
  0
LINE
  8
0
  6
CONTINUOUS
 62
0
 10
21.1885414123535
 20
7.18531227111815
 30
0.0
 11
21.1878121693929
 21
7.265625
 31
0.0
  0
LINE
  8
0
  6
CONTINUOUS
 62
0
 10
21.1878121693929
 20
7.265625
 30
0.0
 11
21.1870829264323
 21
7.34583346048992
 31
0.0
  0
LINE
  8
0
  6
CONTINUOUS
 62
0
 10
21.1870829264323
 20
7.34583346048992
 30
0.0
 11
21.1863536834717
 21
7.42614555358886
 31
0.0
  0
LINE
  8
0
  6
CONTINUOUS
 62
0
 10
21.1863536834717
 20
7.42614555358886
 30
0.0
 11
21.185520807902
 21
7.50645828247071
 31
0.0
  0
LINE
  8
0
  6
CONTINUOUS
 62
0
 10
21.185520807902
 20
7.50645828247071
 30
0.0
 11
21.1847915649414
 21
7.58666674296063
 31
0.0
  0
LINE
  8
0
  6
CONTINUOUS
 62
0
 10
21.1847915649414
 20
7.58666674296063
 30
0.0
 11
21.1840623219808
 21
7.66697947184244
 31
0.0
  0
LINE
  8
0
  6
CONTINUOUS
 62
0
 10
21.1840623219808
 20
7.66697947184244
 30
0.0
 11
21.1832288106283
 21
7.74729156494142
 31
0.0
  0
LINE
  8
0
  6
CONTINUOUS
 62
0
 10
21.1832288106283
 20
7.74729156494142
 30
0.0
 11
21.1824995676676
 21
7.8275000254313
 31
0.0
  0
LINE
  8
0
  6
CONTINUOUS
 62
0
 10
21.1824995676676
 20
7.8275000254313
 30
0.0
 11
21.181770324707
 21
7.90781275431315
 31
0.0
  0
LINE
  8
0
  6
CONTINUOUS
 62
0
 10
21.181770324707
 20
7.90781275431315
 30
0.0
 11
21.1810410817464
 21
7.98812484741213
 31
0.0
  0
LINE
  8
0
  6
CONTINUOUS
 62
0
 10
21.1810410817464
 20
7.98812484741213
 30
0.0
 11
21.1802082061768
 21
8.06843757629394
 31
0.0
  0
LINE
  8
0
  6
CONTINUOUS
 62
0
 10
21.1802082061768
 20
8.06843757629394
 30
0.0
 11
21.1794789632161
 21
8.14864603678386
 31
0.0
  0
LINE
  8
0
  6
CONTINUOUS
 62
0
 10
21.1794789632161
 20
8.14864603678386
 30
0.0
 11
21.1787497202555
 21
8.22895812988279
 31
0.0
  0
LINE
  8
0
  6
CONTINUOUS
 62
0
 10
21.1787497202555
 20
8.22895812988279
 30
0.0
 11
21.1776040395101
 21
8.34958330790201
 31
0.0
  0
LINE
  8
0
  6
CONTINUOUS
 62
0
 10
21.1776040395101
 20
8.34958330790201
 30
0.0
 11
21.1765619913737
 21
8.4619789123535
 31
0.0
  0
LINE
  8
0
  6
CONTINUOUS
 62
0
 10
21.1765619913737
 20
8.4619789123535
 30
0.0
 11
21.1755205790202
 21
8.56635411580405
 31
0.0
  0
LINE
  8
0
  6
CONTINUOUS
 62
0
 10
21.1755205790202
 20
8.56635411580405
 30
0.0
 11
21.1745827992757
 21
8.66291681925457
 31
0.0
  0
LINE
  8
0
  6
CONTINUOUS
 62
0
 10
21.1745827992757
 20
8.66291681925457
 30
0.0
 11
21.1737499237061
 21
8.75218772888185
 31
0.0
  0
LINE
  8
0
  6
CONTINUOUS
 62
0
 10
21.1737499237061
 20
8.75218772888185
 30
0.0
 11
21.1730206807454
 21
8.8342711130778
 31
0.0
  0
LINE
  8
0
  6
CONTINUOUS
 62
0
 10
21.1730206807454
 20
8.8342711130778
 30
0.0
 11
21.1722914377848
 21
8.90947914123535
 31
0.0
  0
LINE
  8
0
  6
CONTINUOUS
 62
0
 10
21.1722914377848
 20
8.90947914123535
 30
0.0
 11
21.1716664632161
 21
8.97812525431315
 31
0.0
  0
LINE
  8
0
  6
CONTINUOUS
 62
0
 10
21.1716664632161
 20
8.97812525431315
 30
0.0
 11
21.1710414886475
 21
9.04062525431315
 31
0.0
  0
LINE
  8
0
  6
CONTINUOUS
 62
0
 10
21.1710414886475
 20
9.04062525431315
 30
0.0
 11
21.1705207824707
 21
9.09708340962728
 31
0.0
  0
LINE
  8
0
  6
CONTINUOUS
 62
0
 10
21.1705207824707
 20
9.09708340962728
 30
0.0
 11
21.1699994405111
 21
9.14802106221516
 31
0.0
  0
LINE
  8
0
  6
CONTINUOUS
 62
0
 10
21.1699994405111
 20
9.14802106221516
 30
0.0
 11
21.1695830027263
 21
9.19343757629394
 31
0.0
  0
LINE
  8
0
  6
CONTINUOUS
 62
0
 10
21.1695830027263
 20
9.19343757629394
 30
0.0
 11
21.15625
 21
9.19187482198079
 31
0.0
  0
LINE
  8
0
  6
CONTINUOUS
 62
0
 10
21.15625
 20
9.19187482198079
 30
0.0
 11
21.1429163614909
 21
9.19083340962728
 31
0.0
  0
LINE
  8
0
  6
CONTINUOUS
 62
0
 10
21.1429163614909
 20
9.19083340962728
 30
0.0
 11
21.1294790903727
 21
9.19020843505858
 31
0.0
  0
LINE
  8
0
  6
CONTINUOUS
 62
0
 10
21.1294790903727
 20
9.19020843505858
 30
0.0
 11
21.1160411834717
 21
9.18999989827472
 31
0.0
  0
LINE
  8
0
  6
CONTINUOUS
 62
0
 10
21.1160411834717
 20
9.18999989827472
 30
0.0
 11
21.1026039123535
 21
9.19020843505858
 31
0.0
  0
LINE
  8
0
  6
CONTINUOUS
 62
0
 10
21.1026039123535
 20
9.19020843505858
 30
0.0
 11
21.0892702738444
 21
9.19093767801921
 31
0.0
  0
LINE
  8
0
  6
CONTINUOUS
 62
0
 10
21.0892702738444
 20
9.19093767801921
 30
0.0
 11
21.0758330027263
 21
9.19218762715657
 31
0.0
  0
LINE
  8
0
  6
CONTINUOUS
 62
0
 10
21.0758330027263
 20
9.19218762715657
 30
0.0
 11
21.0625
 21
9.19374974568685
 31
0.0
  0
LINE
  8
0
  6
CONTINUOUS
 62
0
 10
21.0625
 20
9.19374974568685
 30
0.0
 11
21.0492706298828
 21
9.19583320617677
 31
0.0
  0
LINE
  8
0
  6
CONTINUOUS
 62
0
 10
21.0492706298828
 20
9.19583320617677
 30
0.0
 11
21.0360412597656
 21
9.19843737284343
 31
0.0
  0
LINE
  8
0
  6
CONTINUOUS
 62
0
 10
21.0360412597656
 20
9.19843737284343
 30
0.0
 11
21.0322914123535
 21
9.19927088419595
 31
0.0
  0
LINE
  8
0
  6
CONTINUOUS
 62
0
 10
21.0322914123535
 20
9.19927088419595
 30
0.0
 11
21.0284372965495
 21
9.20000012715657
 31
0.0
  0
LINE
  8
0
  6
CONTINUOUS
 62
0
 10
21.0284372965495
 20
9.20000012715657
 30
0.0
 11
21.0245831807454
 21
9.20083363850913
 31
0.0
  0
LINE
  8
0
  6
CONTINUOUS
 62
0
 10
21.0245831807454
 20
9.20083363850913
 30
0.0
 11
21.0207290649414
 21
9.20166651407878
 31
0.0
  0
LINE
  8
0
  6
CONTINUOUS
 62
0
 10
21.0207290649414
 20
9.20166651407878
 30
0.0
 11
21.0130208333333
 21
9.20333353678386
 31
0.0
  0
LINE
  8
0
  6
CONTINUOUS
 62
0
 10
21.0130208333333
 20
9.20333353678386
 30
0.0
 11
21.0091660817464
 21
9.20406277974445
 31
0.0
  0
LINE
  8
0
  6
CONTINUOUS
 62
0
 10
21.0091660817464
 20
9.20406277974445
 30
0.0
 11
21.0053119659424
 21
9.20489565531413
 31
0.0
  0
LINE
  8
0
  6
CONTINUOUS
 62
0
 10
21.0053119659424
 20
9.20489565531413
 30
0.0
 11
20.9976037343343
 21
9.20656267801921
 31
0.0
  0
LINE
  8
0
  6
CONTINUOUS
 62
0
 10
20.9976037343343
 20
9.20656267801921
 30
0.0
 11
20.9192708333333
 21
9.23177083333335
 31
0.0
  0
LINE
  8
0
  6
CONTINUOUS
 62
0
 10
20.9192708333333
 20
9.23177083333335
 30
0.0
 11
20.8479162851969
 21
9.2728125254313
 31
0.0
  0
LINE
  8
0
  6
CONTINUOUS
 62
0
 10
20.8479162851969
 20
9.2728125254313
 30
0.0
 11
20.7865619659424
 21
9.32781219482421
 31
0.0
  0
LINE
  8
0
  6
CONTINUOUS
 62
0
 10
20.7865619659424
 20
9.32781219482421
 30
0.0
 11
20.7381248474121
 21
9.3942705790202
 31
0.0
  0
LINE
  8
0
  6
CONTINUOUS
 62
0
 10
20.7381248474121
 20
9.3942705790202
 30
0.0
 11
20.7044785817464
 21
9.4693749745687
 31
0.0
  0
LINE
  8
0
  6
CONTINUOUS
 62
0
 10
20.7044785817464
 20
9.4693749745687
 30
0.0
 11
20.6871871948242
 21
9.5498956044515
 31
0.0
  0
LINE
  8
0
  6
CONTINUOUS
 62
0
 10
20.6871871948242
 20
9.5498956044515
 30
0.0
 11
20.6870829264323
 21
9.6321875254313
 31
0.0
  0
LINE
  8
0
  6
CONTINUOUS
 62
0
 10
20.6870829264323
 20
9.6321875254313
 30
0.0
 11
20.7039578755697
 21
9.71270815531413
 31
0.0
  0
LINE
  8
0
  6
CONTINUOUS
 62
0
 10
20.7039578755697
 20
9.71270815531413
 30
0.0
 11
20.7372913360596
 21
9.7880210876465
 31
0.0
  0
LINE
  8
0
  6
CONTINUOUS
 62
0
 10
20.7372913360596
 20
9.7880210876465
 30
0.0
 11
20.7856248219808
 21
9.85468737284343
 31
0.0
  0
LINE
  8
0
  6
CONTINUOUS
 62
0
 10
20.7856248219808
 20
9.85468737284343
 30
0.0
 11
20.8466663360596
 21
9.9098955790202
 31
0.0
  0
LINE
  8
0
  6
CONTINUOUS
 62
0
 10
20.8466663360596
 20
9.9098955790202
 30
0.0
 11
20.9178123474121
 21
9.95114580790201
 31
0.0
  0
LINE
  8
0
  6
CONTINUOUS
 62
0
 10
20.9178123474121
 20
9.95114580790201
 30
0.0
 11
20.9960416158041
 21
9.97677103678386
 31
0.0
  0
LINE
  8
0
  6
CONTINUOUS
 62
0
 10
20.9960416158041
 20
9.97677103678386
 30
0.0
 11
21.0779164632161
 21
9.98552068074543
 31
0.0
  0
LINE
  8
0
  6
CONTINUOUS
 62
0
 10
21.0779164632161
 20
9.98552068074543
 30
0.0
 11
21.1597913106283
 21
9.97708320617677
 31
0.0
  0
LINE
  8
0
  6
CONTINUOUS
 62
0
 10
21.1597913106283
 20
9.97708320617677
 30
0.0
 11
21.1599998474121
 21
9.97697893778484
 31
0.0
  0
LINE
  8
0
  6
CONTINUOUS
 62
0
 10
21.1599998474121
 20
9.97697893778484
 30
0.0
 11
21.1602077484131
 21
9.97697893778484
 31
0.0
  0
LINE
  8
0
  6
CONTINUOUS
 62
0
 10
21.1602077484131
 20
9.97697893778484
 30
0.0
 11
21.1605205535889
 21
9.97687530517579
 31
0.0
  0
LINE
  8
0
  6
CONTINUOUS
 62
0
 10
21.1605205535889
 20
9.97687530517579
 30
0.0
 11
21.1607290903727
 21
9.97687530517579
 31
0.0
  0
LINE
  8
0
  6
CONTINUOUS
 62
0
 10
21.1607290903727
 20
9.97687530517579
 30
0.0
 11
21.1609369913737
 21
9.97677103678386
 31
0.0
  0
LINE
  8
0
  6
CONTINUOUS
 62
0
 10
21.1609369913737
 20
9.97677103678386
 30
0.0
 11
21.1612497965495
 21
9.97677103678386
 31
0.0
  0
LINE
  8
0
  6
CONTINUOUS
 62
0
 10
21.1612497965495
 20
9.97677103678386
 30
0.0
 11
21.1614583333333
 21
9.97666676839193
 31
0.0
  0
LINE
  8
0
  6
CONTINUOUS
 62
0
 10
21.1614583333333
 20
9.97666676839193
 30
0.0
 11
21.1616662343343
 21
9.97666676839193
 31
0.0
  0
LINE
  8
0
  6
CONTINUOUS
 62
0
 10
21.1616662343343
 20
9.97666676839193
 30
0.0
 11
21.1618747711182
 21
9.9765625
 31
0.0
  0
LINE
  8
0
  6
CONTINUOUS
 62
0
 10
21.1618747711182
 20
9.9765625
 30
0.0
 11
21.1621869405111
 21
9.9765625
 31
0.0
  0
LINE
  8
0
  6
CONTINUOUS
 62
0
 10
21.1621869405111
 20
9.9765625
 30
0.0
 11
21.1616662343343
 21
10.0276044209798
 31
0.0
  0
LINE
  8
0
  6
CONTINUOUS
 62
0
 10
21.1616662343343
 20
10.0276044209798
 30
0.0
 11
21.1611455281576
 21
10.0818748474121
 31
0.0
  0
LINE
  8
0
  6
CONTINUOUS
 62
0
 10
21.1611455281576
 20
10.0818748474121
 30
0.0
 11
21.1606248219808
 21
10.1392707824707
 31
0.0
  0
LINE
  8
0
  6
CONTINUOUS
 62
0
 10
21.1606248219808
 20
10.1392707824707
 30
0.0
 11
21.1599998474121
 21
10.1998958587646
 31
0.0
  0
LINE
  8
0
  6
CONTINUOUS
 62
0
 10
21.1599998474121
 20
10.1998958587646
 30
0.0
 11
21.1594791412354
 21
10.2638543446859
 31
0.0
  0
LINE
  8
0
  6
CONTINUOUS
 62
0
 10
21.1594791412354
 20
10.2638543446859
 30
0.0
 11
21.1588541666667
 21
10.3313541412354
 31
0.0
  0
LINE
  8
0
  6
CONTINUOUS
 62
0
 10
21.1588541666667
 20
10.3313541412354
 30
0.0
 11
21.1581249237061
 21
10.4022916158041
 31
0.0
  0
LINE
  8
0
  6
CONTINUOUS
 62
0
 10
21.1581249237061
 20
10.4022916158041
 30
0.0
 11
21.1573956807454
 21
10.4768753051758
 31
0.0
  0
LINE
  8
0
  6
CONTINUOUS
 62
0
 10
21.1573956807454
 20
10.4768753051758
 30
0.0
 11
21.1566664377848
 21
10.5552082061768
 31
0.0
  0
LINE
  8
0
  6
CONTINUOUS
 62
0
 10
21.1566664377848
 20
10.5552082061768
 30
0.0
 11
21.1559371948242
 21
10.6372915903727
 31
0.0
  0
LINE
  8
0
  6
CONTINUOUS
 62
0
 10
21.1559371948242
 20
10.6372915903727
 30
0.0
 11
21.1547915140788
 21
10.7189585367839
 31
0.0
  0
LINE
  8
0
  6
CONTINUOUS
 62
0
 10
21.1547915140788
 20
10.7189585367839
 30
0.0
 11
21.1532287597656
 21
10.8005205790202
 31
0.0
  0
LINE
  8
0
  6
CONTINUOUS
 62
0
 10
21.1532287597656
 20
10.8005205790202
 30
0.0
 11
21.1511452992757
 21
10.8820832570394
 31
0.0
  0
LINE
  8
0
  6
CONTINUOUS
 62
0
 10
21.1511452992757
 20
10.8820832570394
 30
0.0
 11
21.1488539377848
 21
10.9637502034505
 31
0.0
  0
LINE
  8
0
  6
CONTINUOUS
 62
0
 10
21.1488539377848
 20
10.9637502034505
 30
0.0
 11
21.146458307902
 21
11.0453122456869
 31
0.0
  0
LINE
  8
0
  6
CONTINUOUS
 62
0
 10
21.146458307902
 20
11.0453122456869
 30
0.0
 11
21.1440620422363
 21
11.126979192098
 31
0.0
  0
LINE
  8
0
  6
CONTINUOUS
 62
0
 10
21.1440620422363
 20
11.126979192098
 30
0.0
 11
21.1417706807454
 21
11.2085418701172
 31
0.0
  0
LINE
  8
0
  6
CONTINUOUS
 62
0
 10
21.1417706807454
 20
11.2085418701172
 30
0.0
 11
21.1396872202555
 21
11.2902081807454
 31
0.0
  0
LINE
  8
0
  6
CONTINUOUS
 62
0
 10
21.1396872202555
 20
11.2902081807454
 30
0.0
 11
21.1381244659424
 21
11.3717708587646
 31
0.0
  0
LINE
  8
0
  6
CONTINUOUS
 62
0
 10
21.1381244659424
 20
11.3717708587646
 30
0.0
 11
21.1370830535889
 21
11.4533335367839
 31
0.0
  0
LINE
  8
0
  6
CONTINUOUS
 62
0
 10
21.1370830535889
 20
11.4533335367839
 30
0.0
 11
21.1366666158041
 21
11.5348955790202
 31
0.0
  0
LINE
  8
0
  6
CONTINUOUS
 62
0
 10
21.1366666158041
 20
11.5348955790202
 30
0.0
 11
21.1369787851969
 21
11.6164582570394
 31
0.0
  0
LINE
  8
0
  6
CONTINUOUS
 62
0
 10
21.1369787851969
 20
11.6164582570394
 30
0.0
 11
21.1383330027263
 21
11.6980209350586
 31
0.0
  0
LINE
  8
0
  6
CONTINUOUS
 62
0
 10
21.1383330027263
 20
11.6980209350586
 30
0.0
 11
21.1407286326091
 21
11.779478708903
 31
0.0
  0
LINE
  8
0
  6
CONTINUOUS
 62
0
 10
21.1407286326091
 20
11.779478708903
 30
0.0
 11
21.1443748474121
 21
11.8610420227051
 31
0.0
  0
LINE
  8
0
  6
CONTINUOUS
 62
0
 10
21.1443748474121
 20
11.8610420227051
 30
0.0
 11
21.1468747456868
 21
11.9166666666667
 31
0.0
  0
LINE
  8
0
  6
CONTINUOUS
 62
0
 10
21.1468747456868
 20
11.9166666666667
 30
0.0
 11
21.1491661071778
 21
11.9740626017253
 31
0.0
  0
LINE
  8
0
  6
CONTINUOUS
 62
0
 10
21.1491661071778
 20
11.9740626017253
 30
0.0
 11
21.1522916158041
 21
12.0322914123535
 31
0.0
  0
LINE
  8
0
  6
CONTINUOUS
 62
0
 10
21.1522916158041
 20
12.0322914123535
 30
0.0
 11
21.1572914123535
 21
12.0904172261556
 31
0.0
  0
LINE
  8
0
  6
CONTINUOUS
 62
0
 10
21.1572914123535
 20
12.0904172261556
 30
0.0
 11
21.1648953755697
 21
12.1476046244304
 31
0.0
  0
LINE
  8
0
  6
CONTINUOUS
 62
0
 10
21.1648953755697
 20
12.1476046244304
 30
0.0
 11
21.1762498219808
 21
12.203125
 31
0.0
  0
LINE
  8
0
  6
CONTINUOUS
 62
0
 10
21.1762498219808
 20
12.203125
 30
0.0
 11
21.1923955281576
 21
12.2561454772949
 31
0.0
  0
LINE
  8
0
  6
CONTINUOUS
 62
0
 10
21.1923955281576
 20
12.2561454772949
 30
0.0
 11
21.2140623728434
 21
12.3056246439616
 31
0.0
  0
LINE
  8
0
  6
CONTINUOUS
 62
0
 10
21.2140623728434
 20
12.3056246439616
 30
0.0
 11
21.242395401001
 21
12.3508338928223
 31
0.0
  0
LINE
  8
0
  6
CONTINUOUS
 62
0
 10
21.242395401001
 20
12.3508338928223
 30
0.0
 11
21.2782287597656
 21
12.3910420735677
 31
0.0
  0
LINE
  8
0
  6
CONTINUOUS
 62
0
 10
21.2782287597656
 20
12.3910420735677
 30
0.0
 11
21.3073956171672
 21
12.4180208841959
 31
0.0
  0
LINE
  8
0
  6
CONTINUOUS
 62
0
 10
21.3073956171672
 20
12.4180208841959
 30
0.0
 11
21.3367703755697
 21
12.4447911580404
 31
0.0
  0
LINE
  8
0
  6
CONTINUOUS
 62
0
 10
21.3367703755697
 20
12.4447911580404
 30
0.0
 11
21.366457939148
 21
12.4713541666667
 31
0.0
  0
LINE
  8
0
  6
CONTINUOUS
 62
0
 10
21.366457939148
 20
12.4713541666667
 30
0.0
 11
21.3963537216187
 21
12.4976043701172
 31
0.0
  0
LINE
  8
0
  6
CONTINUOUS
 62
0
 10
21.3963537216187
 20
12.4976043701172
 30
0.0
 11
21.4264580408732
 21
12.5236460367839
 31
0.0
  0
LINE
  8
0
  6
CONTINUOUS
 62
0
 10
21.4264580408732
 20
12.5236460367839
 30
0.0
 11
21.4567705790202
 21
12.5493748982747
 31
0.0
  0
LINE
  8
0
  6
CONTINUOUS
 62
0
 10
21.4567705790202
 20
12.5493748982747
 30
0.0
 11
21.4873956044515
 21
12.5746879577637
 31
0.0
  0
LINE
  8
0
  6
CONTINUOUS
 62
0
 10
21.4873956044515
 20
12.5746879577637
 30
0.0
 11
21.5183331171672
 21
12.5996869405111
 31
0.0
  0
LINE
  8
0
  6
CONTINUOUS
 62
0
 10
21.5183331171672
 20
12.5996869405111
 30
0.0
 11
21.5495831171672
 21
12.6242713928223
 31
0.0
  0
LINE
  8
0
  6
CONTINUOUS
 62
0
 10
21.5495831171672
 20
12.6242713928223
 30
0.0
 11
21.5811456044515
 21
12.6484375
 31
0.0
  0
LINE
  8
0
  6
CONTINUOUS
 62
0
 10
21.5811456044515
 20
12.6484375
 30
0.0
 11
21.6258328755697
 21
12.6750005086263
 31
0.0
  0
LINE
  8
0
  6
CONTINUOUS
 62
0
 10
21.6258328755697
 20
12.6750005086263
 30
0.0
 11
21.6742706298828
 21
12.6911455790202
 31
0.0
  0
LINE
  8
0
  6
CONTINUOUS
 62
0
 10
21.6742706298828
 20
12.6911455790202
 30
0.0
 11
21.7257289886475
 21
12.6985422770182
 31
0.0
  0
LINE
  8
0
  6
CONTINUOUS
 62
0
 10
21.7257289886475
 20
12.6985422770182
 30
0.0
 11
21.779478708903
 21
12.6991666158041
 31
0.0
  0
LINE
  8
0
  6
CONTINUOUS
 62
0
 10
21.779478708903
 20
12.6991666158041
 30
0.0
 11
21.8349997202556
 21
12.6945838928223
 31
0.0
  0
LINE
  8
0
  6
CONTINUOUS
 62
0
 10
21.8349997202556
 20
12.6945838928223
 30
0.0
 11
21.8916664123535
 21
12.6865628560384
 31
0.0
  0
LINE
  8
0
  6
CONTINUOUS
 62
0
 10
21.8916664123535
 20
12.6865628560384
 30
0.0
 11
21.9487495422363
 21
12.6767705281576
 31
0.0
  0
LINE
  8
0
  6
CONTINUOUS
 62
0
 10
21.9487495422363
 20
12.6767705281576
 30
0.0
 11
22.0055205027263
 21
12.6671880086263
 31
0.0
  0
LINE
  8
0
  6
CONTINUOUS
 62
0
 10
22.0055205027263
 20
12.6671880086263
 30
0.0
 11
22.0614579518636
 21
12.6592712402344
 31
0.0
  0
LINE
  8
0
  6
CONTINUOUS
 62
0
 10
22.0614579518636
 20
12.6592712402344
 30
0.0
 11
22.1159372329712
 21
12.6548957824707
 31
0.0
  0
LINE
  8
0
  6
CONTINUOUS
 62
0
 10
22.1159372329712
 20
12.6548957824707
 30
0.0
 11
22.1971871058146
 21
12.6518745422363
 31
0.0
  0
LINE
  8
0
  6
CONTINUOUS
 62
0
 10
22.1971871058146
 20
12.6518745422363
 30
0.0
 11
22.27854124705
 21
12.6488545735677
 31
0.0
  0
LINE
  8
0
  6
CONTINUOUS
 62
0
 10
22.27854124705
 20
12.6488545735677
 30
0.0
 11
22.3597914377848
 21
12.6458333333333
 31
0.0
  0
LINE
  8
0
  6
CONTINUOUS
 62
0
 10
22.3597914377848
 20
12.6458333333333
 30
0.0
 11
22.4411455790202
 21
12.642812093099
 31
0.0
  0
LINE
  8
0
  6
CONTINUOUS
 62
0
 10
22.4411455790202
 20
12.642812093099
 30
0.0
 11
22.5223954518636
 21
12.6397921244304
 31
0.0
  0
LINE
  8
0
  6
CONTINUOUS
 62
0
 10
22.5223954518636
 20
12.6397921244304
 30
0.0
 11
22.603749593099
 21
12.636770884196
 31
0.0
  0
LINE
  8
0
  6
CONTINUOUS
 62
0
 10
22.603749593099
 20
12.636770884196
 30
0.0
 11
22.6849997838338
 21
12.6337496439616
 31
0.0
  0
LINE
  8
0
  6
CONTINUOUS
 62
0
 10
22.6849997838338
 20
12.6337496439616
 30
0.0
 11
22.7663539250692
 21
12.6306254069011
 31
0.0
  0
LINE
  8
0
  6
CONTINUOUS
 62
0
 10
22.7663539250692
 20
12.6306254069011
 30
0.0
 11
22.8476037979126
 21
12.6276041666667
 31
0.0
  0
LINE
  8
0
  6
CONTINUOUS
 62
0
 10
22.8476037979126
 20
12.6276041666667
 30
0.0
 11
22.928957939148
 21
12.6245829264323
 31
0.0
  0
LINE
  8
0
  6
CONTINUOUS
 62
0
 10
22.928957939148
 20
12.6245829264323
 30
0.0
 11
23.0102081298828
 21
12.6215629577637
 31
0.0
  0
LINE
  8
0
  6
CONTINUOUS
 62
0
 10
23.0102081298828
 20
12.6215629577637
 30
0.0
 11
23.0915622711182
 21
12.6185417175293
 31
0.0
  0
LINE
  8
0
  6
CONTINUOUS
 62
0
 10
23.0915622711182
 20
12.6185417175293
 30
0.0
 11
23.1728121439616
 21
12.6155204772949
 31
0.0
  0
LINE
  8
0
  6
CONTINUOUS
 62
0
 10
23.1728121439616
 20
12.6155204772949
 30
0.0
 11
23.2541662851969
 21
12.6125005086263
 31
0.0
  0
LINE
  8
0
  6
CONTINUOUS
 62
0
 10
23.2541662851969
 20
12.6125005086263
 30
0.0
 11
23.3354164759318
 21
12.6094792683919
 31
0.0
  0
LINE
  8
0
  6
CONTINUOUS
 62
0
 10
23.3354164759318
 20
12.6094792683919
 30
0.0
 11
23.4167706171672
 21
12.6063537597656
 31
0.0
  0
LINE
  8
0
  6
CONTINUOUS
 62
0
 10
23.4167706171672
 20
12.6063537597656
 30
0.0
 11
23.4185412724813
 21
12.6063537597656
 31
0.0
  0
LINE
  8
0
  6
CONTINUOUS
 62
0
 10
23.4185412724813
 20
12.6063537597656
 30
0.0
 11
23.4998954137166
 21
12.6094792683919
 31
0.0
  0
LINE
  8
0
  6
CONTINUOUS
 62
0
 10
23.4998954137166
 20
12.6094792683919
 30
0.0
 11
23.5811456044515
 21
12.6125005086263
 31
0.0
  0
LINE
  8
0
  6
CONTINUOUS
 62
0
 10
23.5811456044515
 20
12.6125005086263
 30
0.0
 11
23.6624997456869
 21
12.6155204772949
 31
0.0
  0
LINE
  8
0
  6
CONTINUOUS
 62
0
 10
23.6624997456869
 20
12.6155204772949
 30
0.0
 11
23.7437496185303
 21
12.6185417175293
 31
0.0
  0
LINE
  8
0
  6
CONTINUOUS
 62
0
 10
23.7437496185303
 20
12.6185417175293
 30
0.0
 11
23.8251037597656
 21
12.6215629577637
 31
0.0
  0
LINE
  8
0
  6
CONTINUOUS
 62
0
 10
23.8251037597656
 20
12.6215629577637
 30
0.0
 11
23.9063539505005
 21
12.6245829264323
 31
0.0
  0
LINE
  8
0
  6
CONTINUOUS
 62
0
 10
23.9063539505005
 20
12.6245829264323
 30
0.0
 11
23.9877080917358
 21
12.6276041666667
 31
0.0
  0
LINE
  8
0
  6
CONTINUOUS
 62
0
 10
23.9877080917358
 20
12.6276041666667
 30
0.0
 11
24.0689579645793
 21
12.630625406901
 31
0.0
  0
LINE
  8
0
  6
CONTINUOUS
 62
0
 10
24.0689579645793
 20
12.630625406901
 30
0.0
 11
24.1503122647603
 21
12.6337496439616
 31
0.0
  0
LINE
  8
0
  6
CONTINUOUS
 62
0
 10
24.1503122647603
 20
12.6337496439616
 30
0.0
 11
24.2315621376038
 21
12.636770884196
 31
0.0
  0
LINE
  8
0
  6
CONTINUOUS
 62
0
 10
24.2315621376038
 20
12.636770884196
 30
0.0
 11
24.3129164377848
 21
12.6397921244304
 31
0.0
  0
LINE
  8
0
  6
CONTINUOUS
 62
0
 10
24.3129164377848
 20
12.6397921244304
 30
0.0
 11
24.3941663106283
 21
12.642812093099
 31
0.0
  0
LINE
  8
0
  6
CONTINUOUS
 62
0
 10
24.3941663106283
 20
12.642812093099
 30
0.0
 11
24.4755204518636
 21
12.6458333333333
 31
0.0
  0
LINE
  8
0
  6
CONTINUOUS
 62
0
 10
24.4755204518636
 20
12.6458333333333
 30
0.0
 11
24.5567704836528
 21
12.6488545735677
 31
0.0
  0
LINE
  8
0
  6
CONTINUOUS
 62
0
 10
24.5567704836528
 20
12.6488545735677
 30
0.0
 11
24.6381246248881
 21
12.6518745422363
 31
0.0
  0
LINE
  8
0
  6
CONTINUOUS
 62
0
 10
24.6381246248881
 20
12.6518745422363
 30
0.0
 11
24.7193746566772
 21
12.6548957824707
 31
0.0
  0
LINE
  8
0
  6
CONTINUOUS
 62
0
 10
24.7193746566772
 20
12.6548957824707
 30
0.0
 11
24.7738539377848
 21
12.6592712402344
 31
0.0
  0
LINE
  8
0
  6
CONTINUOUS
 62
0
 10
24.7738539377848
 20
12.6592712402344
 30
0.0
 11
24.8297913869222
 21
12.6671880086263
 31
0.0
  0
LINE
  8
0
  6
CONTINUOUS
 62
0
 10
24.8297913869222
 20
12.6671880086263
 30
0.0
 11
24.8865621884664
 21
12.6767705281576
 31
0.0
  0
LINE
  8
0
  6
CONTINUOUS
 62
0
 10
24.8865621884664
 20
12.6767705281576
 30
0.0
 11
24.9436454772949
 21
12.6865628560384
 31
0.0
  0
LINE
  8
0
  6
CONTINUOUS
 62
0
 10
24.9436454772949
 20
12.6865628560384
 30
0.0
 11
25.0003121693929
 21
12.6945838928223
 31
0.0
  0
LINE
  8
0
  6
CONTINUOUS
 62
0
 10
25.0003121693929
 20
12.6945838928223
 30
0.0
 11
25.0558330217997
 21
12.6991666158041
 31
0.0
  0
LINE
  8
0
  6
CONTINUOUS
 62
0
 10
25.0558330217997
 20
12.6991666158041
 30
0.0
 11
25.1095830599467
 21
12.6985422770182
 31
0.0
  0
LINE
  8
0
  6
CONTINUOUS
 62
0
 10
25.1095830599467
 20
12.6985422770182
 30
0.0
 11
25.1610414187113
 21
12.6911455790202
 31
0.0
  0
LINE
  8
0
  6
CONTINUOUS
 62
0
 10
25.1610414187113
 20
12.6911455790202
 30
0.0
 11
25.2094788551331
 21
12.6750005086263
 31
0.0
  0
LINE
  8
0
  6
CONTINUOUS
 62
0
 10
25.2094788551331
 20
12.6750005086263
 30
0.0
 11
25.2541662851969
 21
12.6484375
 31
0.0
  0
LINE
  8
0
  6
CONTINUOUS
 62
0
 10
25.2541662851969
 20
12.6484375
 30
0.0
 11
25.285728931427
 21
12.6242713928223
 31
0.0
  0
LINE
  8
0
  6
CONTINUOUS
 62
0
 10
25.285728931427
 20
12.6242713928223
 30
0.0
 11
25.3169788519541
 21
12.5996869405111
 31
0.0
  0
LINE
  8
0
  6
CONTINUOUS
 62
0
 10
25.3169788519541
 20
12.5996869405111
 30
0.0
 11
25.3479163646698
 21
12.5746879577637
 31
0.0
  0
LINE
  8
0
  6
CONTINUOUS
 62
0
 10
25.3479163646698
 20
12.5746879577637
 30
0.0
 11
25.3785413901011
 21
12.5493748982747
 31
0.0
  0
LINE
  8
0
  6
CONTINUOUS
 62
0
 10
25.3785413901011
 20
12.5493748982747
 30
0.0
 11
25.4088538487752
 21
12.5236460367839
 31
0.0
  0
LINE
  8
0
  6
CONTINUOUS
 62
0
 10
25.4088538487752
 20
12.5236460367839
 30
0.0
 11
25.4390621980031
 21
12.4976043701172
 31
0.0
  0
LINE
  8
0
  6
CONTINUOUS
 62
0
 10
25.4390621980031
 20
12.4976043701172
 30
0.0
 11
25.4688538710276
 21
12.4713541666667
 31
0.0
  0
LINE
  8
0
  6
CONTINUOUS
 62
0
 10
25.4688538710276
 20
12.4713541666667
 30
0.0
 11
25.4985413551331
 21
12.4447911580404
 31
0.0
  0
LINE
  8
0
  6
CONTINUOUS
 62
0
 10
25.4985413551331
 20
12.4447911580404
 30
0.0
 11
25.5279163519541
 21
12.418020884196
 31
0.0
  0
LINE
  8
0
  6
CONTINUOUS
 62
0
 10
25.5279163519541
 20
12.418020884196
 30
0.0
 11
25.55708305041
 21
12.3910420735677
 31
0.0
  0
LINE
  8
0
  6
CONTINUOUS
 62
0
 10
25.55708305041
 20
12.3910420735677
 30
0.0
 11
25.5929163297017
 21
12.3508338928223
 31
0.0
  0
LINE
  8
0
  6
CONTINUOUS
 62
0
 10
25.5929163297017
 20
12.3508338928223
 30
0.0
 11
25.6212496757507
 21
12.3056246439616
 31
0.0
  0
LINE
  8
0
  6
CONTINUOUS
 62
0
 10
25.6212496757507
 20
12.3056246439616
 30
0.0
 11
25.6429163614909
 21
12.2561454772949
 31
0.0
  0
LINE
  8
0
  6
CONTINUOUS
 62
0
 10
25.6429163614909
 20
12.2561454772949
 30
0.0
 11
25.6590622266134
 21
12.203125
 31
0.0
  0
LINE
  8
0
  6
CONTINUOUS
 62
0
 10
25.6590622266134
 20
12.203125
 30
0.0
 11
25.6704163551331
 21
12.1476046244304
 31
0.0
  0
LINE
  8
0
  6
CONTINUOUS
 62
0
 10
25.6704163551331
 20
12.1476046244304
 30
0.0
 11
25.678124666214
 21
12.0904172261556
 31
0.0
  0
LINE
  8
0
  6
CONTINUOUS
 62
0
 10
25.678124666214
 20
12.0904172261556
 30
0.0
 11
25.683020512263
 21
12.0322914123535
 31
0.0
  0
LINE
  8
0
  6
CONTINUOUS
 62
0
 10
25.683020512263
 20
12.0322914123535
 30
0.0
 11
25.6861455440521
 21
11.9740626017253
 31
0.0
  0
LINE
  8
0
  6
CONTINUOUS
 62
0
 10
25.6861455440521
 20
11.9740626017253
 30
0.0
 11
25.6884372234345
 21
11.9166666666667
 31
0.0
  0
LINE
  8
0
  6
CONTINUOUS
 62
0
 10
25.6884372234345
 20
11.9166666666667
 30
0.0
 11
25.6909372011821
 21
11.8610420227051
 31
0.0
  0
LINE
  8
0
  6
CONTINUOUS
 62
0
 10
25.6909372011821
 20
11.8610420227051
 30
0.0
 11
25.6945830186208
 21
11.779478708903
 31
0.0
  0
LINE
  8
0
  6
CONTINUOUS
 62
0
 10
25.6945830186208
 20
11.779478708903
 30
0.0
 11
25.6969788869222
 21
11.6980209350586
 31
0.0
  0
LINE
  8
0
  6
CONTINUOUS
 62
0
 10
25.6969788869222
 20
11.6980209350586
 30
0.0
 11
25.6983330249786
 21
11.6164582570394
 31
0.0
  0
LINE
  8
0
  6
CONTINUOUS
 62
0
 10
25.6983330249786
 20
11.6164582570394
 30
0.0
 11
25.6987497011821
 21
11.5348955790202
 31
0.0
  0
LINE
  8
0
  6
CONTINUOUS
 62
0
 10
25.6987497011821
 20
11.5348955790202
 30
0.0
 11
25.6983330249786
 21
11.4533335367839
 31
0.0
  0
LINE
  8
0
  6
CONTINUOUS
 62
0
 10
25.6983330249786
 20
11.4533335367839
 30
0.0
 11
25.6971871852875
 21
11.3717708587646
 31
0.0
  0
LINE
  8
0
  6
CONTINUOUS
 62
0
 10
25.6971871852875
 20
11.3717708587646
 30
0.0
 11
25.6956246693929
 21
11.2902081807454
 31
0.0
  0
LINE
  8
0
  6
CONTINUOUS
 62
0
 10
25.6956246693929
 20
11.2902081807454
 30
0.0
 11
25.6935413678487
 21
11.2085418701172
 31
0.0
  0
LINE
  8
0
  6
CONTINUOUS
 62
0
 10
25.6935413678487
 20
11.2085418701172
 30
0.0
 11
25.6912496884664
 21
11.126979192098
 31
0.0
  0
LINE
  8
0
  6
CONTINUOUS
 62
0
 10
25.6912496884664
 20
11.126979192098
 30
0.0
 11
25.6888538996379
 21
11.0453122456869
 31
0.0
  0
LINE
  8
0
  6
CONTINUOUS
 62
0
 10
25.6888538996379
 20
11.0453122456869
 30
0.0
 11
25.6864580313365
 21
10.9637502034505
 31
0.0
  0
LINE
  8
0
  6
CONTINUOUS
 62
0
 10
25.6864580313365
 20
10.9637502034505
 30
0.0
 11
25.6841663519541
 21
10.8820832570394
 31
0.0
  0
LINE
  8
0
  6
CONTINUOUS
 62
0
 10
25.6841663519541
 20
10.8820832570394
 30
0.0
 11
25.68208305041
 21
10.8005205790202
 31
0.0
  0
LINE
  8
0
  6
CONTINUOUS
 62
0
 10
25.68208305041
 20
10.8005205790202
 30
0.0
 11
25.6805205345154
 21
10.7189585367839
 31
0.0
  0
LINE
  8
0
  6
CONTINUOUS
 62
0
 10
25.6805205345154
 20
10.7189585367839
 30
0.0
 11
25.6793746948242
 21
10.6372915903727
 31
0.0
  0
LINE
  8
0
  6
CONTINUOUS
 62
0
 10
25.6793746948242
 20
10.6372915903727
 30
0.0
 11
25.6787497202555
 21
10.5713539123535
 31
0.0
  0
LINE
  8
0
  6
CONTINUOUS
 62
0
 10
25.6787497202555
 20
10.5713539123535
 30
0.0
 11
25.6782288551331
 21
10.5079167683919
 31
0.0
  0
LINE
  8
0
  6
CONTINUOUS
 62
0
 10
25.6782288551331
 20
10.5079167683919
 30
0.0
 11
25.6776038805644
 21
10.4467709859212
 31
0.0
  0
LINE
  8
0
  6
CONTINUOUS
 62
0
 10
25.6776038805644
 20
10.4467709859212
 30
0.0
 11
25.6770830154419
 21
10.3880208333333
 31
0.0
  0
LINE
  8
0
  6
CONTINUOUS
 62
0
 10
25.6770830154419
 20
10.3880208333333
 30
0.0
 11
25.6765622297923
 21
10.3315626780192
 31
0.0
  0
LINE
  8
0
  6
CONTINUOUS
 62
0
 10
25.6765622297923
 20
10.3315626780192
 30
0.0
 11
25.6760413646698
 21
10.277395884196
 31
0.0
  0
LINE
  8
0
  6
CONTINUOUS
 62
0
 10
25.6760413646698
 20
10.277395884196
 30
0.0
 11
25.6755204995473
 21
10.2254168192546
 31
0.0
  0
LINE
  8
0
  6
CONTINUOUS
 62
0
 10
25.6755204995473
 20
10.2254168192546
 30
0.0
 11
25.6749997138977
 21
10.1755205790202
 31
0.0
  0
LINE
  8
0
  6
CONTINUOUS
 62
0
 10
25.6749997138977
 20
10.1755205790202
 30
0.0
 11
25.6745830376943
 21
10.1279169718424
 31
0.0
  0
LINE
  8
0
  6
CONTINUOUS
 62
0
 10
25.6745830376943
 20
10.1279169718424
 30
0.0
 11
25.6741663614909
 21
10.0822919209798
 31
0.0
  0
LINE
  8
0
  6
CONTINUOUS
 62
0
 10
25.6741663614909
 20
10.0822919209798
 30
0.0
 11
25.6976038614909
 21
10.0807291666667
 31
0.0
  0
LINE
  8
0
  6
CONTINUOUS
 62
0
 10
25.6976038614909
 20
10.0807291666667
 30
0.0
 11
25.7208330631256
 21
10.0779164632161
 31
0.0
  0
LINE
  8
0
  6
CONTINUOUS
 62
0
 10
25.7208330631256
 20
10.0779164632161
 30
0.0
 11
25.7438538869222
 21
10.0736459096273
 31
0.0
  0
LINE
  8
0
  6
CONTINUOUS
 62
0
 10
25.7438538869222
 20
10.0736459096273
 30
0.0
 11
25.7666663328807
 21
10.0680211385091
 31
0.0
  0
LINE
  8
0
  6
CONTINUOUS
 62
0
 10
25.7666663328807
 20
10.0680211385091
 30
0.0
 11
25.7890621821086
 21
10.0611457824707
 31
0.0
  0
LINE
  8
0
  6
CONTINUOUS
 62
0
 10
25.7890621821086
 20
10.0611457824707
 30
0.0
 11
25.810937166214
 21
10.0528125762939
 31
0.0
  0
LINE
  8
0
  6
CONTINUOUS
 62
0
 10
25.810937166214
 20
10.0528125762939
 30
0.0
 11
25.8323955535889
 21
10.0432294209798
 31
0.0
  0
LINE
  8
0
  6
CONTINUOUS
 62
0
 10
25.8323955535889
 20
10.0432294209798
 30
0.0
 11
25.8531246980031
 21
10.0323956807454
 31
0.0
  0
LINE
  8
0
  6
CONTINUOUS
 62
0
 10
25.8531246980031
 20
10.0323956807454
 30
0.0
 11
25.8732288678487
 21
10.0204168955485
 31
0.0
  0
LINE
  8
0
  6
CONTINUOUS
 62
0
 10
25.8732288678487
 20
10.0204168955485
 30
0.0
 11
25.8926038742065
 21
10.0071875254313
 31
0.0
  0
LINE
  8
0
  6
CONTINUOUS
 62
0
 10
25.8926038742065
 20
10.0071875254313
 30
0.0
 11
25.8958330154419
 21
10.0048955281576
 31
0.0
  0
LINE
  8
0
  6
CONTINUOUS
 62
0
 10
25.8958330154419
 20
10.0048955281576
 30
0.0
 11
25.898958047231
 21
10.0024998982747
 31
0.0
  0
LINE
  8
0
  6
CONTINUOUS
 62
0
 10
25.898958047231
 20
10.0024998982747
 30
0.0
 11
25.9021871884664
 21
10.0002085367839
 31
0.0
  0
LINE
  8
0
  6
CONTINUOUS
 62
0
 10
25.9021871884664
 20
10.0002085367839
 30
0.0
 11
25.9054163297017
 21
9.99791653951008
 31
0.0
  0
LINE
  8
0
  6
CONTINUOUS
 62
0
 10
25.9054163297017
 20
9.99791653951008
 30
0.0
 11
25.9085413614909
 21
9.99562517801921
 31
0.0
  0
LINE
  8
0
  6
CONTINUOUS
 62
0
 10
25.9085413614909
 20
9.99562517801921
 30
0.0
 11
25.9117705027262
 21
9.9932289123535
 31
0.0
  0
LINE
  8
0
  6
CONTINUOUS
 62
0
 10
25.9117705027262
 20
9.9932289123535
 30
0.0
 11
25.9148955345154
 21
9.99093755086264
 31
0.0
  0
LINE
  8
0
  6
CONTINUOUS
 62
0
 10
25.9148955345154
 20
9.99093755086264
 30
0.0
 11
25.9181246757507
 21
9.98864555358886
 31
0.0
  0
LINE
  8
0
  6
CONTINUOUS
 62
0
 10
25.9181246757507
 20
9.98864555358886
 30
0.0
 11
25.9212497075399
 21
9.98635419209799
 31
0.0
  0
LINE
  8
0
  6
CONTINUOUS
 62
0
 10
4.67374928792319
 20
3.64895836512248
 30
0.0
 11
4.65562438964842
 21
3.65885416666667
 31
0.0
  0
LINE
  8
0
  6
CONTINUOUS
 62
0
 10
4.65562438964842
 20
3.65885416666667
 30
0.0
 11
4.65479024251303
 21
3.65791670481364
 31
0.0
  0
LINE
  8
0
  6
CONTINUOUS
 62
0
 10
4.65479024251303
 20
3.65791670481364
 30
0.0
 11
4.65395863850914
 21
3.65687497456869
 31
0.0
  0
LINE
  8
0
  6
CONTINUOUS
 62
0
 10
4.65395863850914
 20
3.65687497456869
 30
0.0
 11
4.6531244913737
 21
3.65583340326945
 31
0.0
  0
LINE
  8
0
  6
CONTINUOUS
 62
0
 10
4.6531244913737
 20
3.65583340326945
 30
0.0
 11
4.65229034423827
 21
3.6548957824707
 31
0.0
  0
LINE
  8
0
  6
CONTINUOUS
 62
0
 10
4.65229034423827
 20
3.6548957824707
 30
0.0
 11
4.65145874023437
 21
3.65385421117147
 31
0.0
  0
LINE
  8
0
  6
CONTINUOUS
 62
0
 10
4.65145874023437
 20
3.65385421117147
 30
0.0
 11
4.65062459309898
 21
3.65291659037272
 31
0.0
  0
LINE
  8
0
  6
CONTINUOUS
 62
0
 10
4.65062459309898
 20
3.65291659037272
 30
0.0
 11
4.64979044596354
 21
3.65187501907349
 31
0.0
  0
LINE
  8
0
  6
CONTINUOUS
 62
0
 10
4.64979044596354
 20
3.65187501907349
 30
0.0
 11
4.64885457356772
 21
3.65093755722046
 31
0.0
  0
LINE
  8
0
  6
CONTINUOUS
 62
0
 10
4.64885457356772
 20
3.65093755722046
 30
0.0
 11
4.64802042643228
 21
3.6498958269755
 31
0.0
  0
LINE
  8
0
  6
CONTINUOUS
 62
0
 10
4.64802042643228
 20
3.6498958269755
 30
0.0
 11
4.64718627929689
 21
3.64895836512248
 31
0.0
  0
LINE
  8
0
  6
CONTINUOUS
 62
0
 10
4.64718627929689
 20
3.64895836512248
 30
0.0
 11
4.63385264078776
 21
3.63364585240682
 31
0.0
  0
LINE
  8
0
  6
CONTINUOUS
 62
0
 10
4.63385264078776
 20
3.63364585240682
 30
0.0
 11
4.62052154541016
 21
3.61822923024496
 31
0.0
  0
LINE
  8
0
  6
CONTINUOUS
 62
0
 10
4.62052154541016
 20
3.61822923024496
 30
0.0
 11
4.60729217529299
 21
3.60260423024496
 31
0.0
  0
LINE
  8
0
  6
CONTINUOUS
 62
0
 10
4.60729217529299
 20
3.60260423024496
 30
0.0
 11
4.59385426839193
 21
3.58718744913737
 31
0.0
  0
LINE
  8
0
  6
CONTINUOUS
 62
0
 10
4.59385426839193
 20
3.58718744913737
 30
0.0
 11
4.58020782470705
 21
3.57197920481364
 31
0.0
  0
LINE
  8
0
  6
CONTINUOUS
 62
0
 10
4.58020782470705
 20
3.57197920481364
 30
0.0
 11
4.56624857584638
 21
3.55729166666667
 31
0.0
  0
LINE
  8
0
  6
CONTINUOUS
 62
0
 10
4.56624857584638
 20
3.55729166666667
 30
0.0
 11
4.55177052815756
 21
3.54312499364217
 31
0.0
  0
LINE
  8
0
  6
CONTINUOUS
 62
0
 10
4.55177052815756
 20
3.54312499364217
 30
0.0
 11
4.53666687011721
 21
3.5297916730245
 31
0.0
  0
LINE
  8
0
  6
CONTINUOUS
 62
0
 10
4.53666687011721
 20
3.5297916730245
 30
0.0
 11
4.52083333333335
 21
3.51729170481364
 31
0.0
  0
LINE
  8
0
  6
CONTINUOUS
 62
0
 10
4.52083333333335
 20
3.51729170481364
 30
0.0
 11
4.50416564941405
 21
3.50593757629394
 31
0.0
  0
LINE
  8
0
  6
CONTINUOUS
 62
0
 10
4.50416564941405
 20
3.50593757629394
 30
0.0
 11
4.47114562988283
 21
3.48958333333333
 31
0.0
  0
LINE
  8
0
  6
CONTINUOUS
 62
0
 10
4.47114562988283
 20
3.48958333333333
 30
0.0
 11
4.43343607584638
 21
3.47729174296061
 31
0.0
  0
LINE
  8
0
  6
CONTINUOUS
 62
0
 10
4.43343607584638
 20
3.47729174296061
 30
0.0
 11
4.39312489827472
 21
3.46770826975505
 31
0.0
  0
LINE
  8
0
  6
CONTINUOUS
 62
0
 10
4.39312489827472
 20
3.46770826975505
 30
0.0
 11
4.35166676839193
 21
3.4594791730245
 31
0.0
  0
LINE
  8
0
  6
CONTINUOUS
 62
0
 10
4.35166676839193
 20
3.4594791730245
 30
0.0
 11
4.31104024251303
 21
3.45093743006388
 31
0.0
  0
LINE
  8
0
  6
CONTINUOUS
 62
0
 10
4.31104024251303
 20
3.45093743006388
 30
0.0
 11
4.27291615804036
 21
3.44083340962728
 31
0.0
  0
LINE
  8
0
  6
CONTINUOUS
 62
0
 10
4.27291615804036
 20
3.44083340962728
 30
0.0
 11
4.2390619913737
 21
3.42770830790202
 31
0.0
  0
LINE
  8
0
  6
CONTINUOUS
 62
0
 10
4.2390619913737
 20
3.42770830790202
 30
0.0
 11
4.21125030517579
 21
3.40989589691162
 31
0.0
  0
LINE
  8
0
  6
CONTINUOUS
 62
0
 10
4.21125030517579
 20
3.40989589691162
 30
0.0
 11
4.19124857584638
 21
3.38625001907349
 31
0.0
  0
LINE
  8
0
  6
CONTINUOUS
 62
0
 10
4.19124857584638
 20
3.38625001907349
 30
0.0
 11
4.18083190917968
 21
3.35510412851969
 31
0.0
  0
LINE
  8
0
  6
CONTINUOUS
 62
0
 10
4.18083190917968
 20
3.35510412851969
 30
0.0
 11
4.17124938964843
 21
3.28916660944621
 31
0.0
  0
LINE
  8
0
  6
CONTINUOUS
 62
0
 10
4.17124938964843
 20
3.28916660944621
 30
0.0
 11
4.16583251953126
 21
3.25104173024495
 31
0.0
  0
LINE
  8
0
  6
CONTINUOUS
 62
0
 10
4.16583251953126
 20
3.25104173024495
 30
0.0
 11
4.1640625
 21
3.23270829518636
 31
0.0
  0
LINE
  8
0
  6
CONTINUOUS
 62
0
 10
4.1640625
 20
3.23270829518636
 30
0.0
 11
4.16551971435547
 21
3.22604163487752
 31
0.0
  0
LINE
  8
0
  6
CONTINUOUS
 62
0
 10
4.16551971435547
 20
3.22604163487752
 30
0.0
 11
4.16958363850913
 21
3.22291660308838
 31
0.0
  0
LINE
  8
0
  6
CONTINUOUS
 62
0
 10
4.16958363850913
 20
3.22291660308838
 30
0.0
 11
4.17593638102212
 21
3.21541659037272
 31
0.0
  0
LINE
  8
0
  6
CONTINUOUS
 62
0
 10
4.17593638102212
 20
3.21541659037272
 30
0.0
 11
4.18416595458984
 21
3.1953125
 31
0.0
  0
LINE
  8
0
  6
CONTINUOUS
 62
0
 10
4.18416595458984
 20
3.1953125
 30
0.0
 11
4.19354248046874
 21
3.15458329518636
 31
0.0
  0
LINE
  8
0
  6
CONTINUOUS
 62
0
 10
4.19354248046874
 20
3.15458329518636
 30
0.0
 11
4.20375061035157
 21
3.08510414759318
 31
0.0
  0
LINE
  8
0
  6
CONTINUOUS
 62
0
 10
4.20375061035157
 20
3.08510414759318
 30
0.0
 11
4.21437581380209
 21
2.97885417938232
 31
0.0
  0
LINE
  8
0
  6
CONTINUOUS
 62
0
 10
4.21437581380209
 20
2.97885417938232
 30
0.0
 11
4.21947987874351
 21
2.90197912851969
 31
0.0
  0
LINE
  8
0
  6
CONTINUOUS
 62
0
 10
4.21947987874351
 20
2.90197912851969
 30
0.0
 11
4.22229258219401
 21
2.82093747456869
 31
0.0
  0
LINE
  8
0
  6
CONTINUOUS
 62
0
 10
4.22229258219401
 20
2.82093747456869
 30
0.0
 11
4.22301991780598
 21
2.73666667938233
 31
0.0
  0
LINE
  8
0
  6
CONTINUOUS
 62
0
 10
4.22301991780598
 20
2.73666667938233
 30
0.0
 11
4.22166697184244
 21
2.65010420481364
 31
0.0
  0
LINE
  8
0
  6
CONTINUOUS
 62
0
 10
4.22166697184244
 20
2.65010420481364
 30
0.0
 11
4.21822865804035
 21
2.56239589055379
 31
0.0
  0
LINE
  8
0
  6
CONTINUOUS
 62
0
 10
4.21822865804035
 20
2.56239589055379
 30
0.0
 11
4.21281178792319
 21
2.47447919845581
 31
0.0
  0
LINE
  8
0
  6
CONTINUOUS
 62
0
 10
4.21281178792319
 20
2.47447919845581
 30
0.0
 11
4.2054163614909
 21
2.38729159037272
 31
0.0
  0
LINE
  8
0
  6
CONTINUOUS
 62
0
 10
4.2054163614909
 20
2.38729159037272
 30
0.0
 11
4.19614664713543
 21
2.30197914441427
 31
0.0
  0
LINE
  8
0
  6
CONTINUOUS
 62
0
 10
4.19614664713543
 20
2.30197914441427
 30
0.0
 11
4.18500010172528
 21
2.21927086512248
 31
0.0
  0
LINE
  8
0
  6
CONTINUOUS
 62
0
 10
4.18500010172528
 20
2.21927086512248
 30
0.0
 11
4.17197926839193
 21
2.14052081108093
 31
0.0
  0
LINE
  8
0
  6
CONTINUOUS
 62
0
 10
4.17197926839193
 20
2.14052081108093
 30
0.0
 11
4.15729014078776
 21
2.0663541952769
 31
0.0
  0
LINE
  8
0
  6
CONTINUOUS
 62
0
 10
4.15729014078776
 20
2.0663541952769
 30
0.0
 11
4.13083394368488
 21
1.98427081108093
 31
0.0
  0
LINE
  8
0
  6
CONTINUOUS
 62
0
 10
4.13083394368488
 20
1.98427081108093
 30
0.0
 11
4.09416707356772
 21
1.9243749777476
 31
0.0
  0
LINE
  8
0
  6
CONTINUOUS
 62
0
 10
4.09416707356772
 20
1.9243749777476
 30
0.0
 11
4.0492706298828
 21
1.88489580154419
 31
0.0
  0
LINE
  8
0
  6
CONTINUOUS
 62
0
 10
4.0492706298828
 20
1.88489580154419
 30
0.0
 11
3.9984359741211
 21
1.86406246821086
 31
0.0
  0
LINE
  8
0
  6
CONTINUOUS
 62
0
 10
3.9984359741211
 20
1.86406246821086
 30
0.0
 11
3.94354248046874
 21
1.86010416348775
 31
0.0
  0
LINE
  8
0
  6
CONTINUOUS
 62
0
 10
3.94354248046874
 20
1.86010416348775
 30
0.0
 11
3.88697814941406
 21
1.87135418256124
 31
0.0
  0
LINE
  8
0
  6
CONTINUOUS
 62
0
 10
3.88697814941406
 20
1.87135418256124
 30
0.0
 11
3.83072916666665
 21
1.8959375222524
 31
0.0
  0
LINE
  8
0
  6
CONTINUOUS
 62
0
 10
3.83072916666665
 20
1.8959375222524
 30
0.0
 11
3.77687581380209
 21
1.93208336830139
 31
0.0
  0
LINE
  8
0
  6
CONTINUOUS
 62
0
 10
3.77687581380209
 20
1.93208336830139
 30
0.0
 11
3.72770690917968
 21
1.97812501589457
 31
0.0
  0
LINE
  8
0
  6
CONTINUOUS
 62
0
 10
3.72770690917968
 20
1.97812501589457
 30
0.0
 11
3.68520863850913
 21
2.03229165077209
 31
0.0
  0
LINE
  8
0
  6
CONTINUOUS
 62
0
 10
3.68520863850913
 20
2.03229165077209
 30
0.0
 11
3.64270782470705
 21
1.97812501589457
 31
0.0
  0
LINE
  8
0
  6
CONTINUOUS
 62
0
 10
3.64270782470705
 20
1.97812501589457
 30
0.0
 11
3.59354146321614
 21
1.93208336830139
 31
0.0
  0
LINE
  8
0
  6
CONTINUOUS
 62
0
 10
3.59354146321614
 20
1.93208336830139
 30
0.0
 11
3.5397923787435
 21
1.8959375222524
 31
0.0
  0
LINE
  8
0
  6
CONTINUOUS
 62
0
 10
3.5397923787435
 20
1.8959375222524
 30
0.0
 11
3.48343658447268
 21
1.87135418256124
 31
0.0
  0
LINE
  8
0
  6
CONTINUOUS
 62
0
 10
3.48343658447268
 20
1.87135418256124
 30
0.0
 11
3.42687479654949
 21
1.86010416348775
 31
0.0
  0
LINE
  8
0
  6
CONTINUOUS
 62
0
 10
3.42687479654949
 20
1.86010416348775
 30
0.0
 11
3.37208302815756
 21
1.86406246821086
 31
0.0
  0
LINE
  8
0
  6
CONTINUOUS
 62
0
 10
3.37208302815756
 20
1.86406246821086
 30
0.0
 11
3.32114664713543
 21
1.88489580154419
 31
0.0
  0
LINE
  8
0
  6
CONTINUOUS
 62
0
 10
3.32114664713543
 20
1.88489580154419
 30
0.0
 11
3.27625020345051
 21
1.9243749777476
 31
0.0
  0
LINE
  8
0
  6
CONTINUOUS
 62
0
 10
3.27625020345051
 20
1.9243749777476
 30
0.0
 11
3.23958333333335
 21
1.98427081108093
 31
0.0
  0
LINE
  8
0
  6
CONTINUOUS
 62
0
 10
3.23958333333335
 20
1.98427081108093
 30
0.0
 11
3.21322886149091
 21
2.0663541952769
 31
0.0
  0
LINE
  8
0
  6
CONTINUOUS
 62
0
 10
3.21322886149091
 20
2.0663541952769
 30
0.0
 11
3.1984380086263
 21
2.14052081108093
 31
0.0
  0
LINE
  8
0
  6
CONTINUOUS
 62
0
 10
3.1984380086263
 20
2.14052081108093
 30
0.0
 11
3.18541717529295
 21
2.21927086512248
 31
0.0
  0
LINE
  8
0
  6
CONTINUOUS
 62
0
 10
3.18541717529295
 20
2.21927086512248
 30
0.0
 11
3.1742706298828
 21
2.30197914441427
 31
0.0
  0
LINE
  8
0
  6
CONTINUOUS
 62
0
 10
3.1742706298828
 20
2.30197914441427
 30
0.0
 11
3.16500091552736
 21
2.38729159037272
 31
0.0
  0
LINE
  8
0
  6
CONTINUOUS
 62
0
 10
3.16500091552736
 20
2.38729159037272
 30
0.0
 11
3.15760294596354
 21
2.47447919845581
 31
0.0
  0
LINE
  8
0
  6
CONTINUOUS
 62
0
 10
3.15760294596354
 20
2.47447919845581
 30
0.0
 11
3.15218607584634
 21
2.56239589055379
 31
0.0
  0
LINE
  8
0
  6
CONTINUOUS
 62
0
 10
3.15218607584634
 20
2.56239589055379
 30
0.0
 11
3.14875030517579
 21
2.65010420481364
 31
0.0
  0
LINE
  8
0
  6
CONTINUOUS
 62
0
 10
3.14875030517579
 20
2.65010420481364
 30
0.0
 11
3.14739481608075
 21
2.73666667938233
 31
0.0
  0
LINE
  8
0
  6
CONTINUOUS
 62
0
 10
3.14739481608075
 20
2.73666667938233
 30
0.0
 11
3.14812469482421
 21
2.82093747456869
 31
0.0
  0
LINE
  8
0
  6
CONTINUOUS
 62
0
 10
3.14812469482421
 20
2.82093747456869
 30
0.0
 11
3.15104166666666
 21
2.90197912851969
 31
0.0
  0
LINE
  8
0
  6
CONTINUOUS
 62
0
 10
3.15104166666666
 20
2.90197912851969
 30
0.0
 11
3.15604146321614
 21
2.97885417938232
 31
0.0
  0
LINE
  8
0
  6
CONTINUOUS
 62
0
 10
3.15604146321614
 20
2.97885417938232
 30
0.0
 11
3.16666666666665
 21
3.08510414759318
 31
0.0
  0
LINE
  8
0
  6
CONTINUOUS
 62
0
 10
3.16666666666665
 20
3.08510414759318
 30
0.0
 11
3.17687479654949
 21
3.15458329518636
 31
0.0
  0
LINE
  8
0
  6
CONTINUOUS
 62
0
 10
3.17687479654949
 20
3.15458329518636
 30
0.0
 11
3.18635304768882
 21
3.1953125
 31
0.0
  0
LINE
  8
0
  6
CONTINUOUS
 62
0
 10
3.18635304768882
 20
3.1953125
 30
0.0
 11
3.19447835286461
 21
3.21541659037272
 31
0.0
  0
LINE
  8
0
  6
CONTINUOUS
 62
0
 10
3.19447835286461
 20
3.21541659037272
 30
0.0
 11
3.20083363850913
 21
3.22291660308838
 31
0.0
  0
LINE
  8
0
  6
CONTINUOUS
 62
0
 10
3.20083363850913
 20
3.22291660308838
 30
0.0
 11
3.20499928792319
 21
3.22604163487752
 31
0.0
  0
LINE
  8
0
  6
CONTINUOUS
 62
0
 10
3.20499928792319
 20
3.22604163487752
 30
0.0
 11
3.20635477701823
 21
3.23270829518636
 31
0.0
  0
LINE
  8
0
  6
CONTINUOUS
 62
0
 10
3.20635477701823
 20
3.23270829518636
 30
0.0
 11
3.20458221435547
 21
3.25104173024495
 31
0.0
  0
LINE
  8
0
  6
CONTINUOUS
 62
0
 10
3.20458221435547
 20
3.25104173024495
 30
0.0
 11
3.19916534423827
 21
3.28916660944621
 31
0.0
  0
LINE
  8
0
  6
CONTINUOUS
 62
0
 10
3.19916534423827
 20
3.28916660944621
 30
0.0
 11
3.18958282470705
 21
3.35510412851969
 31
0.0
  0
LINE
  8
0
  6
CONTINUOUS
 62
0
 10
3.18958282470705
 20
3.35510412851969
 30
0.0
 11
3.17916615804036
 21
3.38625001907349
 31
0.0
  0
LINE
  8
0
  6
CONTINUOUS
 62
0
 10
3.17916615804036
 20
3.38625001907349
 30
0.0
 11
3.15916697184244
 21
3.40989589691162
 31
0.0
  0
LINE
  8
0
  6
CONTINUOUS
 62
0
 10
3.15916697184244
 20
3.40989589691162
 30
0.0
 11
3.13135274251303
 21
3.42770830790202
 31
0.0
  0
LINE
  8
0
  6
CONTINUOUS
 62
0
 10
3.13135274251303
 20
3.42770830790202
 30
0.0
 11
3.09749857584634
 21
3.44083340962728
 31
0.0
  0
LINE
  8
0
  6
CONTINUOUS
 62
0
 10
3.09749857584634
 20
3.44083340962728
 30
0.0
 11
3.0593744913737
 21
3.45093743006388
 31
0.0
  0
LINE
  8
0
  6
CONTINUOUS
 62
0
 10
3.0593744913737
 20
3.45093743006388
 30
0.0
 11
3.0187505086263
 21
3.4594791730245
 31
0.0
  0
LINE
  8
0
  6
CONTINUOUS
 62
0
 10
3.0187505086263
 20
3.4594791730245
 30
0.0
 11
2.97739664713543
 21
3.46770826975505
 31
0.0
  0
LINE
  8
0
  6
CONTINUOUS
 62
0
 10
2.97739664713543
 20
3.46770826975505
 30
0.0
 11
2.93697865804035
 21
3.47729174296061
 31
0.0
  0
LINE
  8
0
  6
CONTINUOUS
 62
0
 10
2.93697865804035
 20
3.47729174296061
 30
0.0
 11
2.89937591552736
 21
3.48958333333333
 31
0.0
  0
LINE
  8
0
  6
CONTINUOUS
 62
0
 10
2.89937591552736
 20
3.48958333333333
 30
0.0
 11
2.86624908447268
 21
3.50593757629394
 31
0.0
  0
LINE
  8
0
  6
CONTINUOUS
 62
0
 10
2.86624908447268
 20
3.50593757629394
 30
0.0
 11
2.85031127929689
 21
3.51677083969116
 31
0.0
  0
LINE
  8
0
  6
CONTINUOUS
 62
0
 10
2.85031127929689
 20
3.51677083969116
 30
0.0
 11
2.83510335286461
 21
3.52864583333333
 31
0.0
  0
LINE
  8
0
  6
CONTINUOUS
 62
0
 10
2.83510335286461
 20
3.52864583333333
 30
0.0
 11
2.82062530517579
 21
3.54135417938233
 31
0.0
  0
LINE
  8
0
  6
CONTINUOUS
 62
0
 10
2.82062530517579
 20
3.54135417938233
 30
0.0
 11
2.80677032470705
 21
3.5546875
 31
0.0
  0
LINE
  8
0
  6
CONTINUOUS
 62
0
 10
2.80677032470705
 20
3.5546875
 30
0.0
 11
2.79322814941406
 21
3.56875006357829
 31
0.0
  0
LINE
  8
0
  6
CONTINUOUS
 62
0
 10
2.79322814941406
 20
3.56875006357829
 30
0.0
 11
2.78010304768882
 21
3.5831249554952
 31
0.0
  0
LINE
  8
0
  6
CONTINUOUS
 62
0
 10
2.78010304768882
 20
3.5831249554952
 30
0.0
 11
2.76729075113933
 21
3.59781249364217
 31
0.0
  0
LINE
  8
0
  6
CONTINUOUS
 62
0
 10
2.76729075113933
 20
3.59781249364217
 30
0.0
 11
2.75458272298177
 21
3.61270840962728
 31
0.0
  0
LINE
  8
0
  6
CONTINUOUS
 62
0
 10
2.75458272298177
 20
3.61270840962728
 30
0.0
 11
2.74187469482421
 21
3.62760416666667
 31
0.0
  0
LINE
  8
0
  6
CONTINUOUS
 62
0
 10
2.74187469482421
 20
3.62760416666667
 30
0.0
 11
2.72916666666665
 21
3.64229170481364
 31
0.0
  0
LINE
  8
0
  6
CONTINUOUS
 62
0
 10
2.72916666666665
 20
3.64229170481364
 30
0.0
 11
2.6585413614909
 21
3.60500001907349
 31
0.0
  0
LINE
  8
0
  6
CONTINUOUS
 62
0
 10
2.6585413614909
 20
3.60500001907349
 30
0.0
 11
2.58187357584634
 21
3.58281246821086
 31
0.0
  0
LINE
  8
0
  6
CONTINUOUS
 62
0
 10
2.58187357584634
 20
3.58281246821086
 30
0.0
 11
2.5022913614909
 21
3.57656256357829
 31
0.0
  0
LINE
  8
0
  6
CONTINUOUS
 62
0
 10
2.5022913614909
 20
3.57656256357829
 30
0.0
 11
2.42312367757161
 21
3.58635409673055
 31
0.0
  0
LINE
  8
0
  6
CONTINUOUS
 62
0
 10
2.42312367757161
 20
3.58635409673055
 30
0.0
 11
2.34749857584634
 21
3.61208327611287
 31
0.0
  0
LINE
  8
0
  6
CONTINUOUS
 62
0
 10
2.34749857584634
 20
3.61208327611287
 30
0.0
 11
2.27864583333335
 21
3.65249999364217
 31
0.0
  0
LINE
  8
0
  6
CONTINUOUS
 62
0
 10
2.27864583333335
 20
3.65249999364217
 30
0.0
 11
2.21937561035157
 21
3.70593738555908
 31
0.0
  0
LINE
  8
0
  6
CONTINUOUS
 62
0
 10
2.21937561035157
 20
3.70593738555908
 30
0.0
 11
2.17208353678386
 21
3.77020835876465
 31
0.0
  0
LINE
  8
0
  6
CONTINUOUS
 62
0
 10
2.17208353678386
 20
3.77020835876465
 30
0.0
 11
2.13875071207681
 21
3.84281253814697
 31
0.0
  0
LINE
  8
0
  6
CONTINUOUS
 62
0
 10
2.13875071207681
 20
3.84281253814697
 30
0.0
 11
2.12062581380209
 21
3.9205207824707
 31
0.0
  0
LINE
  8
0
  6
CONTINUOUS
 62
0
 10
2.12062581380209
 20
3.9205207824707
 30
0.0
 11
2.1187489827474
 21
4.00031248728434
 31
0.0
  0
LINE
  8
0
  6
CONTINUOUS
 62
0
 10
2.1187489827474
 20
4.00031248728434
 30
0.0
 11
2.13291676839193
 21
4.0789581934611
 31
0.0
  0
LINE
  8
0
  6
CONTINUOUS
 62
0
 10
2.13291676839193
 20
4.0789581934611
 30
0.0
 11
2.16260274251303
 21
4.15302085876465
 31
0.0
  0
LINE
  8
0
  6
CONTINUOUS
 62
0
 10
2.16260274251303
 20
4.15302085876465
 30
0.0
 11
2.20666758219402
 21
4.2195831934611
 31
0.0
  0
LINE
  8
0
  6
CONTINUOUS
 62
0
 10
2.20666758219402
 20
4.2195831934611
 30
0.0
 11
2.2632293701172
 21
4.27593739827474
 31
0.0
  0
LINE
  8
0
  6
CONTINUOUS
 62
0
 10
2.2632293701172
 20
4.27593739827474
 30
0.0
 11
2.32999928792319
 21
4.31968752543131
 31
0.0
  0
LINE
  8
0
  6
CONTINUOUS
 62
0
 10
2.32999928792319
 20
4.31968752543131
 30
0.0
 11
2.40427144368488
 21
4.34895833333333
 31
0.0
  0
LINE
  8
0
  6
CONTINUOUS
 62
0
 10
2.40427144368488
 20
4.34895833333333
 30
0.0
 11
2.48291524251303
 21
4.36281236012777
 31
0.0
  0
LINE
  8
0
  6
CONTINUOUS
 62
0
 10
2.48291524251303
 20
4.36281236012777
 30
0.0
 11
2.56270853678386
 21
4.36041673024496
 31
0.0
  0
LINE
  8
0
  6
CONTINUOUS
 62
0
 10
2.56270853678386
 20
4.36041673024496
 30
0.0
 11
2.53447977701823
 21
4.40635426839193
 31
0.0
  0
LINE
  8
0
  6
CONTINUOUS
 62
0
 10
2.53447977701823
 20
4.40635426839193
 30
0.0
 11
2.50416564941406
 21
4.45104153951009
 31
0.0
  0
LINE
  8
0
  6
CONTINUOUS
 62
0
 10
2.50416564941406
 20
4.45104153951009
 30
0.0
 11
2.47239430745445
 21
4.49499988555908
 31
0.0
  0
LINE
  8
0
  6
CONTINUOUS
 62
0
 10
2.47239430745445
 20
4.49499988555908
 30
0.0
 11
2.43968709309898
 21
4.53833325703939
 31
0.0
  0
LINE
  8
0
  6
CONTINUOUS
 62
0
 10
2.43968709309898
 20
4.53833325703939
 30
0.0
 11
2.40656280517579
 21
4.58145840962728
 31
0.0
  0
LINE
  8
0
  6
CONTINUOUS
 62
0
 10
2.40656280517579
 20
4.58145840962728
 30
0.0
 11
2.37354024251303
 21
4.62468751271566
 31
0.0
  0
LINE
  8
0
  6
CONTINUOUS
 62
0
 10
2.37354024251303
 20
4.62468751271566
 30
0.0
 11
2.34125010172527
 21
4.66833337148031
 31
0.0
  0
LINE
  8
0
  6
CONTINUOUS
 62
0
 10
2.34125010172527
 20
4.66833337148031
 30
0.0
 11
2.31010437011721
 21
4.71270847320557
 31
0.0
  0
LINE
  8
0
  6
CONTINUOUS
 62
0
 10
2.31010437011721
 20
4.71270847320557
 30
0.0
 11
2.28062438964843
 21
4.75802071889242
 31
0.0
  0
LINE
  8
0
  6
CONTINUOUS
 62
0
 10
2.28062438964843
 20
4.75802071889242
 30
0.0
 11
2.25343831380209
 21
4.80479176839193
 31
0.0
  0
LINE
  8
0
  6
CONTINUOUS
 62
0
 10
2.25343831380209
 20
4.80479176839193
 30
0.0
 11
2.2132288614909
 21
4.88156255086263
 31
0.0
  0
LINE
  8
0
  6
CONTINUOUS
 62
0
 10
2.2132288614909
 20
4.88156255086263
 30
0.0
 11
2.17635345458984
 21
4.95833333333335
 31
0.0
  0
LINE
  8
0
  6
CONTINUOUS
 62
0
 10
2.17635345458984
 20
4.95833333333335
 30
0.0
 11
2.14270782470705
 21
5.03510411580405
 31
0.0
  0
LINE
  8
0
  6
CONTINUOUS
 62
0
 10
2.14270782470705
 20
5.03510411580405
 30
0.0
 11
2.11208343505858
 21
5.11208343505858
 31
0.0
  0
LINE
  8
0
  6
CONTINUOUS
 62
0
 10
2.11208343505858
 20
5.11208343505858
 30
0.0
 11
2.08458201090496
 21
5.18906243642169
 31
0.0
  0
LINE
  8
0
  6
CONTINUOUS
 62
0
 10
2.08458201090496
 20
5.18906243642169
 30
0.0
 11
2.06010437011721
 21
5.26635424296063
 31
0.0
  0
LINE
  8
0
  6
CONTINUOUS
 62
0
 10
2.06010437011721
 20
5.26635424296063
 30
0.0
 11
2.03843688964842
 21
5.34385426839193
 31
0.0
  0
LINE
  8
0
  6
CONTINUOUS
 62
0
 10
2.03843688964842
 20
5.34385426839193
 30
0.0
 11
2.01947784423827
 21
5.4216667811076
 31
0.0
  0
LINE
  8
0
  6
CONTINUOUS
 62
0
 10
2.01947784423827
 20
5.4216667811076
 30
0.0
 11
2.00333404541016
 21
5.49989573160807
 31
0.0
  0
LINE
  8
0
  6
CONTINUOUS
 62
0
 10
2.00333404541016
 20
5.49989573160807
 30
0.0
 11
1.9897918701172
 21
5.57843748728433
 31
0.0
  0
LINE
  8
0
  6
CONTINUOUS
 62
0
 10
1.9897918701172
 20
5.57843748728433
 30
0.0
 11
1.9788538614909
 21
5.65739568074543
 31
0.0
  0
LINE
  8
0
  6
CONTINUOUS
 62
0
 10
1.9788538614909
 20
5.65739568074543
 30
0.0
 11
1.9703114827474
 21
5.73687489827473
 31
0.0
  0
LINE
  8
0
  6
CONTINUOUS
 62
0
 10
1.9703114827474
 20
5.73687489827473
 30
0.0
 11
1.96416727701823
 21
5.81687513987224
 31
0.0
  0
LINE
  8
0
  6
CONTINUOUS
 62
0
 10
1.96416727701823
 20
5.81687513987224
 30
0.0
 11
1.96031188964842
 21
5.89750003814697
 31
0.0
  0
LINE
  8
0
  6
CONTINUOUS
 62
0
 10
1.96031188964842
 20
5.89750003814697
 30
0.0
 11
1.95875040690102
 21
5.97874991099039
 31
0.0
  0
LINE
  8
0
  6
CONTINUOUS
 62
0
 10
1.95875040690102
 20
5.97874991099039
 30
0.0
 11
1.95927174886067
 21
6.06072902679445
 31
0.0
  0
LINE
  8
0
  6
CONTINUOUS
 62
0
 10
1.95927174886067
 20
6.06072902679445
 30
0.0
 11
1.96187591552736
 21
6.14343738555909
 31
0.0
  0
LINE
  8
0
  6
CONTINUOUS
 62
0
 10
1.96187591552736
 20
6.14343738555909
 30
0.0
 11
1.9663543701172
 21
6.22687498728433
 31
0.0
  0
LINE
  8
0
  6
CONTINUOUS
 62
0
 10
1.9663543701172
 20
6.22687498728433
 30
0.0
 11
1.97281138102213
 21
6.31125005086264
 31
0.0
  0
LINE
  8
0
  6
CONTINUOUS
 62
0
 10
1.97281138102213
 20
6.31125005086264
 30
0.0
 11
1.97770690917969
 21
6.39406267801921
 31
0.0
  0
LINE
  8
0
  6
CONTINUOUS
 62
0
 10
1.97770690917969
 20
6.39406267801921
 30
0.0
 11
1.9788538614909
 21
6.46822929382323
 31
0.0
  0
LINE
  8
0
  6
CONTINUOUS
 62
0
 10
1.9788538614909
 20
6.46822929382323
 30
0.0
 11
1.97874959309897
 21
6.53510411580405
 31
0.0
  0
LINE
  8
0
  6
CONTINUOUS
 62
0
 10
1.97874959309897
 20
6.53510411580405
 30
0.0
 11
1.97989654541016
 21
6.59624989827473
 31
0.0
  0
LINE
  8
0
  6
CONTINUOUS
 62
0
 10
1.97989654541016
 20
6.59624989827473
 30
0.0
 11
1.98479207356771
 21
6.65302085876465
 31
0.0
  0
LINE
  8
0
  6
CONTINUOUS
 62
0
 10
1.98479207356771
 20
6.65302085876465
 30
0.0
 11
1.99593607584634
 21
6.70666694641114
 31
0.0
  0
LINE
  8
0
  6
CONTINUOUS
 62
0
 10
1.99593607584634
 20
6.70666694641114
 30
0.0
 11
2.01572926839193
 21
6.75875027974445
 31
0.0
  0
LINE
  8
0
  6
CONTINUOUS
 62
0
 10
2.01572926839193
 20
6.75875027974445
 30
0.0
 11
2.04666646321614
 21
6.81052080790201
 31
0.0
  0
LINE
  8
0
  6
CONTINUOUS
 62
0
 10
2.04666646321614
 20
6.81052080790201
 30
0.0
 11
2.09135437011721
 21
6.8635419209798
 31
0.0
  0
LINE
  8
0
  6
CONTINUOUS
 62
0
 10
2.09135437011721
 20
6.8635419209798
 30
0.0
 11
2.15218607584634
 21
6.91906229654949
 31
0.0
  0
LINE
  8
0
  6
CONTINUOUS
 62
0
 10
2.15218607584634
 20
6.91906229654949
 30
0.0
 11
2.23156229654949
 21
6.97562472025555
 31
0.0
  0
LINE
  8
0
  6
CONTINUOUS
 62
0
 10
2.23156229654949
 20
6.97562472025555
 30
0.0
 11
2.30989583333335
 21
7.01510429382323
 31
0.0
  0
LINE
  8
0
  6
CONTINUOUS
 62
0
 10
2.30989583333335
 20
7.01510429382323
 30
0.0
 11
2.38666534423827
 21
7.03833325703937
 31
0.0
  0
LINE
  8
0
  6
CONTINUOUS
 62
0
 10
2.38666534423827
 20
7.03833325703937
 30
0.0
 11
2.46125030517579
 21
7.04677073160807
 31
0.0
  0
LINE
  8
0
  6
CONTINUOUS
 62
0
 10
2.46125030517579
 20
7.04677073160807
 30
0.0
 11
2.53322855631512
 21
7.04135386149091
 31
0.0
  0
LINE
  8
0
  6
CONTINUOUS
 62
0
 10
2.53322855631512
 20
7.04135386149091
 30
0.0
 11
2.60197957356772
 21
7.02333323160807
 31
0.0
  0
LINE
  8
0
  6
CONTINUOUS
 62
0
 10
2.60197957356772
 20
7.02333323160807
 30
0.0
 11
2.66708374023437
 21
6.9938538869222
 31
0.0
  0
LINE
  8
0
  6
CONTINUOUS
 62
0
 10
2.66708374023437
 20
6.9938538869222
 30
0.0
 11
2.72791544596354
 21
6.95385424296063
 31
0.0
  0
LINE
  8
0
  6
CONTINUOUS
 62
0
 10
2.72791544596354
 20
6.95385424296063
 30
0.0
 11
2.78395843505858
 21
6.90468724568685
 31
0.0
  0
LINE
  8
0
  6
CONTINUOUS
 62
0
 10
2.78395843505858
 20
6.90468724568685
 30
0.0
 11
2.83479054768882
 21
6.8473955790202
 31
0.0
  0
LINE
  8
0
  6
CONTINUOUS
 62
0
 10
2.83479054768882
 20
6.8473955790202
 30
0.0
 11
2.87979125976563
 21
6.78312492370606
 31
0.0
  0
LINE
  8
0
  6
CONTINUOUS
 62
0
 10
2.87979125976563
 20
6.78312492370606
 30
0.0
 11
2.91854095458984
 21
6.71302096048992
 31
0.0
  0
LINE
  8
0
  6
CONTINUOUS
 62
0
 10
2.91854095458984
 20
6.71302096048992
 30
0.0
 11
2.95031229654949
 21
6.6382293701172
 31
0.0
  0
LINE
  8
0
  6
CONTINUOUS
 62
0
 10
2.95031229654949
 20
6.6382293701172
 30
0.0
 11
2.97479248046874
 21
6.55979156494142
 31
0.0
  0
LINE
  8
0
  6
CONTINUOUS
 62
0
 10
2.97479248046874
 20
6.55979156494142
 30
0.0
 11
2.99135335286461
 21
6.4789581298828
 31
0.0
  0
LINE
  8
0
  6
CONTINUOUS
 62
0
 10
2.99135335286461
 20
6.4789581298828
 30
0.0
 11
3.0007298787435
 21
6.39447911580405
 31
0.0
  0
LINE
  8
0
  6
CONTINUOUS
 62
0
 10
3.0007298787435
 20
6.39447911580405
 30
0.0
 11
3.00374857584638
 21
6.31177075703937
 31
0.0
  0
LINE
  8
0
  6
CONTINUOUS
 62
0
 10
3.00374857584638
 20
6.31177075703937
 30
0.0
 11
3.00208282470705
 21
6.23052088419595
 31
0.0
  0
LINE
  8
0
  6
CONTINUOUS
 62
0
 10
3.00208282470705
 20
6.23052088419595
 30
0.0
 11
2.99718729654949
 21
6.15020847320555
 31
0.0
  0
LINE
  8
0
  6
CONTINUOUS
 62
0
 10
2.99718729654949
 20
6.15020847320555
 30
0.0
 11
2.99072774251303
 21
6.07072925567626
 31
0.0
  0
LINE
  8
0
  6
CONTINUOUS
 62
0
 10
2.99072774251303
 20
6.07072925567626
 30
0.0
 11
2.98427073160807
 21
5.99145825703937
 31
0.0
  0
LINE
  8
0
  6
CONTINUOUS
 62
0
 10
2.98427073160807
 20
5.99145825703937
 30
0.0
 11
2.97927093505858
 21
5.91229152679445
 31
0.0
  0
LINE
  8
0
  6
CONTINUOUS
 62
0
 10
2.97927093505858
 20
5.91229152679445
 30
0.0
 11
2.97739664713543
 21
5.83270835876465
 31
0.0
  0
LINE
  8
0
  6
CONTINUOUS
 62
0
 10
2.97739664713543
 20
5.83270835876465
 30
0.0
 11
2.98010508219402
 21
5.75249989827472
 31
0.0
  0
LINE
  8
0
  6
CONTINUOUS
 62
0
 10
2.98010508219402
 20
5.75249989827472
 30
0.0
 11
2.9890619913737
 21
5.67114575703937
 31
0.0
  0
LINE
  8
0
  6
CONTINUOUS
 62
0
 10
2.9890619913737
 20
5.67114575703937
 30
0.0
 11
3.00583394368488
 21
5.58833344777425
 31
0.0
  0
LINE
  8
0
  6
CONTINUOUS
 62
0
 10
3.00583394368488
 20
5.58833344777425
 30
0.0
 11
3.0319798787435
 21
5.50374984741213
 31
0.0
  0
LINE
  8
0
  6
CONTINUOUS
 62
0
 10
3.0319798787435
 20
5.50374984741213
 30
0.0
 11
3.06385294596354
 21
5.42697906494142
 31
0.0
  0
LINE
  8
0
  6
CONTINUOUS
 62
0
 10
3.06385294596354
 20
5.42697906494142
 30
0.0
 11
3.10187530517579
 21
5.35249996185303
 31
0.0
  0
LINE
  8
0
  6
CONTINUOUS
 62
0
 10
3.10187530517579
 20
5.35249996185303
 30
0.0
 11
3.14468638102213
 21
5.27968756357831
 31
0.0
  0
LINE
  8
0
  6
CONTINUOUS
 62
0
 10
3.14468638102213
 20
5.27968756357831
 30
0.0
 11
3.19135284423827
 21
5.20822906494142
 31
0.0
  0
LINE
  8
0
  6
CONTINUOUS
 62
0
 10
3.19135284423827
 20
5.20822906494142
 30
0.0
 11
3.2406234741211
 21
5.13770834604898
 31
0.0
  0
LINE
  8
0
  6
CONTINUOUS
 62
0
 10
3.2406234741211
 20
5.13770834604898
 30
0.0
 11
3.29135386149091
 21
5.06781260172528
 31
0.0
  0
LINE
  8
0
  6
CONTINUOUS
 62
0
 10
3.29135386149091
 20
5.06781260172528
 30
0.0
 11
3.34249877929689
 21
4.99802080790201
 31
0.0
  0
LINE
  8
0
  6
CONTINUOUS
 62
0
 10
3.34249877929689
 20
4.99802080790201
 30
0.0
 11
3.39270782470705
 21
4.92791652679443
 31
0.0
  0
LINE
  8
0
  6
CONTINUOUS
 62
0
 10
3.39270782470705
 20
4.92791652679443
 30
0.0
 11
3.44104258219401
 21
4.85708332061768
 31
0.0
  0
LINE
  8
0
  6
CONTINUOUS
 62
0
 10
3.44104258219401
 20
4.85708332061768
 30
0.0
 11
3.48624928792319
 21
4.78510411580404
 31
0.0
  0
LINE
  8
0
  6
CONTINUOUS
 62
0
 10
3.48624928792319
 20
4.78510411580404
 30
0.0
 11
3.52718607584634
 21
4.71166674296061
 31
0.0
  0
LINE
  8
0
  6
CONTINUOUS
 62
0
 10
3.52718607584634
 20
4.71166674296061
 30
0.0
 11
3.56281280517579
 21
4.63635412851969
 31
0.0
  0
LINE
  8
0
  6
CONTINUOUS
 62
0
 10
3.56281280517579
 20
4.63635412851969
 30
0.0
 11
3.60645802815756
 21
4.52781263987223
 31
0.0
  0
LINE
  8
0
  6
CONTINUOUS
 62
0
 10
3.60645802815756
 20
4.52781263987223
 30
0.0
 11
3.63249969482421
 21
4.45114580790202
 31
0.0
  0
LINE
  8
0
  6
CONTINUOUS
 62
0
 10
3.63249969482421
 20
4.45114580790202
 30
0.0
 11
3.64499918619791
 21
4.4006249109904
 31
0.0
  0
LINE
  8
0
  6
CONTINUOUS
 62
0
 10
3.64499918619791
 20
4.4006249109904
 30
0.0
 11
3.64791615804036
 21
4.37041664123535
 31
0.0
  0
LINE
  8
0
  6
CONTINUOUS
 62
0
 10
3.64791615804036
 20
4.37041664123535
 30
0.0
 11
3.64510345458984
 21
4.35468737284342
 31
0.0
  0
LINE
  8
0
  6
CONTINUOUS
 62
0
 10
3.64510345458984
 20
4.35468737284342
 30
0.0
 11
3.640625
 21
4.34749984741211
 31
0.0
  0
LINE
  8
0
  6
CONTINUOUS
 62
0
 10
3.640625
 20
4.34749984741211
 30
0.0
 11
3.63843790690106
 21
4.34312502543131
 31
0.0
  0
LINE
  8
0
  6
CONTINUOUS
 62
0
 10
3.63843790690106
 20
4.34312502543131
 30
0.0
 11
3.64249928792319
 21
4.33572928110759
 31
0.0
  0
LINE
  8
0
  6
CONTINUOUS
 62
0
 10
3.64249928792319
 20
4.33572928110759
 30
0.0
 11
3.65677134195965
 21
4.3194793065389
 31
0.0
  0
LINE
  8
0
  6
CONTINUOUS
 62
0
 10
3.65677134195965
 20
4.3194793065389
 30
0.0
 11
3.68520863850913
 21
4.28854179382324
 31
0.0
  0
LINE
  8
0
  6
CONTINUOUS
 62
0
 10
3.68520863850913
 20
4.28854179382324
 30
0.0
 11
3.71375020345051
 21
4.3194793065389
 31
0.0
  0
LINE
  8
0
  6
CONTINUOUS
 62
0
 10
3.71375020345051
 20
4.3194793065389
 30
0.0
 11
3.72801971435547
 21
4.33572928110759
 31
0.0
  0
LINE
  8
0
  6
CONTINUOUS
 62
0
 10
3.72801971435547
 20
4.33572928110759
 30
0.0
 11
3.73208363850914
 21
4.34312502543131
 31
0.0
  0
LINE
  8
0
  6
CONTINUOUS
 62
0
 10
3.73208363850914
 20
4.34312502543131
 30
0.0
 11
3.72989654541016
 21
4.34749984741211
 31
0.0
  0
LINE
  8
0
  6
CONTINUOUS
 62
0
 10
3.72989654541016
 20
4.34749984741211
 30
0.0
 11
3.72541554768882
 21
4.35468737284342
 31
0.0
  0
LINE
  8
0
  6
CONTINUOUS
 62
0
 10
3.72541554768882
 20
4.35468737284342
 30
0.0
 11
3.72260284423827
 21
4.37041664123535
 31
0.0
  0
LINE
  8
0
  6
CONTINUOUS
 62
0
 10
3.72260284423827
 20
4.37041664123535
 30
0.0
 11
3.72541554768882
 21
4.4006249109904
 31
0.0
  0
LINE
  8
0
  6
CONTINUOUS
 62
0
 10
3.72541554768882
 20
4.4006249109904
 30
0.0
 11
3.73791758219402
 21
4.45114580790202
 31
0.0
  0
LINE
  8
0
  6
CONTINUOUS
 62
0
 10
3.73791758219402
 20
4.45114580790202
 30
0.0
 11
3.76395924886067
 21
4.52781263987223
 31
0.0
  0
LINE
  8
0
  6
CONTINUOUS
 62
0
 10
3.76395924886067
 20
4.52781263987223
 30
0.0
 11
3.80760447184244
 21
4.63635412851969
 31
0.0
  0
LINE
  8
0
  6
CONTINUOUS
 62
0
 10
3.80760447184244
 20
4.63635412851969
 30
0.0
 11
3.84322865804036
 21
4.71166674296061
 31
0.0
  0
LINE
  8
0
  6
CONTINUOUS
 62
0
 10
3.84322865804036
 20
4.71166674296061
 30
0.0
 11
3.88416544596354
 21
4.78510411580404
 31
0.0
  0
LINE
  8
0
  6
CONTINUOUS
 62
0
 10
3.88416544596354
 20
4.78510411580404
 30
0.0
 11
3.92937469482421
 21
4.85708332061768
 31
0.0
  0
LINE
  8
0
  6
CONTINUOUS
 62
0
 10
3.92937469482421
 20
4.85708332061768
 30
0.0
 11
3.97770690917969
 21
4.92791652679443
 31
0.0
  0
LINE
  8
0
  6
CONTINUOUS
 62
0
 10
3.97770690917969
 20
4.92791652679443
 30
0.0
 11
4.02802022298177
 21
4.99802080790201
 31
0.0
  0
LINE
  8
0
  6
CONTINUOUS
 62
0
 10
4.02802022298177
 20
4.99802080790201
 30
0.0
 11
4.07906341552736
 21
5.06781260172528
 31
0.0
  0
LINE
  8
0
  6
CONTINUOUS
 62
0
 10
4.07906341552736
 20
5.06781260172528
 30
0.0
 11
4.12979125976563
 21
5.13770834604898
 31
0.0
  0
LINE
  8
0
  6
CONTINUOUS
 62
0
 10
4.12979125976563
 20
5.13770834604898
 30
0.0
 11
4.17906188964843
 21
5.20822906494142
 31
0.0
  0
LINE
  8
0
  6
CONTINUOUS
 62
0
 10
4.17906188964843
 20
5.20822906494142
 30
0.0
 11
4.22572835286461
 21
5.27968756357831
 31
0.0
  0
LINE
  8
0
  6
CONTINUOUS
 62
0
 10
4.22572835286461
 20
5.27968756357831
 30
0.0
 11
4.26864624023437
 21
5.35249996185303
 31
0.0
  0
LINE
  8
0
  6
CONTINUOUS
 62
0
 10
4.26864624023437
 20
5.35249996185303
 30
0.0
 11
4.30656178792319
 21
5.42697906494142
 31
0.0
  0
LINE
  8
0
  6
CONTINUOUS
 62
0
 10
4.30656178792319
 20
5.42697906494142
 30
0.0
 11
4.33854166666665
 21
5.50374984741213
 31
0.0
  0
LINE
  8
0
  6
CONTINUOUS
 62
0
 10
4.33854166666665
 20
5.50374984741213
 30
0.0
 11
4.36458333333335
 21
5.58833344777425
 31
0.0
  0
LINE
  8
0
  6
CONTINUOUS
 62
0
 10
4.36458333333335
 20
5.58833344777425
 30
0.0
 11
4.38135274251303
 21
5.67114575703937
 31
0.0
  0
LINE
  8
0
  6
CONTINUOUS
 62
0
 10
4.38135274251303
 20
5.67114575703937
 30
0.0
 11
4.39031219482421
 21
5.75249989827472
 31
0.0
  0
LINE
  8
0
  6
CONTINUOUS
 62
0
 10
4.39031219482421
 20
5.75249989827472
 30
0.0
 11
4.39312489827472
 21
5.83270835876465
 31
0.0
  0
LINE
  8
0
  6
CONTINUOUS
 62
0
 10
4.39312489827472
 20
5.83270835876465
 30
0.0
 11
4.39114634195965
 21
5.91229152679445
 31
0.0
  0
LINE
  8
0
  6
CONTINUOUS
 62
0
 10
4.39114634195965
 20
5.91229152679445
 30
0.0
 11
4.38625081380209
 21
5.99145825703937
 31
0.0
  0
LINE
  8
0
  6
CONTINUOUS
 62
0
 10
4.38625081380209
 20
5.99145825703937
 30
0.0
 11
4.3796869913737
 21
6.07072925567626
 31
0.0
  0
LINE
  8
0
  6
CONTINUOUS
 62
0
 10
4.3796869913737
 20
6.07072925567626
 30
0.0
 11
4.37322998046874
 21
6.15020847320555
 31
0.0
  0
LINE
  8
0
  6
CONTINUOUS
 62
0
 10
4.37322998046874
 20
6.15020847320555
 30
0.0
 11
4.36843617757161
 21
6.23052088419595
 31
0.0
  0
LINE
  8
0
  6
CONTINUOUS
 62
0
 10
4.36843617757161
 20
6.23052088419595
 30
0.0
 11
4.36666615804036
 21
6.31177075703937
 31
0.0
  0
LINE
  8
0
  6
CONTINUOUS
 62
0
 10
4.36666615804036
 20
6.31177075703937
 30
0.0
 11
4.36979166666665
 21
6.39447911580405
 31
0.0
  0
LINE
  8
0
  6
CONTINUOUS
 62
0
 10
4.36979166666665
 20
6.39447911580405
 30
0.0
 11
4.37906138102213
 21
6.4789581298828
 31
0.0
  0
LINE
  8
0
  6
CONTINUOUS
 62
0
 10
4.37906138102213
 20
6.4789581298828
 30
0.0
 11
4.39562479654949
 21
6.55979156494142
 31
0.0
  0
LINE
  8
0
  6
CONTINUOUS
 62
0
 10
4.39562479654949
 20
6.55979156494142
 30
0.0
 11
4.42010498046874
 21
6.6382293701172
 31
0.0
  0
LINE
  8
0
  6
CONTINUOUS
 62
0
 10
4.42010498046874
 20
6.6382293701172
 30
0.0
 11
4.45197804768882
 21
6.71302096048992
 31
0.0
  0
LINE
  8
0
  6
CONTINUOUS
 62
0
 10
4.45197804768882
 20
6.71302096048992
 30
0.0
 11
4.4906234741211
 21
6.78312492370606
 31
0.0
  0
LINE
  8
0
  6
CONTINUOUS
 62
0
 10
4.4906234741211
 20
6.78312492370606
 30
0.0
 11
4.53562418619791
 21
6.8473955790202
 31
0.0
  0
LINE
  8
0
  6
CONTINUOUS
 62
0
 10
4.53562418619791
 20
6.8473955790202
 30
0.0
 11
4.58645884195965
 21
6.90468724568685
 31
0.0
  0
LINE
  8
0
  6
CONTINUOUS
 62
0
 10
4.58645884195965
 20
6.90468724568685
 30
0.0
 11
4.64249928792319
 21
6.95385424296063
 31
0.0
  0
LINE
  8
0
  6
CONTINUOUS
 62
0
 10
4.64249928792319
 20
6.95385424296063
 30
0.0
 11
4.70343780517579
 21
6.9938538869222
 31
0.0
  0
LINE
  8
0
  6
CONTINUOUS
 62
0
 10
4.70343780517579
 20
6.9938538869222
 30
0.0
 11
4.76843770345051
 21
7.02333323160807
 31
0.0
  0
LINE
  8
0
  6
CONTINUOUS
 62
0
 10
4.76843770345051
 20
7.02333323160807
 30
0.0
 11
4.83729044596354
 21
7.04135386149091
 31
0.0
  0
LINE
  8
0
  6
CONTINUOUS
 62
0
 10
4.83729044596354
 20
7.04135386149091
 30
0.0
 11
4.90916697184244
 21
7.04677073160807
 31
0.0
  0
LINE
  8
0
  6
CONTINUOUS
 62
0
 10
4.90916697184244
 20
7.04677073160807
 30
0.0
 11
4.98385365804035
 21
7.03833325703937
 31
0.0
  0
LINE
  8
0
  6
CONTINUOUS
 62
0
 10
4.98385365804035
 20
7.03833325703937
 30
0.0
 11
5.06052144368488
 21
7.01510429382323
 31
0.0
  0
LINE
  8
0
  6
CONTINUOUS
 62
0
 10
5.06052144368488
 20
7.01510429382323
 30
0.0
 11
5.13885498046874
 21
6.97562472025555
 31
0.0
  0
LINE
  8
0
  6
CONTINUOUS
 62
0
 10
5.13885498046874
 20
6.97562472025555
 30
0.0
 11
5.21833292643228
 21
6.91906229654949
 31
0.0
  0
LINE
  8
0
  6
CONTINUOUS
 62
0
 10
5.21833292643228
 20
6.91906229654949
 30
0.0
 11
5.27906290690107
 21
6.8635419209798
 31
0.0
  0
LINE
  8
0
  6
CONTINUOUS
 62
0
 10
5.27906290690107
 20
6.8635419209798
 30
0.0
 11
5.32374954223634
 21
6.81052080790201
 31
0.0
  0
LINE
  8
0
  6
CONTINUOUS
 62
0
 10
5.32374954223634
 20
6.81052080790201
 30
0.0
 11
5.35468673706055
 21
6.75875027974445
 31
0.0
  0
LINE
  8
0
  6
CONTINUOUS
 62
0
 10
5.35468673706055
 20
6.75875027974445
 30
0.0
 11
5.37458292643228
 21
6.70666694641114
 31
0.0
  0
LINE
  8
0
  6
CONTINUOUS
 62
0
 10
5.37458292643228
 20
6.70666694641114
 30
0.0
 11
5.38562520345051
 21
6.65302085876465
 31
0.0
  0
LINE
  8
0
  6
CONTINUOUS
 62
0
 10
5.38562520345051
 20
6.65302085876465
 30
0.0
 11
5.39052073160807
 21
6.59624989827473
 31
0.0
  0
LINE
  8
0
  6
CONTINUOUS
 62
0
 10
5.39052073160807
 20
6.59624989827473
 30
0.0
 11
5.39166641235351
 21
6.53510411580405
 31
0.0
  0
LINE
  8
0
  6
CONTINUOUS
 62
0
 10
5.39166641235351
 20
6.53510411580405
 30
0.0
 11
5.39166641235351
 21
6.46822929382323
 31
0.0
  0
LINE
  8
0
  6
CONTINUOUS
 62
0
 10
5.39166641235351
 20
6.46822929382323
 30
0.0
 11
5.39281209309898
 21
6.39406267801921
 31
0.0
  0
LINE
  8
0
  6
CONTINUOUS
 62
0
 10
5.39281209309898
 20
6.39406267801921
 30
0.0
 11
5.39770762125649
 21
6.31125005086264
 31
0.0
  0
LINE
  8
0
  6
CONTINUOUS
 62
0
 10
5.39770762125649
 20
6.31125005086264
 30
0.0
 11
5.40406163533528
 21
6.22687498728433
 31
0.0
  0
LINE
  8
0
  6
CONTINUOUS
 62
0
 10
5.40406163533528
 20
6.22687498728433
 30
0.0
 11
5.40864562988283
 21
6.14343738555909
 31
0.0
  0
LINE
  8
0
  6
CONTINUOUS
 62
0
 10
5.40864562988283
 20
6.14343738555909
 30
0.0
 11
5.41114552815756
 21
6.06072902679445
 31
0.0
  0
LINE
  8
0
  6
CONTINUOUS
 62
0
 10
5.41114552815756
 20
6.06072902679445
 30
0.0
 11
5.41166687011721
 21
5.97874991099039
 31
0.0
  0
LINE
  8
0
  6
CONTINUOUS
 62
0
 10
5.41166687011721
 20
5.97874991099039
 30
0.0
 11
5.41010411580406
 21
5.89750003814697
 31
0.0
  0
LINE
  8
0
  6
CONTINUOUS
 62
0
 10
5.41010411580406
 20
5.89750003814697
 30
0.0
 11
5.40625
 21
5.81687513987224
 31
0.0
  0
LINE
  8
0
  6
CONTINUOUS
 62
0
 10
5.40625
 20
5.81687513987224
 30
0.0
 11
5.40010325113933
 21
5.73687489827473
 31
0.0
  0
LINE
  8
0
  6
CONTINUOUS
 62
0
 10
5.40010325113933
 20
5.73687489827473
 30
0.0
 11
5.39156214396158
 21
5.65739568074543
 31
0.0
  0
LINE
  8
0
  6
CONTINUOUS
 62
0
 10
5.39156214396158
 20
5.65739568074543
 30
0.0
 11
5.38062413533528
 21
5.57843748728433
 31
0.0
  0
LINE
  8
0
  6
CONTINUOUS
 62
0
 10
5.38062413533528
 20
5.57843748728433
 30
0.0
 11
5.36708323160807
 21
5.49989573160807
 31
0.0
  0
LINE
  8
0
  6
CONTINUOUS
 62
0
 10
5.36708323160807
 20
5.49989573160807
 30
0.0
 11
5.35093688964843
 21
5.4216667811076
 31
0.0
  0
LINE
  8
0
  6
CONTINUOUS
 62
0
 10
5.35093688964843
 20
5.4216667811076
 30
0.0
 11
5.33208338419599
 21
5.34385426839193
 31
0.0
  0
LINE
  8
0
  6
CONTINUOUS
 62
0
 10
5.33208338419599
 20
5.34385426839193
 30
0.0
 11
5.3104159037272
 21
5.26635424296063
 31
0.0
  0
LINE
  8
0
  6
CONTINUOUS
 62
0
 10
5.3104159037272
 20
5.26635424296063
 30
0.0
 11
5.28583272298177
 21
5.18906243642169
 31
0.0
  0
LINE
  8
0
  6
CONTINUOUS
 62
0
 10
5.28583272298177
 20
5.18906243642169
 30
0.0
 11
5.25833384195965
 21
5.11208343505858
 31
0.0
  0
LINE
  8
0
  6
CONTINUOUS
 62
0
 10
5.25833384195965
 20
5.11208343505858
 30
0.0
 11
5.22781117757162
 21
5.03510411580405
 31
0.0
  0
LINE
  8
0
  6
CONTINUOUS
 62
0
 10
5.22781117757162
 20
5.03510411580405
 30
0.0
 11
5.19406127929689
 21
4.95833333333335
 31
0.0
  0
LINE
  8
0
  6
CONTINUOUS
 62
0
 10
5.19406127929689
 20
4.95833333333335
 30
0.0
 11
5.15718841552736
 21
4.88156255086263
 31
0.0
  0
LINE
  8
0
  6
CONTINUOUS
 62
0
 10
5.15718841552736
 20
4.88156255086263
 30
0.0
 11
5.11697896321614
 21
4.80479176839193
 31
0.0
  0
LINE
  8
0
  6
CONTINUOUS
 62
0
 10
5.11697896321614
 20
4.80479176839193
 30
0.0
 11
5.09177144368492
 21
4.76114590962728
 31
0.0
  0
LINE
  8
0
  6
CONTINUOUS
 62
0
 10
5.09177144368492
 20
4.76114590962728
 30
0.0
 11
5.06447855631512
 21
4.71885426839193
 31
0.0
  0
LINE
  8
0
  6
CONTINUOUS
 62
0
 10
5.06447855631512
 20
4.71885426839193
 30
0.0
 11
5.03572845458984
 21
4.67739582061768
 31
0.0
  0
LINE
  8
0
  6
CONTINUOUS
 62
0
 10
5.03572845458984
 20
4.67739582061768
 30
0.0
 11
5.00583394368488
 21
4.63656234741211
 31
0.0
  0
LINE
  8
0
  6
CONTINUOUS
 62
0
 10
5.00583394368488
 20
4.63656234741211
 30
0.0
 11
4.97520701090496
 21
4.59624989827474
 31
0.0
  0
LINE
  8
0
  6
CONTINUOUS
 62
0
 10
4.97520701090496
 20
4.59624989827474
 30
0.0
 11
4.94426981608075
 21
4.5560417175293
 31
0.0
  0
LINE
  8
0
  6
CONTINUOUS
 62
0
 10
4.94426981608075
 20
4.5560417175293
 30
0.0
 11
4.91364542643229
 21
4.51572926839193
 31
0.0
  0
LINE
  8
0
  6
CONTINUOUS
 62
0
 10
4.91364542643229
 20
4.51572926839193
 30
0.0
 11
4.88354237874351
 21
4.47510401407878
 31
0.0
  0
LINE
  8
0
  6
CONTINUOUS
 62
0
 10
4.88354237874351
 20
4.47510401407878
 30
0.0
 11
4.85437520345051
 21
4.43395837148031
 31
0.0
  0
LINE
  8
0
  6
CONTINUOUS
 62
0
 10
4.85437520345051
 20
4.43395837148031
 30
0.0
 11
4.82676951090496
 21
4.39187494913737
 31
0.0
  0
LINE
  8
0
  6
CONTINUOUS
 62
0
 10
4.82676951090496
 20
4.39187494913737
 30
0.0
 11
4.82947794596355
 21
4.39208348592122
 31
0.0
  0
LINE
  8
0
  6
CONTINUOUS
 62
0
 10
4.82947794596355
 20
4.39208348592122
 30
0.0
 11
4.83218638102213
 21
4.39229170481364
 31
0.0
  0
LINE
  8
0
  6
CONTINUOUS
 62
0
 10
4.83218638102213
 20
4.39229170481364
 30
0.0
 11
4.83489481608075
 21
4.39239597320557
 31
0.0
  0
LINE
  8
0
  6
CONTINUOUS
 62
0
 10
4.83489481608075
 20
4.39239597320557
 30
0.0
 11
4.8374989827474
 21
4.39249992370605
 31
0.0
  0
LINE
  8
0
  6
CONTINUOUS
 62
0
 10
4.8374989827474
 20
4.39249992370605
 30
0.0
 11
4.84291585286457
 21
4.39270846048991
 31
0.0
  0
LINE
  8
0
  6
CONTINUOUS
 62
0
 10
4.84291585286457
 20
4.39270846048991
 30
0.0
 11
4.84562428792319
 21
4.39270846048991
 31
0.0
  0
LINE
  8
0
  6
CONTINUOUS
 62
0
 10
4.84562428792319
 20
4.39270846048991
 30
0.0
 11
4.84822845458984
 21
4.3928124109904
 31
0.0
  0
LINE
  8
0
  6
CONTINUOUS
 62
0
 10
4.84822845458984
 20
4.3928124109904
 30
0.0
 11
4.89302062988284
 21
4.3928124109904
 31
0.0
  0
LINE
  8
0
  6
CONTINUOUS
 62
0
 10
4.89302062988284
 20
4.3928124109904
 30
0.0
 11
4.97489674886067
 21
4.38427098592122
 31
0.0
  0
LINE
  8
0
  6
CONTINUOUS
 62
0
 10
4.97489674886067
 20
4.38427098592122
 30
0.0
 11
5.0531234741211
 21
4.35875002543131
 31
0.0
  0
LINE
  8
0
  6
CONTINUOUS
 62
0
 10
5.0531234741211
 20
4.35875002543131
 30
0.0
 11
5.12447865804035
 21
4.31760406494141
 31
0.0
  0
LINE
  8
0
  6
CONTINUOUS
 62
0
 10
5.12447865804035
 20
4.31760406494141
 30
0.0
 11
5.18562571207681
 21
4.26260407765706
 31
0.0
  0
LINE
  8
0
  6
CONTINUOUS
 62
0
 10
5.18562571207681
 20
4.26260407765706
 30
0.0
 11
5.23395792643228
 21
4.19593747456868
 31
0.0
  0
LINE
  8
0
  6
CONTINUOUS
 62
0
 10
5.23395792643228
 20
4.19593747456868
 30
0.0
 11
5.26749928792319
 21
4.12083339691162
 31
0.0
  0
LINE
  8
0
  6
CONTINUOUS
 62
0
 10
5.26749928792319
 20
4.12083339691162
 30
0.0
 11
5.28458404541016
 21
4.04031244913737
 31
0.0
  0
LINE
  8
0
  6
CONTINUOUS
 62
0
 10
5.28458404541016
 20
4.04031244913737
 30
0.0
 11
5.28458404541016
 21
3.95802084604899
 31
0.0
  0
LINE
  8
0
  6
CONTINUOUS
 62
0
 10
5.28458404541016
 20
3.95802084604899
 30
0.0
 11
5.26749928792319
 21
3.87749989827474
 31
0.0
  0
LINE
  8
0
  6
CONTINUOUS
 62
0
 10
5.26749928792319
 20
3.87749989827474
 30
0.0
 11
5.23395792643228
 21
3.80229155222575
 31
0.0
  0
LINE
  8
0
  6
CONTINUOUS
 62
0
 10
5.23395792643228
 20
3.80229155222575
 30
0.0
 11
5.18562571207681
 21
3.7357292175293
 31
0.0
  0
LINE
  8
0
  6
CONTINUOUS
 62
0
 10
5.18562571207681
 20
3.7357292175293
 30
0.0
 11
5.12447865804035
 21
3.68062496185303
 31
0.0
  0
LINE
  8
0
  6
CONTINUOUS
 62
0
 10
5.12447865804035
 20
3.68062496185303
 30
0.0
 11
5.0531234741211
 21
3.63947916030884
 31
0.0
  0
LINE
  8
0
  6
CONTINUOUS
 62
0
 10
5.0531234741211
 20
3.63947916030884
 30
0.0
 11
4.97489674886067
 21
3.61406246821085
 31
0.0
  0
LINE
  8
0
  6
CONTINUOUS
 62
0
 10
4.97489674886067
 20
3.61406246821085
 30
0.0
 11
4.8930206298828
 21
3.60541661580404
 31
0.0
  0
LINE
  8
0
  6
CONTINUOUS
 62
0
 10
4.8930206298828
 20
3.60541661580404
 30
0.0
 11
4.85364532470705
 21
3.60541661580404
 31
0.0
  0
LINE
  8
0
  6
CONTINUOUS
 62
0
 10
4.85364532470705
 20
3.60541661580404
 30
0.0
 11
4.83291625976563
 21
3.60593748092652
 31
0.0
  0
LINE
  8
0
  6
CONTINUOUS
 62
0
 10
4.83291625976563
 20
3.60593748092652
 30
0.0
 11
4.81218719482421
 21
3.60760418574015
 31
0.0
  0
LINE
  8
0
  6
CONTINUOUS
 62
0
 10
4.81218719482421
 20
3.60760418574015
 30
0.0
 11
4.79166666666666
 21
3.61031246185303
 31
0.0
  0
LINE
  8
0
  6
CONTINUOUS
 62
0
 10
4.79166666666666
 20
3.61031246185303
 30
0.0
 11
4.77125040690106
 21
3.61416673660278
 31
0.0
  0
LINE
  8
0
  6
CONTINUOUS
 62
0
 10
4.77125040690106
 20
3.61416673660278
 30
0.0
 11
4.75104014078776
 21
3.61906242370606
 31
0.0
  0
LINE
  8
0
  6
CONTINUOUS
 62
0
 10
4.75104014078776
 20
3.61906242370606
 30
0.0
 11
4.73114522298177
 21
3.625
 31
0.0
  0
LINE
  8
0
  6
CONTINUOUS
 62
0
 10
4.73114522298177
 20
3.625
 30
0.0
 11
4.7116673787435
 21
3.63197914759318
 31
0.0
  0
LINE
  8
0
  6
CONTINUOUS
 62
0
 10
4.7116673787435
 20
3.63197914759318
 30
0.0
 11
4.69249979654949
 21
3.63989575703939
 31
0.0
  0
LINE
  8
0
  6
CONTINUOUS
 62
0
 10
4.69249979654949
 20
3.63989575703939
 30
0.0
 11
4.67374928792319
 21
3.64895836512248
 31
0.0
  0
LINE
  8
0
  6
CONTINUOUS
 62
0
 10
9.43520863850913
 20
4.07520834604899
 30
0.0
 11
9.43718719482421
 21
4.07187493642171
 31
0.0
  0
LINE
  8
0
  6
CONTINUOUS
 62
0
 10
9.43718719482421
 20
4.07187493642171
 30
0.0
 11
9.47218704223634
 21
3.99666659037272
 31
0.0
  0
LINE
  8
0
  6
CONTINUOUS
 62
0
 10
9.47218704223634
 20
3.99666659037272
 30
0.0
 11
9.49062474568685
 21
3.91583347320557
 31
0.0
  0
LINE
  8
0
  6
CONTINUOUS
 62
0
 10
9.49062474568685
 20
3.91583347320557
 30
0.0
 11
9.49166615804035
 21
3.83291657765706
 31
0.0
  0
LINE
  8
0
  6
CONTINUOUS
 62
0
 10
9.49166615804035
 20
3.83291657765706
 30
0.0
 11
9.47531255086264
 21
3.75166670481364
 31
0.0
  0
LINE
  8
0
  6
CONTINUOUS
 62
0
 10
9.47531255086264
 20
3.75166670481364
 30
0.0
 11
9.44239552815756
 21
3.67562484741211
 31
0.0
  0
LINE
  8
0
  6
CONTINUOUS
 62
0
 10
9.44239552815756
 20
3.67562484741211
 30
0.0
 11
9.3942705790202
 21
3.60812505086263
 31
0.0
  0
LINE
  8
0
  6
CONTINUOUS
 62
0
 10
9.3942705790202
 20
3.60812505086263
 30
0.0
 11
9.33302052815756
 21
3.55218744277954
 31
0.0
  0
LINE
  8
0
  6
CONTINUOUS
 62
0
 10
9.33302052815756
 20
3.55218744277954
 30
0.0
 11
9.2614580790202
 21
3.51041666666667
 31
0.0
  0
LINE
  8
0
  6
CONTINUOUS
 62
0
 10
9.2614580790202
 20
3.51041666666667
 30
0.0
 11
9.18270746866862
 21
3.48447910944621
 31
0.0
  0
LINE
  8
0
  6
CONTINUOUS
 62
0
 10
9.18270746866862
 20
3.48447910944621
 30
0.0
 11
9.10031255086264
 21
3.47552076975505
 31
0.0
  0
LINE
  8
0
  6
CONTINUOUS
 62
0
 10
9.10031255086264
 20
3.47552076975505
 30
0.0
 11
9.01781209309898
 21
3.48416662216187
 31
0.0
  0
LINE
  8
0
  6
CONTINUOUS
 62
0
 10
9.01781209309898
 20
3.48416662216187
 30
0.0
 11
8.93906275431315
 21
3.50979169209798
 31
0.0
  0
LINE
  8
0
  6
CONTINUOUS
 62
0
 10
8.93906275431315
 20
3.50979169209798
 30
0.0
 11
8.86729176839193
 21
3.55145835876465
 31
0.0
  0
LINE
  8
0
  6
CONTINUOUS
 62
0
 10
8.86729176839193
 20
3.55145835876465
 30
0.0
 11
8.8640619913737
 21
3.52322912216187
 31
0.0
  0
LINE
  8
0
  6
CONTINUOUS
 62
0
 10
8.8640619913737
 20
3.52322912216187
 30
0.0
 11
8.85968780517579
 21
3.49541664123535
 31
0.0
  0
LINE
  8
0
  6
CONTINUOUS
 62
0
 10
8.85968780517579
 20
3.49541664123535
 30
0.0
 11
8.85395812988284
 21
3.46812502543131
 31
0.0
  0
LINE
  8
0
  6
CONTINUOUS
 62
0
 10
8.85395812988284
 20
3.46812502543131
 30
0.0
 11
8.84666697184244
 21
3.44125000635783
 31
0.0
  0
LINE
  8
0
  6
CONTINUOUS
 62
0
 10
8.84666697184244
 20
3.44125000635783
 30
0.0
 11
8.83760325113933
 21
3.41489585240682
 31
0.0
  0
LINE
  8
0
  6
CONTINUOUS
 62
0
 10
8.83760325113933
 20
3.41489585240682
 30
0.0
 11
8.82677078247071
 21
3.3891666730245
 31
0.0
  0
LINE
  8
0
  6
CONTINUOUS
 62
0
 10
8.82677078247071
 20
3.3891666730245
 30
0.0
 11
8.81385421752929
 21
3.36406246821086
 31
0.0
  0
LINE
  8
0
  6
CONTINUOUS
 62
0
 10
8.81385421752929
 20
3.36406246821086
 30
0.0
 11
8.79864501953126
 21
3.33968750635783
 31
0.0
  0
LINE
  8
0
  6
CONTINUOUS
 62
0
 10
8.79864501953126
 20
3.33968750635783
 30
0.0
 11
8.78104146321614
 21
3.3160416285197
 31
0.0
  0
LINE
  8
0
  6
CONTINUOUS
 62
0
 10
8.78104146321614
 20
3.3160416285197
 30
0.0
 11
8.76072947184244
 21
3.29312499364217
 31
0.0
  0
LINE
  8
0
  6
CONTINUOUS
 62
0
 10
8.76072947184244
 20
3.29312499364217
 30
0.0
 11
8.74229176839193
 21
3.27416674296061
 31
0.0
  0
LINE
  8
0
  6
CONTINUOUS
 62
0
 10
8.74229176839193
 20
3.27416674296061
 30
0.0
 11
8.72354125976563
 21
3.25531244277954
 31
0.0
  0
LINE
  8
0
  6
CONTINUOUS
 62
0
 10
8.72354125976563
 20
3.25531244277954
 30
0.0
 11
8.70437494913736
 21
3.23677078882853
 31
0.0
  0
LINE
  8
0
  6
CONTINUOUS
 62
0
 10
8.70437494913736
 20
3.23677078882853
 30
0.0
 11
8.68489583333335
 21
3.21854162216187
 31
0.0
  0
LINE
  8
0
  6
CONTINUOUS
 62
0
 10
8.68489583333335
 20
3.21854162216187
 30
0.0
 11
8.66499964396161
 21
3.20093743006389
 31
0.0
  0
LINE
  8
0
  6
CONTINUOUS
 62
0
 10
8.66499964396161
 20
3.20093743006389
 30
0.0
 11
8.64458338419598
 21
3.18385410308838
 31
0.0
  0
LINE
  8
0
  6
CONTINUOUS
 62
0
 10
8.64458338419598
 20
3.18385410308838
 30
0.0
 11
8.62375005086264
 21
3.16750001907348
 31
0.0
  0
LINE
  8
0
  6
CONTINUOUS
 62
0
 10
8.62375005086264
 20
3.16750001907348
 30
0.0
 11
8.60229110717776
 21
3.15197912851969
 31
0.0
  0
LINE
  8
0
  6
CONTINUOUS
 62
0
 10
8.60229110717776
 20
3.15197912851969
 30
0.0
 11
8.58020782470705
 21
3.13729159037272
 31
0.0
  0
LINE
  8
0
  6
CONTINUOUS
 62
0
 10
8.58020782470705
 20
3.13729159037272
 30
0.0
 11
8.55750020345051
 21
3.12375005086263
 31
0.0
  0
LINE
  8
0
  6
CONTINUOUS
 62
0
 10
8.55750020345051
 20
3.12375005086263
 30
0.0
 11
8.5317700703939
 21
3.11156256993612
 31
0.0
  0
LINE
  8
0
  6
CONTINUOUS
 62
0
 10
8.5317700703939
 20
3.11156256993612
 30
0.0
 11
8.50458272298177
 21
3.10218747456869
 31
0.0
  0
LINE
  8
0
  6
CONTINUOUS
 62
0
 10
8.50458272298177
 20
3.10218747456869
 30
0.0
 11
8.47624969482421
 21
3.09479173024496
 31
0.0
  0
LINE
  8
0
  6
CONTINUOUS
 62
0
 10
8.47624969482421
 20
3.09479173024496
 30
0.0
 11
8.44739532470705
 21
3.08864577611287
 31
0.0
  0
LINE
  8
0
  6
CONTINUOUS
 62
0
 10
8.44739532470705
 20
3.08864577611287
 30
0.0
 11
8.41854095458984
 21
3.08281246821085
 31
0.0
  0
LINE
  8
0
  6
CONTINUOUS
 62
0
 10
8.41854095458984
 20
3.08281246821085
 30
0.0
 11
8.38999938964843
 21
3.07635418574015
 31
0.0
  0
LINE
  8
0
  6
CONTINUOUS
 62
0
 10
8.38999938964843
 20
3.07635418574015
 30
0.0
 11
8.36239496866862
 21
3.06843757629394
 31
0.0
  0
LINE
  8
0
  6
CONTINUOUS
 62
0
 10
8.36239496866862
 20
3.06843757629394
 30
0.0
 11
8.33625030517579
 21
3.05822912851969
 31
0.0
  0
LINE
  8
0
  6
CONTINUOUS
 62
0
 10
8.33625030517579
 20
3.05822912851969
 30
0.0
 11
8.31197865804035
 21
3.04489580790202
 31
0.0
  0
LINE
  8
0
  6
CONTINUOUS
 62
0
 10
8.31197865804035
 20
3.04489580790202
 30
0.0
 11
8.2901039123535
 21
3.02749999364217
 31
0.0
  0
LINE
  8
0
  6
CONTINUOUS
 62
0
 10
8.2901039123535
 20
3.02749999364217
 30
0.0
 11
8.28000005086264
 21
3.01479164759318
 31
0.0
  0
LINE
  8
0
  6
CONTINUOUS
 62
0
 10
8.28000005086264
 20
3.01479164759318
 30
0.0
 11
8.27354176839193
 21
3.00031248728434
 31
0.0
  0
LINE
  8
0
  6
CONTINUOUS
 62
0
 10
8.27354176839193
 20
3.00031248728434
 30
0.0
 11
8.27020772298177
 21
2.98447910944621
 31
0.0
  0
LINE
  8
0
  6
CONTINUOUS
 62
0
 10
8.27020772298177
 20
2.98447910944621
 30
0.0
 11
8.26937484741213
 21
2.9673957824707
 31
0.0
  0
LINE
  8
0
  6
CONTINUOUS
 62
0
 10
8.26937484741213
 20
2.9673957824707
 30
0.0
 11
8.27041625976563
 21
2.94947910308838
 31
0.0
  0
LINE
  8
0
  6
CONTINUOUS
 62
0
 10
8.27041625976563
 20
2.94947910308838
 30
0.0
 11
8.27260335286461
 21
2.9310417175293
 31
0.0
  0
LINE
  8
0
  6
CONTINUOUS
 62
0
 10
8.27260335286461
 20
2.9310417175293
 30
0.0
 11
8.27541605631512
 21
2.91250006357829
 31
0.0
  0
LINE
  8
0
  6
CONTINUOUS
 62
0
 10
8.27541605631512
 20
2.91250006357829
 30
0.0
 11
8.2781244913737
 21
2.89395840962728
 31
0.0
  0
LINE
  8
0
  6
CONTINUOUS
 62
0
 10
8.2781244913737
 20
2.89395840962728
 30
0.0
 11
8.28010431925457
 21
2.87583335240682
 31
0.0
  0
LINE
  8
0
  6
CONTINUOUS
 62
0
 10
8.28010431925457
 20
2.87583335240682
 30
0.0
 11
8.28072865804035
 21
2.85843753814697
 31
0.0
  0
LINE
  8
0
  6
CONTINUOUS
 62
0
 10
8.28072865804035
 20
2.85843753814697
 30
0.0
 11
8.28093719482421
 21
2.80302079518636
 31
0.0
  0
LINE
  8
0
  6
CONTINUOUS
 62
0
 10
8.28093719482421
 20
2.80302079518636
 30
0.0
 11
8.28260421752929
 21
2.74749994277954
 31
0.0
  0
LINE
  8
0
  6
CONTINUOUS
 62
0
 10
8.28260421752929
 20
2.74749994277954
 30
0.0
 11
8.28510411580405
 21
2.69197909037272
 31
0.0
  0
LINE
  8
0
  6
CONTINUOUS
 62
0
 10
8.28510411580405
 20
2.69197909037272
 30
0.0
 11
8.2880210876465
 21
2.63635412851969
 31
0.0
  0
LINE
  8
0
  6
CONTINUOUS
 62
0
 10
8.2880210876465
 20
2.63635412851969
 30
0.0
 11
8.29062525431315
 21
2.58083327611287
 31
0.0
  0
LINE
  8
0
  6
CONTINUOUS
 62
0
 10
8.29062525431315
 20
2.58083327611287
 30
0.0
 11
8.29249954223634
 21
2.52531242370606
 31
0.0
  0
LINE
  8
0
  6
CONTINUOUS
 62
0
 10
8.29249954223634
 20
2.52531242370606
 30
0.0
 11
8.29302088419598
 21
2.46999994913737
 31
0.0
  0
LINE
  8
0
  6
CONTINUOUS
 62
0
 10
8.29302088419598
 20
2.46999994913737
 30
0.0
 11
8.29156239827476
 21
2.41479174296061
 31
0.0
  0
LINE
  8
0
  6
CONTINUOUS
 62
0
 10
8.29156239827476
 20
2.41479174296061
 30
0.0
 11
8.28770828247071
 21
2.35968748728434
 31
0.0
  0
LINE
  8
0
  6
CONTINUOUS
 62
0
 10
8.28770828247071
 20
2.35968748728434
 30
0.0
 11
8.28072865804035
 21
2.30489579836528
 31
0.0
  0
LINE
  8
0
  6
CONTINUOUS
 62
0
 10
8.28072865804035
 20
2.30489579836528
 30
0.0
 11
8.26385370890299
 21
2.22302087148031
 31
0.0
  0
LINE
  8
0
  6
CONTINUOUS
 62
0
 10
8.26385370890299
 20
2.22302087148031
 30
0.0
 11
8.24052047729492
 21
2.15020831425985
 31
0.0
  0
LINE
  8
0
  6
CONTINUOUS
 62
0
 10
8.24052047729492
 20
2.15020831425985
 30
0.0
 11
8.21072896321614
 21
2.08604168891907
 31
0.0
  0
LINE
  8
0
  6
CONTINUOUS
 62
0
 10
8.21072896321614
 20
2.08604168891907
 30
0.0
 11
8.17479197184244
 21
2.03031253814697
 31
0.0
  0
LINE
  8
0
  6
CONTINUOUS
 62
0
 10
8.17479197184244
 20
2.03031253814697
 30
0.0
 11
8.13249969482421
 21
1.98260418574015
 31
0.0
  0
LINE
  8
0
  6
CONTINUOUS
 62
0
 10
8.13249969482421
 20
1.98260418574015
 30
0.0
 11
8.08406194051106
 21
1.94260414441426
 31
0.0
  0
LINE
  8
0
  6
CONTINUOUS
 62
0
 10
8.08406194051106
 20
1.94260414441426
 30
0.0
 11
8.02947870890299
 21
1.91000000635783
 31
0.0
  0
LINE
  8
0
  6
CONTINUOUS
 62
0
 10
8.02947870890299
 20
1.91000000635783
 30
0.0
 11
7.96875
 21
1.88447920481364
 31
0.0
  0
LINE
  8
0
  6
CONTINUOUS
 62
0
 10
7.96875
 20
1.88447920481364
 30
0.0
 11
7.90197881062827
 21
1.86562498410543
 31
0.0
  0
LINE
  8
0
  6
CONTINUOUS
 62
0
 10
7.90197881062827
 20
1.86562498410543
 30
0.0
 11
7.8291664123535
 21
1.8530208269755
 31
0.0
  0
LINE
  8
0
  6
CONTINUOUS
 62
0
 10
7.8291664123535
 20
1.8530208269755
 30
0.0
 11
7.80510330200197
 21
1.8530208269755
 31
0.0
  0
LINE
  8
0
  6
CONTINUOUS
 62
0
 10
7.80510330200197
 20
1.8530208269755
 30
0.0
 11
7.7322909037272
 21
1.86562498410543
 31
0.0
  0
LINE
  8
0
  6
CONTINUOUS
 62
0
 10
7.7322909037272
 20
1.86562498410543
 30
0.0
 11
7.66552098592122
 21
1.88447920481364
 31
0.0
  0
LINE
  8
0
  6
CONTINUOUS
 62
0
 10
7.66552098592122
 20
1.88447920481364
 30
0.0
 11
7.60489527384441
 21
1.91000000635783
 31
0.0
  0
LINE
  8
0
  6
CONTINUOUS
 62
0
 10
7.60489527384441
 20
1.91000000635783
 30
0.0
 11
7.55020777384441
 21
1.94260414441426
 31
0.0
  0
LINE
  8
0
  6
CONTINUOUS
 62
0
 10
7.55020777384441
 20
1.94260414441426
 30
0.0
 11
7.50177001953126
 21
1.98260418574015
 31
0.0
  0
LINE
  8
0
  6
CONTINUOUS
 62
0
 10
7.50177001953126
 20
1.98260418574015
 30
0.0
 11
7.45947901407878
 21
2.03031253814697
 31
0.0
  0
LINE
  8
0
  6
CONTINUOUS
 62
0
 10
7.45947901407878
 20
2.03031253814697
 30
0.0
 11
7.42354075113933
 21
2.08604168891907
 31
0.0
  0
LINE
  8
0
  6
CONTINUOUS
 62
0
 10
7.42354075113933
 20
2.08604168891907
 30
0.0
 11
7.39385350545248
 21
2.15020831425985
 31
0.0
  0
LINE
  8
0
  6
CONTINUOUS
 62
0
 10
7.39385350545248
 20
2.15020831425985
 30
0.0
 11
7.37052027384441
 21
2.22302087148031
 31
0.0
  0
LINE
  8
0
  6
CONTINUOUS
 62
0
 10
7.37052027384441
 20
2.22302087148031
 30
0.0
 11
7.35354105631512
 21
2.30489579836528
 31
0.0
  0
LINE
  8
0
  6
CONTINUOUS
 62
0
 10
7.35354105631512
 20
2.30489579836528
 30
0.0
 11
7.34656270345051
 21
2.35968748728434
 31
0.0
  0
LINE
  8
0
  6
CONTINUOUS
 62
0
 10
7.34656270345051
 20
2.35968748728434
 30
0.0
 11
7.3427085876465
 21
2.41479174296061
 31
0.0
  0
LINE
  8
0
  6
CONTINUOUS
 62
0
 10
7.3427085876465
 20
2.41479174296061
 30
0.0
 11
7.34125010172528
 21
2.46999994913737
 31
0.0
  0
LINE
  8
0
  6
CONTINUOUS
 62
0
 10
7.34125010172528
 20
2.46999994913737
 30
0.0
 11
7.34177017211913
 21
2.52531242370606
 31
0.0
  0
LINE
  8
0
  6
CONTINUOUS
 62
0
 10
7.34177017211913
 20
2.52531242370606
 30
0.0
 11
7.34364573160807
 21
2.58083327611287
 31
0.0
  0
LINE
  8
0
  6
CONTINUOUS
 62
0
 10
7.34364573160807
 20
2.58083327611287
 30
0.0
 11
7.34624989827473
 21
2.63635412851969
 31
0.0
  0
LINE
  8
0
  6
CONTINUOUS
 62
0
 10
7.34624989827473
 20
2.63635412851969
 30
0.0
 11
7.34916687011721
 21
2.69197909037272
 31
0.0
  0
LINE
  8
0
  6
CONTINUOUS
 62
0
 10
7.34916687011721
 20
2.69197909037272
 30
0.0
 11
7.35166676839193
 21
2.74749994277954
 31
0.0
  0
LINE
  8
0
  6
CONTINUOUS
 62
0
 10
7.35166676839193
 20
2.74749994277954
 30
0.0
 11
7.35333251953126
 21
2.80302079518636
 31
0.0
  0
LINE
  8
0
  6
CONTINUOUS
 62
0
 10
7.35333251953126
 20
2.80302079518636
 30
0.0
 11
7.35354105631512
 21
2.85843753814697
 31
0.0
  0
LINE
  8
0
  6
CONTINUOUS
 62
0
 10
7.35354105631512
 20
2.85843753814697
 30
0.0
 11
7.35427093505858
 21
2.87583335240682
 31
0.0
  0
LINE
  8
0
  6
CONTINUOUS
 62
0
 10
7.35427093505858
 20
2.87583335240682
 30
0.0
 11
7.3562494913737
 21
2.89395840962728
 31
0.0
  0
LINE
  8
0
  6
CONTINUOUS
 62
0
 10
7.3562494913737
 20
2.89395840962728
 30
0.0
 11
7.36166636149091
 21
2.9310417175293
 31
0.0
  0
LINE
  8
0
  6
CONTINUOUS
 62
0
 10
7.36166636149091
 20
2.9310417175293
 30
0.0
 11
7.36385345458984
 21
2.94947910308838
 31
0.0
  0
LINE
  8
0
  6
CONTINUOUS
 62
0
 10
7.36385345458984
 20
2.94947910308838
 30
0.0
 11
7.36489613850913
 21
2.9673957824707
 31
0.0
  0
LINE
  8
0
  6
CONTINUOUS
 62
0
 10
7.36489613850913
 20
2.9673957824707
 30
0.0
 11
7.3640619913737
 21
2.98447910944621
 31
0.0
  0
LINE
  8
0
  6
CONTINUOUS
 62
0
 10
7.3640619913737
 20
2.98447910944621
 30
0.0
 11
7.36072921752929
 21
3.00031248728434
 31
0.0
  0
LINE
  8
0
  6
CONTINUOUS
 62
0
 10
7.36072921752929
 20
3.00031248728434
 30
0.0
 11
7.35437520345051
 21
3.01479164759318
 31
0.0
  0
LINE
  8
0
  6
CONTINUOUS
 62
0
 10
7.35437520345051
 20
3.01479164759318
 30
0.0
 11
7.34416580200197
 21
3.02749999364217
 31
0.0
  0
LINE
  8
0
  6
CONTINUOUS
 62
0
 10
7.34416580200197
 20
3.02749999364217
 30
0.0
 11
7.32229105631512
 21
3.04489580790202
 31
0.0
  0
LINE
  8
0
  6
CONTINUOUS
 62
0
 10
7.32229105631512
 20
3.04489580790202
 30
0.0
 11
7.29802068074543
 21
3.05822912851969
 31
0.0
  0
LINE
  8
0
  6
CONTINUOUS
 62
0
 10
7.29802068074543
 20
3.05822912851969
 30
0.0
 11
7.27187474568685
 21
3.06843757629394
 31
0.0
  0
LINE
  8
0
  6
CONTINUOUS
 62
0
 10
7.27187474568685
 20
3.06843757629394
 30
0.0
 11
7.24427032470705
 21
3.07635418574015
 31
0.0
  0
LINE
  8
0
  6
CONTINUOUS
 62
0
 10
7.24427032470705
 20
3.07635418574015
 30
0.0
 11
7.21583302815756
 21
3.08281246821085
 31
0.0
  0
LINE
  8
0
  6
CONTINUOUS
 62
0
 10
7.21583302815756
 20
3.08281246821085
 30
0.0
 11
7.18687438964843
 21
3.08864577611287
 31
0.0
  0
LINE
  8
0
  6
CONTINUOUS
 62
0
 10
7.18687438964843
 20
3.08864577611287
 30
0.0
 11
7.15802001953126
 21
3.09479173024496
 31
0.0
  0
LINE
  8
0
  6
CONTINUOUS
 62
0
 10
7.15802001953126
 20
3.09479173024496
 30
0.0
 11
7.12979125976563
 21
3.10218747456869
 31
0.0
  0
LINE
  8
0
  6
CONTINUOUS
 62
0
 10
7.12979125976563
 20
3.10218747456869
 30
0.0
 11
7.10249964396161
 21
3.11156256993612
 31
0.0
  0
LINE
  8
0
  6
CONTINUOUS
 62
0
 10
7.10249964396161
 20
3.11156256993612
 30
0.0
 11
7.07687505086264
 21
3.12375005086263
 31
0.0
  0
LINE
  8
0
  6
CONTINUOUS
 62
0
 10
7.07687505086264
 20
3.12375005086263
 30
0.0
 11
7.05416615804035
 21
3.13729159037272
 31
0.0
  0
LINE
  8
0
  6
CONTINUOUS
 62
0
 10
7.05416615804035
 20
3.13729159037272
 30
0.0
 11
7.03208287556965
 21
3.15197912851969
 31
0.0
  0
LINE
  8
0
  6
CONTINUOUS
 62
0
 10
7.03208287556965
 20
3.15197912851969
 30
0.0
 11
7.01062520345051
 21
3.16750001907349
 31
0.0
  0
LINE
  8
0
  6
CONTINUOUS
 62
0
 10
7.01062520345051
 20
3.16750001907349
 30
0.0
 11
6.98968760172528
 21
3.18385410308838
 31
0.0
  0
LINE
  8
0
  6
CONTINUOUS
 62
0
 10
6.98968760172528
 20
3.18385410308838
 30
0.0
 11
6.9692700703939
 21
3.20093743006389
 31
0.0
  0
LINE
  8
0
  6
CONTINUOUS
 62
0
 10
6.9692700703939
 20
3.20093743006389
 30
0.0
 11
6.94937515258791
 21
3.21854162216187
 31
0.0
  0
LINE
  8
0
  6
CONTINUOUS
 62
0
 10
6.94937515258791
 20
3.21854162216187
 30
0.0
 11
6.92989603678386
 21
3.23677078882853
 31
0.0
  0
LINE
  8
0
  6
CONTINUOUS
 62
0
 10
6.92989603678386
 20
3.23677078882853
 30
0.0
 11
6.91083272298177
 21
3.25531244277954
 31
0.0
  0
LINE
  8
0
  6
CONTINUOUS
 62
0
 10
6.91083272298177
 20
3.25531244277954
 30
0.0
 11
6.89197921752929
 21
3.27416674296061
 31
0.0
  0
LINE
  8
0
  6
CONTINUOUS
 62
0
 10
6.89197921752929
 20
3.27416674296061
 30
0.0
 11
6.87354151407878
 21
3.29312499364217
 31
0.0
  0
LINE
  8
0
  6
CONTINUOUS
 62
0
 10
6.87354151407878
 20
3.29312499364217
 30
0.0
 11
6.85187530517579
 21
3.31781244277954
 31
0.0
  0
LINE
  8
0
  6
CONTINUOUS
 62
0
 10
6.85187530517579
 20
3.31781244277954
 30
0.0
 11
6.83312479654949
 21
3.34333340326945
 31
0.0
  0
LINE
  8
0
  6
CONTINUOUS
 62
0
 10
6.83312479654949
 20
3.34333340326945
 30
0.0
 11
6.81729125976563
 21
3.36979166666667
 31
0.0
  0
LINE
  8
0
  6
CONTINUOUS
 62
0
 10
6.81729125976563
 20
3.36979166666667
 30
0.0
 11
6.8039576212565
 21
3.3970832824707
 31
0.0
  0
LINE
  8
0
  6
CONTINUOUS
 62
0
 10
6.8039576212565
 20
3.3970832824707
 30
0.0
 11
6.79291661580405
 21
3.42500003178915
 31
0.0
  0
LINE
  8
0
  6
CONTINUOUS
 62
0
 10
6.79291661580405
 20
3.42500003178915
 30
0.0
 11
6.78406270345051
 21
3.45364586512248
 31
0.0
  0
LINE
  8
0
  6
CONTINUOUS
 62
0
 10
6.78406270345051
 20
3.45364586512248
 30
0.0
 11
6.7770830790202
 21
3.4829166730245
 31
0.0
  0
LINE
  8
0
  6
CONTINUOUS
 62
0
 10
6.7770830790202
 20
3.4829166730245
 30
0.0
 11
6.77177047729492
 21
3.51260423660278
 31
0.0
  0
LINE
  8
0
  6
CONTINUOUS
 62
0
 10
6.77177047729492
 20
3.51260423660278
 30
0.0
 11
6.76781209309898
 21
3.54281250635783
 31
0.0
  0
LINE
  8
0
  6
CONTINUOUS
 62
0
 10
6.76781209309898
 20
3.54281250635783
 30
0.0
 11
6.76510365804036
 21
3.57343753178915
 31
0.0
  0
LINE
  8
0
  6
CONTINUOUS
 62
0
 10
6.76510365804036
 20
3.57343753178915
 30
0.0
 11
6.68760426839193
 21
3.54385423660278
 31
0.0
  0
LINE
  8
0
  6
CONTINUOUS
 62
0
 10
6.68760426839193
 20
3.54385423660278
 30
0.0
 11
6.60552088419599
 21
3.53125
 31
0.0
  0
LINE
  8
0
  6
CONTINUOUS
 62
0
 10
6.60552088419599
 20
3.53125
 30
0.0
 11
6.52260335286461
 21
3.53604173660278
 31
0.0
  0
LINE
  8
0
  6
CONTINUOUS
 62
0
 10
6.52260335286461
 20
3.53604173660278
 30
0.0
 11
6.44260406494142
 21
3.55812501907349
 31
0.0
  0
LINE
  8
0
  6
CONTINUOUS
 62
0
 10
6.44260406494142
 20
3.55812501907349
 30
0.0
 11
6.36895751953126
 21
3.5965625445048
 31
0.0
  0
LINE
  8
0
  6
CONTINUOUS
 62
0
 10
6.36895751953126
 20
3.5965625445048
 30
0.0
 11
6.30500030517579
 21
3.64958333969116
 31
0.0
  0
LINE
  8
0
  6
CONTINUOUS
 62
0
 10
6.30500030517579
 20
3.64958333969116
 30
0.0
 11
6.2536455790202
 21
3.71479161580404
 31
0.0
  0
LINE
  8
0
  6
CONTINUOUS
 62
0
 10
6.2536455790202
 20
3.71479161580404
 30
0.0
 11
6.21708297729492
 21
3.78937498728434
 31
0.0
  0
LINE
  8
0
  6
CONTINUOUS
 62
0
 10
6.21708297729492
 20
3.78937498728434
 30
0.0
 11
6.19687525431315
 21
3.86989593505859
 31
0.0
  0
LINE
  8
0
  6
CONTINUOUS
 62
0
 10
6.19687525431315
 20
3.86989593505859
 30
0.0
 11
6.19416681925457
 21
3.95291678110759
 31
0.0
  0
LINE
  8
0
  6
CONTINUOUS
 62
0
 10
6.19416681925457
 20
3.95291678110759
 30
0.0
 11
6.2088534037272
 21
4.03458340962728
 31
0.0
  0
LINE
  8
0
  6
CONTINUOUS
 62
0
 10
6.2088534037272
 20
4.03458340962728
 30
0.0
 11
6.24031194051106
 21
4.11145846048991
 31
0.0
  0
LINE
  8
0
  6
CONTINUOUS
 62
0
 10
6.24031194051106
 20
4.11145846048991
 30
0.0
 11
6.28729120890299
 21
4.17999998728434
 31
0.0
  0
LINE
  8
0
  6
CONTINUOUS
 62
0
 10
6.28729120890299
 20
4.17999998728434
 30
0.0
 11
6.29447937011721
 21
4.1883331934611
 31
0.0
  0
LINE
  8
0
  6
CONTINUOUS
 62
0
 10
6.29447937011721
 20
4.1883331934611
 30
0.0
 11
6.30166625976563
 21
4.19677098592122
 31
0.0
  0
LINE
  8
0
  6
CONTINUOUS
 62
0
 10
6.30166625976563
 20
4.19677098592122
 30
0.0
 11
6.3088544209798
 21
4.20520846048991
 31
0.0
  0
LINE
  8
0
  6
CONTINUOUS
 62
0
 10
6.3088544209798
 20
4.20520846048991
 30
0.0
 11
6.31593704223634
 21
4.21364593505859
 31
0.0
  0
LINE
  8
0
  6
CONTINUOUS
 62
0
 10
6.31593704223634
 20
4.21364593505859
 30
0.0
 11
6.32312520345051
 21
4.22197914123535
 31
0.0
  0
LINE
  8
0
  6
CONTINUOUS
 62
0
 10
6.32312520345051
 20
4.22197914123535
 30
0.0
 11
6.33031209309898
 21
4.23041661580404
 31
0.0
  0
LINE
  8
0
  6
CONTINUOUS
 62
0
 10
6.33031209309898
 20
4.23041661580404
 30
0.0
 11
6.33750025431315
 21
4.23885409037272
 31
0.0
  0
LINE
  8
0
  6
CONTINUOUS
 62
0
 10
6.33750025431315
 20
4.23885409037272
 30
0.0
 11
6.34468714396158
 21
4.24729156494141
 31
0.0
  0
LINE
  8
0
  6
CONTINUOUS
 62
0
 10
6.34468714396158
 20
4.24729156494141
 30
0.0
 11
6.35187530517579
 21
4.2556250890096
 31
0.0
  0
LINE
  8
0
  6
CONTINUOUS
 62
0
 10
6.35187530517579
 20
4.2556250890096
 30
0.0
 11
6.35906219482422
 21
4.26406256357829
 31
0.0
  0
LINE
  8
0
  6
CONTINUOUS
 62
0
 10
6.35906219482422
 20
4.26406256357829
 30
0.0
 11
6.37416585286461
 21
4.28083324432373
 31
0.0
  0
LINE
  8
0
  6
CONTINUOUS
 62
0
 10
6.37416585286461
 20
4.28083324432373
 30
0.0
 11
6.39020792643228
 21
4.29666678110759
 31
0.0
  0
LINE
  8
0
  6
CONTINUOUS
 62
0
 10
6.39020792643228
 20
4.29666678110759
 30
0.0
 11
6.40718714396158
 21
4.31156253814697
 31
0.0
  0
LINE
  8
0
  6
CONTINUOUS
 62
0
 10
6.40718714396158
 20
4.31156253814697
 30
0.0
 11
6.42489496866862
 21
4.32552083333333
 31
0.0
  0
LINE
  8
0
  6
CONTINUOUS
 62
0
 10
6.42489496866862
 20
4.32552083333333
 30
0.0
 11
6.44343694051106
 21
4.33833344777425
 31
0.0
  0
LINE
  8
0
  6
CONTINUOUS
 62
0
 10
6.44343694051106
 20
4.33833344777425
 30
0.0
 11
6.46270751953126
 21
4.35010401407878
 31
0.0
  0
LINE
  8
0
  6
CONTINUOUS
 62
0
 10
6.46270751953126
 20
4.35010401407878
 30
0.0
 11
6.48260370890299
 21
4.36083348592122
 31
0.0
  0
LINE
  8
0
  6
CONTINUOUS
 62
0
 10
6.48260370890299
 20
4.36083348592122
 30
0.0
 11
6.50312423706055
 21
4.37031237284342
 31
0.0
  0
LINE
  8
0
  6
CONTINUOUS
 62
0
 10
6.50312423706055
 20
4.37031237284342
 30
0.0
 11
6.52406183878583
 21
4.37864589691162
 31
0.0
  0
LINE
  8
0
  6
CONTINUOUS
 62
0
 10
6.52406183878583
 20
4.37864589691162
 30
0.0
 11
6.54552078247071
 21
4.38572915395101
 31
0.0
  0
LINE
  8
0
  6
CONTINUOUS
 62
0
 10
6.54552078247071
 20
4.38572915395101
 30
0.0
 11
6.52750015258787
 21
4.421875
 31
0.0
  0
LINE
  8
0
  6
CONTINUOUS
 62
0
 10
6.52750015258787
 20
4.421875
 30
0.0
 11
6.50989532470705
 21
4.45718765258789
 31
0.0
  0
LINE
  8
0
  6
CONTINUOUS
 62
0
 10
6.50989532470705
 20
4.45718765258789
 30
0.0
 11
6.49312464396157
 21
4.4913543065389
 31
0.0
  0
LINE
  8
0
  6
CONTINUOUS
 62
0
 10
6.49312464396157
 20
4.4913543065389
 30
0.0
 11
6.47718683878583
 21
4.52385425567627
 31
0.0
  0
LINE
  8
0
  6
CONTINUOUS
 62
0
 10
6.47718683878583
 20
4.52385425567627
 30
0.0
 11
6.46229171752929
 21
4.55447928110759
 31
0.0
  0
LINE
  8
0
  6
CONTINUOUS
 62
0
 10
6.46229171752929
 20
4.55447928110759
 30
0.0
 11
6.44885381062827
 21
4.58270835876465
 31
0.0
  0
LINE
  8
0
  6
CONTINUOUS
 62
0
 10
6.44885381062827
 20
4.58270835876465
 30
0.0
 11
6.43687438964843
 21
4.60833326975505
 31
0.0
  0
LINE
  8
0
  6
CONTINUOUS
 62
0
 10
6.43687438964843
 20
4.60833326975505
 30
0.0
 11
6.42677052815756
 21
4.63093757629395
 31
0.0
  0
LINE
  8
0
  6
CONTINUOUS
 62
0
 10
6.42677052815756
 20
4.63093757629395
 30
0.0
 11
6.41854095458984
 21
4.64999993642171
 31
0.0
  0
LINE
  8
0
  6
CONTINUOUS
 62
0
 10
6.41854095458984
 20
4.64999993642171
 30
0.0
 11
6.41249974568685
 21
4.6654167175293
 31
0.0
  0
LINE
  8
0
  6
CONTINUOUS
 62
0
 10
6.41249974568685
 20
4.6654167175293
 30
0.0
 11
6.38593673706055
 21
4.74364598592122
 31
0.0
  0
LINE
  8
0
  6
CONTINUOUS
 62
0
 10
6.38593673706055
 20
4.74364598592122
 30
0.0
 11
6.36385345458984
 21
4.8216667175293
 31
0.0
  0
LINE
  8
0
  6
CONTINUOUS
 62
0
 10
6.36385345458984
 20
4.8216667175293
 30
0.0
 11
6.34572855631512
 21
4.89968744913737
 31
0.0
  0
LINE
  8
0
  6
CONTINUOUS
 62
0
 10
6.34572855631512
 20
4.89968744913737
 30
0.0
 11
6.33156204223634
 21
4.97749996185303
 31
0.0
  0
LINE
  8
0
  6
CONTINUOUS
 62
0
 10
6.33156204223634
 20
4.97749996185303
 30
0.0
 11
6.32093683878583
 21
5.0553124745687
 31
0.0
  0
LINE
  8
0
  6
CONTINUOUS
 62
0
 10
6.32093683878583
 20
5.0553124745687
 30
0.0
 11
6.31364568074543
 21
5.1330207188924
 31
0.0
  0
LINE
  8
0
  6
CONTINUOUS
 62
0
 10
6.31364568074543
 20
5.1330207188924
 30
0.0
 11
6.30947875976563
 21
5.2107292811076
 31
0.0
  0
LINE
  8
0
  6
CONTINUOUS
 62
0
 10
6.30947875976563
 20
5.2107292811076
 30
0.0
 11
6.30822881062827
 21
5.28854179382323
 31
0.0
  0
LINE
  8
0
  6
CONTINUOUS
 62
0
 10
6.30822881062827
 20
5.28854179382323
 30
0.0
 11
6.30958302815756
 21
5.36625003814697
 31
0.0
  0
LINE
  8
0
  6
CONTINUOUS
 62
0
 10
6.30958302815756
 20
5.36625003814697
 30
0.0
 11
6.31333287556969
 21
5.44406255086264
 31
0.0
  0
LINE
  8
0
  6
CONTINUOUS
 62
0
 10
6.31333287556969
 20
5.44406255086264
 30
0.0
 11
6.3192710876465
 21
5.52197901407878
 31
0.0
  0
LINE
  8
0
  6
CONTINUOUS
 62
0
 10
6.3192710876465
 20
5.52197901407878
 30
0.0
 11
6.3270835876465
 21
5.60000006357831
 31
0.0
  0
LINE
  8
0
  6
CONTINUOUS
 62
0
 10
6.3270835876465
 20
5.60000006357831
 30
0.0
 11
6.33656183878583
 21
5.67812506357831
 31
0.0
  0
LINE
  8
0
  6
CONTINUOUS
 62
0
 10
6.33656183878583
 20
5.67812506357831
 30
0.0
 11
6.34749984741213
 21
5.75645828247071
 31
0.0
  0
LINE
  8
0
  6
CONTINUOUS
 62
0
 10
6.34749984741213
 20
5.75645828247071
 30
0.0
 11
6.35958353678386
 21
5.83489576975504
 31
0.0
  0
LINE
  8
0
  6
CONTINUOUS
 62
0
 10
6.35958353678386
 20
5.83489576975504
 30
0.0
 11
6.37270863850914
 21
5.91364574432374
 31
0.0
  0
LINE
  8
0
  6
CONTINUOUS
 62
0
 10
6.37270863850914
 20
5.91364574432374
 30
0.0
 11
6.3864580790202
 21
5.99260425567626
 31
0.0
  0
LINE
  8
0
  6
CONTINUOUS
 62
0
 10
6.3864580790202
 20
5.99260425567626
 30
0.0
 11
6.39760335286461
 21
6.06468741099039
 31
0.0
  0
LINE
  8
0
  6
CONTINUOUS
 62
0
 10
6.39760335286461
 20
6.06468741099039
 30
0.0
 11
6.40749994913736
 21
6.140625
 31
0.0
  0
LINE
  8
0
  6
CONTINUOUS
 62
0
 10
6.40749994913736
 20
6.140625
 30
0.0
 11
6.41791661580405
 21
6.2185417811076
 31
0.0
  0
LINE
  8
0
  6
CONTINUOUS
 62
0
 10
6.41791661580405
 20
6.2185417811076
 30
0.0
 11
6.43083318074543
 21
6.29677073160807
 31
0.0
  0
LINE
  8
0
  6
CONTINUOUS
 62
0
 10
6.43083318074543
 20
6.29677073160807
 30
0.0
 11
6.44791666666665
 21
6.37354151407878
 31
0.0
  0
LINE
  8
0
  6
CONTINUOUS
 62
0
 10
6.44791666666665
 20
6.37354151407878
 30
0.0
 11
6.47093709309897
 21
6.44729169209799
 31
0.0
  0
LINE
  8
0
  6
CONTINUOUS
 62
0
 10
6.47093709309897
 20
6.44729169209799
 30
0.0
 11
6.50177001953126
 21
6.51604143778484
 31
0.0
  0
LINE
  8
0
  6
CONTINUOUS
 62
0
 10
6.50177001953126
 20
6.51604143778484
 30
0.0
 11
6.54229100545248
 21
6.57833353678386
 31
0.0
  0
LINE
  8
0
  6
CONTINUOUS
 62
0
 10
6.54229100545248
 20
6.57833353678386
 30
0.0
 11
6.5942700703939
 21
6.63229179382323
 31
0.0
  0
LINE
  8
0
  6
CONTINUOUS
 62
0
 10
6.5942700703939
 20
6.63229179382323
 30
0.0
 11
6.65947850545248
 21
6.67614555358886
 31
0.0
  0
LINE
  8
0
  6
CONTINUOUS
 62
0
 10
6.65947850545248
 20
6.67614555358886
 30
0.0
 11
6.74020767211913
 21
6.71385447184244
 31
0.0
  0
LINE
  8
0
  6
CONTINUOUS
 62
0
 10
6.74020767211913
 20
6.71385447184244
 30
0.0
 11
6.8244794209798
 21
6.7428124745687
 31
0.0
  0
LINE
  8
0
  6
CONTINUOUS
 62
0
 10
6.8244794209798
 20
6.7428124745687
 30
0.0
 11
6.9098955790202
 21
6.7614580790202
 31
0.0
  0
LINE
  8
0
  6
CONTINUOUS
 62
0
 10
6.9098955790202
 20
6.7614580790202
 30
0.0
 11
6.99427032470705
 21
6.76822916666665
 31
0.0
  0
LINE
  8
0
  6
CONTINUOUS
 62
0
 10
6.99427032470705
 20
6.76822916666665
 30
0.0
 11
7.07552083333335
 21
6.76166661580406
 31
0.0
  0
LINE
  8
0
  6
CONTINUOUS
 62
0
 10
7.07552083333335
 20
6.76166661580406
 30
0.0
 11
7.15135447184244
 21
6.74010403951008
 31
0.0
  0
LINE
  8
0
  6
CONTINUOUS
 62
0
 10
7.15135447184244
 20
6.74010403951008
 30
0.0
 11
7.21947860717776
 21
6.70187505086264
 31
0.0
  0
LINE
  8
0
  6
CONTINUOUS
 62
0
 10
7.21947860717776
 20
6.70187505086264
 30
0.0
 11
7.27791595458984
 21
6.64552052815756
 31
0.0
  0
LINE
  8
0
  6
CONTINUOUS
 62
0
 10
7.27791595458984
 20
6.64552052815756
 30
0.0
 11
7.32427088419599
 21
6.56947898864748
 31
0.0
  0
LINE
  8
0
  6
CONTINUOUS
 62
0
 10
7.32427088419599
 20
6.56947898864748
 30
0.0
 11
7.35635375976563
 21
6.47208340962728
 31
0.0
  0
LINE
  8
0
  6
CONTINUOUS
 62
0
 10
7.35635375976563
 20
6.47208340962728
 30
0.0
 11
7.36958312988284
 21
6.39291636149091
 31
0.0
  0
LINE
  8
0
  6
CONTINUOUS
 62
0
 10
7.36958312988284
 20
6.39291636149091
 30
0.0
 11
7.37479146321614
 21
6.3131249745687
 31
0.0
  0
LINE
  8
0
  6
CONTINUOUS
 62
0
 10
7.37479146321614
 20
6.3131249745687
 30
0.0
 11
7.37312444051106
 21
6.23291651407878
 31
0.0
  0
LINE
  8
0
  6
CONTINUOUS
 62
0
 10
7.37312444051106
 20
6.23291651407878
 30
0.0
 11
7.36583328247071
 21
6.15229161580406
 31
0.0
  0
LINE
  8
0
  6
CONTINUOUS
 62
0
 10
7.36583328247071
 20
6.15229161580406
 30
0.0
 11
7.35406239827473
 21
6.07135423024496
 31
0.0
  0
LINE
  8
0
  6
CONTINUOUS
 62
0
 10
7.35406239827473
 20
6.07135423024496
 30
0.0
 11
7.33906173706055
 21
5.99010403951008
 31
0.0
  0
LINE
  8
0
  6
CONTINUOUS
 62
0
 10
7.33906173706055
 20
5.99010403951008
 30
0.0
 11
7.32197825113933
 21
5.90874989827472
 31
0.0
  0
LINE
  8
0
  6
CONTINUOUS
 62
0
 10
7.32197825113933
 20
5.90874989827472
 30
0.0
 11
7.30406188964843
 21
5.8272918065389
 31
0.0
  0
LINE
  8
0
  6
CONTINUOUS
 62
0
 10
7.30406188964843
 20
5.8272918065389
 30
0.0
 11
7.28656260172528
 21
5.74572912851969
 31
0.0
  0
LINE
  8
0
  6
CONTINUOUS
 62
0
 10
7.28656260172528
 20
5.74572912851969
 30
0.0
 11
7.27062479654949
 21
5.6642707188924
 31
0.0
  0
LINE
  8
0
  6
CONTINUOUS
 62
0
 10
7.27062479654949
 20
5.6642707188924
 30
0.0
 11
7.25739542643228
 21
5.58291657765705
 31
0.0
  0
LINE
  8
0
  6
CONTINUOUS
 62
0
 10
7.25739542643228
 20
5.58291657765705
 30
0.0
 11
7.24822870890299
 21
5.50177097320555
 31
0.0
  0
LINE
  8
0
  6
CONTINUOUS
 62
0
 10
7.24822870890299
 20
5.50177097320555
 30
0.0
 11
7.24416605631512
 21
5.42083326975504
 31
0.0
  0
LINE
  8
0
  6
CONTINUOUS
 62
0
 10
7.24416605631512
 20
5.42083326975504
 30
0.0
 11
7.24656168619791
 21
5.34020837148032
 31
0.0
  0
LINE
  8
0
  6
CONTINUOUS
 62
0
 10
7.24656168619791
 20
5.34020837148032
 30
0.0
 11
7.25645828247071
 21
5.25999991099039
 31
0.0
  0
LINE
  8
0
  6
CONTINUOUS
 62
0
 10
7.25645828247071
 20
5.25999991099039
 30
0.0
 11
7.27510325113933
 21
5.1803124745687
 31
0.0
  0
LINE
  8
0
  6
CONTINUOUS
 62
0
 10
7.27510325113933
 20
5.1803124745687
 30
0.0
 11
7.28624979654949
 21
5.14833323160807
 31
0.0
  0
LINE
  8
0
  6
CONTINUOUS
 62
0
 10
7.28624979654949
 20
5.14833323160807
 30
0.0
 11
7.29989496866862
 21
5.11749998728433
 31
0.0
  0
LINE
  8
0
  6
CONTINUOUS
 62
0
 10
7.29989496866862
 20
5.11749998728433
 30
0.0
 11
7.31562423706055
 21
5.08749993642173
 31
0.0
  0
LINE
  8
0
  6
CONTINUOUS
 62
0
 10
7.31562423706055
 20
5.08749993642173
 30
0.0
 11
7.33291625976563
 21
5.05822912851968
 31
0.0
  0
LINE
  8
0
  6
CONTINUOUS
 62
0
 10
7.33291625976563
 20
5.05822912851968
 30
0.0
 11
7.35124969482421
 21
5.02927080790201
 31
0.0
  0
LINE
  8
0
  6
CONTINUOUS
 62
0
 10
7.35124969482421
 20
5.02927080790201
 30
0.0
 11
7.37010447184244
 21
5.0006249745687
 31
0.0
  0
LINE
  8
0
  6
CONTINUOUS
 62
0
 10
7.37010447184244
 20
5.0006249745687
 30
0.0
 11
7.38906224568685
 21
4.97197914123535
 31
0.0
  0
LINE
  8
0
  6
CONTINUOUS
 62
0
 10
7.38906224568685
 20
4.97197914123535
 30
0.0
 11
7.40760421752929
 21
4.94312508900961
 31
0.0
  0
LINE
  8
0
  6
CONTINUOUS
 62
0
 10
7.40760421752929
 20
4.94312508900961
 30
0.0
 11
7.42510350545248
 21
4.91375001271566
 31
0.0
  0
LINE
  8
0
  6
CONTINUOUS
 62
0
 10
7.42510350545248
 20
4.91375001271566
 30
0.0
 11
7.44124984741213
 21
4.88374996185303
 31
0.0
  0
LINE
  8
0
  6
CONTINUOUS
 62
0
 10
7.44124984741213
 20
4.88374996185303
 30
0.0
 11
7.47010421752929
 21
4.82635402679443
 31
0.0
  0
LINE
  8
0
  6
CONTINUOUS
 62
0
 10
7.47010421752929
 20
4.82635402679443
 30
0.0
 11
7.49906158447268
 21
4.76895840962728
 31
0.0
  0
LINE
  8
0
  6
CONTINUOUS
 62
0
 10
7.49906158447268
 20
4.76895840962728
 30
0.0
 11
7.52802022298177
 21
4.71145820617676
 31
0.0
  0
LINE
  8
0
  6
CONTINUOUS
 62
0
 10
7.52802022298177
 20
4.71145820617676
 30
0.0
 11
7.55666605631512
 21
4.65385405222575
 31
0.0
  0
LINE
  8
0
  6
CONTINUOUS
 62
0
 10
7.55666605631512
 20
4.65385405222575
 30
0.0
 11
7.5848960876465
 21
4.59604167938232
 31
0.0
  0
LINE
  8
0
  6
CONTINUOUS
 62
0
 10
7.5848960876465
 20
4.59604167938232
 30
0.0
 11
7.61239496866862
 21
4.53802076975505
 31
0.0
  0
LINE
  8
0
  6
CONTINUOUS
 62
0
 10
7.61239496866862
 20
4.53802076975505
 30
0.0
 11
7.63906224568685
 21
4.47958342234294
 31
0.0
  0
LINE
  8
0
  6
CONTINUOUS
 62
0
 10
7.63906224568685
 20
4.47958342234294
 30
0.0
 11
7.66479110717776
 21
4.42062505086263
 31
0.0
  0
LINE
  8
0
  6
CONTINUOUS
 62
0
 10
7.66479110717776
 20
4.42062505086263
 30
0.0
 11
7.68916575113933
 21
4.36124992370605
 31
0.0
  0
LINE
  8
0
  6
CONTINUOUS
 62
0
 10
7.68916575113933
 20
4.36124992370605
 30
0.0
 11
7.71218744913736
 21
4.30125013987223
 31
0.0
  0
LINE
  8
0
  6
CONTINUOUS
 62
0
 10
7.71218744913736
 20
4.30125013987223
 30
0.0
 11
7.71989568074543
 21
4.27447923024495
 31
0.0
  0
LINE
  8
0
  6
CONTINUOUS
 62
0
 10
7.71989568074543
 20
4.27447923024495
 30
0.0
 11
7.7270825703939
 21
4.23979155222575
 31
0.0
  0
LINE
  8
0
  6
CONTINUOUS
 62
0
 10
7.7270825703939
 20
4.23979155222575
 30
0.0
 11
7.73427073160807
 21
4.19916661580404
 31
0.0
  0
LINE
  8
0
  6
CONTINUOUS
 62
0
 10
7.73427073160807
 20
4.19916661580404
 30
0.0
 11
7.74177042643228
 21
4.15468756357829
 31
0.0
  0
LINE
  8
0
  6
CONTINUOUS
 62
0
 10
7.74177042643228
 20
4.15468756357829
 30
0.0
 11
7.74989573160807
 21
4.10833326975505
 31
0.0
  0
LINE
  8
0
  6
CONTINUOUS
 62
0
 10
7.74989573160807
 20
4.10833326975505
 30
0.0
 11
7.75937525431315
 21
4.06229178110759
 31
0.0
  0
LINE
  8
0
  6
CONTINUOUS
 62
0
 10
7.75937525431315
 20
4.06229178110759
 30
0.0
 11
7.7703119913737
 21
4.01843738555908
 31
0.0
  0
LINE
  8
0
  6
CONTINUOUS
 62
0
 10
7.7703119913737
 20
4.01843738555908
 30
0.0
 11
7.78333282470705
 21
3.97895844777425
 31
0.0
  0
LINE
  8
0
  6
CONTINUOUS
 62
0
 10
7.78333282470705
 20
3.97895844777425
 30
0.0
 11
7.79874928792319
 21
3.94572925567627
 31
0.0
  0
LINE
  8
0
  6
CONTINUOUS
 62
0
 10
7.79874928792319
 20
3.94572925567627
 30
0.0
 11
7.8171869913737
 21
3.92093753814697
 31
0.0
  0
LINE
  8
0
  6
CONTINUOUS
 62
0
 10
7.8171869913737
 20
3.92093753814697
 30
0.0
 11
7.83552042643228
 21
3.94572925567627
 31
0.0
  0
LINE
  8
0
  6
CONTINUOUS
 62
0
 10
7.83552042643228
 20
3.94572925567627
 30
0.0
 11
7.85093688964843
 21
3.97895844777425
 31
0.0
  0
LINE
  8
0
  6
CONTINUOUS
 62
0
 10
7.85093688964843
 20
3.97895844777425
 30
0.0
 11
7.86395772298177
 21
4.01843738555908
 31
0.0
  0
LINE
  8
0
  6
CONTINUOUS
 62
0
 10
7.86395772298177
 20
4.01843738555908
 30
0.0
 11
7.875
 21
4.06229178110759
 31
0.0
  0
LINE
  8
0
  6
CONTINUOUS
 62
0
 10
7.875
 20
4.06229178110759
 30
0.0
 11
7.88437525431315
 21
4.10833326975505
 31
0.0
  0
LINE
  8
0
  6
CONTINUOUS
 62
0
 10
7.88437525431315
 20
4.10833326975505
 30
0.0
 11
7.89260355631512
 21
4.15468756357829
 31
0.0
  0
LINE
  8
0
  6
CONTINUOUS
 62
0
 10
7.89260355631512
 20
4.15468756357829
 30
0.0
 11
7.90000025431315
 21
4.19916661580404
 31
0.0
  0
LINE
  8
0
  6
CONTINUOUS
 62
0
 10
7.90000025431315
 20
4.19916661580404
 30
0.0
 11
7.90718714396158
 21
4.23979155222575
 31
0.0
  0
LINE
  8
0
  6
CONTINUOUS
 62
0
 10
7.90718714396158
 20
4.23979155222575
 30
0.0
 11
7.91437530517579
 21
4.27447923024496
 31
0.0
  0
LINE
  8
0
  6
CONTINUOUS
 62
0
 10
7.91437530517579
 20
4.27447923024496
 30
0.0
 11
7.92218780517579
 21
4.30125013987223
 31
0.0
  0
LINE
  8
0
  6
CONTINUOUS
 62
0
 10
7.92218780517579
 20
4.30125013987223
 30
0.0
 11
7.94510396321614
 21
4.36124992370605
 31
0.0
  0
LINE
  8
0
  6
CONTINUOUS
 62
0
 10
7.94510396321614
 20
4.36124992370605
 30
0.0
 11
7.96958287556965
 21
4.42062505086263
 31
0.0
  0
LINE
  8
0
  6
CONTINUOUS
 62
0
 10
7.96958287556965
 20
4.42062505086263
 30
0.0
 11
7.99520746866862
 21
4.47958342234294
 31
0.0
  0
LINE
  8
0
  6
CONTINUOUS
 62
0
 10
7.99520746866862
 20
4.47958342234294
 30
0.0
 11
8.02187474568685
 21
4.53802076975505
 31
0.0
  0
LINE
  8
0
  6
CONTINUOUS
 62
0
 10
8.02187474568685
 20
4.53802076975505
 30
0.0
 11
8.04947916666665
 21
4.59604167938233
 31
0.0
  0
LINE
  8
0
  6
CONTINUOUS
 62
0
 10
8.04947916666665
 20
4.59604167938233
 30
0.0
 11
8.07760365804035
 21
4.65385405222575
 31
0.0
  0
LINE
  8
0
  6
CONTINUOUS
 62
0
 10
8.07760365804035
 20
4.65385405222575
 30
0.0
 11
8.1062494913737
 21
4.71145820617676
 31
0.0
  0
LINE
  8
0
  6
CONTINUOUS
 62
0
 10
8.1062494913737
 20
4.71145820617676
 30
0.0
 11
8.13520812988283
 21
4.76895840962728
 31
0.0
  0
LINE
  8
0
  6
CONTINUOUS
 62
0
 10
8.13520812988283
 20
4.76895840962728
 30
0.0
 11
8.16416676839193
 21
4.82635402679443
 31
0.0
  0
LINE
  8
0
  6
CONTINUOUS
 62
0
 10
8.16416676839193
 20
4.82635402679443
 30
0.0
 11
8.19302113850913
 21
4.88374996185303
 31
0.0
  0
LINE
  8
0
  6
CONTINUOUS
 62
0
 10
8.19302113850913
 20
4.88374996185303
 30
0.0
 11
8.20916620890299
 21
4.91375001271566
 31
0.0
  0
LINE
  8
0
  6
CONTINUOUS
 62
0
 10
8.20916620890299
 20
4.91375001271566
 30
0.0
 11
8.22666676839193
 21
4.94312508900961
 31
0.0
  0
LINE
  8
0
  6
CONTINUOUS
 62
0
 10
8.22666676839193
 20
4.94312508900961
 30
0.0
 11
8.24520746866862
 21
4.97197914123535
 31
0.0
  0
LINE
  8
0
  6
CONTINUOUS
 62
0
 10
8.24520746866862
 20
4.97197914123535
 30
0.0
 11
8.26416651407878
 21
5.0006249745687
 31
0.0
  0
LINE
  8
0
  6
CONTINUOUS
 62
0
 10
8.26416651407878
 20
5.0006249745687
 30
0.0
 11
8.28302001953126
 21
5.02927080790201
 31
0.0
  0
LINE
  8
0
  6
CONTINUOUS
 62
0
 10
8.28302001953126
 20
5.02927080790201
 30
0.0
 11
8.30145772298177
 21
5.05822912851968
 31
0.0
  0
LINE
  8
0
  6
CONTINUOUS
 62
0
 10
8.30145772298177
 20
5.05822912851968
 30
0.0
 11
8.31864547729492
 21
5.08749993642173
 31
0.0
  0
LINE
  8
0
  6
CONTINUOUS
 62
0
 10
8.31864547729492
 20
5.08749993642173
 30
0.0
 11
8.33437474568685
 21
5.11749998728433
 31
0.0
  0
LINE
  8
0
  6
CONTINUOUS
 62
0
 10
8.33437474568685
 20
5.11749998728433
 30
0.0
 11
8.34812418619791
 21
5.14833323160807
 31
0.0
  0
LINE
  8
0
  6
CONTINUOUS
 62
0
 10
8.34812418619791
 20
5.14833323160807
 30
0.0
 11
8.35916646321614
 21
5.1803124745687
 31
0.0
  0
LINE
  8
0
  6
CONTINUOUS
 62
0
 10
8.35916646321614
 20
5.1803124745687
 30
0.0
 11
8.37791697184244
 21
5.25999991099039
 31
0.0
  0
LINE
  8
0
  6
CONTINUOUS
 62
0
 10
8.37791697184244
 20
5.25999991099039
 30
0.0
 11
8.38781229654949
 21
5.34020837148032
 31
0.0
  0
LINE
  8
0
  6
CONTINUOUS
 62
0
 10
8.38781229654949
 20
5.34020837148032
 30
0.0
 11
8.39010365804035
 21
5.42083326975504
 31
0.0
  0
LINE
  8
0
  6
CONTINUOUS
 62
0
 10
8.39010365804035
 20
5.42083326975504
 30
0.0
 11
8.38604100545248
 21
5.50177097320555
 31
0.0
  0
LINE
  8
0
  6
CONTINUOUS
 62
0
 10
8.38604100545248
 20
5.50177097320555
 30
0.0
 11
8.37687428792319
 21
5.58291657765705
 31
0.0
  0
LINE
  8
0
  6
CONTINUOUS
 62
0
 10
8.37687428792319
 20
5.58291657765705
 30
0.0
 11
8.36364491780598
 21
5.6642707188924
 31
0.0
  0
LINE
  8
0
  6
CONTINUOUS
 62
0
 10
8.36364491780598
 20
5.6642707188924
 30
0.0
 11
8.34770838419598
 21
5.74572912851969
 31
0.0
  0
LINE
  8
0
  6
CONTINUOUS
 62
0
 10
8.34770838419598
 20
5.74572912851969
 30
0.0
 11
8.33020782470705
 21
5.8272918065389
 31
0.0
  0
LINE
  8
0
  6
CONTINUOUS
 62
0
 10
8.33020782470705
 20
5.8272918065389
 30
0.0
 11
8.31229146321614
 21
5.90874989827472
 31
0.0
  0
LINE
  8
0
  6
CONTINUOUS
 62
0
 10
8.31229146321614
 20
5.90874989827472
 30
0.0
 11
8.29531224568685
 21
5.99010403951008
 31
0.0
  0
LINE
  8
0
  6
CONTINUOUS
 62
0
 10
8.29531224568685
 20
5.99010403951008
 30
0.0
 11
8.2802085876465
 21
6.07135423024496
 31
0.0
  0
LINE
  8
0
  6
CONTINUOUS
 62
0
 10
8.2802085876465
 20
6.07135423024496
 30
0.0
 11
8.26854197184244
 21
6.15229161580406
 31
0.0
  0
LINE
  8
0
  6
CONTINUOUS
 62
0
 10
8.26854197184244
 20
6.15229161580406
 30
0.0
 11
8.26114527384441
 21
6.23291651407878
 31
0.0
  0
LINE
  8
0
  6
CONTINUOUS
 62
0
 10
8.26114527384441
 20
6.23291651407878
 30
0.0
 11
8.25947825113933
 21
6.3131249745687
 31
0.0
  0
LINE
  8
0
  6
CONTINUOUS
 62
0
 10
8.25947825113933
 20
6.3131249745687
 30
0.0
 11
8.26468658447268
 21
6.39291636149091
 31
0.0
  0
LINE
  8
0
  6
CONTINUOUS
 62
0
 10
8.26468658447268
 20
6.39291636149091
 30
0.0
 11
8.27791595458984
 21
6.47208340962728
 31
0.0
  0
LINE
  8
0
  6
CONTINUOUS
 62
0
 10
8.27791595458984
 20
6.47208340962728
 30
0.0
 11
8.31000010172528
 21
6.56947898864748
 31
0.0
  0
LINE
  8
0
  6
CONTINUOUS
 62
0
 10
8.31000010172528
 20
6.56947898864748
 30
0.0
 11
8.35635375976563
 21
6.64552052815756
 31
0.0
  0
LINE
  8
0
  6
CONTINUOUS
 62
0
 10
8.35635375976563
 20
6.64552052815756
 30
0.0
 11
8.41479110717776
 21
6.70187505086264
 31
0.0
  0
LINE
  8
0
  6
CONTINUOUS
 62
0
 10
8.41479110717776
 20
6.70187505086264
 30
0.0
 11
8.48302078247071
 21
6.74010403951008
 31
0.0
  0
LINE
  8
0
  6
CONTINUOUS
 62
0
 10
8.48302078247071
 20
6.74010403951008
 30
0.0
 11
8.55875015258787
 21
6.76166661580406
 31
0.0
  0
LINE
  8
0
  6
CONTINUOUS
 62
0
 10
8.55875015258787
 20
6.76166661580406
 30
0.0
 11
8.63999938964843
 21
6.76822916666665
 31
0.0
  0
LINE
  8
0
  6
CONTINUOUS
 62
0
 10
8.63999938964843
 20
6.76822916666665
 30
0.0
 11
8.7244784037272
 21
6.7614580790202
 31
0.0
  0
LINE
  8
0
  6
CONTINUOUS
 62
0
 10
8.7244784037272
 20
6.7614580790202
 30
0.0
 11
8.80989583333335
 21
6.7428124745687
 31
0.0
  0
LINE
  8
0
  6
CONTINUOUS
 62
0
 10
8.80989583333335
 20
6.7428124745687
 30
0.0
 11
8.89406204223634
 21
6.71385447184244
 31
0.0
  0
LINE
  8
0
  6
CONTINUOUS
 62
0
 10
8.89406204223634
 20
6.71385447184244
 30
0.0
 11
8.97489547729492
 21
6.67614555358886
 31
0.0
  0
LINE
  8
0
  6
CONTINUOUS
 62
0
 10
8.97489547729492
 20
6.67614555358886
 30
0.0
 11
9.0401039123535
 21
6.63229179382323
 31
0.0
  0
LINE
  8
0
  6
CONTINUOUS
 62
0
 10
9.0401039123535
 20
6.63229179382323
 30
0.0
 11
9.09197870890299
 21
6.57833353678386
 31
0.0
  0
LINE
  8
0
  6
CONTINUOUS
 62
0
 10
9.09197870890299
 20
6.57833353678386
 30
0.0
 11
9.13249969482421
 21
6.51604143778484
 31
0.0
  0
LINE
  8
0
  6
CONTINUOUS
 62
0
 10
9.13249969482421
 20
6.51604143778484
 30
0.0
 11
9.1633326212565
 21
6.44729169209799
 31
0.0
  0
LINE
  8
0
  6
CONTINUOUS
 62
0
 10
9.1633326212565
 20
6.44729169209799
 30
0.0
 11
9.1864585876465
 21
6.37354151407878
 31
0.0
  0
LINE
  8
0
  6
CONTINUOUS
 62
0
 10
9.1864585876465
 20
6.37354151407878
 30
0.0
 11
9.20343780517579
 21
6.29677073160807
 31
0.0
  0
LINE
  8
0
  6
CONTINUOUS
 62
0
 10
9.20343780517579
 20
6.29677073160807
 30
0.0
 11
9.21635437011721
 21
6.2185417811076
 31
0.0
  0
LINE
  8
0
  6
CONTINUOUS
 62
0
 10
9.21635437011721
 20
6.2185417811076
 30
0.0
 11
9.22687530517579
 21
6.140625
 31
0.0
  0
LINE
  8
0
  6
CONTINUOUS
 62
0
 10
9.22687530517579
 20
6.140625
 30
0.0
 11
9.23677062988284
 21
6.06468741099039
 31
0.0
  0
LINE
  8
0
  6
CONTINUOUS
 62
0
 10
9.23677062988284
 20
6.06468741099039
 30
0.0
 11
9.24791590372721
 21
5.99260425567626
 31
0.0
  0
LINE
  8
0
  6
CONTINUOUS
 62
0
 10
9.24791590372721
 20
5.99260425567626
 30
0.0
 11
9.26166661580405
 21
5.91364574432374
 31
0.0
  0
LINE
  8
0
  6
CONTINUOUS
 62
0
 10
9.26166661580405
 20
5.91364574432374
 30
0.0
 11
9.27468744913736
 21
5.83489576975504
 31
0.0
  0
LINE
  8
0
  6
CONTINUOUS
 62
0
 10
9.27468744913736
 20
5.83489576975504
 30
0.0
 11
9.28677113850913
 21
5.75645828247071
 31
0.0
  0
LINE
  8
0
  6
CONTINUOUS
 62
0
 10
9.28677113850913
 20
5.75645828247071
 30
0.0
 11
9.29770787556964
 21
5.67812506357831
 31
0.0
  0
LINE
  8
0
  6
CONTINUOUS
 62
0
 10
9.29770787556964
 20
5.67812506357831
 30
0.0
 11
9.30718739827473
 21
5.60000006357831
 31
0.0
  0
LINE
  8
0
  6
CONTINUOUS
 62
0
 10
9.30718739827473
 20
5.60000006357831
 30
0.0
 11
9.31499989827473
 21
5.52197901407878
 31
0.0
  0
LINE
  8
0
  6
CONTINUOUS
 62
0
 10
9.31499989827473
 20
5.52197901407878
 30
0.0
 11
9.32093683878583
 21
5.44406255086264
 31
0.0
  0
LINE
  8
0
  6
CONTINUOUS
 62
0
 10
9.32093683878583
 20
5.44406255086264
 30
0.0
 11
9.32468668619791
 21
5.36625003814697
 31
0.0
  0
LINE
  8
0
  6
CONTINUOUS
 62
0
 10
9.32468668619791
 20
5.36625003814697
 30
0.0
 11
9.32604090372721
 21
5.28854179382323
 31
0.0
  0
LINE
  8
0
  6
CONTINUOUS
 62
0
 10
9.32604090372721
 20
5.28854179382323
 30
0.0
 11
9.32479095458984
 21
5.2107292811076
 31
0.0
  0
LINE
  8
0
  6
CONTINUOUS
 62
0
 10
9.32479095458984
 20
5.2107292811076
 30
0.0
 11
9.32062530517579
 21
5.1330207188924
 31
0.0
  0
LINE
  8
0
  6
CONTINUOUS
 62
0
 10
9.32062530517579
 20
5.1330207188924
 30
0.0
 11
9.31343714396162
 21
5.0553124745687
 31
0.0
  0
LINE
  8
0
  6
CONTINUOUS
 62
0
 10
9.31343714396162
 20
5.0553124745687
 30
0.0
 11
9.30281194051106
 21
4.97749996185303
 31
0.0
  0
LINE
  8
0
  6
CONTINUOUS
 62
0
 10
9.30281194051106
 20
4.97749996185303
 30
0.0
 11
9.28854115804035
 21
4.89968744913737
 31
0.0
  0
LINE
  8
0
  6
CONTINUOUS
 62
0
 10
9.28854115804035
 20
4.89968744913737
 30
0.0
 11
9.27052052815756
 21
4.8216667175293
 31
0.0
  0
LINE
  8
0
  6
CONTINUOUS
 62
0
 10
9.27052052815756
 20
4.8216667175293
 30
0.0
 11
9.24833297729492
 21
4.74364598592122
 31
0.0
  0
LINE
  8
0
  6
CONTINUOUS
 62
0
 10
9.24833297729492
 20
4.74364598592122
 30
0.0
 11
9.22187423706055
 21
4.6654167175293
 31
0.0
  0
LINE
  8
0
  6
CONTINUOUS
 62
0
 10
9.22187423706055
 20
4.6654167175293
 30
0.0
 11
9.21395746866862
 21
4.64562511444092
 31
0.0
  0
LINE
  8
0
  6
CONTINUOUS
 62
0
 10
9.21395746866862
 20
4.64562511444092
 30
0.0
 11
9.20281219482421
 21
4.62020842234294
 31
0.0
  0
LINE
  8
0
  6
CONTINUOUS
 62
0
 10
9.20281219482421
 20
4.62020842234294
 30
0.0
 11
9.18874994913736
 21
4.58968734741211
 31
0.0
  0
LINE
  8
0
  6
CONTINUOUS
 62
0
 10
9.18874994913736
 20
4.58968734741211
 30
0.0
 11
9.17218780517579
 21
4.55489571889242
 31
0.0
  0
LINE
  8
0
  6
CONTINUOUS
 62
0
 10
9.17218780517579
 20
4.55489571889242
 30
0.0
 11
9.15354156494142
 21
4.5164581934611
 31
0.0
  0
LINE
  8
0
  6
CONTINUOUS
 62
0
 10
9.15354156494142
 20
4.5164581934611
 30
0.0
 11
9.13322830200197
 21
4.47510401407878
 31
0.0
  0
LINE
  8
0
  6
CONTINUOUS
 62
0
 10
9.13322830200197
 20
4.47510401407878
 30
0.0
 11
9.1116663614909
 21
4.43166669209798
 31
0.0
  0
LINE
  8
0
  6
CONTINUOUS
 62
0
 10
9.1116663614909
 20
4.43166669209798
 30
0.0
 11
9.08927027384441
 21
4.38666661580404
 31
0.0
  0
LINE
  8
0
  6
CONTINUOUS
 62
0
 10
9.08927027384441
 20
4.38666661580404
 30
0.0
 11
9.06645838419598
 21
4.34093761444092
 31
0.0
  0
LINE
  8
0
  6
CONTINUOUS
 62
0
 10
9.06645838419598
 20
4.34093761444092
 30
0.0
 11
9.04354095458984
 21
4.29510402679443
 31
0.0
  0
LINE
  8
0
  6
CONTINUOUS
 62
0
 10
9.04354095458984
 20
4.29510402679443
 30
0.0
 11
9.08770751953126
 21
4.29666678110759
 31
0.0
  0
LINE
  8
0
  6
CONTINUOUS
 62
0
 10
9.08770751953126
 20
4.29666678110759
 30
0.0
 11
9.13166681925457
 21
4.29322910308838
 31
0.0
  0
LINE
  8
0
  6
CONTINUOUS
 62
0
 10
9.13166681925457
 20
4.29322910308838
 30
0.0
 11
9.17499923706055
 21
4.28489589691162
 31
0.0
  0
LINE
  8
0
  6
CONTINUOUS
 62
0
 10
9.17499923706055
 20
4.28489589691162
 30
0.0
 11
9.21718724568685
 21
4.27187506357829
 31
0.0
  0
LINE
  8
0
  6
CONTINUOUS
 62
0
 10
9.21718724568685
 20
4.27187506357829
 30
0.0
 11
9.25760396321614
 21
4.25406265258789
 31
0.0
  0
LINE
  8
0
  6
CONTINUOUS
 62
0
 10
9.25760396321614
 20
4.25406265258789
 30
0.0
 11
9.29572931925457
 21
4.23197905222575
 31
0.0
  0
LINE
  8
0
  6
CONTINUOUS
 62
0
 10
9.29572931925457
 20
4.23197905222575
 30
0.0
 11
9.33114496866862
 21
4.20572916666667
 31
0.0
  0
LINE
  8
0
  6
CONTINUOUS
 62
0
 10
9.33114496866862
 20
4.20572916666667
 30
0.0
 11
9.36343765258791
 21
4.17562484741211
 31
0.0
  0
LINE
  8
0
  6
CONTINUOUS
 62
0
 10
9.36343765258791
 20
4.17562484741211
 30
0.0
 11
9.39218775431315
 21
4.14208348592122
 31
0.0
  0
LINE
  8
0
  6
CONTINUOUS
 62
0
 10
9.39218775431315
 20
4.14208348592122
 30
0.0
 11
9.41697947184244
 21
4.10562515258789
 31
0.0
  0
LINE
  8
0
  6
CONTINUOUS
 62
0
 10
9.41697947184244
 20
4.10562515258789
 30
0.0
 11
9.41895802815756
 21
4.10218747456869
 31
0.0
  0
LINE
  8
0
  6
CONTINUOUS
 62
0
 10
9.41895802815756
 20
4.10218747456869
 30
0.0
 11
9.42104085286461
 21
4.09885406494141
 31
0.0
  0
LINE
  8
0
  6
CONTINUOUS
 62
0
 10
9.42104085286461
 20
4.09885406494141
 30
0.0
 11
9.42302068074543
 21
4.09541670481364
 31
0.0
  0
LINE
  8
0
  6
CONTINUOUS
 62
0
 10
9.42302068074543
 20
4.09541670481364
 30
0.0
 11
9.42510350545248
 21
4.09208329518636
 31
0.0
  0
LINE
  8
0
  6
CONTINUOUS
 62
0
 10
9.42510350545248
 20
4.09208329518636
 30
0.0
 11
9.42708333333335
 21
4.08874988555908
 31
0.0
  0
LINE
  8
0
  6
CONTINUOUS
 62
0
 10
9.42708333333335
 20
4.08874988555908
 30
0.0
 11
9.42916615804036
 21
4.08531252543131
 31
0.0
  0
LINE
  8
0
  6
CONTINUOUS
 62
0
 10
9.42916615804036
 20
4.08531252543131
 30
0.0
 11
9.43114598592122
 21
4.08197911580404
 31
0.0
  0
LINE
  8
0
  6
CONTINUOUS
 62
0
 10
9.43114598592122
 20
4.08197911580404
 30
0.0
 11
9.43322881062827
 21
4.07854175567627
 31
0.0
  0
LINE
  8
0
  6
CONTINUOUS
 62
0
 10
9.43322881062827
 20
4.07854175567627
 30
0.0
 11
9.43520863850913
 21
4.07520834604899
 31
0.0
  0
LINE
  8
0
  6
CONTINUOUS
 62
0
 10
13.5378125508626
 20
11.6809374491374
 30
0.0
 11
13.5359369913737
 21
11.6752077738444
 31
0.0
  0
LINE
  8
0
  6
CONTINUOUS
 62
0
 10
13.5359369913737
 20
11.6752077738444
 30
0.0
 11
13.5360412597656
 21
11.6272913614909
 31
0.0
  0
LINE
  8
0
  6
CONTINUOUS
 62
0
 10
13.5360412597656
 20
11.6272913614909
 30
0.0
 11
13.5440622965495
 21
11.5805206298828
 31
0.0
  0
LINE
  8
0
  6
CONTINUOUS
 62
0
 10
13.5440622965495
 20
11.5805206298828
 30
0.0
 11
13.5583330790202
 21
11.5346876780192
 31
0.0
  0
LINE
  8
0
  6
CONTINUOUS
 62
0
 10
13.5583330790202
 20
11.5346876780192
 30
0.0
 11
13.5773951212565
 21
11.4894790649414
 31
0.0
  0
LINE
  8
0
  6
CONTINUOUS
 62
0
 10
13.5773951212565
 20
11.4894790649414
 30
0.0
 11
13.5995826721191
 21
11.4445832570394
 31
0.0
  0
LINE
  8
0
  6
CONTINUOUS
 62
0
 10
13.5995826721191
 20
11.4445832570394
 30
0.0
 11
13.6234372456869
 21
11.3998959859212
 31
0.0
  0
LINE
  8
0
  6
CONTINUOUS
 62
0
 10
13.6234372456869
 20
11.3998959859212
 30
0.0
 11
13.6471875508626
 21
11.3550001780192
 31
0.0
  0
LINE
  8
0
  6
CONTINUOUS
 62
0
 10
13.6471875508626
 20
11.3550001780192
 30
0.0
 11
13.6694793701172
 21
11.3097915649414
 31
0.0
  0
LINE
  8
0
  6
CONTINUOUS
 62
0
 10
13.6694793701172
 20
11.3097915649414
 30
0.0
 11
13.6885414123535
 21
11.2638543446859
 31
0.0
  0
LINE
  8
0
  6
CONTINUOUS
 62
0
 10
13.6885414123535
 20
11.2638543446859
 30
0.0
 11
13.7029164632161
 21
11.2169793446859
 31
0.0
  0
LINE
  8
0
  6
CONTINUOUS
 62
0
 10
13.7029164632161
 20
11.2169793446859
 30
0.0
 11
13.7114575703939
 21
11.1772918701172
 31
0.0
  0
LINE
  8
0
  6
CONTINUOUS
 62
0
 10
13.7114575703939
 20
11.1772918701172
 30
0.0
 11
13.720832824707
 21
11.1253128051758
 31
0.0
  0
LINE
  8
0
  6
CONTINUOUS
 62
0
 10
13.720832824707
 20
11.1253128051758
 30
0.0
 11
13.7304166158041
 21
11.0636456807454
 31
0.0
  0
LINE
  8
0
  6
CONTINUOUS
 62
0
 10
13.7304166158041
 20
11.0636456807454
 30
0.0
 11
13.7396876017253
 21
10.9953123728434
 31
0.0
  0
LINE
  8
0
  6
CONTINUOUS
 62
0
 10
13.7396876017253
 20
10.9953123728434
 30
0.0
 11
13.7481244405111
 21
10.9230206807454
 31
0.0
  0
LINE
  8
0
  6
CONTINUOUS
 62
0
 10
13.7481244405111
 20
10.9230206807454
 30
0.0
 11
13.7552083333333
 21
10.8496875762939
 31
0.0
  0
LINE
  8
0
  6
CONTINUOUS
 62
0
 10
13.7552083333333
 20
10.8496875762939
 30
0.0
 11
13.7602081298828
 21
10.7780208587646
 31
0.0
  0
LINE
  8
0
  6
CONTINUOUS
 62
0
 10
13.7602081298828
 20
10.7780208587646
 30
0.0
 11
13.7626037597656
 21
10.7109375
 31
0.0
  0
LINE
  8
0
  6
CONTINUOUS
 62
0
 10
13.7626037597656
 20
10.7109375
 30
0.0
 11
13.7618751525879
 21
10.6511459350586
 31
0.0
  0
LINE
  8
0
  6
CONTINUOUS
 62
0
 10
13.7618751525879
 20
10.6511459350586
 30
0.0
 11
13.7574996948242
 21
10.6015625
 31
0.0
  0
LINE
  8
0
  6
CONTINUOUS
 62
0
 10
13.7574996948242
 20
10.6015625
 30
0.0
 11
13.7422917683919
 21
10.5152085622152
 31
0.0
  0
LINE
  8
0
  6
CONTINUOUS
 62
0
 10
13.7422917683919
 20
10.5152085622152
 30
0.0
 11
13.7228126525879
 21
10.4319788614909
 31
0.0
  0
LINE
  8
0
  6
CONTINUOUS
 62
0
 10
13.7228126525879
 20
10.4319788614909
 30
0.0
 11
13.6991666158041
 21
10.3517710367839
 31
0.0
  0
LINE
  8
0
  6
CONTINUOUS
 62
0
 10
13.6991666158041
 20
10.3517710367839
 30
0.0
 11
13.6715621948242
 21
10.2747917175293
 31
0.0
  0
LINE
  8
0
  6
CONTINUOUS
 62
0
 10
13.6715621948242
 20
10.2747917175293
 30
0.0
 11
13.6399993896484
 21
10.2010415395101
 31
0.0
  0
LINE
  8
0
  6
CONTINUOUS
 62
0
 10
13.6399993896484
 20
10.2010415395101
 30
0.0
 11
13.6046867370606
 21
10.1305211385091
 31
0.0
  0
LINE
  8
0
  6
CONTINUOUS
 62
0
 10
13.6046867370606
 20
10.1305211385091
 30
0.0
 11
13.5657285054525
 21
10.0633335113526
 31
0.0
  0
LINE
  8
0
  6
CONTINUOUS
 62
0
 10
13.5657285054525
 20
10.0633335113526
 30
0.0
 11
13.5232289632161
 21
9.9993750254313
 31
0.0
  0
LINE
  8
0
  6
CONTINUOUS
 62
0
 10
13.5232289632161
 20
9.9993750254313
 30
0.0
 11
13.4773953755697
 21
9.93874994913736
 31
0.0
  0
LINE
  8
0
  6
CONTINUOUS
 62
0
 10
13.4773953755697
 20
9.93874994913736
 30
0.0
 11
13.4283332824707
 21
9.88166681925457
 31
0.0
  0
LINE
  8
0
  6
CONTINUOUS
 62
0
 10
13.4283332824707
 20
9.88166681925457
 30
0.0
 11
13.3762499491374
 21
9.82791646321614
 31
0.0
  0
LINE
  8
0
  6
CONTINUOUS
 62
0
 10
13.3762499491374
 20
9.82791646321614
 30
0.0
 11
13.3210411071778
 21
9.7776044209798
 31
0.0
  0
LINE
  8
0
  6
CONTINUOUS
 62
0
 10
13.3210411071778
 20
9.7776044209798
 30
0.0
 11
13.2631251017253
 21
9.73083305358886
 31
0.0
  0
LINE
  8
0
  6
CONTINUOUS
 62
0
 10
13.2631251017253
 20
9.73083305358886
 30
0.0
 11
13.2023951212565
 21
9.68770853678386
 31
0.0
  0
LINE
  8
0
  6
CONTINUOUS
 62
0
 10
13.2023951212565
 20
9.68770853678386
 30
0.0
 11
13.1391665140788
 21
9.64802106221516
 31
0.0
  0
LINE
  8
0
  6
CONTINUOUS
 62
0
 10
13.1391665140788
 20
9.64802106221516
 30
0.0
 11
13.0734367370606
 21
9.61208343505858
 31
0.0
  0
LINE
  8
0
  6
CONTINUOUS
 62
0
 10
13.0734367370606
 20
9.61208343505858
 30
0.0
 11
13.0053126017253
 21
9.57968775431315
 31
0.0
  0
LINE
  8
0
  6
CONTINUOUS
 62
0
 10
13.0053126017253
 20
9.57968775431315
 30
0.0
 11
12.9351043701172
 21
9.5510419209798
 31
0.0
  0
LINE
  8
0
  6
CONTINUOUS
 62
0
 10
12.9351043701172
 20
9.5510419209798
 30
0.0
 11
12.8628120422363
 21
9.52614593505858
 31
0.0
  0
LINE
  8
0
  6
CONTINUOUS
 62
0
 10
12.8628120422363
 20
9.52614593505858
 30
0.0
 11
12.7886454264323
 21
9.50499979654949
 31
0.0
  0
LINE
  8
0
  6
CONTINUOUS
 62
0
 10
12.7886454264323
 20
9.50499979654949
 30
0.0
 11
12.7127075195313
 21
9.48770840962728
 31
0.0
  0
LINE
  8
0
  6
CONTINUOUS
 62
0
 10
12.7127075195313
 20
9.48770840962728
 30
0.0
 11
12.634999593099
 21
9.47427113850913
 31
0.0
  0
LINE
  8
0
  6
CONTINUOUS
 62
0
 10
12.634999593099
 20
9.47427113850913
 30
0.0
 11
12.5558331807454
 21
9.46468734741213
 31
0.0
  0
LINE
  8
0
  6
CONTINUOUS
 62
0
 10
12.5558331807454
 20
9.46468734741213
 30
0.0
 11
12.4752082824707
 21
9.45895830790201
 31
0.0
  0
LINE
  8
0
  6
CONTINUOUS
 62
0
 10
12.4752082824707
 20
9.45895830790201
 30
0.0
 11
12.3934377034505
 21
9.4572919209798
 31
0.0
  0
LINE
  8
0
  6
CONTINUOUS
 62
0
 10
12.3934377034505
 20
9.4572919209798
 30
0.0
 11
12.3104159037272
 21
9.45958328247071
 31
0.0
  0
LINE
  8
0
  6
CONTINUOUS
 62
0
 10
12.3104159037272
 20
9.45958328247071
 30
0.0
 11
12.2264582316081
 21
9.46593729654949
 31
0.0
  0
LINE
  8
0
  6
CONTINUOUS
 62
0
 10
12.2264582316081
 20
9.46593729654949
 30
0.0
 11
12.1415621439616
 21
9.47635396321614
 31
0.0
  0
LINE
  8
0
  6
CONTINUOUS
 62
0
 10
12.1415621439616
 20
9.47635396321614
 30
0.0
 11
12.0812492370606
 21
9.48687489827472
 31
0.0
  0
LINE
  8
0
  6
CONTINUOUS
 62
0
 10
12.0812492370606
 20
9.48687489827472
 30
0.0
 11
12.0253117879232
 21
9.49989573160807
 31
0.0
  0
LINE
  8
0
  6
CONTINUOUS
 62
0
 10
12.0253117879232
 20
9.49989573160807
 30
0.0
 11
11.9729169209798
 21
9.51520856221516
 31
0.0
  0
LINE
  8
0
  6
CONTINUOUS
 62
0
 10
11.9729169209798
 20
9.51520856221516
 30
0.0
 11
11.9233334859212
 21
9.53281275431315
 31
0.0
  0
LINE
  8
0
  6
CONTINUOUS
 62
0
 10
11.9233334859212
 20
9.53281275431315
 30
0.0
 11
11.8756243387858
 21
9.55239613850913
 31
0.0
  0
LINE
  8
0
  6
CONTINUOUS
 62
0
 10
11.8756243387858
 20
9.55239613850913
 30
0.0
 11
11.8288536071778
 21
9.57385444641114
 31
0.0
  0
LINE
  8
0
  6
CONTINUOUS
 62
0
 10
11.8288536071778
 20
9.57385444641114
 30
0.0
 11
11.7823956807454
 21
9.59718767801921
 31
0.0
  0
LINE
  8
0
  6
CONTINUOUS
 62
0
 10
11.7823956807454
 20
9.59718767801921
 30
0.0
 11
11.7351036071778
 21
9.62208302815756
 31
0.0
  0
LINE
  8
0
  6
CONTINUOUS
 62
0
 10
11.7351036071778
 20
9.62208302815756
 30
0.0
 11
11.6863543192546
 21
9.64854176839193
 31
0.0
  0
LINE
  8
0
  6
CONTINUOUS
 62
0
 10
11.6863543192546
 20
9.64854176839193
 30
0.0
 11
11.6352081298828
 21
9.67635409037272
 31
0.0
  0
LINE
  8
0
  6
CONTINUOUS
 62
0
 10
11.6352081298828
 20
9.67635409037272
 30
0.0
 11
11.5972913106283
 21
9.6045831044515
 31
0.0
  0
LINE
  8
0
  6
CONTINUOUS
 62
0
 10
11.5972913106283
 20
9.6045831044515
 30
0.0
 11
11.5455207824707
 21
9.54218737284343
 31
0.0
  0
LINE
  8
0
  6
CONTINUOUS
 62
0
 10
11.5455207824707
 20
9.54218737284343
 30
0.0
 11
11.4820836385091
 21
9.49166679382323
 31
0.0
  0
LINE
  8
0
  6
CONTINUOUS
 62
0
 10
11.4820836385091
 20
9.49166679382323
 30
0.0
 11
11.4095827738444
 21
9.45520846048992
 31
0.0
  0
LINE
  8
0
  6
CONTINUOUS
 62
0
 10
11.4095827738444
 20
9.45520846048992
 30
0.0
 11
11.3311449686686
 21
9.4344793955485
 31
0.0
  0
LINE
  8
0
  6
CONTINUOUS
 62
0
 10
11.3311449686686
 20
9.4344793955485
 30
0.0
 11
11.2502085367839
 21
9.43020820617677
 31
0.0
  0
LINE
  8
0
  6
CONTINUOUS
 62
0
 10
11.2502085367839
 20
9.43020820617677
 30
0.0
 11
11.1699994405111
 21
9.44260406494142
 31
0.0
  0
LINE
  8
0
  6
CONTINUOUS
 62
0
 10
11.1699994405111
 20
9.44260406494142
 30
0.0
 11
11.0940628051758
 21
9.4711456298828
 31
0.0
  0
LINE
  8
0
  6
CONTINUOUS
 62
0
 10
11.0940628051758
 20
9.4711456298828
 30
0.0
 11
11.025624593099
 21
9.51468722025555
 31
0.0
  0
LINE
  8
0
  6
CONTINUOUS
 62
0
 10
11.025624593099
 20
9.51468722025555
 30
0.0
 11
10.9676043192546
 21
9.5713539123535
 31
0.0
  0
LINE
  8
0
  6
CONTINUOUS
 62
0
 10
10.9676043192546
 20
9.5713539123535
 30
0.0
 11
10.9650001525879
 21
9.57437515258787
 31
0.0
  0
LINE
  8
0
  6
CONTINUOUS
 62
0
 10
10.9650001525879
 20
9.57437515258787
 30
0.0
 11
10.9625002543132
 21
9.57739575703937
 31
0.0
  0
LINE
  8
0
  6
CONTINUOUS
 62
0
 10
10.9625002543132
 20
9.57739575703937
 30
0.0
 11
10.9599990844727
 21
9.5804163614909
 31
0.0
  0
LINE
  8
0
  6
CONTINUOUS
 62
0
 10
10.9599990844727
 20
9.5804163614909
 30
0.0
 11
10.9574991861979
 21
9.58343760172528
 31
0.0
  0
LINE
  8
0
  6
CONTINUOUS
 62
0
 10
10.9574991861979
 20
9.58343760172528
 30
0.0
 11
10.9549992879232
 21
9.58645820617677
 31
0.0
  0
LINE
  8
0
  6
CONTINUOUS
 62
0
 10
10.9549992879232
 20
9.58645820617677
 30
0.0
 11
10.9523951212565
 21
9.58947944641114
 31
0.0
  0
LINE
  8
0
  6
CONTINUOUS
 62
0
 10
10.9523951212565
 20
9.58947944641114
 30
0.0
 11
10.947395324707
 21
9.59552065531413
 31
0.0
  0
LINE
  8
0
  6
CONTINUOUS
 62
0
 10
10.947395324707
 20
9.59552065531413
 30
0.0
 11
10.9448954264323
 21
9.5985418955485
 31
0.0
  0
LINE
  8
0
  6
CONTINUOUS
 62
0
 10
10.9448954264323
 20
9.5985418955485
 30
0.0
 11
10.9423955281576
 21
9.6015625
 31
0.0
  0
LINE
  8
0
  6
CONTINUOUS
 62
0
 10
10.9423955281576
 20
9.6015625
 30
0.0
 11
10.9015617370606
 21
9.66072909037272
 31
0.0
  0
LINE
  8
0
  6
CONTINUOUS
 62
0
 10
10.9015617370606
 20
9.66072909037272
 30
0.0
 11
10.8722915649414
 21
9.72635396321614
 31
0.0
  0
LINE
  8
0
  6
CONTINUOUS
 62
0
 10
10.8722915649414
 20
9.72635396321614
 30
0.0
 11
10.8553123474121
 21
9.7962500254313
 31
0.0
  0
LINE
  8
0
  6
CONTINUOUS
 62
0
 10
10.8553123474121
 20
9.7962500254313
 30
0.0
 11
10.8513539632161
 21
9.86802101135256
 31
0.0
  0
LINE
  8
0
  6
CONTINUOUS
 62
0
 10
10.8513539632161
 20
9.86802101135256
 30
0.0
 11
10.8605206807454
 21
9.93927065531413
 31
0.0
  0
LINE
  8
0
  6
CONTINUOUS
 62
0
 10
10.8605206807454
 20
9.93927065531413
 30
0.0
 11
10.8824996948242
 21
10.0077082316081
 31
0.0
  0
LINE
  8
0
  6
CONTINUOUS
 62
0
 10
10.8824996948242
 20
10.0077082316081
 30
0.0
 11
10.9165623982747
 21
10.0710417429606
 31
0.0
  0
LINE
  8
0
  6
CONTINUOUS
 62
0
 10
10.9165623982747
 20
10.0710417429606
 30
0.0
 11
10.9615618387858
 21
10.1270834604899
 31
0.0
  0
LINE
  8
0
  6
CONTINUOUS
 62
0
 10
10.9615618387858
 20
10.1270834604899
 30
0.0
 11
11.0159378051758
 21
10.1739584604899
 31
0.0
  0
LINE
  8
0
  6
CONTINUOUS
 62
0
 10
11.0159378051758
 20
10.1739584604899
 30
0.0
 11
11.0780207316081
 21
10.2102082570394
 31
0.0
  0
LINE
  8
0
  6
CONTINUOUS
 62
0
 10
11.0780207316081
 20
10.2102082570394
 30
0.0
 11
11.0564575195313
 21
10.2326043446859
 31
0.0
  0
LINE
  8
0
  6
CONTINUOUS
 62
0
 10
11.0564575195313
 20
10.2326043446859
 30
0.0
 11
11.0346870422363
 21
10.2549997965495
 31
0.0
  0
LINE
  8
0
  6
CONTINUOUS
 62
0
 10
11.0346870422363
 20
10.2549997965495
 30
0.0
 11
11.0128122965495
 21
10.2772916158041
 31
0.0
  0
LINE
  8
0
  6
CONTINUOUS
 62
0
 10
11.0128122965495
 20
10.2772916158041
 30
0.0
 11
10.9907290140788
 21
10.2995834350586
 31
0.0
  0
LINE
  8
0
  6
CONTINUOUS
 62
0
 10
10.9907290140788
 20
10.2995834350586
 30
0.0
 11
10.9684371948242
 21
10.3218752543132
 31
0.0
  0
LINE
  8
0
  6
CONTINUOUS
 62
0
 10
10.9684371948242
 20
10.3218752543132
 30
0.0
 11
10.9459368387858
 21
10.3441664377848
 31
0.0
  0
LINE
  8
0
  6
CONTINUOUS
 62
0
 10
10.9459368387858
 20
10.3441664377848
 30
0.0
 11
10.9232292175293
 21
10.3666667938232
 31
0.0
  0
LINE
  8
0
  6
CONTINUOUS
 62
0
 10
10.9232292175293
 20
10.3666667938232
 30
0.0
 11
10.9002075195313
 21
10.3891665140788
 31
0.0
  0
LINE
  8
0
  6
CONTINUOUS
 62
0
 10
10.9002075195313
 20
10.3891665140788
 30
0.0
 11
10.8769785563151
 21
10.4117711385091
 31
0.0
  0
LINE
  8
0
  6
CONTINUOUS
 62
0
 10
10.8769785563151
 20
10.4117711385091
 30
0.0
 11
10.8534367879232
 21
10.4344793955485
 31
0.0
  0
LINE
  8
0
  6
CONTINUOUS
 62
0
 10
10.8534367879232
 20
10.4344793955485
 30
0.0
 11
10.8358332316081
 21
10.4569791158041
 31
0.0
  0
LINE
  8
0
  6
CONTINUOUS
 62
0
 10
10.8358332316081
 20
10.4569791158041
 30
0.0
 11
10.8222910563151
 21
10.4848957061768
 31
0.0
  0
LINE
  8
0
  6
CONTINUOUS
 62
0
 10
10.8222910563151
 20
10.4848957061768
 30
0.0
 11
10.8122914632161
 21
10.5169792175293
 31
0.0
  0
LINE
  8
0
  6
CONTINUOUS
 62
0
 10
10.8122914632161
 20
10.5169792175293
 30
0.0
 11
10.8048960367839
 21
10.5513540903727
 31
0.0
  0
LINE
  8
0
  6
CONTINUOUS
 62
0
 10
10.8048960367839
 20
10.5513540903727
 30
0.0
 11
10.7997919718424
 21
10.5867710113526
 31
0.0
  0
LINE
  8
0
  6
CONTINUOUS
 62
0
 10
10.7997919718424
 20
10.5867710113526
 30
0.0
 11
10.7960408528646
 21
10.6214580535889
 31
0.0
  0
LINE
  8
0
  6
CONTINUOUS
 62
0
 10
10.7960408528646
 20
10.6214580535889
 30
0.0
 11
10.7932294209798
 21
10.6538543701172
 31
0.0
  0
LINE
  8
0
  6
CONTINUOUS
 62
0
 10
10.7932294209798
 20
10.6538543701172
 30
0.0
 11
10.7905209859212
 21
10.6825002034505
 31
0.0
  0
LINE
  8
0
  6
CONTINUOUS
 62
0
 10
10.7905209859212
 20
10.6825002034505
 30
0.0
 11
10.7873954772949
 21
10.7058334350586
 31
0.0
  0
LINE
  8
0
  6
CONTINUOUS
 62
0
 10
10.7873954772949
 20
10.7058334350586
 30
0.0
 11
10.7831242879232
 21
10.7222919464111
 31
0.0
  0
LINE
  8
0
  6
CONTINUOUS
 62
0
 10
10.7831242879232
 20
10.7222919464111
 30
0.0
 11
10.738333384196
 21
10.8234373728434
 31
0.0
  0
LINE
  8
0
  6
CONTINUOUS
 62
0
 10
10.738333384196
 20
10.8234373728434
 30
0.0
 11
10.6959368387858
 21
10.9045836130778
 31
0.0
  0
LINE
  8
0
  6
CONTINUOUS
 62
0
 10
10.6959368387858
 20
10.9045836130778
 30
0.0
 11
10.6559371948242
 21
10.9704163869222
 31
0.0
  0
LINE
  8
0
  6
CONTINUOUS
 62
0
 10
10.6559371948242
 20
10.9704163869222
 30
0.0
 11
10.6185417175293
 21
11.0259373982747
 31
0.0
  0
LINE
  8
0
  6
CONTINUOUS
 62
0
 10
10.6185417175293
 20
11.0259373982747
 30
0.0
 11
10.5836461385091
 21
11.0759372711181
 31
0.0
  0
LINE
  8
0
  6
CONTINUOUS
 62
0
 10
10.5836461385091
 20
11.0759372711181
 30
0.0
 11
10.5513534545898
 21
11.1253128051758
 31
0.0
  0
LINE
  8
0
  6
CONTINUOUS
 62
0
 10
10.5513534545898
 20
11.1253128051758
 30
0.0
 11
10.5217704772949
 21
11.1789582570394
 31
0.0
  0
LINE
  8
0
  6
CONTINUOUS
 62
0
 10
10.5217704772949
 20
11.1789582570394
 30
0.0
 11
10.4948959350586
 21
11.2416667938232
 31
0.0
  0
LINE
  8
0
  6
CONTINUOUS
 62
0
 10
10.4948959350586
 20
11.2416667938232
 30
0.0
 11
10.4707285563151
 21
11.3184375762939
 31
0.0
  0
LINE
  8
0
  6
CONTINUOUS
 62
0
 10
10.4707285563151
 20
11.3184375762939
 30
0.0
 11
10.4494794209798
 21
11.4141667683919
 31
0.0
  0
LINE
  8
0
  6
CONTINUOUS
 62
0
 10
10.4494794209798
 20
11.4141667683919
 30
0.0
 11
10.4310417175293
 21
11.5335413614909
 31
0.0
  0
LINE
  8
0
  6
CONTINUOUS
 62
0
 10
10.4310417175293
 20
11.5335413614909
 30
0.0
 11
10.4272918701172
 21
11.5762500762939
 31
0.0
  0
LINE
  8
0
  6
CONTINUOUS
 62
0
 10
10.4272918701172
 20
11.5762500762939
 30
0.0
 11
10.4251035054525
 21
11.6352081298828
 31
0.0
  0
LINE
  8
0
  6
CONTINUOUS
 62
0
 10
10.4251035054525
 20
11.6352081298828
 30
0.0
 11
10.4257291158041
 21
11.7061462402344
 31
0.0
  0
LINE
  8
0
  6
CONTINUOUS
 62
0
 10
10.4257291158041
 20
11.7061462402344
 30
0.0
 11
10.4304161071778
 21
11.7848955790202
 31
0.0
  0
LINE
  8
0
  6
CONTINUOUS
 62
0
 10
10.4304161071778
 20
11.7848955790202
 30
0.0
 11
10.4403127034505
 21
11.8671875
 31
0.0
  0
LINE
  8
0
  6
CONTINUOUS
 62
0
 10
10.4403127034505
 20
11.8671875
 30
0.0
 11
10.4564577738444
 21
11.9489580790202
 31
0.0
  0
LINE
  8
0
  6
CONTINUOUS
 62
0
 10
10.4564577738444
 20
11.9489580790202
 30
0.0
 11
10.4803123474121
 21
12.0259373982747
 31
0.0
  0
LINE
  8
0
  6
CONTINUOUS
 62
0
 10
10.4803123474121
 20
12.0259373982747
 30
0.0
 11
10.5128122965495
 21
12.0938542683919
 31
0.0
  0
LINE
  8
0
  6
CONTINUOUS
 62
0
 10
10.5128122965495
 20
12.0938542683919
 30
0.0
 11
10.5553118387858
 21
12.1485417683919
 31
0.0
  0
LINE
  8
0
  6
CONTINUOUS
 62
0
 10
10.5553118387858
 20
12.1485417683919
 30
0.0
 11
10.6088536580404
 21
12.1859372456868
 31
0.0
  0
LINE
  8
0
  6
CONTINUOUS
 62
0
 10
10.6088536580404
 20
12.1859372456868
 30
0.0
 11
10.6853116353353
 21
12.216978708903
 31
0.0
  0
LINE
  8
0
  6
CONTINUOUS
 62
0
 10
10.6853116353353
 20
12.216978708903
 30
0.0
 11
10.7621866861979
 21
12.2408332824707
 31
0.0
  0
LINE
  8
0
  6
CONTINUOUS
 62
0
 10
10.7621866861979
 20
12.2408332824707
 30
0.0
 11
10.8393745422363
 21
12.2581253051758
 31
0.0
  0
LINE
  8
0
  6
CONTINUOUS
 62
0
 10
10.8393745422363
 20
12.2581253051758
 30
0.0
 11
10.9169794718424
 21
12.269583384196
 31
0.0
  0
LINE
  8
0
  6
CONTINUOUS
 62
0
 10
10.9169794718424
 20
12.269583384196
 30
0.0
 11
10.9947916666667
 21
12.275624593099
 31
0.0
  0
LINE
  8
0
  6
CONTINUOUS
 62
0
 10
10.9947916666667
 20
12.275624593099
 30
0.0
 11
11.0729166666667
 21
12.2770830790202
 31
0.0
  0
LINE
  8
0
  6
CONTINUOUS
 62
0
 10
11.0729166666667
 20
12.2770830790202
 30
0.0
 11
11.1512502034505
 21
12.2745831807454
 31
0.0
  0
LINE
  8
0
  6
CONTINUOUS
 62
0
 10
11.1512502034505
 20
12.2745831807454
 30
0.0
 11
11.2297910054525
 21
12.2686462402344
 31
0.0
  0
LINE
  8
0
  6
CONTINUOUS
 62
0
 10
11.2297910054525
 20
12.2686462402344
 30
0.0
 11
11.3084373474121
 21
12.259895324707
 31
0.0
  0
LINE
  8
0
  6
CONTINUOUS
 62
0
 10
11.3084373474121
 20
12.259895324707
 30
0.0
 11
11.3871866861979
 21
12.2491671244304
 31
0.0
  0
LINE
  8
0
  6
CONTINUOUS
 62
0
 10
11.3871866861979
 20
12.2491671244304
 30
0.0
 11
11.4660415649414
 21
12.2369791666667
 31
0.0
  0
LINE
  8
0
  6
CONTINUOUS
 62
0
 10
11.4660415649414
 20
12.2369791666667
 30
0.0
 11
11.5448951721191
 21
12.2239583333333
 31
0.0
  0
LINE
  8
0
  6
CONTINUOUS
 62
0
 10
11.5448951721191
 20
12.2239583333333
 30
0.0
 11
11.6237500508626
 21
12.2107289632161
 31
0.0
  0
LINE
  8
0
  6
CONTINUOUS
 62
0
 10
11.6237500508626
 20
12.2107289632161
 30
0.0
 11
11.7026036580404
 21
12.1979166666667
 31
0.0
  0
LINE
  8
0
  6
CONTINUOUS
 62
0
 10
11.7026036580404
 20
12.1979166666667
 30
0.0
 11
11.7813542683919
 21
12.1862500508626
 31
0.0
  0
LINE
  8
0
  6
CONTINUOUS
 62
0
 10
11.7813542683919
 20
12.1862500508626
 30
0.0
 11
11.8598950703939
 21
12.1762504577637
 31
0.0
  0
LINE
  8
0
  6
CONTINUOUS
 62
0
 10
11.8598950703939
 20
12.1762504577637
 30
0.0
 11
11.9384371439616
 21
12.1687494913737
 31
0.0
  0
LINE
  8
0
  6
CONTINUOUS
 62
0
 10
11.9384371439616
 20
12.1687494913737
 30
0.0
 11
12.0166664123535
 21
12.1641667683919
 31
0.0
  0
LINE
  8
0
  6
CONTINUOUS
 62
0
 10
12.0166664123535
 20
12.1641667683919
 30
0.0
 11
12.0946871439616
 21
12.1632296244304
 31
0.0
  0
LINE
  8
0
  6
CONTINUOUS
 62
0
 10
12.0946871439616
 20
12.1632296244304
 30
0.0
 11
12.1724993387858
 21
12.1665623982747
 31
0.0
  0
LINE
  8
0
  6
CONTINUOUS
 62
0
 10
12.1724993387858
 20
12.1665623982747
 30
0.0
 11
12.2543741861979
 21
12.1743748982747
 31
0.0
  0
LINE
  8
0
  6
CONTINUOUS
 62
0
 10
12.2543741861979
 20
12.1743748982747
 30
0.0
 11
12.3365618387858
 21
12.185417175293
 31
0.0
  0
LINE
  8
0
  6
CONTINUOUS
 62
0
 10
12.3365618387858
 20
12.185417175293
 30
0.0
 11
12.4191665649414
 21
12.1988538106283
 31
0.0
  0
LINE
  8
0
  6
CONTINUOUS
 62
0
 10
12.4191665649414
 20
12.1988538106283
 30
0.0
 11
12.5018742879232
 21
12.2138544718424
 31
0.0
  0
LINE
  8
0
  6
CONTINUOUS
 62
0
 10
12.5018742879232
 20
12.2138544718424
 30
0.0
 11
12.5847918192546
 21
12.2296880086263
 31
0.0
  0
LINE
  8
0
  6
CONTINUOUS
 62
0
 10
12.5847918192546
 20
12.2296880086263
 30
0.0
 11
12.6678123474121
 21
12.2456245422363
 31
0.0
  0
LINE
  8
0
  6
CONTINUOUS
 62
0
 10
12.6678123474121
 20
12.2456245422363
 30
0.0
 11
12.7507286071778
 21
12.2607294718424
 31
0.0
  0
LINE
  8
0
  6
CONTINUOUS
 62
0
 10
12.7507286071778
 20
12.2607294718424
 30
0.0
 11
12.8336461385091
 21
12.2744789123535
 31
0.0
  0
LINE
  8
0
  6
CONTINUOUS
 62
0
 10
12.8336461385091
 20
12.2744789123535
 30
0.0
 11
12.9164581298828
 21
12.2858327229818
 31
0.0
  0
LINE
  8
0
  6
CONTINUOUS
 62
0
 10
12.9164581298828
 20
12.2858327229818
 30
0.0
 11
12.9990615844727
 21
12.2941665649414
 31
0.0
  0
LINE
  8
0
  6
CONTINUOUS
 62
0
 10
12.9990615844727
 20
12.2941665649414
 30
0.0
 11
13.0813535054525
 21
12.2987505594889
 31
0.0
  0
LINE
  8
0
  6
CONTINUOUS
 62
0
 10
18.2926129557667
 20
2.47995646131483
 30
0.0
 11
18.2311546860116
 21
2.49162307711887
 31
0.0
  0
LINE
  8
0
  6
CONTINUOUS
 62
0
 10
18.2311546860116
 20
2.49162307711887
 30
0.0
 11
18.2005296605804
 21
2.49745638502089
 31
0.0
  0
LINE
  8
0
  6
CONTINUOUS
 62
0
 10
18.2005296605804
 20
2.49745638502089
 30
0.0
 11
18.1356337128061
 21
2.54339392316786
 31
0.0
  0
LINE
  8
0
  6
CONTINUOUS
 62
0
 10
18.1356337128061
 20
2.54339392316786
 30
0.0
 11
18.0713628985463
 21
2.5901647342488
 31
0.0
  0
LINE
  8
0
  6
CONTINUOUS
 62
0
 10
18.0713628985463
 20
2.5901647342488
 30
0.0
 11
18.0074045715707
 21
2.6374564104522
 31
0.0
  0
LINE
  8
0
  6
CONTINUOUS
 62
0
 10
18.0074045715707
 20
2.6374564104522
 30
0.0
 11
17.9436546224333
 21
2.68506057393996
 31
0.0
  0
LINE
  8
0
  6
CONTINUOUS
 62
0
 10
17.9436546224333
 20
2.68506057393996
 30
0.0
 11
17.8798004049041
 21
2.73245643906243
 31
0.0
  0
LINE
  8
0
  6
CONTINUOUS
 62
0
 10
17.8798004049041
 20
2.73245643906243
 30
0.0
 11
17.8156337000904
 21
2.7794356279815
 31
0.0
  0
LINE
  8
0
  6
CONTINUOUS
 62
0
 10
17.8156337000904
 20
2.7794356279815
 30
0.0
 11
17.7509462891
 21
2.82568557393996
 31
0.0
  0
LINE
  8
0
  6
CONTINUOUS
 62
0
 10
17.7509462891
 20
2.82568557393996
 30
0.0
 11
17.6856337445952
 21
2.87078975968011
 31
0.0
  0
LINE
  8
0
  6
CONTINUOUS
 62
0
 10
17.6856337445952
 20
2.87078975968011
 30
0.0
 11
17.6193837382374
 21
2.91443561844476
 31
0.0
  0
LINE
  8
0
  6
CONTINUOUS
 62
0
 10
17.6193837382374
 20
2.91443561844476
 30
0.0
 11
17.5519878921884
 21
2.95620639455763
 31
0.0
  0
LINE
  8
0
  6
CONTINUOUS
 62
0
 10
17.5519878921884
 20
2.95620639455763
 30
0.0
 11
17.483342097002
 21
2.99589394859918
 31
0.0
  0
LINE
  8
0
  6
CONTINUOUS
 62
0
 10
17.483342097002
 20
2.99589394859918
 30
0.0
 11
17.4198003667571
 21
3.02797722153314
 31
0.0
  0
LINE
  8
0
  6
CONTINUOUS
 62
0
 10
17.4198003667571
 20
3.02797722153314
 30
0.0
 11
17.3693837382374
 21
3.04808139137872
 31
0.0
  0
LINE
  8
0
  6
CONTINUOUS
 62
0
 10
17.3693837382374
 20
3.04808139137872
 30
0.0
 11
17.3293837763844
 21
3.06006065341282
 31
0.0
  0
LINE
  8
0
  6
CONTINUOUS
 62
0
 10
17.3293837763844
 20
3.06006065341282
 30
0.0
 11
17.2974045334238
 21
3.06745639773655
 31
0.0
  0
LINE
  8
0
  6
CONTINUOUS
 62
0
 10
17.2974045334238
 20
3.06745639773655
 30
0.0
 11
17.2711546478647
 21
3.07391468020725
 31
0.0
  0
LINE
  8
0
  6
CONTINUOUS
 62
0
 10
17.2711546478647
 20
3.07391468020725
 30
0.0
 11
17.2479253667571
 21
3.08308139773655
 31
0.0
  0
LINE
  8
0
  6
CONTINUOUS
 62
0
 10
17.2479253667571
 20
3.08308139773655
 30
0.0
 11
17.225529597002
 21
3.09870639773655
 31
0.0
  0
LINE
  8
0
  6
CONTINUOUS
 62
0
 10
17.225529597002
 20
3.09870639773655
 30
0.0
 11
17.2013628540415
 21
3.12433146767267
 31
0.0
  0
LINE
  8
0
  6
CONTINUOUS
 62
0
 10
17.2013628540415
 20
3.12433146767267
 30
0.0
 11
17.1731337763844
 21
3.16370645495701
 31
0.0
  0
LINE
  8
0
  6
CONTINUOUS
 62
0
 10
17.1731337763844
 20
3.16370645495701
 30
0.0
 11
17.1381339289723
 21
3.22058136594741
 31
0.0
  0
LINE
  8
0
  6
CONTINUOUS
 62
0
 10
17.1381339289723
 20
3.22058136594741
 30
0.0
 11
17.122092173296
 21
3.25891478193251
 31
0.0
  0
LINE
  8
0
  6
CONTINUOUS
 62
0
 10
17.122092173296
 20
3.25891478193251
 30
0.0
 11
17.1165713526783
 21
3.29901885323175
 31
0.0
  0
LINE
  8
0
  6
CONTINUOUS
 62
0
 10
17.1165713526783
 20
3.29901885323175
 30
0.0
 11
17.1198004939137
 21
3.340477301006
 31
0.0
  0
LINE
  8
0
  6
CONTINUOUS
 62
0
 10
17.1198004939137
 20
3.340477301006
 30
0.0
 11
17.1298004049041
 21
3.38308142952569
 31
0.0
  0
LINE
  8
0
  6
CONTINUOUS
 62
0
 10
17.1298004049041
 20
3.38308142952569
 30
0.0
 11
17.1446961619435
 21
3.426414801006
 31
0.0
  0
LINE
  8
0
  6
CONTINUOUS
 62
0
 10
17.1446961619435
 20
3.426414801006
 30
0.0
 11
17.1627171097177
 21
3.47037314705499
 31
0.0
  0
LINE
  8
0
  6
CONTINUOUS
 62
0
 10
17.1627171097177
 20
3.47037314705499
 30
0.0
 11
17.1819880066293
 21
3.51443560255019
 31
0.0
  0
LINE
  8
0
  6
CONTINUOUS
 62
0
 10
17.1819880066293
 20
3.51443560255019
 30
0.0
 11
17.2006339289723
 21
3.55839394859918
 31
0.0
  0
LINE
  8
0
  6
CONTINUOUS
 62
0
 10
17.2006339289723
 20
3.55839394859918
 30
0.0
 11
17.2166753667571
 21
3.60203980736383
 31
0.0
  0
LINE
  8
0
  6
CONTINUOUS
 62
0
 10
17.2166753667571
 20
3.60203980736383
 30
0.0
 11
17.2284462509531
 21
3.64485231372166
 31
0.0
  0
LINE
  8
0
  6
CONTINUOUS
 62
0
 10
17.2284462509531
 20
3.64485231372166
 30
0.0
 11
17.244175519345
 21
3.723289801006
 31
0.0
  0
LINE
  8
0
  6
CONTINUOUS
 62
0
 10
17.244175519345
 20
3.723289801006
 30
0.0
 11
17.2587587891
 21
3.80193566612848
 31
0.0
  0
LINE
  8
0
  6
CONTINUOUS
 62
0
 10
17.2587587891
 20
3.80193566612848
 30
0.0
 11
17.2721963781096
 21
3.88078975014337
 31
0.0
  0
LINE
  8
0
  6
CONTINUOUS
 62
0
 10
17.2721963781096
 20
3.88078975014337
 30
0.0
 11
17.2846961873748
 21
3.95974810255019
 31
0.0
  0
LINE
  8
0
  6
CONTINUOUS
 62
0
 10
17.2846961873748
 20
3.95974810255019
 30
0.0
 11
17.2963629621245
 21
4.03891483279514
 31
0.0
  0
LINE
  8
0
  6
CONTINUOUS
 62
0
 10
17.2963629621245
 20
4.03891483279514
 30
0.0
 11
17.3073004939137
 21
4.11818551354059
 31
0.0
  0
LINE
  8
0
  6
CONTINUOUS
 62
0
 10
17.3073004939137
 20
4.11818551354059
 30
0.0
 11
17.3176128921884
 21
4.19756062162367
 31
0.0
  0
LINE
  8
0
  6
CONTINUOUS
 62
0
 10
17.3176128921884
 20
4.19756062162367
 30
0.0
 11
17.3275088526783
 21
4.27693557076104
 31
0.0
  0
LINE
  8
0
  6
CONTINUOUS
 62
0
 10
17.3275088526783
 20
4.27693557076104
 30
0.0
 11
17.3370921669381
 21
4.35641478829034
 31
0.0
  0
LINE
  8
0
  6
CONTINUOUS
 62
0
 10
17.3370921669381
 20
4.35641478829034
 30
0.0
 11
17.3464671033599
 21
4.43589384687392
 31
0.0
  0
LINE
  8
0
  6
CONTINUOUS
 62
0
 10
17.3464671033599
 20
4.43589384687392
 30
0.0
 11
17.3464671033599
 21
4.48047716749159
 31
0.0
  0
LINE
  8
0
  6
CONTINUOUS
 62
0
 10
17.3464671033599
 20
4.48047716749159
 30
0.0
 11
17.3366754112619
 21
4.51891469292291
 31
0.0
  0
LINE
  8
0
  6
CONTINUOUS
 62
0
 10
17.3366754112619
 20
4.51891469292291
 30
0.0
 11
17.3194879748402
 21
4.55245637230523
 31
0.0
  0
LINE
  8
0
  6
CONTINUOUS
 62
0
 10
17.3194879748402
 20
4.55245637230523
 30
0.0
 11
17.2971963145313
 21
4.58256069155979
 31
0.0
  0
LINE
  8
0
  6
CONTINUOUS
 62
0
 10
17.2971963145313
 20
4.58256069155979
 30
0.0
 11
17.2720921097177
 21
4.61068550082493
 31
0.0
  0
LINE
  8
0
  6
CONTINUOUS
 62
0
 10
17.2720921097177
 20
4.61068550082493
 30
0.0
 11
17.2466754176197
 21
4.63797711662896
 31
0.0
  0
LINE
  8
0
  6
CONTINUOUS
 62
0
 10
17.2466754176197
 20
4.63797711662896
 30
0.0
 11
17.2233421860117
 21
4.66599797539361
 31
0.0
  0
LINE
  8
0
  6
CONTINUOUS
 62
0
 10
17.2233421860117
 20
4.66599797539361
 30
0.0
 11
17.204175557492
 21
4.69599802625624
 31
0.0
  0
LINE
  8
0
  6
CONTINUOUS
 62
0
 10
17.204175557492
 20
4.69599802625624
 30
0.0
 11
17.1918836492278
 21
4.72943543724664
 31
0.0
  0
LINE
  8
0
  6
CONTINUOUS
 62
0
 10
17.1918836492278
 20
4.72943543724664
 30
0.0
 11
17.188550557492
 21
4.76756047539361
 31
0.0
  0
LINE
  8
0
  6
CONTINUOUS
 62
0
 10
17.188550557492
 20
4.76756047539361
 30
0.0
 11
17.191362943051
 21
4.80037322970676
 31
0.0
  0
LINE
  8
0
  6
CONTINUOUS
 62
0
 10
17.191362943051
 20
4.80037322970676
 30
0.0
 11
17.1961545207081
 21
4.83308139773655
 31
0.0
  0
LINE
  8
0
  6
CONTINUOUS
 62
0
 10
17.1961545207081
 20
4.83308139773655
 30
0.0
 11
17.2023003158944
 21
4.86599810255019
 31
0.0
  0
LINE
  8
0
  6
CONTINUOUS
 62
0
 10
17.2023003158944
 20
4.86599810255019
 30
0.0
 11
17.2090714035409
 21
4.89870627057997
 31
0.0
  0
LINE
  8
0
  6
CONTINUOUS
 62
0
 10
17.2090714035409
 20
4.89870627057997
 30
0.0
 11
17.2156336365121
 21
4.93151902489313
 31
0.0
  0
LINE
  8
0
  6
CONTINUOUS
 62
0
 10
17.2156336365121
 20
4.93151902489313
 30
0.0
 11
17.2213629939137
 21
4.96422719292291
 31
0.0
  0
LINE
  8
0
  6
CONTINUOUS
 62
0
 10
17.2213629939137
 20
4.96422719292291
 30
0.0
 11
17.225529597002
 21
4.99672714206028
 31
0.0
  0
LINE
  8
0
  6
CONTINUOUS
 62
0
 10
17.225529597002
 20
4.99672714206028
 30
0.0
 11
17.2273005702076
 21
5.02922740908909
 31
0.0
  0
LINE
  8
0
  6
CONTINUOUS
 62
0
 10
17.2273005702076
 20
5.02922740908909
 30
0.0
 11
17.2260503031788
 21
5.0615188214426
 31
0.0
  0
LINE
  8
0
  6
CONTINUOUS
 62
0
 10
17.2260503031788
 20
5.0615188214426
 30
0.0
 11
17.2211544571298
 21
5.09360233279516
 31
0.0
  0
LINE
  8
0
  6
CONTINUOUS
 62
0
 10
17.2211544571298
 20
5.09360233279516
 30
0.0
 11
17.215842173296
 21
5.10016488365776
 31
0.0
  0
LINE
  8
0
  6
CONTINUOUS
 62
0
 10
17.215842173296
 20
5.10016488365776
 30
0.0
 11
17.2033420461394
 21
5.11151901217748
 31
0.0
  0
LINE
  8
0
  6
CONTINUOUS
 62
0
 10
17.2033420461394
 20
5.11151901217748
 30
0.0
 11
17.1853214162566
 21
5.12683152489311
 31
0.0
  0
LINE
  8
0
  6
CONTINUOUS
 62
0
 10
17.1853214162566
 20
5.12683152489311
 30
0.0
 11
17.1637588399627
 21
5.1452689104522
 31
0.0
  0
LINE
  8
0
  6
CONTINUOUS
 62
0
 10
17.1637588399627
 20
5.1452689104522
 30
0.0
 11
17.140633827247
 21
5.16641473106988
 31
0.0
  0
LINE
  8
0
  6
CONTINUOUS
 62
0
 10
17.140633827247
 20
5.16641473106988
 30
0.0
 11
17.1177170334238
 21
5.18933152489311
 31
0.0
  0
LINE
  8
0
  6
CONTINUOUS
 62
0
 10
17.1177170334238
 20
5.18933152489311
 30
0.0
 11
17.0970922368743
 21
5.21339399946181
 31
0.0
  0
LINE
  8
0
  6
CONTINUOUS
 62
0
 10
17.0970922368743
 20
5.21339399946181
 30
0.0
 11
17.0804255066293
 21
5.23776896131484
 31
0.0
  0
LINE
  8
0
  6
CONTINUOUS
 62
0
 10
17.0804255066293
 20
5.23776896131484
 30
0.0
 11
17.0699045715707
 21
5.26193570427543
 31
0.0
  0
LINE
  8
0
  6
CONTINUOUS
 62
0
 10
17.0699045715707
 20
5.26193570427543
 30
0.0
 11
17.0671961365121
 21
5.2850607169911
 31
0.0
  0
LINE
  8
0
  6
CONTINUOUS
 62
0
 10
17.0671961365121
 20
5.2850607169911
 30
0.0
 11
17.0755296605804
 21
5.36641485822646
 31
0.0
  0
LINE
  8
0
  6
CONTINUOUS
 62
0
 10
17.0755296605804
 20
5.36641485822646
 30
0.0
 11
17.0860505956389
 21
5.44756046267795
 31
0.0
  0
LINE
  8
0
  6
CONTINUOUS
 62
0
 10
17.0860505956389
 20
5.44756046267795
 30
0.0
 11
17.0983421860116
 21
5.52849816612846
 31
0.0
  0
LINE
  8
0
  6
CONTINUOUS
 62
0
 10
17.0983421860116
 20
5.52849816612846
 30
0.0
 11
17.1116755066293
 21
5.60933128329563
 31
0.0
  0
LINE
  8
0
  6
CONTINUOUS
 62
0
 10
17.1116755066293
 20
5.60933128329563
 30
0.0
 11
17.1256338018157
 21
5.69016471835421
 31
0.0
  0
LINE
  8
0
  6
CONTINUOUS
 62
0
 10
17.1256338018157
 20
5.69016471835421
 30
0.0
 11
17.1394878286101
 21
5.77089388502091
 31
0.0
  0
LINE
  8
0
  6
CONTINUOUS
 62
0
 10
17.1394878286101
 20
5.77089388502091
 30
0.0
 11
17.1529254176197
 21
5.85172732007949
 31
0.0
  0
LINE
  8
0
  6
CONTINUOUS
 62
0
 10
17.1529254176197
 20
5.85172732007949
 30
0.0
 11
17.165113057492
 21
5.93256043724665
 31
0.0
  0
LINE
  8
0
  6
CONTINUOUS
 62
0
 10
17.165113057492
 20
5.93256043724665
 30
0.0
 11
17.1756336746591
 21
6.01370635958957
 31
0.0
  0
LINE
  8
0
  6
CONTINUOUS
 62
0
 10
17.1756336746591
 20
6.01370635958957
 30
0.0
 11
17.1838629303354
 21
6.09495655032445
 31
0.0
  0
LINE
  8
0
  6
CONTINUOUS
 62
0
 10
17.1838629303354
 20
6.09495655032445
 30
0.0
 11
17.1892794825611
 21
6.1765189104522
 31
0.0
  0
LINE
  8
0
  6
CONTINUOUS
 62
0
 10
17.1892794825611
 20
6.1765189104522
 30
0.0
 11
17.1920921860117
 21
6.26026899946181
 31
0.0
  0
LINE
  8
0
  6
CONTINUOUS
 62
0
 10
17.1920921860117
 20
6.26026899946181
 30
0.0
 11
17.1928214289723
 21
6.34381055168756
 31
0.0
  0
LINE
  8
0
  6
CONTINUOUS
 62
0
 10
17.1928214289723
 20
6.34381055168756
 30
0.0
 11
17.1926128921884
 21
6.42724815341283
 31
0.0
  0
LINE
  8
0
  6
CONTINUOUS
 62
0
 10
17.1926128921884
 20
6.42724815341283
 30
0.0
 11
17.1920921860117
 21
6.51037294996228
 31
0.0
  0
LINE
  8
0
  6
CONTINUOUS
 62
0
 10
17.1920921860117
 20
6.51037294996228
 30
0.0
 11
17.1923004049041
 21
6.59349806440323
 31
0.0
  0
LINE
  8
0
  6
CONTINUOUS
 62
0
 10
17.1923004049041
 20
6.59349806440323
 30
0.0
 11
17.1939671097177
 21
6.67662317884413
 31
0.0
  0
LINE
  8
0
  6
CONTINUOUS
 62
0
 10
17.1939671097177
 20
6.67662317884413
 30
0.0
 11
17.1980297623056
 21
6.75964402489311
 31
0.0
  0
LINE
  8
0
  6
CONTINUOUS
 62
0
 10
17.1980297623056
 20
6.75964402489311
 30
0.0
 11
17.2052169698455
 21
6.8427688214426
 31
0.0
  0
LINE
  8
0
  6
CONTINUOUS
 62
0
 10
17.2052169698455
 20
6.8427688214426
 30
0.0
 11
17.2165714162566
 21
6.92589393588354
 31
0.0
  0
LINE
  8
0
  6
CONTINUOUS
 62
0
 10
17.2165714162566
 20
6.92589393588354
 30
0.0
 11
17.2328213908253
 21
7.00922726921685
 31
0.0
  0
LINE
  8
0
  6
CONTINUOUS
 62
0
 10
17.2328213908253
 20
7.00922726921685
 30
0.0
 11
17.2548004049041
 21
7.09266455305067
 31
0.0
  0
LINE
  8
0
  6
CONTINUOUS
 62
0
 10
17.2548004049041
 20
7.09266455305067
 30
0.0
 11
17.2581338145313
 21
7.10131056440323
 31
0.0
  0
LINE
  8
0
  6
CONTINUOUS
 62
0
 10
17.2581338145313
 20
7.10131056440323
 30
0.0
 11
17.2650088526783
 21
7.11703983279516
 31
0.0
  0
LINE
  8
0
  6
CONTINUOUS
 62
0
 10
17.2650088526783
 20
7.11703983279516
 30
0.0
 11
17.2750087636687
 21
7.13797743452039
 31
0.0
  0
LINE
  8
0
  6
CONTINUOUS
 62
0
 10
17.2750087636687
 20
7.13797743452039
 30
0.0
 11
17.2877171097177
 21
7.16245634687394
 31
0.0
  0
LINE
  8
0
  6
CONTINUOUS
 62
0
 10
17.2877171097177
 20
7.16245634687394
 30
0.0
 11
17.3028212445952
 21
7.18870655032445
 31
0.0
  0
LINE
  8
0
  6
CONTINUOUS
 62
0
 10
17.3028212445952
 20
7.18870655032445
 30
0.0
 11
17.3199045715707
 21
7.21506038638402
 31
0.0
  0
LINE
  8
0
  6
CONTINUOUS
 62
0
 10
17.3199045715707
 20
7.21506038638402
 30
0.0
 11
17.3385504939137
 21
7.23974783552138
 31
0.0
  0
LINE
  8
0
  6
CONTINUOUS
 62
0
 10
17.3385504939137
 20
7.23974783552138
 30
0.0
 11
17.3582379875558
 21
7.26099824242244
 31
0.0
  0
LINE
  8
0
  6
CONTINUOUS
 62
0
 10
17.3582379875558
 20
7.26099824242244
 30
0.0
 11
17.3786545652129
 21
7.27703968020724
 31
0.0
  0
LINE
  8
0
  6
CONTINUOUS
 62
0
 10
17.3786545652129
 20
7.27703968020724
 30
0.0
 11
17.3993837891
 21
7.28631066612846
 31
0.0
  0
LINE
  8
0
  6
CONTINUOUS
 62
0
 10
17.3993837891
 20
7.28631066612846
 30
0.0
 11
17.418967173296
 21
7.28943553897189
 31
0.0
  0
LINE
  8
0
  6
CONTINUOUS
 62
0
 10
17.418967173296
 20
7.28943553897189
 30
0.0
 11
17.4406337000904
 21
7.29037331871638
 31
0.0
  0
LINE
  8
0
  6
CONTINUOUS
 62
0
 10
17.4406337000904
 20
7.29037331871638
 30
0.0
 11
17.4633421160755
 21
7.28995624514866
 31
0.0
  0
LINE
  8
0
  6
CONTINUOUS
 62
0
 10
17.4633421160755
 20
7.28995624514866
 30
0.0
 11
17.4864671287912
 21
7.28912336957902
 31
0.0
  0
LINE
  8
0
  6
CONTINUOUS
 62
0
 10
17.4864671287912
 20
7.28912336957902
 30
0.0
 11
17.5090712763844
 21
7.28881056440323
 31
0.0
  0
LINE
  8
0
  6
CONTINUOUS
 62
0
 10
17.5090712763844
 20
7.28881056440323
 30
0.0
 11
17.530217097002
 21
7.28985197675673
 31
0.0
  0
LINE
  8
0
  6
CONTINUOUS
 62
0
 10
17.530217097002
 20
7.28985197675673
 30
0.0
 11
17.5490712382374
 21
7.29318538638402
 31
0.0
  0
LINE
  8
0
  6
CONTINUOUS
 62
0
 10
17.5490712382374
 20
7.29318538638402
 30
0.0
 11
17.5648005066293
 21
7.29974793724665
 31
0.0
  0
LINE
  8
0
  6
CONTINUOUS
 62
0
 10
17.5648005066293
 20
7.29974793724665
 30
0.0
 11
17.5764671224334
 21
7.31026887230524
 31
0.0
  0
LINE
  8
0
  6
CONTINUOUS
 62
0
 10
17.5764671224334
 20
7.31026887230524
 30
0.0
 11
17.5833421605804
 21
7.32589387230524
 31
0.0
  0
LINE
  8
0
  6
CONTINUOUS
 62
0
 10
17.5833421605804
 20
7.32589387230524
 30
0.0
 11
17.5999046224334
 21
7.40318536095268
 31
0.0
  0
LINE
  8
0
  6
CONTINUOUS
 62
0
 10
17.5999046224334
 20
7.40318536095268
 30
0.0
 11
17.615217135149
 21
7.48068538638402
 31
0.0
  0
LINE
  8
0
  6
CONTINUOUS
 62
0
 10
17.615217135149
 20
7.48068538638402
 30
0.0
 11
17.6295921860117
 21
7.55839394859917
 31
0.0
  0
LINE
  8
0
  6
CONTINUOUS
 62
0
 10
17.6295921860117
 20
7.55839394859917
 30
0.0
 11
17.6431337255217
 21
7.63631041181532
 31
0.0
  0
LINE
  8
0
  6
CONTINUOUS
 62
0
 10
17.6431337255217
 20
7.63631041181532
 30
0.0
 11
17.6559463399627
 21
7.71433114342339
 31
0.0
  0
LINE
  8
0
  6
CONTINUOUS
 62
0
 10
17.6559463399627
 20
7.71433114342339
 30
0.0
 11
17.6683420397816
 21
7.79245614342339
 31
0.0
  0
LINE
  8
0
  6
CONTINUOUS
 62
0
 10
17.6683420397816
 20
7.79245614342339
 30
0.0
 11
17.6805296796538
 21
7.87058114342339
 31
0.0
  0
LINE
  8
0
  6
CONTINUOUS
 62
0
 10
17.6805296796538
 20
7.87058114342339
 30
0.0
 11
17.6927171605804
 21
7.94881041181532
 31
0.0
  0
LINE
  8
0
  6
CONTINUOUS
 62
0
 10
17.6927171605804
 20
7.94881041181532
 30
0.0
 11
17.7049046415069
 21
8.02693541181531
 31
0.0
  0
LINE
  8
0
  6
CONTINUOUS
 62
0
 10
17.7049046415069
 20
8.02693541181531
 30
0.0
 11
17.7174046097177
 21
8.10506041181531
 31
0.0
  0
LINE
  8
0
  6
CONTINUOUS
 62
0
 10
17.7174046097177
 20
8.10506041181531
 30
0.0
 11
17.7305295524972
 21
8.18297751081437
 31
0.0
  0
LINE
  8
0
  6
CONTINUOUS
 62
0
 10
17.7305295524972
 20
8.18297751081437
 30
0.0
 11
17.7355296669382
 21
8.21589389773654
 31
0.0
  0
LINE
  8
0
  6
CONTINUOUS
 62
0
 10
17.7355296669382
 20
8.21589389773654
 30
0.0
 11
17.7395921605804
 21
8.24891455305067
 31
0.0
  0
LINE
  8
0
  6
CONTINUOUS
 62
0
 10
17.7395921605804
 20
8.24891455305067
 30
0.0
 11
17.7430296796538
 21
8.28224801354059
 31
0.0
  0
LINE
  8
0
  6
CONTINUOUS
 62
0
 10
17.7430296796538
 20
8.28224801354059
 30
0.0
 11
17.7464670397816
 21
8.31558147403051
 31
0.0
  0
LINE
  8
0
  6
CONTINUOUS
 62
0
 10
17.7464670397816
 20
8.31558147403051
 30
0.0
 11
17.7501129366932
 21
8.34870639773654
 31
0.0
  0
LINE
  8
0
  6
CONTINUOUS
 62
0
 10
17.7501129366932
 20
8.34870639773654
 30
0.0
 11
17.7543838081735
 21
8.3818313214426
 31
0.0
  0
LINE
  8
0
  6
CONTINUOUS
 62
0
 10
17.7543838081735
 20
8.3818313214426
 30
0.0
 11
17.759800519345
 21
8.41453980736382
 31
0.0
  0
LINE
  8
0
  6
CONTINUOUS
 62
0
 10
17.759800519345
 20
8.41453980736382
 30
0.0
 11
17.7667796669382
 21
8.44683121971736
 31
0.0
  0
LINE
  8
0
  6
CONTINUOUS
 62
0
 10
17.7667796669382
 20
8.44683121971736
 30
0.0
 11
17.7755296287912
 21
8.47860256167697
 31
0.0
  0
LINE
  8
0
  6
CONTINUOUS
 62
0
 10
17.7755296287912
 20
8.47860256167697
 30
0.0
 11
17.7865712700265
 21
8.50974829328504
 31
0.0
  0
LINE
  8
0
  6
CONTINUOUS
 62
0
 10
17.7865712700265
 20
8.50974829328504
 30
0.0
 11
17.7981337763844
 21
8.53297725650118
 31
0.0
  0
LINE
  8
0
  6
CONTINUOUS
 62
0
 10
17.7981337763844
 20
8.53297725650118
 30
0.0
 11
17.8126129366932
 21
8.55464410118709
 31
0.0
  0
LINE
  8
0
  6
CONTINUOUS
 62
0
 10
17.8126129366932
 20
8.55464410118709
 30
0.0
 11
17.8292796669382
 21
8.57506036095272
 31
0.0
  0
LINE
  8
0
  6
CONTINUOUS
 62
0
 10
17.8292796669382
 20
8.57506036095272
 30
0.0
 11
17.8474045652129
 21
8.59453947675673
 31
0.0
  0
LINE
  8
0
  6
CONTINUOUS
 62
0
 10
17.8474045652129
 20
8.59453947675673
 30
0.0
 11
17.8662587064483
 21
8.61370642316787
 31
0.0
  0
LINE
  8
0
  6
CONTINUOUS
 62
0
 10
17.8662587064483
 20
8.61370642316787
 30
0.0
 11
17.8851130066293
 21
8.63287336957902
 31
0.0
  0
LINE
  8
0
  6
CONTINUOUS
 62
0
 10
17.8851130066293
 20
8.63287336957902
 30
0.0
 11
17.9032379049041
 21
8.65235248538303
 31
0.0
  0
LINE
  8
0
  6
CONTINUOUS
 62
0
 10
17.9032379049041
 20
8.65235248538303
 30
0.0
 11
17.919904635149
 21
8.67276874514866
 31
0.0
  0
LINE
  8
0
  6
CONTINUOUS
 62
0
 10
17.919904635149
 20
8.67276874514866
 30
0.0
 11
17.9342796860117
 21
8.69443558983453
 31
0.0
  0
LINE
  8
0
  6
CONTINUOUS
 62
0
 10
17.9342796860117
 20
8.69443558983453
 30
0.0
 11
17.9457379239776
 21
8.7177688214426
 31
0.0
  0
LINE
  8
0
  6
CONTINUOUS
 62
0
 10
17.9457379239776
 20
8.7177688214426
 30
0.0
 11
17.9630296287912
 21
8.76516452761937
 31
0.0
  0
LINE
  8
0
  6
CONTINUOUS
 62
0
 10
17.9630296287912
 20
8.76516452761937
 30
0.0
 11
17.9778212763844
 21
8.81339374514866
 31
0.0
  0
LINE
  8
0
  6
CONTINUOUS
 62
0
 10
17.9778212763844
 20
8.81339374514866
 30
0.0
 11
17.9905296224334
 21
8.86224793724665
 31
0.0
  0
LINE
  8
0
  6
CONTINUOUS
 62
0
 10
17.9905296224334
 20
8.86224793724665
 30
0.0
 11
18.0017796415069
 21
8.91162283552138
 31
0.0
  0
LINE
  8
0
  6
CONTINUOUS
 62
0
 10
18.0017796415069
 20
8.91162283552138
 30
0.0
 11
18.0119879303354
 21
8.96131053897189
 31
0.0
  0
LINE
  8
0
  6
CONTINUOUS
 62
0
 10
18.0119879303354
 20
8.96131053897189
 30
0.0
 11
18.0216755129872
 21
9.01110251081437
 31
0.0
  0
LINE
  8
0
  6
CONTINUOUS
 62
0
 10
18.0216755129872
 20
9.01110251081437
 30
0.0
 11
18.0313629366932
 21
9.06099811526587
 31
0.0
  0
LINE
  8
0
  6
CONTINUOUS
 62
0
 10
18.0313629366932
 20
9.06099811526587
 30
0.0
 11
18.0415712255217
 21
9.11068581871638
 31
0.0
  0
LINE
  8
0
  6
CONTINUOUS
 62
0
 10
18.0415712255217
 20
9.11068581871638
 30
0.0
 11
18.0528212445952
 21
9.1600607169911
 31
0.0
  0
LINE
  8
0
  6
CONTINUOUS
 62
0
 10
18.0528212445952
 20
9.1600607169911
 30
0.0
 11
18.0656337000904
 21
9.20901917748102
 31
0.0
  0
LINE
  8
0
  6
CONTINUOUS
 62
0
 10
18.0656337000904
 20
9.20901917748102
 30
0.0
 11
18.0906337954579
 21
9.26328960391331
 31
0.0
  0
LINE
  8
0
  6
CONTINUOUS
 62
0
 10
18.0906337954579
 20
9.26328960391331
 30
0.0
 11
18.1285504557667
 21
9.30203993452039
 31
0.0
  0
LINE
  8
0
  6
CONTINUOUS
 62
0
 10
18.1285504557667
 20
9.30203993452039
 30
0.0
 11
18.1765712954579
 21
9.32735235822646
 31
0.0
  0
LINE
  8
0
  6
CONTINUOUS
 62
0
 10
18.1765712954579
 20
9.32735235822646
 30
0.0
 11
18.2317796605804
 21
9.34131033552138
 31
0.0
  0
LINE
  8
0
  6
CONTINUOUS
 62
0
 10
18.2317796605804
 20
9.34131033552138
 30
0.0
 11
18.2914671160756
 21
9.34620649946181
 31
0.0
  0
LINE
  8
0
  6
CONTINUOUS
 62
0
 10
18.2914671160756
 20
9.34620649946181
 30
0.0
 11
18.3528212763844
 21
9.34422730736382
 31
0.0
  0
LINE
  8
0
  6
CONTINUOUS
 62
0
 10
18.3528212763844
 20
9.34422730736382
 30
0.0
 11
18.4129254875558
 21
9.33735195132543
 31
0.0
  0
LINE
  8
0
  6
CONTINUOUS
 62
0
 10
18.4129254875558
 20
9.33735195132543
 30
0.0
 11
18.4690713145313
 21
9.32797733279516
 31
0.0
  0
LINE
  8
0
  6
CONTINUOUS
 62
0
 10
18.4690713145313
 20
9.32797733279516
 30
0.0
 11
18.5183421033599
 21
9.31808137230524
 31
0.0
  0
LINE
  8
0
  6
CONTINUOUS
 62
0
 10
18.5183421033599
 20
9.31808137230524
 30
0.0
 11
18.5580295779286
 21
9.30985243452039
 31
0.0
  0
LINE
  8
0
  6
CONTINUOUS
 62
0
 10
18.5580295779286
 20
9.30985243452039
 30
0.0
 11
18.64636294623
 21
9.28078952761937
 31
0.0
  0
LINE
  8
0
  6
CONTINUOUS
 62
0
 10
18.64636294623
 20
9.28078952761937
 30
0.0
 11
18.70886294623
 21
9.23526874514866
 31
0.0
  0
LINE
  8
0
  6
CONTINUOUS
 62
0
 10
18.70886294623
 20
9.23526874514866
 30
0.0
 11
18.7492795842864
 21
9.1763106915598
 31
0.0
  0
LINE
  8
0
  6
CONTINUOUS
 62
0
 10
18.7492795842864
 20
9.1763106915598
 30
0.0
 11
18.7715712445952
 21
9.10662316612846
 31
0.0
  0
LINE
  8
0
  6
CONTINUOUS
 62
0
 10
18.7715712445952
 20
9.10662316612846
 30
0.0
 11
18.7793837445952
 21
9.02901887230524
 31
0.0
  0
LINE
  8
0
  6
CONTINUOUS
 62
0
 10
18.7793837445952
 20
9.02901887230524
 30
0.0
 11
18.7767795779286
 21
8.94641478193252
 31
0.0
  0
LINE
  8
0
  6
CONTINUOUS
 62
0
 10
18.7767795779286
 20
8.94641478193252
 30
0.0
 11
18.7674046415069
 21
8.86151869428602
 31
0.0
  0
LINE
  8
0
  6
CONTINUOUS
 62
0
 10
18.7674046415069
 20
8.86151869428602
 30
0.0
 11
18.7553212700265
 21
8.77714394859917
 31
0.0
  0
LINE
  8
0
  6
CONTINUOUS
 62
0
 10
18.7553212700265
 20
8.77714394859917
 30
0.0
 11
18.7441754398721
 21
8.69610197675673
 31
0.0
  0
LINE
  8
0
  6
CONTINUOUS
 62
0
 10
18.7441754398721
 20
8.69610197675673
 30
0.0
 11
18.7379254557667
 21
8.62131038638402
 31
0.0
  0
LINE
  8
0
  6
CONTINUOUS
 62
0
 10
18.7379254557667
 20
8.62131038638402
 30
0.0
 11
18.7404254335143
 21
8.55547697675673
 31
0.0
  0
LINE
  8
0
  6
CONTINUOUS
 62
0
 10
18.7404254335143
 20
8.55547697675673
 30
0.0
 11
18.7551129716613
 21
8.46974801354059
 31
0.0
  0
LINE
  8
0
  6
CONTINUOUS
 62
0
 10
18.7551129716613
 20
8.46974801354059
 30
0.0
 11
18.7700088081735
 21
8.42183160118709
 31
0.0
  0
LINE
  8
0
  6
CONTINUOUS
 62
0
 10
18.7700088081735
 20
8.42183160118709
 30
0.0
 11
18.7843837795633
 21
8.40203968020724
 31
0.0
  0
LINE
  8
0
  6
CONTINUOUS
 62
0
 10
18.7843837795633
 20
8.40203968020724
 30
0.0
 11
18.797717100181
 21
8.40078973106988
 31
0.0
  0
LINE
  8
0
  6
CONTINUOUS
 62
0
 10
18.797717100181
 20
8.40078973106988
 30
0.0
 11
18.8093837954579
 21
8.40839369428602
 31
0.0
  0
LINE
  8
0
  6
CONTINUOUS
 62
0
 10
18.8093837954579
 20
8.40839369428602
 30
0.0
 11
18.8189671097177
 21
8.41516478193252
 31
0.0
  0
LINE
  8
0
  6
CONTINUOUS
 62
0
 10
18.8189671097177
 20
8.41516478193252
 30
0.0
 11
18.8257379589456
 21
8.41141493452039
 31
0.0
  0
LINE
  8
0
  6
CONTINUOUS
 62
0
 10
18.8257379589456
 20
8.41141493452039
 30
0.0
 11
18.8291754780191
 21
8.38756036095268
 31
0.0
  0
LINE
  8
0
  6
CONTINUOUS
 62
0
 10
18.8291754780191
 20
8.38756036095268
 30
0.0
 11
18.8287588018157
 21
8.33391490908909
 31
0.0
  0
LINE
  8
0
  6
CONTINUOUS
 62
0
 10
18.8287588018157
 20
8.33391490908909
 30
0.0
 11
18.8238629557667
 21
8.24068561526583
 31
0.0
  0
LINE
  8
0
  6
CONTINUOUS
 62
0
 10
18.8238629557667
 20
8.24068561526583
 30
0.0
 11
18.8175087827422
 21
8.16235207848201
 31
0.0
  0
LINE
  8
0
  6
CONTINUOUS
 62
0
 10
18.8175087827422
 20
8.16235207848201
 30
0.0
 11
18.8088629303354
 21
8.08422707848201
 31
0.0
  0
LINE
  8
0
  6
CONTINUOUS
 62
0
 10
18.8088629303354
 20
8.08422707848201
 30
0.0
 11
18.7982379653035
 21
8.00620634687394
 31
0.0
  0
LINE
  8
0
  6
CONTINUOUS
 62
0
 10
18.7982379653035
 20
8.00620634687394
 30
0.0
 11
18.7859462954579
 21
7.92818561526587
 31
0.0
  0
LINE
  8
0
  6
CONTINUOUS
 62
0
 10
18.7859462954579
 20
7.92818561526587
 30
0.0
 11
18.772404597002
 21
7.85037278465874
 31
0.0
  0
LINE
  8
0
  6
CONTINUOUS
 62
0
 10
18.772404597002
 20
7.85037278465874
 30
0.0
 11
18.7580296256123
 21
7.77256058983453
 31
0.0
  0
LINE
  8
0
  6
CONTINUOUS
 62
0
 10
18.7580296256123
 20
7.77256058983453
 30
0.0
 11
18.7431337891
 21
7.69474839501031
 31
0.0
  0
LINE
  8
0
  6
CONTINUOUS
 62
0
 10
18.7431337891
 20
7.69474839501031
 30
0.0
 11
18.7282379525878
 21
7.61703983279516
 31
0.0
  0
LINE
  8
0
  6
CONTINUOUS
 62
0
 10
18.7282379525878
 20
7.61703983279516
 30
0.0
 11
18.7135504144408
 21
7.53922700218803
 31
0.0
  0
LINE
  8
0
  6
CONTINUOUS
 62
0
 10
18.7135504144408
 20
7.53922700218803
 30
0.0
 11
18.6994879303354
 21
7.46141480736382
 31
0.0
  0
LINE
  8
0
  6
CONTINUOUS
 62
0
 10
18.6994879303354
 20
7.46141480736382
 30
0.0
 11
18.6865712859211
 21
7.38349834414768
 31
0.0
  0
LINE
  8
0
  6
CONTINUOUS
 62
0
 10
18.6865712859211
 20
7.38349834414768
 30
0.0
 11
18.6750087795633
 21
7.30547697675673
 31
0.0
  0
LINE
  8
0
  6
CONTINUOUS
 62
0
 10
18.6750087795633
 20
7.30547697675673
 30
0.0
 11
18.6653212763844
 21
7.22745624514866
 31
0.0
  0
LINE
  8
0
  6
CONTINUOUS
 62
0
 10
18.6653212763844
 20
7.22745624514866
 30
0.0
 11
18.6577170747496
 21
7.14912334414768
 31
0.0
  0
LINE
  8
0
  6
CONTINUOUS
 62
0
 10
18.6577170747496
 20
7.14912334414768
 30
0.0
 11
18.6605296192544
 21
7.11828978193252
 31
0.0
  0
LINE
  8
0
  6
CONTINUOUS
 62
0
 10
18.6605296192544
 20
7.11828978193252
 30
0.0
 11
18.6731337763844
 21
7.09151887230524
 31
0.0
  0
LINE
  8
0
  6
CONTINUOUS
 62
0
 10
18.6731337763844
 20
7.09151887230524
 30
0.0
 11
18.6935504335143
 21
7.06787283552138
 31
0.0
  0
LINE
  8
0
  6
CONTINUOUS
 62
0
 10
18.6935504335143
 20
7.06787283552138
 30
0.0
 11
18.7199045874653
 21
7.04662306440323
 31
0.0
  0
LINE
  8
0
  6
CONTINUOUS
 62
0
 10
18.7199045874653
 20
7.04662306440323
 30
0.0
 11
18.7504254239776
 21
7.02683146131484
 31
0.0
  0
LINE
  8
0
  6
CONTINUOUS
 62
0
 10
18.7504254239776
 20
7.02683146131484
 30
0.0
 11
18.7831337509531
 21
7.00766483279516
 31
0.0
  0
LINE
  8
0
  6
CONTINUOUS
 62
0
 10
18.7831337509531
 20
7.00766483279516
 30
0.0
 11
18.816258754132
 21
6.9881857169911
 31
0.0
  0
LINE
  8
0
  6
CONTINUOUS
 62
0
 10
18.816258754132
 20
6.9881857169911
 30
0.0
 11
18.8477171319701
 21
6.96766487094213
 31
0.0
  0
LINE
  8
0
  6
CONTINUOUS
 62
0
 10
18.8477171319701
 20
6.96766487094213
 30
0.0
 11
18.8757379112619
 21
6.94526878329563
 31
0.0
  0
LINE
  8
0
  6
CONTINUOUS
 62
0
 10
18.8757379112619
 20
6.94526878329563
 30
0.0
 11
18.8985504366932
 21
6.91995635958957
 31
0.0
  0
LINE
  8
0
  6
CONTINUOUS
 62
0
 10
18.8985504366932
 20
6.91995635958957
 30
0.0
 11
18.9173004684824
 21
6.89193550082492
 31
0.0
  0
LINE
  8
0
  6
CONTINUOUS
 62
0
 10
18.9173004684824
 20
6.89193550082492
 30
0.0
 11
18.9343837954579
 21
6.86287322970677
 31
0.0
  0
LINE
  8
0
  6
CONTINUOUS
 62
0
 10
18.9343837954579
 20
6.86287322970677
 30
0.0
 11
18.9498004176197
 21
6.8327689104522
 31
0.0
  0
LINE
  8
0
  6
CONTINUOUS
 62
0
 10
18.9498004176197
 20
6.8327689104522
 30
0.0
 11
18.9639670906442
 21
6.80203961662898
 31
0.0
  0
LINE
  8
0
  6
CONTINUOUS
 62
0
 10
18.9639670906442
 20
6.80203961662898
 30
0.0
 11
18.9769879239776
 21
6.77058139773654
 31
0.0
  0
LINE
  8
0
  6
CONTINUOUS
 62
0
 10
18.9769879239776
 20
6.77058139773654
 30
0.0
 11
18.9890712954579
 21
6.73870642316787
 31
0.0
  0
LINE
  8
0
  6
CONTINUOUS
 62
0
 10
18.9890712954579
 20
6.73870642316787
 30
0.0
 11
19.0005296128966
 21
6.70651896131484
 31
0.0
  0
LINE
  8
0
  6
CONTINUOUS
 62
0
 10
19.0005296128966
 20
6.70651896131484
 30
0.0
 11
19.011571254132
 21
6.67422723106988
 31
0.0
  0
LINE
  8
0
  6
CONTINUOUS
 62
0
 10
19.011571254132
 20
6.67422723106988
 30
0.0
 11
19.0225087859211
 21
6.64193550082492
 31
0.0
  0
LINE
  8
0
  6
CONTINUOUS
 62
0
 10
19.0225087859211
 20
6.64193550082492
 30
0.0
 11
19.0333421287912
 21
6.60985230736382
 31
0.0
  0
LINE
  8
0
  6
CONTINUOUS
 62
0
 10
19.0333421287912
 20
6.60985230736382
 30
0.0
 11
19.0591754176197
 21
6.52995633415827
 31
0.0
  0
LINE
  8
0
  6
CONTINUOUS
 62
0
 10
19.0591754176197
 20
6.52995633415827
 30
0.0
 11
19.0824046192544
 21
6.4497481915598
 31
0.0
  0
LINE
  8
0
  6
CONTINUOUS
 62
0
 10
19.0824046192544
 20
6.4497481915598
 30
0.0
 11
19.1030295747496
 21
6.36912297539362
 31
0.0
  0
LINE
  8
0
  6
CONTINUOUS
 62
0
 10
19.1030295747496
 20
6.36912297539362
 30
0.0
 11
19.120946254132
 21
6.2880813214426
 31
0.0
  0
LINE
  8
0
  6
CONTINUOUS
 62
0
 10
19.120946254132
 20
6.2880813214426
 30
0.0
 11
19.1362587668476
 21
6.20672718020724
 31
0.0
  0
LINE
  8
0
  6
CONTINUOUS
 62
0
 10
19.1362587668476
 20
6.20672718020724
 30
0.0
 11
19.1490713018157
 21
6.12495628329563
 31
0.0
  0
LINE
  8
0
  6
CONTINUOUS
 62
0
 10
19.1490713018157
 20
6.12495628329563
 30
0.0
 11
19.1592795906442
 21
6.04276894859917
 31
0.0
  0
LINE
  8
0
  6
CONTINUOUS
 62
0
 10
19.1592795906442
 20
6.04276894859917
 30
0.0
 11
19.166987981198
 21
5.96026880872693
 31
0.0
  0
LINE
  8
0
  6
CONTINUOUS
 62
0
 10
19.166987981198
 20
5.96026880872693
 30
0.0
 11
19.1720921256123
 21
5.87735223106988
 31
0.0
  0
LINE
  8
0
  6
CONTINUOUS
 62
0
 10
19.1720921256123
 20
5.87735223106988
 30
0.0
 11
19.1746962922789
 21
5.79412316612846
 31
0.0
  0
LINE
  8
0
  6
CONTINUOUS
 62
0
 10
19.1746962922789
 20
5.79412316612846
 30
0.0
 11
19.1749045906442
 21
5.7105812960113
 31
0.0
  0
LINE
  8
0
  6
CONTINUOUS
 62
0
 10
19.1749045906442
 20
5.7105812960113
 30
0.0
 11
19.1725088018157
 21
5.62662298810925
 31
0.0
  0
LINE
  8
0
  6
CONTINUOUS
 62
0
 10
19.1725088018157
 20
5.62662298810925
 30
0.0
 11
19.1684463081735
 21
5.57172726921685
 31
0.0
  0
LINE
  8
0
  6
CONTINUOUS
 62
0
 10
19.1684463081735
 20
5.57172726921685
 30
0.0
 11
19.1614670811075
 21
5.51693550082492
 31
0.0
  0
LINE
  8
0
  6
CONTINUOUS
 62
0
 10
19.1614670811075
 20
5.51693550082492
 30
0.0
 11
19.1525087414163
 21
5.46224800082492
 31
0.0
  0
LINE
  8
0
  6
CONTINUOUS
 62
0
 10
19.1525087414163
 20
5.46224800082492
 30
0.0
 11
19.1424046415069
 21
5.40766476921685
 31
0.0
  0
LINE
  8
0
  6
CONTINUOUS
 62
0
 10
19.1424046415069
 20
5.40766476921685
 30
0.0
 11
19.1319879748402
 21
5.35318548810925
 31
0.0
  0
LINE
  8
0
  6
CONTINUOUS
 62
0
 10
19.1319879748402
 20
5.35318548810925
 30
0.0
 11
19.1220920938231
 21
5.29870652489311
 31
0.0
  0
LINE
  8
0
  6
CONTINUOUS
 62
0
 10
19.1220920938231
 20
5.29870652489311
 30
0.0
 11
19.1136546192544
 21
5.24412297539362
 31
0.0
  0
LINE
  8
0
  6
CONTINUOUS
 62
0
 10
19.1136546192544
 20
5.24412297539362
 30
0.0
 11
19.1075087445952
 21
5.18943547539362
 31
0.0
  0
LINE
  8
0
  6
CONTINUOUS
 62
0
 10
19.1075087445952
 20
5.18943547539362
 30
0.0
 11
19.1045920906442
 21
5.13474797539362
 31
0.0
  0
LINE
  8
0
  6
CONTINUOUS
 62
0
 10
19.1045920906442
 20
5.13474797539362
 30
0.0
 11
19.1055296319701
 21
5.07985225650118
 31
0.0
  0
LINE
  8
0
  6
CONTINUOUS
 62
0
 10
19.1055296319701
 20
5.07985225650118
 30
0.0
 11
19.1128212668476
 21
5.04881047539362
 31
0.0
  0
LINE
  8
0
  6
CONTINUOUS
 62
0
 10
19.1128212668476
 20
5.04881047539362
 30
0.0
 11
19.1293838081735
 21
5.02339378329563
 31
0.0
  0
LINE
  8
0
  6
CONTINUOUS
 62
0
 10
19.1293838081735
 20
5.02339378329563
 30
0.0
 11
19.1534462827422
 21
5.00245649946181
 31
0.0
  0
LINE
  8
0
  6
CONTINUOUS
 62
0
 10
19.1534462827422
 20
5.00245649946181
 30
0.0
 11
19.1835504430511
 21
4.98506052625626
 31
0.0
  0
LINE
  8
0
  6
CONTINUOUS
 62
0
 10
19.1835504430511
 20
4.98506052625626
 30
0.0
 11
19.2178212859211
 21
4.97006050082492
 31
0.0
  0
LINE
  8
0
  6
CONTINUOUS
 62
0
 10
19.2178212859211
 20
4.97006050082492
 30
0.0
 11
19.2545921065388
 21
4.95641469292291
 31
0.0
  0
LINE
  8
0
  6
CONTINUOUS
 62
0
 10
19.2545921065388
 20
4.95641469292291
 30
0.0
 11
19.2923004684824
 21
4.94308137230524
 31
0.0
  0
LINE
  8
0
  6
CONTINUOUS
 62
0
 10
19.2923004684824
 20
4.94308137230524
 30
0.0
 11
19.3290712891
 21
4.92891485822646
 31
0.0
  0
LINE
  8
0
  6
CONTINUOUS
 62
0
 10
19.3290712891
 20
4.92891485822646
 30
0.0
 11
19.3634462811528
 21
4.9130813214426
 31
0.0
  0
LINE
  8
0
  6
CONTINUOUS
 62
0
 10
19.3634462811528
 20
4.9130813214426
 30
0.0
 11
19.3934462922789
 21
4.89422718020725
 31
0.0
  0
LINE
  8
0
  6
CONTINUOUS
 62
0
 10
19.3934462922789
 20
4.89422718020725
 30
0.0
 11
19.4402171033599
 21
4.85360224378554
 31
0.0
  0
LINE
  8
0
  6
CONTINUOUS
 62
0
 10
19.4402171033599
 20
4.85360224378554
 30
0.0
 11
19.483342097002
 21
4.80578978193251
 31
0.0
  0
LINE
  8
0
  6
CONTINUOUS
 62
0
 10
19.483342097002
 20
4.80578978193251
 30
0.0
 11
19.5229254621245
 21
4.75203974378554
 31
0.0
  0
LINE
  8
0
  6
CONTINUOUS
 62
0
 10
19.5229254621245
 20
4.75203974378554
 30
0.0
 11
19.5590712684371
 21
4.69412310255019
 31
0.0
  0
LINE
  8
0
  6
CONTINUOUS
 62
0
 10
19.5590712684371
 20
4.69412310255019
 30
0.0
 11
19.5919879335143
 21
4.63349802625624
 31
0.0
  0
LINE
  8
0
  6
CONTINUOUS
 62
0
 10
19.5919879335143
 20
4.63349802625624
 30
0.0
 11
19.6215712684371
 21
4.57162300082492
 31
0.0
  0
LINE
  8
0
  6
CONTINUOUS
 62
0
 10
19.6215712684371
 20
4.57162300082492
 30
0.0
 11
19.6480296113072
 21
4.51016473106988
 31
0.0
  0
LINE
  8
0
  6
CONTINUOUS
 62
0
 10
19.6480296113072
 20
4.51016473106988
 30
0.0
 11
19.6713629422563
 21
4.45047711662896
 31
0.0
  0
LINE
  8
0
  6
CONTINUOUS
 62
0
 10
19.6713629422563
 20
4.45047711662896
 30
0.0
 11
19.6917796192544
 21
4.39412322970676
 31
0.0
  0
LINE
  8
0
  6
CONTINUOUS
 62
0
 10
19.6917796192544
 20
4.39412322970676
 30
0.0
 11
19.7092796025652
 21
4.34266471199639
 31
0.0
  0
LINE
  8
0
  6
CONTINUOUS
 62
0
 10
19.7092796025652
 20
4.34266471199639
 30
0.0
 11
19.7302171049493
 21
4.27214399310398
 31
0.0
  0
LINE
  8
0
  6
CONTINUOUS
 62
0
 10
19.7302171049493
 20
4.27214399310398
 30
0.0
 11
19.7473004517931
 21
4.19870646131483
 31
0.0
  0
LINE
  8
0
  6
CONTINUOUS
 62
0
 10
19.7473004517931
 20
4.19870646131483
 30
0.0
 11
19.7605296033599
 21
4.12276887230523
 31
0.0
  0
LINE
  8
0
  6
CONTINUOUS
 62
0
 10
19.7605296033599
 20
4.12276887230523
 30
0.0
 11
19.7699046192544
 21
4.04485225014337
 31
0.0
  0
LINE
  8
0
  6
CONTINUOUS
 62
0
 10
19.7699046192544
 20
4.04485225014337
 30
0.0
 11
19.7753212708213
 21
3.96526892316786
 31
0.0
  0
LINE
  8
0
  6
CONTINUOUS
 62
0
 10
19.7753212708213
 20
3.96526892316786
 30
0.0
 11
19.7770921049493
 21
3.88443564705499
 31
0.0
  0
LINE
  8
0
  6
CONTINUOUS
 62
0
 10
19.7770921049493
 20
3.88443564705499
 30
0.0
 11
19.7749046144861
 21
3.80266475014337
 31
0.0
  0
LINE
  8
0
  6
CONTINUOUS
 62
0
 10
19.7749046144861
 20
3.80266475014337
 30
0.0
 11
19.768967117665
 21
3.7205813659474
 31
0.0
  0
LINE
  8
0
  6
CONTINUOUS
 62
0
 10
19.768967117665
 20
3.7205813659474
 30
0.0
 11
19.7591754454352
 21
3.63849814069716
 31
0.0
  0
LINE
  8
0
  6
CONTINUOUS
 62
0
 10
19.7591754454352
 20
3.63849814069716
 30
0.0
 11
19.7457379358985
 21
3.55683135323175
 31
0.0
  0
LINE
  8
0
  6
CONTINUOUS
 62
0
 10
19.7457379358985
 20
3.55683135323175
 30
0.0
 11
19.7284462708213
 21
3.47589396767267
 31
0.0
  0
LINE
  8
0
  6
CONTINUOUS
 62
0
 10
19.7284462708213
 20
3.47589396767267
 30
0.0
 11
19.7074046192544
 21
3.39631064069716
 31
0.0
  0
LINE
  8
0
  6
CONTINUOUS
 62
0
 10
19.7074046192544
 20
3.39631064069716
 30
0.0
 11
19.6827171105124
 21
3.31828975014337
 31
0.0
  0
LINE
  8
0
  6
CONTINUOUS
 62
0
 10
19.6827171105124
 20
3.31828975014337
 30
0.0
 11
19.65417544623
 21
3.24235232007948
 31
0.0
  0
LINE
  8
0
  6
CONTINUOUS
 62
0
 10
19.65417544623
 20
3.24235232007948
 30
0.0
 11
19.6219879446405
 21
3.16881051989841
 31
0.0
  0
LINE
  8
0
  6
CONTINUOUS
 62
0
 10
19.6219879446405
 20
3.16881051989841
 30
0.0
 11
19.5861546256123
 21
3.09818553261407
 31
0.0
  0
LINE
  8
0
  6
CONTINUOUS
 62
0
 10
19.5861546256123
 20
3.09818553261407
 30
0.0
 11
19.5465712604898
 21
3.03089395495701
 31
0.0
  0
LINE
  8
0
  6
CONTINUOUS
 62
0
 10
19.5465712604898
 20
3.03089395495701
 30
0.0
 11
19.503342117665
 21
2.96724811526584
 31
0.0
  0
LINE
  8
0
  6
CONTINUOUS
 62
0
 10
19.503342117665
 20
2.96724811526584
 30
0.0
 11
19.456467117665
 21
2.90776895813592
 31
0.0
  0
LINE
  8
0
  6
CONTINUOUS
 62
0
 10
19.456467117665
 20
2.90776895813592
 30
0.0
 11
19.4059462604898
 21
2.85276889137872
 31
0.0
  0
LINE
  8
0
  6
CONTINUOUS
 62
0
 10
19.4059462604898
 20
2.85276889137872
 30
0.0
 11
19.3745921113072
 21
2.82214394542026
 31
0.0
  0
LINE
  8
0
  6
CONTINUOUS
 62
0
 10
19.3745921113072
 20
2.82214394542026
 30
0.0
 11
19.3424046097177
 21
2.7922480834767
 31
0.0
  0
LINE
  8
0
  6
CONTINUOUS
 62
0
 10
19.3424046097177
 20
2.7922480834767
 30
0.0
 11
19.3094879446405
 21
2.76308138502089
 31
0.0
  0
LINE
  8
0
  6
CONTINUOUS
 62
0
 10
19.3094879446405
 20
2.76308138502089
 30
0.0
 11
19.2761546033599
 21
2.73443555168756
 31
0.0
  0
LINE
  8
0
  6
CONTINUOUS
 62
0
 10
19.2761546033599
 20
2.73443555168756
 30
0.0
 11
19.2423004366932
 21
2.7063105834767
 31
0.0
  0
LINE
  8
0
  6
CONTINUOUS
 62
0
 10
19.2423004366932
 20
2.7063105834767
 30
0.0
 11
19.2081337827422
 21
2.67860229146926
 31
0.0
  0
LINE
  8
0
  6
CONTINUOUS
 62
0
 10
19.2081337827422
 20
2.67860229146926
 30
0.0
 11
19.1737587509531
 21
2.65110221835422
 31
0.0
  0
LINE
  8
0
  6
CONTINUOUS
 62
0
 10
19.1737587509531
 20
2.65110221835422
 30
0.0
 11
19.1392796097177
 21
2.62370641363112
 31
0.0
  0
LINE
  8
0
  6
CONTINUOUS
 62
0
 10
19.1392796097177
 20
2.62370641363112
 30
0.0
 11
19.1048004684824
 21
2.59641471835422
 31
0.0
  0
LINE
  8
0
  6
CONTINUOUS
 62
0
 10
19.1048004684824
 20
2.59641471835422
 30
0.0
 11
19.0704254366932
 21
2.56891472471205
 31
0.0
  0
LINE
  8
0
  6
CONTINUOUS
 62
0
 10
19.0704254366932
 20
2.56891472471205
 30
0.0
 11
19.0476129112619
 21
2.55912311208693
 31
0.0
  0
LINE
  8
0
  6
CONTINUOUS
 62
0
 10
19.0476129112619
 20
2.55912311208693
 30
0.0
 11
19.0028212922789
 21
2.54631057711887
 31
0.0
  0
LINE
  8
0
  6
CONTINUOUS
 62
0
 10
19.0028212922789
 20
2.54631057711887
 30
0.0
 11
18.941362943051
 21
2.53141474060662
 31
0.0
  0
LINE
  8
0
  6
CONTINUOUS
 62
0
 10
18.941362943051
 20
2.53141474060662
 30
0.0
 11
18.8687587636687
 21
2.51516476603794
 31
0.0
  0
LINE
  8
0
  6
CONTINUOUS
 62
0
 10
18.8687587636687
 20
2.51516476603794
 30
0.0
 11
18.7905295747496
 21
2.49849811526584
 31
0.0
  0
LINE
  8
0
  6
CONTINUOUS
 62
0
 10
18.7905295747496
 20
2.49849811526584
 30
0.0
 11
18.7123004653034
 21
2.4822480612243
 31
0.0
  0
LINE
  8
0
  6
CONTINUOUS
 62
0
 10
18.7123004653034
 20
2.4822480612243
 30
0.0
 11
18.6392796097177
 21
2.46735222471205
 31
0.0
  0
LINE
  8
0
  6
CONTINUOUS
 62
0
 10
18.6392796097177
 20
2.46735222471205
 30
0.0
 11
18.5771962064483
 21
2.45453976921685
 31
0.0
  0
LINE
  8
0
  6
CONTINUOUS
 62
0
 10
18.5771962064483
 20
2.45453976921685
 30
0.0
 11
18.5313629366932
 21
2.44485226603794
 31
0.0
  0
LINE
  8
0
  6
CONTINUOUS
 62
0
 10
18.5313629366932
 20
2.44485226603794
 30
0.0
 11
18.5074045715707
 21
2.43901895813592
 31
0.0
  0
LINE
  8
0
  6
CONTINUOUS
 62
0
 10
18.5074045715707
 20
2.43901895813592
 30
0.0
 11
18.4767795461394
 21
2.44485226603794
 31
0.0
  0
LINE
  8
0
  6
CONTINUOUS
 62
0
 10
18.4767795461394
 20
2.44485226603794
 30
0.0
 11
18.4460504112619
 21
2.45068557393996
 31
0.0
  0
LINE
  8
0
  6
CONTINUOUS
 62
0
 10
18.4460504112619
 20
2.45068557393996
 30
0.0
 11
18.4153212763844
 21
2.45662307076104
 31
0.0
  0
LINE
  8
0
  6
CONTINUOUS
 62
0
 10
18.4153212763844
 20
2.45662307076104
 30
0.0
 11
18.3846962509531
 21
2.46245645813592
 31
0.0
  0
LINE
  8
0
  6
CONTINUOUS
 62
0
 10
18.3846962509531
 20
2.46245645813592
 30
0.0
 11
18.323237981198
 21
2.47412307393996
 31
0.0
  0
LINE
  8
0
  6
CONTINUOUS
 62
0
 10
18.323237981198
 20
2.47412307393996
 30
0.0
 11
18.2926129557667
 21
2.47995646131483
 31
0.0
  0
LINE
  8
0
  6
CONTINUOUS
 62
0
 10
26.6298955281576
 20
1
 30
0.0
 11
26.6298955281576
 21
13.4803123474121
 31
0.0
  0
LINE
  8
0
  6
CONTINUOUS
 62
0
 10
26.6298955281576
 20
13.4803123474121
 30
0.0
 11
1
 21
13.4803123474121
 31
0.0
  0
LINE
  8
0
  6
CONTINUOUS
 62
0
 10
1
 20
13.4803123474121
 30
0.0
 11
1
 21
1
 31
0.0
  0
LINE
  8
0
  6
CONTINUOUS
 62
0
 10
1
 20
1
 30
0.0
 11
26.6298955281576
 21
1
 31
0.0
  0
LINE
  8
0
  6
CONTINUOUS
 62
0
 10
5.19770812988283
 20
9.98447926839193
 30
0.0
 11
5.20041656494142
 21
9.98166656494142
 31
0.0
  0
LINE
  8
0
  6
CONTINUOUS
 62
0
 10
5.20041656494142
 20
9.98166656494142
 30
0.0
 11
5.25302124023437
 21
9.91645812988279
 31
0.0
  0
LINE
  8
0
  6
CONTINUOUS
 62
0
 10
5.25302124023437
 20
9.91645812988279
 30
0.0
 11
5.2906239827474
 21
9.84166653951008
 31
0.0
  0
LINE
  8
0
  6
CONTINUOUS
 62
0
 10
5.2906239827474
 20
9.84166653951008
 30
0.0
 11
5.31156158447268
 21
9.76052093505858
 31
0.0
  0
LINE
  8
0
  6
CONTINUOUS
 62
0
 10
5.31156158447268
 20
9.76052093505858
 30
0.0
 11
5.31489562988283
 21
9.67687479654949
 31
0.0
  0
LINE
  8
0
  6
CONTINUOUS
 62
0
 10
5.31489562988283
 20
9.67687479654949
 30
0.0
 11
5.30041631062827
 21
9.5943749745687
 31
0.0
  0
LINE
  8
0
  6
CONTINUOUS
 62
0
 10
5.30041631062827
 20
9.5943749745687
 30
0.0
 11
5.26885477701823
 21
9.51677068074543
 31
0.0
  0
LINE
  8
0
  6
CONTINUOUS
 62
0
 10
5.26885477701823
 20
9.51677068074543
 30
0.0
 11
5.22156270345051
 21
9.44770812988279
 31
0.0
  0
LINE
  8
0
  6
CONTINUOUS
 62
0
 10
5.22156270345051
 20
9.44770812988279
 30
0.0
 11
5.16062418619791
 21
9.39010429382323
 31
0.0
  0
LINE
  8
0
  6
CONTINUOUS
 62
0
 10
5.16062418619791
 20
9.39010429382323
 30
0.0
 11
5.0890630086263
 21
9.3467706044515
 31
0.0
  0
LINE
  8
0
  6
CONTINUOUS
 62
0
 10
5.0890630086263
 20
9.3467706044515
 30
0.0
 11
5.00979105631512
 21
9.31947898864748
 31
0.0
  0
LINE
  8
0
  6
CONTINUOUS
 62
0
 10
5.00979105631512
 20
9.31947898864748
 30
0.0
 11
4.92666625976563
 21
9.30958302815756
 31
0.0
  0
LINE
  8
0
  6
CONTINUOUS
 62
0
 10
4.92666625976563
 20
9.30958302815756
 30
0.0
 11
4.84333292643228
 21
9.31749979654949
 31
0.0
  0
LINE
  8
0
  6
CONTINUOUS
 62
0
 10
4.84333292643228
 20
9.31749979654949
 30
0.0
 11
4.76343790690106
 21
9.34291648864748
 31
0.0
  0
LINE
  8
0
  6
CONTINUOUS
 62
0
 10
4.76343790690106
 20
9.34291648864748
 30
0.0
 11
4.75479125976563
 21
9.31916681925457
 31
0.0
  0
LINE
  8
0
  6
CONTINUOUS
 62
0
 10
4.75479125976563
 20
9.31916681925457
 30
0.0
 11
4.74562581380209
 21
9.29552078247071
 31
0.0
  0
LINE
  8
0
  6
CONTINUOUS
 62
0
 10
4.74562581380209
 20
9.29552078247071
 30
0.0
 11
4.73583221435547
 21
9.27218755086264
 31
0.0
  0
LINE
  8
0
  6
CONTINUOUS
 62
0
 10
4.73583221435547
 20
9.27218755086264
 30
0.0
 11
4.72562408447268
 21
9.24885431925457
 31
0.0
  0
LINE
  8
0
  6
CONTINUOUS
 62
0
 10
4.72562408447268
 20
9.24885431925457
 30
0.0
 11
4.71510314941406
 21
9.22572898864748
 31
0.0
  0
LINE
  8
0
  6
CONTINUOUS
 62
0
 10
4.71510314941406
 20
9.22572898864748
 30
0.0
 11
4.70426940917968
 21
9.20260429382323
 31
0.0
  0
LINE
  8
0
  6
CONTINUOUS
 62
0
 10
4.70426940917968
 20
9.20260429382323
 30
0.0
 11
4.69333394368488
 21
9.1796875
 31
0.0
  0
LINE
  8
0
  6
CONTINUOUS
 62
0
 10
4.69333394368488
 20
9.1796875
 30
0.0
 11
4.68229166666665
 21
9.15677070617677
 31
0.0
  0
LINE
  8
0
  6
CONTINUOUS
 62
0
 10
4.68229166666665
 20
9.15677070617677
 30
0.0
 11
4.67135365804035
 21
9.1338539123535
 31
0.0
  0
LINE
  8
0
  6
CONTINUOUS
 62
0
 10
4.67135365804035
 20
9.1338539123535
 30
0.0
 11
4.66041564941405
 21
9.11093775431315
 31
0.0
  0
LINE
  8
0
  6
CONTINUOUS
 62
0
 10
4.66041564941405
 20
9.11093775431315
 30
0.0
 11
4.63958231608075
 21
9.0764586130778
 31
0.0
  0
LINE
  8
0
  6
CONTINUOUS
 62
0
 10
4.63958231608075
 20
9.0764586130778
 30
0.0
 11
4.61281331380208
 21
9.04708353678386
 31
0.0
  0
LINE
  8
0
  6
CONTINUOUS
 62
0
 10
4.61281331380208
 20
9.04708353678386
 30
0.0
 11
4.58114624023437
 21
9.02197901407878
 31
0.0
  0
LINE
  8
0
  6
CONTINUOUS
 62
0
 10
4.58114624023437
 20
9.02197901407878
 30
0.0
 11
4.54551951090496
 21
9.00052070617677
 31
0.0
  0
LINE
  8
0
  6
CONTINUOUS
 62
0
 10
4.54551951090496
 20
9.00052070617677
 30
0.0
 11
4.50697835286461
 21
8.98187510172528
 31
0.0
  0
LINE
  8
0
  6
CONTINUOUS
 62
0
 10
4.50697835286461
 20
8.98187510172528
 30
0.0
 11
4.4663543701172
 21
8.96531232198079
 31
0.0
  0
LINE
  8
0
  6
CONTINUOUS
 62
0
 10
4.4663543701172
 20
8.96531232198079
 30
0.0
 11
4.42468770345051
 21
8.95000012715657
 31
0.0
  0
LINE
  8
0
  6
CONTINUOUS
 62
0
 10
4.42468770345051
 20
8.95000012715657
 30
0.0
 11
4.38302103678386
 21
8.93520863850913
 31
0.0
  0
LINE
  8
0
  6
CONTINUOUS
 62
0
 10
4.38302103678386
 20
8.93520863850913
 30
0.0
 11
4.3421859741211
 21
8.92031224568685
 31
0.0
  0
LINE
  8
0
  6
CONTINUOUS
 62
0
 10
4.3421859741211
 20
8.92031224568685
 30
0.0
 11
4.30322774251303
 21
8.90437507629394
 31
0.0
  0
LINE
  8
0
  6
CONTINUOUS
 62
0
 10
4.30322774251303
 20
8.90437507629394
 30
0.0
 11
4.29635365804035
 21
8.90229161580405
 31
0.0
  0
LINE
  8
0
  6
CONTINUOUS
 62
0
 10
4.29635365804035
 20
8.90229161580405
 30
0.0
 11
4.28874969482422
 21
8.90135447184244
 31
0.0
  0
LINE
  8
0
  6
CONTINUOUS
 62
0
 10
4.28874969482422
 20
8.90135447184244
 30
0.0
 11
4.28072865804035
 21
8.90135447184244
 31
0.0
  0
LINE
  8
0
  6
CONTINUOUS
 62
0
 10
4.28072865804035
 20
8.90135447184244
 30
0.0
 11
4.26447804768882
 21
8.90239588419595
 31
0.0
  0
LINE
  8
0
  6
CONTINUOUS
 62
0
 10
4.26447804768882
 20
8.90239588419595
 30
0.0
 11
4.25666554768882
 21
8.90250015258787
 31
0.0
  0
LINE
  8
0
  6
CONTINUOUS
 62
0
 10
4.25666554768882
 20
8.90250015258787
 30
0.0
 11
4.24947865804036
 21
8.90187517801921
 31
0.0
  0
LINE
  8
0
  6
CONTINUOUS
 62
0
 10
4.24947865804036
 20
8.90187517801921
 30
0.0
 11
4.24312591552736
 21
8.90020815531413
 31
0.0
  0
LINE
  8
0
  6
CONTINUOUS
 62
0
 10
4.24312591552736
 20
8.90020815531413
 30
0.0
 11
4.23781331380209
 21
8.89697901407878
 31
0.0
  0
LINE
  8
0
  6
CONTINUOUS
 62
0
 10
4.23781331380209
 20
8.89697901407878
 30
0.0
 11
4.23385365804036
 21
8.89177068074543
 31
0.0
  0
LINE
  8
0
  6
CONTINUOUS
 62
0
 10
4.23385365804036
 20
8.89177068074543
 30
0.0
 11
4.22374979654949
 21
8.8630205790202
 31
0.0
  0
LINE
  8
0
  6
CONTINUOUS
 62
0
 10
4.22374979654949
 20
8.8630205790202
 30
0.0
 11
4.22114562988283
 21
8.83343760172528
 31
0.0
  0
LINE
  8
0
  6
CONTINUOUS
 62
0
 10
4.22114562988283
 20
8.83343760172528
 30
0.0
 11
4.22447967529295
 21
8.80312474568685
 31
0.0
  0
LINE
  8
0
  6
CONTINUOUS
 62
0
 10
4.22447967529295
 20
8.80312474568685
 30
0.0
 11
4.23229217529299
 21
8.77208328247071
 31
0.0
  0
LINE
  8
0
  6
CONTINUOUS
 62
0
 10
4.23229217529299
 20
8.77208328247071
 30
0.0
 11
4.24333190917969
 21
8.74072901407878
 31
0.0
  0
LINE
  8
0
  6
CONTINUOUS
 62
0
 10
4.24333190917969
 20
8.74072901407878
 30
0.0
 11
4.25593821207681
 21
8.70895830790201
 31
0.0
  0
LINE
  8
0
  6
CONTINUOUS
 62
0
 10
4.25593821207681
 20
8.70895830790201
 30
0.0
 11
4.2687505086263
 21
8.67697906494142
 31
0.0
  0
LINE
  8
0
  6
CONTINUOUS
 62
0
 10
4.2687505086263
 20
8.67697906494142
 30
0.0
 11
4.28031158447268
 21
8.64489555358886
 31
0.0
  0
LINE
  8
0
  6
CONTINUOUS
 62
0
 10
4.28031158447268
 20
8.64489555358886
 30
0.0
 11
4.28916676839193
 21
8.6130205790202
 31
0.0
  0
LINE
  8
0
  6
CONTINUOUS
 62
0
 10
4.28916676839193
 20
8.6130205790202
 30
0.0
 11
4.29395802815756
 21
8.58124987284342
 31
0.0
  0
LINE
  8
0
  6
CONTINUOUS
 62
0
 10
4.29395802815756
 20
8.58124987284342
 30
0.0
 11
4.29750061035158
 21
8.52249972025555
 31
0.0
  0
LINE
  8
0
  6
CONTINUOUS
 62
0
 10
4.29750061035158
 20
8.52249972025555
 30
0.0
 11
4.29989624023437
 21
8.46364593505858
 31
0.0
  0
LINE
  8
0
  6
CONTINUOUS
 62
0
 10
4.29989624023437
 20
8.46364593505858
 30
0.0
 11
4.30114491780598
 21
8.40468724568685
 31
0.0
  0
LINE
  8
0
  6
CONTINUOUS
 62
0
 10
4.30114491780598
 20
8.40468724568685
 30
0.0
 11
4.30135345458984
 21
8.34572919209799
 31
0.0
  0
LINE
  8
0
  6
CONTINUOUS
 62
0
 10
4.30135345458984
 20
8.34572919209799
 30
0.0
 11
4.30041758219401
 21
8.28666687011721
 31
0.0
  0
LINE
  8
0
  6
CONTINUOUS
 62
0
 10
4.30041758219401
 20
8.28666687011721
 30
0.0
 11
4.2984364827474
 21
8.22770818074543
 31
0.0
  0
LINE
  8
0
  6
CONTINUOUS
 62
0
 10
4.2984364827474
 20
8.22770818074543
 30
0.0
 11
4.29541524251303
 21
8.1688543955485
 31
0.0
  0
LINE
  8
0
  6
CONTINUOUS
 62
0
 10
4.29541524251303
 20
8.1688543955485
 30
0.0
 11
4.29135386149091
 21
8.1099999745687
 31
0.0
  0
LINE
  8
0
  6
CONTINUOUS
 62
0
 10
4.29135386149091
 20
8.1099999745687
 30
0.0
 11
4.28614552815756
 21
8.05135409037272
 31
0.0
  0
LINE
  8
0
  6
CONTINUOUS
 62
0
 10
4.28614552815756
 20
8.05135409037272
 30
0.0
 11
4.27999877929689
 21
7.99270820617677
 31
0.0
  0
LINE
  8
0
  6
CONTINUOUS
 62
0
 10
4.27999877929689
 20
7.99270820617677
 30
0.0
 11
4.26416524251303
 21
7.92197926839193
 31
0.0
  0
LINE
  8
0
  6
CONTINUOUS
 62
0
 10
4.26416524251303
 20
7.92197926839193
 30
0.0
 11
4.23510487874351
 21
7.85739580790201
 31
0.0
  0
LINE
  8
0
  6
CONTINUOUS
 62
0
 10
4.23510487874351
 20
7.85739580790201
 30
0.0
 11
4.19489542643228
 21
7.8010419209798
 31
0.0
  0
LINE
  8
0
  6
CONTINUOUS
 62
0
 10
4.19489542643228
 20
7.8010419209798
 30
0.0
 11
4.14562479654949
 21
7.7547918955485
 31
0.0
  0
LINE
  8
0
  6
CONTINUOUS
 62
0
 10
4.14562479654949
 20
7.7547918955485
 30
0.0
 11
4.08948008219402
 21
7.72072919209799
 31
0.0
  0
LINE
  8
0
  6
CONTINUOUS
 62
0
 10
4.08948008219402
 20
7.72072919209799
 30
0.0
 11
4.02864583333335
 21
7.70052083333335
 31
0.0
  0
LINE
  8
0
  6
CONTINUOUS
 62
0
 10
4.02864583333335
 20
7.70052083333335
 30
0.0
 11
3.96531168619792
 21
7.6963539123535
 31
0.0
  0
LINE
  8
0
  6
CONTINUOUS
 62
0
 10
3.96531168619792
 20
7.6963539123535
 30
0.0
 11
3.90145874023437
 21
7.70999972025555
 31
0.0
  0
LINE
  8
0
  6
CONTINUOUS
 62
0
 10
3.90145874023437
 20
7.70999972025555
 30
0.0
 11
3.83948008219402
 21
7.74354171752929
 31
0.0
  0
LINE
  8
0
  6
CONTINUOUS
 62
0
 10
3.83948008219402
 20
7.74354171752929
 30
0.0
 11
3.78135426839193
 21
7.79885419209799
 31
0.0
  0
LINE
  8
0
  6
CONTINUOUS
 62
0
 10
3.78135426839193
 20
7.79885419209799
 30
0.0
 11
3.76302083333335
 21
7.8244794209798
 31
0.0
  0
LINE
  8
0
  6
CONTINUOUS
 62
0
 10
3.76302083333335
 20
7.8244794209798
 30
0.0
 11
3.74645741780598
 21
7.8545831044515
 31
0.0
  0
LINE
  8
0
  6
CONTINUOUS
 62
0
 10
3.74645741780598
 20
7.8545831044515
 30
0.0
 11
3.73145802815756
 21
7.88812510172528
 31
0.0
  0
LINE
  8
0
  6
CONTINUOUS
 62
0
 10
3.73145802815756
 20
7.88812510172528
 30
0.0
 11
3.71791585286461
 21
7.92385419209799
 31
0.0
  0
LINE
  8
0
  6
CONTINUOUS
 62
0
 10
3.71791585286461
 20
7.92385419209799
 30
0.0
 11
3.70572916666665
 21
7.9609375
 31
0.0
  0
LINE
  8
0
  6
CONTINUOUS
 62
0
 10
3.70572916666665
 20
7.9609375
 30
0.0
 11
3.69479115804035
 21
7.99812507629394
 31
0.0
  0
LINE
  8
0
  6
CONTINUOUS
 62
0
 10
3.69479115804035
 20
7.99812507629394
 30
0.0
 11
3.68489583333335
 21
8.03447914123535
 31
0.0
  0
LINE
  8
0
  6
CONTINUOUS
 62
0
 10
3.68489583333335
 20
8.03447914123535
 30
0.0
 11
3.67604064941406
 21
8.06885401407878
 31
0.0
  0
LINE
  8
0
  6
CONTINUOUS
 62
0
 10
3.67604064941406
 20
8.06885401407878
 30
0.0
 11
3.6680196126302
 21
8.10031255086264
 31
0.0
  0
LINE
  8
0
  6
CONTINUOUS
 62
0
 10
3.6680196126302
 20
8.10031255086264
 30
0.0
 11
3.66072845458984
 21
8.12760416666665
 31
0.0
  0
LINE
  8
0
  6
CONTINUOUS
 62
0
 10
3.66072845458984
 20
8.12760416666665
 30
0.0
 11
3.65343729654949
 21
8.10031255086264
 31
0.0
  0
LINE
  8
0
  6
CONTINUOUS
 62
0
 10
3.65343729654949
 20
8.10031255086264
 30
0.0
 11
3.64541625976563
 21
8.06885401407878
 31
0.0
  0
LINE
  8
0
  6
CONTINUOUS
 62
0
 10
3.64541625976563
 20
8.06885401407878
 30
0.0
 11
3.63656107584634
 21
8.03447914123535
 31
0.0
  0
LINE
  8
0
  6
CONTINUOUS
 62
0
 10
3.63656107584634
 20
8.03447914123535
 30
0.0
 11
3.62666575113933
 21
7.99812507629394
 31
0.0
  0
LINE
  8
0
  6
CONTINUOUS
 62
0
 10
3.62666575113933
 20
7.99812507629394
 30
0.0
 11
3.61572774251303
 21
7.9609375
 31
0.0
  0
LINE
  8
0
  6
CONTINUOUS
 62
0
 10
3.61572774251303
 20
7.9609375
 30
0.0
 11
3.60354105631512
 21
7.92385419209799
 31
0.0
  0
LINE
  8
0
  6
CONTINUOUS
 62
0
 10
3.60354105631512
 20
7.92385419209799
 30
0.0
 11
3.58999888102212
 21
7.88812510172528
 31
0.0
  0
LINE
  8
0
  6
CONTINUOUS
 62
0
 10
3.58999888102212
 20
7.88812510172528
 30
0.0
 11
3.5749994913737
 21
7.8545831044515
 31
0.0
  0
LINE
  8
0
  6
CONTINUOUS
 62
0
 10
3.5749994913737
 20
7.8545831044515
 30
0.0
 11
3.55843607584634
 21
7.8244794209798
 31
0.0
  0
LINE
  8
0
  6
CONTINUOUS
 62
0
 10
3.55843607584634
 20
7.8244794209798
 30
0.0
 11
3.54010264078776
 21
7.79885419209799
 31
0.0
  0
LINE
  8
0
  6
CONTINUOUS
 62
0
 10
3.54010264078776
 20
7.79885419209799
 30
0.0
 11
3.48197937011721
 21
7.74354171752929
 31
0.0
  0
LINE
  8
0
  6
CONTINUOUS
 62
0
 10
3.48197937011721
 20
7.74354171752929
 30
0.0
 11
3.42000071207681
 21
7.70999972025555
 31
0.0
  0
LINE
  8
0
  6
CONTINUOUS
 62
0
 10
3.42000071207681
 20
7.70999972025555
 30
0.0
 11
3.35614522298177
 21
7.6963539123535
 31
0.0
  0
LINE
  8
0
  6
CONTINUOUS
 62
0
 10
3.35614522298177
 20
7.6963539123535
 30
0.0
 11
3.29281107584634
 21
7.70052083333335
 31
0.0
  0
LINE
  8
0
  6
CONTINUOUS
 62
0
 10
3.29281107584634
 20
7.70052083333335
 30
0.0
 11
3.23197937011721
 21
7.72072919209799
 31
0.0
  0
LINE
  8
0
  6
CONTINUOUS
 62
0
 10
3.23197937011721
 20
7.72072919209799
 30
0.0
 11
3.1758321126302
 21
7.7547918955485
 31
0.0
  0
LINE
  8
0
  6
CONTINUOUS
 62
0
 10
3.1758321126302
 20
7.7547918955485
 30
0.0
 11
3.12666575113933
 21
7.8010419209798
 31
0.0
  0
LINE
  8
0
  6
CONTINUOUS
 62
0
 10
3.12666575113933
 20
7.8010419209798
 30
0.0
 11
3.08635457356772
 21
7.85739580790201
 31
0.0
  0
LINE
  8
0
  6
CONTINUOUS
 62
0
 10
3.08635457356772
 20
7.85739580790201
 30
0.0
 11
3.05729166666665
 21
7.92197926839193
 31
0.0
  0
LINE
  8
0
  6
CONTINUOUS
 62
0
 10
3.05729166666665
 20
7.92197926839193
 30
0.0
 11
3.04156239827472
 21
7.99270820617677
 31
0.0
  0
LINE
  8
0
  6
CONTINUOUS
 62
0
 10
3.04156239827472
 20
7.99270820617677
 30
0.0
 11
3.03531138102213
 21
8.05135409037272
 31
0.0
  0
LINE
  8
0
  6
CONTINUOUS
 62
0
 10
3.03531138102213
 20
8.05135409037272
 30
0.0
 11
3.03020731608075
 21
8.1099999745687
 31
0.0
  0
LINE
  8
0
  6
CONTINUOUS
 62
0
 10
3.03020731608075
 20
8.1099999745687
 30
0.0
 11
3.02604166666665
 21
8.1688543955485
 31
0.0
  0
LINE
  8
0
  6
CONTINUOUS
 62
0
 10
3.02604166666665
 20
8.1688543955485
 30
0.0
 11
3.02302042643229
 21
8.22770818074543
 31
0.0
  0
LINE
  8
0
  6
CONTINUOUS
 62
0
 10
3.02302042643229
 20
8.22770818074543
 30
0.0
 11
3.0210418701172
 21
8.28666687011721
 31
0.0
  0
LINE
  8
0
  6
CONTINUOUS
 62
0
 10
3.0210418701172
 20
8.28666687011721
 30
0.0
 11
3.02010345458984
 21
8.34572919209799
 31
0.0
  0
LINE
  8
0
  6
CONTINUOUS
 62
0
 10
3.02010345458984
 20
8.34572919209799
 30
0.0
 11
3.0203119913737
 21
8.40468724568685
 31
0.0
  0
LINE
  8
0
  6
CONTINUOUS
 62
0
 10
3.0203119913737
 20
8.40468724568685
 30
0.0
 11
3.02156321207681
 21
8.46364593505858
 31
0.0
  0
LINE
  8
0
  6
CONTINUOUS
 62
0
 10
3.02156321207681
 20
8.46364593505858
 30
0.0
 11
3.02406311035158
 21
8.52249972025555
 31
0.0
  0
LINE
  8
0
  6
CONTINUOUS
 62
0
 10
3.02406311035158
 20
8.52249972025555
 30
0.0
 11
3.02749888102213
 21
8.58124987284342
 31
0.0
  0
LINE
  8
0
  6
CONTINUOUS
 62
0
 10
3.02749888102213
 20
8.58124987284342
 30
0.0
 11
3.03229014078776
 21
8.6130205790202
 31
0.0
  0
LINE
  8
0
  6
CONTINUOUS
 62
0
 10
3.03229014078776
 20
8.6130205790202
 30
0.0
 11
3.04114532470705
 21
8.64489555358886
 31
0.0
  0
LINE
  8
0
  6
CONTINUOUS
 62
0
 10
3.04114532470705
 20
8.64489555358886
 30
0.0
 11
3.05270894368488
 21
8.67697906494142
 31
0.0
  0
LINE
  8
0
  6
CONTINUOUS
 62
0
 10
3.05270894368488
 20
8.67697906494142
 30
0.0
 11
3.06552124023437
 21
8.70895830790201
 31
0.0
  0
LINE
  8
0
  6
CONTINUOUS
 62
0
 10
3.06552124023437
 20
8.70895830790201
 30
0.0
 11
3.07822926839193
 21
8.74072901407878
 31
0.0
  0
LINE
  8
0
  6
CONTINUOUS
 62
0
 10
3.07822926839193
 20
8.74072901407878
 30
0.0
 11
3.08916727701823
 21
8.77208328247071
 31
0.0
  0
LINE
  8
0
  6
CONTINUOUS
 62
0
 10
3.08916727701823
 20
8.77208328247071
 30
0.0
 11
3.09697977701823
 21
8.80312474568685
 31
0.0
  0
LINE
  8
0
  6
CONTINUOUS
 62
0
 10
3.09697977701823
 20
8.80312474568685
 30
0.0
 11
3.10031127929689
 21
8.83343760172528
 31
0.0
  0
LINE
  8
0
  6
CONTINUOUS
 62
0
 10
3.10031127929689
 20
8.83343760172528
 30
0.0
 11
3.0977071126302
 21
8.8630205790202
 31
0.0
  0
LINE
  8
0
  6
CONTINUOUS
 62
0
 10
3.0977071126302
 20
8.8630205790202
 30
0.0
 11
3.08760325113933
 21
8.89177068074543
 31
0.0
  0
LINE
  8
0
  6
CONTINUOUS
 62
0
 10
3.08760325113933
 20
8.89177068074543
 30
0.0
 11
3.08364613850913
 21
8.89697901407878
 31
0.0
  0
LINE
  8
0
  6
CONTINUOUS
 62
0
 10
3.08364613850913
 20
8.89697901407878
 30
0.0
 11
3.07843780517579
 21
8.90020815531413
 31
0.0
  0
LINE
  8
0
  6
CONTINUOUS
 62
0
 10
3.07843780517579
 20
8.90020815531413
 30
0.0
 11
3.07197825113933
 21
8.90187517801921
 31
0.0
  0
LINE
  8
0
  6
CONTINUOUS
 62
0
 10
3.07197825113933
 20
8.90187517801921
 30
0.0
 11
3.06479136149091
 21
8.90250015258787
 31
0.0
  0
LINE
  8
0
  6
CONTINUOUS
 62
0
 10
3.06479136149091
 20
8.90250015258787
 30
0.0
 11
3.05697886149091
 21
8.90239588419595
 31
0.0
  0
LINE
  8
0
  6
CONTINUOUS
 62
0
 10
3.05697886149091
 20
8.90239588419595
 30
0.0
 11
3.04895782470705
 21
8.90187517801921
 31
0.0
  0
LINE
  8
0
  6
CONTINUOUS
 62
0
 10
3.04895782470705
 20
8.90187517801921
 30
0.0
 11
3.04072825113933
 21
8.90135447184244
 31
0.0
  0
LINE
  8
0
  6
CONTINUOUS
 62
0
 10
3.04072825113933
 20
8.90135447184244
 30
0.0
 11
3.03270721435547
 21
8.90135447184244
 31
0.0
  0
LINE
  8
0
  6
CONTINUOUS
 62
0
 10
3.03270721435547
 20
8.90135447184244
 30
0.0
 11
3.02520751953126
 21
8.90229161580405
 31
0.0
  0
LINE
  8
0
  6
CONTINUOUS
 62
0
 10
3.02520751953126
 20
8.90229161580405
 30
0.0
 11
3.01833343505858
 21
8.90437507629394
 31
0.0
  0
LINE
  8
0
  6
CONTINUOUS
 62
0
 10
3.01833343505858
 20
8.90437507629394
 30
0.0
 11
2.97927093505858
 21
8.92031224568685
 31
0.0
  0
LINE
  8
0
  6
CONTINUOUS
 62
0
 10
2.97927093505858
 20
8.92031224568685
 30
0.0
 11
2.93843841552736
 21
8.93520863850913
 31
0.0
  0
LINE
  8
0
  6
CONTINUOUS
 62
0
 10
2.93843841552736
 20
8.93520863850913
 30
0.0
 11
2.89677174886067
 21
8.95000012715657
 31
0.0
  0
LINE
  8
0
  6
CONTINUOUS
 62
0
 10
2.89677174886067
 20
8.95000012715657
 30
0.0
 11
2.85510508219401
 21
8.96531232198079
 31
0.0
  0
LINE
  8
0
  6
CONTINUOUS
 62
0
 10
2.85510508219401
 20
8.96531232198079
 30
0.0
 11
2.81447855631512
 21
8.98187510172528
 31
0.0
  0
LINE
  8
0
  6
CONTINUOUS
 62
0
 10
2.81447855631512
 20
8.98187510172528
 30
0.0
 11
2.77593739827476
 21
9.00052070617677
 31
0.0
  0
LINE
  8
0
  6
CONTINUOUS
 62
0
 10
2.77593739827476
 20
9.00052070617677
 30
0.0
 11
2.74031321207681
 21
9.02197901407878
 31
0.0
  0
LINE
  8
0
  6
CONTINUOUS
 62
0
 10
2.74031321207681
 20
9.02197901407878
 30
0.0
 11
2.70864613850913
 21
9.04708353678386
 31
0.0
  0
LINE
  8
0
  6
CONTINUOUS
 62
0
 10
2.70864613850913
 20
9.04708353678386
 30
0.0
 11
2.68187459309897
 21
9.0764586130778
 31
0.0
  0
LINE
  8
0
  6
CONTINUOUS
 62
0
 10
2.68187459309897
 20
9.0764586130778
 30
0.0
 11
2.66104125976563
 21
9.11093775431315
 31
0.0
  0
LINE
  8
0
  6
CONTINUOUS
 62
0
 10
2.66104125976563
 20
9.11093775431315
 30
0.0
 11
2.64958190917969
 21
9.13510386149091
 31
0.0
  0
LINE
  8
0
  6
CONTINUOUS
 62
0
 10
2.64958190917969
 20
9.13510386149091
 30
0.0
 11
2.63791656494142
 21
9.1592706044515
 31
0.0
  0
LINE
  8
0
  6
CONTINUOUS
 62
0
 10
2.63791656494142
 20
9.1592706044515
 30
0.0
 11
2.62624867757162
 21
9.18354161580405
 31
0.0
  0
LINE
  8
0
  6
CONTINUOUS
 62
0
 10
2.62624867757162
 20
9.18354161580405
 30
0.0
 11
2.61468760172527
 21
9.20781262715657
 31
0.0
  0
LINE
  8
0
  6
CONTINUOUS
 62
0
 10
2.61468760172527
 20
9.20781262715657
 30
0.0
 11
2.60343678792319
 21
9.23229153951008
 31
0.0
  0
LINE
  8
0
  6
CONTINUOUS
 62
0
 10
2.60343678792319
 20
9.23229153951008
 30
0.0
 11
2.59239451090496
 21
9.2567710876465
 31
0.0
  0
LINE
  8
0
  6
CONTINUOUS
 62
0
 10
2.59239451090496
 20
9.2567710876465
 30
0.0
 11
2.58176930745445
 21
9.28145853678386
 31
0.0
  0
LINE
  8
0
  6
CONTINUOUS
 62
0
 10
2.58176930745445
 20
9.28145853678386
 30
0.0
 11
2.57166544596354
 21
9.30625025431315
 31
0.0
  0
LINE
  8
0
  6
CONTINUOUS
 62
0
 10
2.57166544596354
 20
9.30625025431315
 30
0.0
 11
2.56218719482421
 21
9.33124987284343
 31
0.0
  0
LINE
  8
0
  6
CONTINUOUS
 62
0
 10
2.56218719482421
 20
9.33124987284343
 30
0.0
 11
2.55333201090496
 21
9.35645802815756
 31
0.0
  0
LINE
  8
0
  6
CONTINUOUS
 62
0
 10
2.55333201090496
 20
9.35645802815756
 30
0.0
 11
2.53093719482422
 21
9.34687487284343
 31
0.0
  0
LINE
  8
0
  6
CONTINUOUS
 62
0
 10
2.53093719482422
 20
9.34687487284343
 30
0.0
 11
2.50791676839193
 21
9.33875020345051
 31
0.0
  0
LINE
  8
0
  6
CONTINUOUS
 62
0
 10
2.50791676839193
 20
9.33875020345051
 30
0.0
 11
2.48447926839193
 21
9.33197911580405
 31
0.0
  0
LINE
  8
0
  6
CONTINUOUS
 62
0
 10
2.48447926839193
 20
9.33197911580405
 30
0.0
 11
2.46072896321614
 21
9.32677078247071
 31
0.0
  0
LINE
  8
0
  6
CONTINUOUS
 62
0
 10
2.46072896321614
 20
9.32677078247071
 30
0.0
 11
2.43656158447268
 21
9.32302093505858
 31
0.0
  0
LINE
  8
0
  6
CONTINUOUS
 62
0
 10
2.43656158447268
 20
9.32302093505858
 30
0.0
 11
2.41229248046874
 21
9.32072893778484
 31
0.0
  0
LINE
  8
0
  6
CONTINUOUS
 62
0
 10
2.41229248046874
 20
9.32072893778484
 30
0.0
 11
2.38791656494142
 21
9.31989606221516
 31
0.0
  0
LINE
  8
0
  6
CONTINUOUS
 62
0
 10
2.38791656494142
 20
9.31989606221516
 30
0.0
 11
2.36354064941406
 21
9.32062530517579
 31
0.0
  0
LINE
  8
0
  6
CONTINUOUS
 62
0
 10
2.36354064941406
 20
9.32062530517579
 30
0.0
 11
2.33927154541016
 21
9.32291666666665
 31
0.0
  0
LINE
  8
0
  6
CONTINUOUS
 62
0
 10
2.33927154541016
 20
9.32291666666665
 30
0.0
 11
2.31510416666665
 21
9.32666651407878
 31
0.0
  0
LINE
  8
0
  6
CONTINUOUS
 62
0
 10
2.31510416666665
 20
9.32666651407878
 30
0.0
 11
2.31124877929689
 21
9.32739575703937
 31
0.0
  0
LINE
  8
0
  6
CONTINUOUS
 62
0
 10
2.31124877929689
 20
9.32739575703937
 30
0.0
 11
2.30739593505858
 21
9.328125
 31
0.0
  0
LINE
  8
0
  6
CONTINUOUS
 62
0
 10
2.30739593505858
 20
9.328125
 30
0.0
 11
2.30354054768882
 21
9.32885424296063
 31
0.0
  0
LINE
  8
0
  6
CONTINUOUS
 62
0
 10
2.30354054768882
 20
9.32885424296063
 30
0.0
 11
2.29968770345051
 21
9.32958348592122
 31
0.0
  0
LINE
  8
0
  6
CONTINUOUS
 62
0
 10
2.29968770345051
 20
9.32958348592122
 30
0.0
 11
2.29572804768882
 21
9.33031272888185
 31
0.0
  0
LINE
  8
0
  6
CONTINUOUS
 62
0
 10
2.29572804768882
 20
9.33031272888185
 30
0.0
 11
2.29187520345051
 21
9.33104197184244
 31
0.0
  0
LINE
  8
0
  6
CONTINUOUS
 62
0
 10
2.29187520345051
 20
9.33104197184244
 30
0.0
 11
2.28801981608075
 21
9.3317705790202
 31
0.0
  0
LINE
  8
0
  6
CONTINUOUS
 62
0
 10
2.28801981608075
 20
9.3317705790202
 30
0.0
 11
2.28416697184244
 21
9.33249982198079
 31
0.0
  0
LINE
  8
0
  6
CONTINUOUS
 62
0
 10
2.28416697184244
 20
9.33249982198079
 30
0.0
 11
2.28031158447268
 21
9.33322906494142
 31
0.0
  0
LINE
  8
0
  6
CONTINUOUS
 62
0
 10
2.28031158447268
 20
9.33322906494142
 30
0.0
 11
2.27645874023437
 21
9.33395830790201
 31
0.0
  0
LINE
  8
0
  6
CONTINUOUS
 62
0
 10
2.27645874023437
 20
9.33395830790201
 30
0.0
 11
2.19614664713543
 21
9.35802078247071
 31
0.0
  0
LINE
  8
0
  6
CONTINUOUS
 62
0
 10
2.19614664713543
 20
9.35802078247071
 30
0.0
 11
2.12270863850913
 21
9.39864603678386
 31
0.0
  0
LINE
  8
0
  6
CONTINUOUS
 62
0
 10
2.12270863850913
 20
9.39864603678386
 30
0.0
 11
2.05958302815756
 21
9.45395851135256
 31
0.0
  0
LINE
  8
0
  6
CONTINUOUS
 62
0
 10
2.05958302815756
 20
9.45395851135256
 30
0.0
 11
2.00968678792319
 21
9.52124977111815
 31
0.0
  0
LINE
  8
0
  6
CONTINUOUS
 62
0
 10
2.00968678792319
 20
9.52124977111815
 30
0.0
 11
1.97510274251303
 21
9.59770838419598
 31
0.0
  0
LINE
  8
0
  6
CONTINUOUS
 62
0
 10
1.97510274251303
 20
9.59770838419598
 30
0.0
 11
1.95739491780599
 21
9.6796875
 31
0.0
  0
LINE
  8
0
  6
CONTINUOUS
 62
0
 10
1.95739491780599
 20
9.6796875
 30
0.0
 11
1.95760345458984
 21
9.76354153951008
 31
0.0
  0
LINE
  8
0
  6
CONTINUOUS
 62
0
 10
1.95760345458984
 20
9.76354153951008
 30
0.0
 11
1.97551981608075
 21
9.84552065531413
 31
0.0
  0
LINE
  8
0
  6
CONTINUOUS
 62
0
 10
1.97551981608075
 20
9.84552065531413
 30
0.0
 11
2.01041666666665
 21
9.92177073160807
 31
0.0
  0
LINE
  8
0
  6
CONTINUOUS
 62
0
 10
2.01041666666665
 20
9.92177073160807
 30
0.0
 11
2.06062571207681
 21
9.98895835876464
 31
0.0
  0
LINE
  8
0
  6
CONTINUOUS
 62
0
 10
2.06062571207681
 20
9.98895835876464
 30
0.0
 11
2.12395731608075
 21
10.0439580281576
 31
0.0
  0
LINE
  8
0
  6
CONTINUOUS
 62
0
 10
2.12395731608075
 20
10.0439580281576
 30
0.0
 11
2.19749959309898
 21
10.0842711130778
 31
0.0
  0
LINE
  8
0
  6
CONTINUOUS
 62
0
 10
2.19749959309898
 20
10.0842711130778
 30
0.0
 11
2.27791595458984
 21
10.1081250508626
 31
0.0
  0
LINE
  8
0
  6
CONTINUOUS
 62
0
 10
2.27791595458984
 20
10.1081250508626
 30
0.0
 11
2.23156229654949
 21
10.1748956044515
 31
0.0
  0
LINE
  8
0
  6
CONTINUOUS
 62
0
 10
2.23156229654949
 20
10.1748956044515
 30
0.0
 11
2.1859359741211
 21
10.2418746948242
 31
0.0
  0
LINE
  8
0
  6
CONTINUOUS
 62
0
 10
2.1859359741211
 20
10.2418746948242
 30
0.0
 11
2.14104207356771
 21
10.3093751271566
 31
0.0
  0
LINE
  8
0
  6
CONTINUOUS
 62
0
 10
2.14104207356771
 20
10.3093751271566
 30
0.0
 11
2.09718831380209
 21
10.3773956298828
 31
0.0
  0
LINE
  8
0
  6
CONTINUOUS
 62
0
 10
2.09718831380209
 20
10.3773956298828
 30
0.0
 11
2.05427042643228
 21
10.4463539123535
 31
0.0
  0
LINE
  8
0
  6
CONTINUOUS
 62
0
 10
2.05427042643228
 20
10.4463539123535
 30
0.0
 11
2.0124994913737
 21
10.5162499745687
 31
0.0
  0
LINE
  8
0
  6
CONTINUOUS
 62
0
 10
2.0124994913737
 20
10.5162499745687
 30
0.0
 11
1.97197977701823
 21
10.5873959859212
 31
0.0
  0
LINE
  8
0
  6
CONTINUOUS
 62
0
 10
1.97197977701823
 20
10.5873959859212
 30
0.0
 11
1.9328130086263
 21
10.6599998474121
 31
0.0
  0
LINE
  8
0
  6
CONTINUOUS
 62
0
 10
1.9328130086263
 20
10.6599998474121
 30
0.0
 11
1.89499918619792
 21
10.7342707316081
 31
0.0
  0
LINE
  8
0
  6
CONTINUOUS
 62
0
 10
1.89499918619792
 20
10.7342707316081
 30
0.0
 11
1.8586451212565
 21
10.8102086385091
 31
0.0
  0
LINE
  8
0
  6
CONTINUOUS
 62
0
 10
1.8586451212565
 20
10.8102086385091
 30
0.0
 11
1.82749938964843
 21
10.8818747202556
 31
0.0
  0
LINE
  8
0
  6
CONTINUOUS
 62
0
 10
1.82749938964843
 20
10.8818747202556
 30
0.0
 11
1.79885355631512
 21
10.9552084604899
 31
0.0
  0
LINE
  8
0
  6
CONTINUOUS
 62
0
 10
1.79885355631512
 20
10.9552084604899
 30
0.0
 11
1.7727076212565
 21
11.0301043192546
 31
0.0
  0
LINE
  8
0
  6
CONTINUOUS
 62
0
 10
1.7727076212565
 20
11.0301043192546
 30
0.0
 11
1.74895731608075
 21
11.1063543955485
 31
0.0
  0
LINE
  8
0
  6
CONTINUOUS
 62
0
 10
1.74895731608075
 20
11.1063543955485
 30
0.0
 11
1.72750091552736
 21
11.1837501525879
 31
0.0
  0
LINE
  8
0
  6
CONTINUOUS
 62
0
 10
1.72750091552736
 20
11.1837501525879
 30
0.0
 11
1.70822906494142
 21
11.2621873219808
 31
0.0
  0
LINE
  8
0
  6
CONTINUOUS
 62
0
 10
1.70822906494142
 20
11.2621873219808
 30
0.0
 11
1.69104258219402
 21
11.3414586385091
 31
0.0
  0
LINE
  8
0
  6
CONTINUOUS
 62
0
 10
1.69104258219402
 20
11.3414586385091
 30
0.0
 11
1.67593638102212
 21
11.4212500254313
 31
0.0
  0
LINE
  8
0
  6
CONTINUOUS
 62
0
 10
1.67593638102212
 20
11.4212500254313
 30
0.0
 11
1.66270701090496
 21
11.5014584859212
 31
0.0
  0
LINE
  8
0
  6
CONTINUOUS
 62
0
 10
1.66270701090496
 20
11.5014584859212
 30
0.0
 11
1.65125020345051
 21
11.5818748474121
 31
0.0
  0
LINE
  8
0
  6
CONTINUOUS
 62
0
 10
1.65125020345051
 20
11.5818748474121
 30
0.0
 11
1.64156341552736
 21
11.6621875762939
 31
0.0
  0
LINE
  8
0
  6
CONTINUOUS
 62
0
 10
1.64156341552736
 20
11.6621875762939
 30
0.0
 11
1.6335423787435
 21
11.7423960367839
 31
0.0
  0
LINE
  8
0
  6
CONTINUOUS
 62
0
 10
1.6335423787435
 20
11.7423960367839
 30
0.0
 11
1.62697855631512
 21
11.8221880594889
 31
0.0
  0
LINE
  8
0
  6
CONTINUOUS
 62
0
 10
1.62697855631512
 20
11.8221880594889
 30
0.0
 11
1.62177022298177
 21
11.9014587402344
 31
0.0
  0
LINE
  8
0
  6
CONTINUOUS
 62
0
 10
1.62177022298177
 20
11.9014587402344
 30
0.0
 11
1.61802164713544
 21
11.9798952738444
 31
0.0
  0
LINE
  8
0
  6
CONTINUOUS
 62
0
 10
1.61802164713544
 20
11.9798952738444
 30
0.0
 11
1.61541748046874
 21
12.0572916666667
 31
0.0
  0
LINE
  8
0
  6
CONTINUOUS
 62
0
 10
1.61541748046874
 20
12.0572916666667
 30
0.0
 11
1.61281331380209
 21
12.1233329772949
 31
0.0
  0
LINE
  8
0
  6
CONTINUOUS
 62
0
 10
1.61281331380209
 20
12.1233329772949
 30
0.0
 11
1.60968780517579
 21
12.1841672261556
 31
0.0
  0
LINE
  8
0
  6
CONTINUOUS
 62
0
 10
1.60968780517579
 20
12.1841672261556
 30
0.0
 11
1.60750071207681
 21
12.2406247456869
 31
0.0
  0
LINE
  8
0
  6
CONTINUOUS
 62
0
 10
1.60750071207681
 20
12.2406247456869
 30
0.0
 11
1.60791524251303
 21
12.2934379577637
 31
0.0
  0
LINE
  8
0
  6
CONTINUOUS
 62
0
 10
1.60791524251303
 20
12.2934379577637
 30
0.0
 11
1.61260477701823
 21
12.3435414632161
 31
0.0
  0
LINE
  8
0
  6
CONTINUOUS
 62
0
 10
1.61260477701823
 20
12.3435414632161
 30
0.0
 11
1.62322998046874
 21
12.3917706807454
 31
0.0
  0
LINE
  8
0
  6
CONTINUOUS
 62
0
 10
1.62322998046874
 20
12.3917706807454
 30
0.0
 11
1.64114634195965
 21
12.4388542175293
 31
0.0
  0
LINE
  8
0
  6
CONTINUOUS
 62
0
 10
1.64114634195965
 20
12.4388542175293
 30
0.0
 11
1.66822814941406
 21
12.4856249491374
 31
0.0
  0
LINE
  8
0
  6
CONTINUOUS
 62
0
 10
1.66822814941406
 20
12.4856249491374
 30
0.0
 11
1.70593770345051
 21
12.5329170227051
 31
0.0
  0
LINE
  8
0
  6
CONTINUOUS
 62
0
 10
1.70593770345051
 20
12.5329170227051
 30
0.0
 11
1.75593821207681
 21
12.5815620422363
 31
0.0
  0
LINE
  8
0
  6
CONTINUOUS
 62
0
 10
1.75593821207681
 20
12.5815620422363
 30
0.0
 11
1.83656311035158
 21
12.6421877543131
 31
0.0
  0
LINE
  8
0
  6
CONTINUOUS
 62
0
 10
1.83656311035158
 20
12.6421877543131
 30
0.0
 11
1.91645812988283
 21
12.6837501525879
 31
0.0
  0
LINE
  8
0
  6
CONTINUOUS
 62
0
 10
1.91645812988283
 20
12.6837501525879
 30
0.0
 11
1.99510447184244
 21
12.7076047261556
 31
0.0
  0
LINE
  8
0
  6
CONTINUOUS
 62
0
 10
1.99510447184244
 20
12.7076047261556
 30
0.0
 11
2.07208251953126
 21
12.7150001525879
 31
0.0
  0
LINE
  8
0
  6
CONTINUOUS
 62
0
 10
2.07208251953126
 20
12.7150001525879
 30
0.0
 11
2.14666748046874
 21
12.7072919209798
 31
0.0
  0
LINE
  8
0
  6
CONTINUOUS
 62
0
 10
2.14666748046874
 20
12.7072919209798
 30
0.0
 11
2.21854146321614
 21
12.6858329772949
 31
0.0
  0
LINE
  8
0
  6
CONTINUOUS
 62
0
 10
2.21854146321614
 20
12.6858329772949
 30
0.0
 11
2.28697967529295
 21
12.6518745422363
 31
0.0
  0
LINE
  8
0
  6
CONTINUOUS
 62
0
 10
2.28697967529295
 20
12.6518745422363
 30
0.0
 11
2.35145823160807
 21
12.6067708333333
 31
0.0
  0
LINE
  8
0
  6
CONTINUOUS
 62
0
 10
2.35145823160807
 20
12.6067708333333
 30
0.0
 11
2.41156260172528
 21
12.5517705281576
 31
0.0
  0
LINE
  8
0
  6
CONTINUOUS
 62
0
 10
2.41156260172528
 20
12.5517705281576
 30
0.0
 11
2.46677144368488
 21
12.488333384196
 31
0.0
  0
LINE
  8
0
  6
CONTINUOUS
 62
0
 10
2.46677144368488
 20
12.488333384196
 30
0.0
 11
2.51635487874351
 21
12.4177080790202
 31
0.0
  0
LINE
  8
0
  6
CONTINUOUS
 62
0
 10
2.51635487874351
 20
12.4177080790202
 30
0.0
 11
2.56000010172528
 21
12.3412501017253
 31
0.0
  0
LINE
  8
0
  6
CONTINUOUS
 62
0
 10
2.56000010172528
 20
12.3412501017253
 30
0.0
 11
2.5843734741211
 21
12.2861455281576
 31
0.0
  0
LINE
  8
0
  6
CONTINUOUS
 62
0
 10
2.5843734741211
 20
12.2861455281576
 30
0.0
 11
2.60270690917969
 21
12.2290623982747
 31
0.0
  0
LINE
  8
0
  6
CONTINUOUS
 62
0
 10
2.60270690917969
 20
12.2290623982747
 30
0.0
 11
2.61614481608075
 21
12.1704165140788
 31
0.0
  0
LINE
  8
0
  6
CONTINUOUS
 62
0
 10
2.61614481608075
 20
12.1704165140788
 30
0.0
 11
2.62562561035157
 21
12.1106249491374
 31
0.0
  0
LINE
  8
0
  6
CONTINUOUS
 62
0
 10
2.62562561035157
 20
12.1106249491374
 30
0.0
 11
2.6320826212565
 21
12.0502077738444
 31
0.0
  0
LINE
  8
0
  6
CONTINUOUS
 62
0
 10
2.6320826212565
 20
12.0502077738444
 30
0.0
 11
2.63635508219402
 21
11.9893747965495
 31
0.0
  0
LINE
  8
0
  6
CONTINUOUS
 62
0
 10
2.63635508219402
 20
11.9893747965495
 30
0.0
 11
2.63958231608075
 21
11.9287503560384
 31
0.0
  0
LINE
  8
0
  6
CONTINUOUS
 62
0
 10
2.63958231608075
 20
11.9287503560384
 30
0.0
 11
2.64260355631512
 21
11.8687502543131
 31
0.0
  0
LINE
  8
0
  6
CONTINUOUS
 62
0
 10
2.64260355631512
 20
11.8687502543131
 30
0.0
 11
2.64645894368488
 21
11.8096872965495
 31
0.0
  0
LINE
  8
0
  6
CONTINUOUS
 62
0
 10
2.64645894368488
 20
11.8096872965495
 30
0.0
 11
2.65208180745445
 21
11.752082824707
 31
0.0
  0
LINE
  8
0
  6
CONTINUOUS
 62
0
 10
2.65208180745445
 20
11.752082824707
 30
0.0
 11
2.66031138102213
 21
11.689271291097
 31
0.0
  0
LINE
  8
0
  6
CONTINUOUS
 62
0
 10
2.66031138102213
 20
11.689271291097
 30
0.0
 11
2.67051951090496
 21
11.6240622202556
 31
0.0
  0
LINE
  8
0
  6
CONTINUOUS
 62
0
 10
2.67051951090496
 20
11.6240622202556
 30
0.0
 11
2.68250020345051
 21
11.5569788614909
 31
0.0
  0
LINE
  8
0
  6
CONTINUOUS
 62
0
 10
2.68250020345051
 20
11.5569788614909
 30
0.0
 11
2.69645690917968
 21
11.4889583587646
 31
0.0
  0
LINE
  8
0
  6
CONTINUOUS
 62
0
 10
2.69645690917968
 20
11.4889583587646
 30
0.0
 11
2.71229044596354
 21
11.4206250508626
 31
0.0
  0
LINE
  8
0
  6
CONTINUOUS
 62
0
 10
2.71229044596354
 20
11.4206250508626
 30
0.0
 11
2.73010508219402
 21
11.3528124491374
 31
0.0
  0
LINE
  8
0
  6
CONTINUOUS
 62
0
 10
2.73010508219402
 20
11.3528124491374
 30
0.0
 11
2.74979146321614
 21
11.2861455281576
 31
0.0
  0
LINE
  8
0
  6
CONTINUOUS
 62
0
 10
2.74979146321614
 20
11.2861455281576
 30
0.0
 11
2.77156321207681
 21
11.2213541666667
 31
0.0
  0
LINE
  8
0
  6
CONTINUOUS
 62
0
 10
2.77156321207681
 20
11.2213541666667
 30
0.0
 11
2.79520924886067
 21
11.1592706044515
 31
0.0
  0
LINE
  8
0
  6
CONTINUOUS
 62
0
 10
2.79520924886067
 20
11.1592706044515
 30
0.0
 11
2.82083384195965
 21
11.1006247202555
 31
0.0
  0
LINE
  8
0
  6
CONTINUOUS
 62
0
 10
2.82083384195965
 20
11.1006247202555
 30
0.0
 11
2.85801951090496
 21
11.0277080535889
 31
0.0
  0
LINE
  8
0
  6
CONTINUOUS
 62
0
 10
2.85801951090496
 20
11.0277080535889
 30
0.0
 11
2.8991673787435
 21
10.9571876525879
 31
0.0
  0
LINE
  8
0
  6
CONTINUOUS
 62
0
 10
2.8991673787435
 20
10.9571876525879
 30
0.0
 11
2.9437484741211
 21
10.8885415395101
 31
0.0
  0
LINE
  8
0
  6
CONTINUOUS
 62
0
 10
2.9437484741211
 20
10.8885415395101
 30
0.0
 11
2.99104054768882
 21
10.8214581807454
 31
0.0
  0
LINE
  8
0
  6
CONTINUOUS
 62
0
 10
2.99104054768882
 20
10.8214581807454
 30
0.0
 11
3.04041544596354
 21
10.7556247711181
 31
0.0
  0
LINE
  8
0
  6
CONTINUOUS
 62
0
 10
3.04041544596354
 20
10.7556247711181
 30
0.0
 11
3.09104156494142
 21
10.6905206044515
 31
0.0
  0
LINE
  8
0
  6
CONTINUOUS
 62
0
 10
3.09104156494142
 20
10.6905206044515
 30
0.0
 11
3.14229075113933
 21
10.6259377797444
 31
0.0
  0
LINE
  8
0
  6
CONTINUOUS
 62
0
 10
3.14229075113933
 20
10.6259377797444
 30
0.0
 11
3.19364674886067
 21
10.5613543192546
 31
0.0
  0
LINE
  8
0
  6
CONTINUOUS
 62
0
 10
3.19364674886067
 20
10.5613543192546
 30
0.0
 11
3.24427032470705
 21
10.4964580535889
 31
0.0
  0
LINE
  8
0
  6
CONTINUOUS
 62
0
 10
3.24427032470705
 20
10.4964580535889
 30
0.0
 11
3.29354095458984
 21
10.4308331807454
 31
0.0
  0
LINE
  8
0
  6
CONTINUOUS
 62
0
 10
3.29354095458984
 20
10.4308331807454
 30
0.0
 11
3.34072875976563
 21
10.3641668955485
 31
0.0
  0
LINE
  8
0
  6
CONTINUOUS
 62
0
 10
3.34072875976563
 20
10.3641668955485
 30
0.0
 11
3.3852081298828
 21
10.2960414886475
 31
0.0
  0
LINE
  8
0
  6
CONTINUOUS
 62
0
 10
3.3852081298828
 20
10.2960414886475
 30
0.0
 11
3.41614532470705
 21
10.2432289123535
 31
0.0
  0
LINE
  8
0
  6
CONTINUOUS
 62
0
 10
3.41614532470705
 20
10.2432289123535
 30
0.0
 11
3.44239552815756
 21
10.1931247711181
 31
0.0
  0
LINE
  8
0
  6
CONTINUOUS
 62
0
 10
3.44239552815756
 20
10.1931247711181
 30
0.0
 11
3.46531168619791
 21
10.1452083587646
 31
0.0
  0
LINE
  8
0
  6
CONTINUOUS
 62
0
 10
3.46531168619791
 20
10.1452083587646
 30
0.0
 11
3.48645782470705
 21
10.0990626017253
 31
0.0
  0
LINE
  8
0
  6
CONTINUOUS
 62
0
 10
3.48645782470705
 20
10.0990626017253
 30
0.0
 11
3.50739542643229
 21
10.0541667938232
 31
0.0
  0
LINE
  8
0
  6
CONTINUOUS
 62
0
 10
3.50739542643229
 20
10.0541667938232
 30
0.0
 11
3.52958424886067
 21
10.0101038614909
 31
0.0
  0
LINE
  8
0
  6
CONTINUOUS
 62
0
 10
3.52958424886067
 20
10.0101038614909
 30
0.0
 11
3.55458323160807
 21
9.96625010172528
 31
0.0
  0
LINE
  8
0
  6
CONTINUOUS
 62
0
 10
3.55458323160807
 20
9.96625010172528
 30
0.0
 11
3.58375040690106
 21
9.92239570617677
 31
0.0
  0
LINE
  8
0
  6
CONTINUOUS
 62
0
 10
3.58375040690106
 20
9.92239570617677
 30
0.0
 11
3.61864471435547
 21
9.87791697184244
 31
0.0
  0
LINE
  8
0
  6
CONTINUOUS
 62
0
 10
3.61864471435547
 20
9.87791697184244
 30
0.0
 11
3.66072845458984
 21
9.83239555358886
 31
0.0
  0
LINE
  8
0
  6
CONTINUOUS
 62
0
 10
3.66072845458984
 20
9.83239555358886
 30
0.0
 11
3.70291646321614
 21
9.87791697184244
 31
0.0
  0
LINE
  8
0
  6
CONTINUOUS
 62
0
 10
3.70291646321614
 20
9.87791697184244
 30
0.0
 11
3.73781331380209
 21
9.92239570617677
 31
0.0
  0
LINE
  8
0
  6
CONTINUOUS
 62
0
 10
3.73781331380209
 20
9.92239570617677
 30
0.0
 11
3.76697794596354
 21
9.96625010172528
 31
0.0
  0
LINE
  8
0
  6
CONTINUOUS
 62
0
 10
3.76697794596354
 20
9.96625010172528
 30
0.0
 11
3.79187520345051
 21
10.0101038614909
 31
0.0
  0
LINE
  8
0
  6
CONTINUOUS
 62
0
 10
3.79187520345051
 20
10.0101038614909
 30
0.0
 11
3.8140614827474
 21
10.0541667938232
 31
0.0
  0
LINE
  8
0
  6
CONTINUOUS
 62
0
 10
3.8140614827474
 20
10.0541667938232
 30
0.0
 11
3.83499908447268
 21
10.0990626017253
 31
0.0
  0
LINE
  8
0
  6
CONTINUOUS
 62
0
 10
3.83499908447268
 20
10.0990626017253
 30
0.0
 11
3.85614522298177
 21
10.1452083587646
 31
0.0
  0
LINE
  8
0
  6
CONTINUOUS
 62
0
 10
3.85614522298177
 20
10.1452083587646
 30
0.0
 11
3.87916564941405
 21
10.1931247711181
 31
0.0
  0
LINE
  8
0
  6
CONTINUOUS
 62
0
 10
3.87916564941405
 20
10.1931247711181
 30
0.0
 11
3.90531158447268
 21
10.2432289123535
 31
0.0
  0
LINE
  8
0
  6
CONTINUOUS
 62
0
 10
3.90531158447268
 20
10.2432289123535
 30
0.0
 11
3.93624877929689
 21
10.2960414886475
 31
0.0
  0
LINE
  8
0
  6
CONTINUOUS
 62
0
 10
3.93624877929689
 20
10.2960414886475
 30
0.0
 11
3.98072814941405
 21
10.3641668955485
 31
0.0
  0
LINE
  8
0
  6
CONTINUOUS
 62
0
 10
3.98072814941405
 20
10.3641668955485
 30
0.0
 11
4.02791595458984
 21
10.4308331807454
 31
0.0
  0
LINE
  8
0
  6
CONTINUOUS
 62
0
 10
4.02791595458984
 20
10.4308331807454
 30
0.0
 11
4.07718658447268
 21
10.4964580535889
 31
0.0
  0
LINE
  8
0
  6
CONTINUOUS
 62
0
 10
4.07718658447268
 20
10.4964580535889
 30
0.0
 11
4.12781270345051
 21
10.5613543192546
 31
0.0
  0
LINE
  8
0
  6
CONTINUOUS
 62
0
 10
4.12781270345051
 20
10.5613543192546
 30
0.0
 11
4.17916615804035
 21
10.6259377797444
 31
0.0
  0
LINE
  8
0
  6
CONTINUOUS
 62
0
 10
4.17916615804035
 20
10.6259377797444
 30
0.0
 11
4.23041534423827
 21
10.6905206044515
 31
0.0
  0
LINE
  8
0
  6
CONTINUOUS
 62
0
 10
4.23041534423827
 20
10.6905206044515
 30
0.0
 11
4.28114573160807
 21
10.7556247711181
 31
0.0
  0
LINE
  8
0
  6
CONTINUOUS
 62
0
 10
4.28114573160807
 20
10.7556247711181
 30
0.0
 11
4.33041636149091
 21
10.8214581807454
 31
0.0
  0
LINE
  8
0
  6
CONTINUOUS
 62
0
 10
4.33041636149091
 20
10.8214581807454
 30
0.0
 11
4.37770843505858
 21
10.8885415395101
 31
0.0
  0
LINE
  8
0
  6
CONTINUOUS
 62
0
 10
4.37770843505858
 20
10.8885415395101
 30
0.0
 11
4.42229207356772
 21
10.9571876525879
 31
0.0
  0
LINE
  8
0
  6
CONTINUOUS
 62
0
 10
4.42229207356772
 20
10.9571876525879
 30
0.0
 11
4.46343739827473
 21
11.0277080535889
 31
0.0
  0
LINE
  8
0
  6
CONTINUOUS
 62
0
 10
4.46343739827473
 20
11.0277080535889
 30
0.0
 11
4.50062561035157
 21
11.1006247202555
 31
0.0
  0
LINE
  8
0
  6
CONTINUOUS
 62
0
 10
4.50062561035157
 20
11.1006247202555
 30
0.0
 11
4.52625020345051
 21
11.1592706044515
 31
0.0
  0
LINE
  8
0
  6
CONTINUOUS
 62
0
 10
4.52625020345051
 20
11.1592706044515
 30
0.0
 11
4.54989624023437
 21
11.2213541666667
 31
0.0
  0
LINE
  8
0
  6
CONTINUOUS
 62
0
 10
4.54989624023437
 20
11.2213541666667
 30
0.0
 11
4.57166544596354
 21
11.2861455281576
 31
0.0
  0
LINE
  8
0
  6
CONTINUOUS
 62
0
 10
4.57166544596354
 20
11.2861455281576
 30
0.0
 11
4.59135437011721
 21
11.3528124491374
 31
0.0
  0
LINE
  8
0
  6
CONTINUOUS
 62
0
 10
4.59135437011721
 20
11.3528124491374
 30
0.0
 11
4.60916646321614
 21
11.4206250508626
 31
0.0
  0
LINE
  8
0
  6
CONTINUOUS
 62
0
 10
4.60916646321614
 20
11.4206250508626
 30
0.0
 11
4.625
 21
11.4889583587646
 31
0.0
  0
LINE
  8
0
  6
CONTINUOUS
 62
0
 10
4.625
 20
11.4889583587646
 30
0.0
 11
4.63895924886067
 21
11.5569788614909
 31
0.0
  0
LINE
  8
0
  6
CONTINUOUS
 62
0
 10
4.63895924886067
 20
11.5569788614909
 30
0.0
 11
4.65093739827476
 21
11.6240622202556
 31
0.0
  0
LINE
  8
0
  6
CONTINUOUS
 62
0
 10
4.65093739827476
 20
11.6240622202556
 30
0.0
 11
4.66114552815756
 21
11.689271291097
 31
0.0
  0
LINE
  8
0
  6
CONTINUOUS
 62
0
 10
4.66114552815756
 20
11.689271291097
 30
0.0
 11
4.66937510172528
 21
11.752082824707
 31
0.0
  0
LINE
  8
0
  6
CONTINUOUS
 62
0
 10
4.66937510172528
 20
11.752082824707
 30
0.0
 11
4.6750005086263
 21
11.8096872965495
 31
0.0
  0
LINE
  8
0
  6
CONTINUOUS
 62
0
 10
4.6750005086263
 20
11.8096872965495
 30
0.0
 11
4.67885335286461
 21
11.8687502543131
 31
0.0
  0
LINE
  8
0
  6
CONTINUOUS
 62
0
 10
4.67885335286461
 20
11.8687502543131
 30
0.0
 11
4.68187459309898
 21
11.9287503560384
 31
0.0
  0
LINE
  8
0
  6
CONTINUOUS
 62
0
 10
4.68187459309898
 20
11.9287503560384
 30
0.0
 11
4.6851043701172
 21
11.9893747965495
 31
0.0
  0
LINE
  8
0
  6
CONTINUOUS
 62
0
 10
4.6851043701172
 20
11.9893747965495
 30
0.0
 11
4.68947855631512
 21
12.0502077738444
 31
0.0
  0
LINE
  8
0
  6
CONTINUOUS
 62
0
 10
4.68947855631512
 20
12.0502077738444
 30
0.0
 11
4.69583384195964
 21
12.1106249491374
 31
0.0
  0
LINE
  8
0
  6
CONTINUOUS
 62
0
 10
4.69583384195964
 20
12.1106249491374
 30
0.0
 11
4.70531209309898
 21
12.1704165140788
 31
0.0
  0
LINE
  8
0
  6
CONTINUOUS
 62
0
 10
4.70531209309898
 20
12.1704165140788
 30
0.0
 11
4.71875
 21
12.2290623982747
 31
0.0
  0
LINE
  8
0
  6
CONTINUOUS
 62
0
 10
4.71875
 20
12.2290623982747
 30
0.0
 11
4.73718770345051
 21
12.2861455281576
 31
0.0
  0
LINE
  8
0
  6
CONTINUOUS
 62
0
 10
4.73718770345051
 20
12.2861455281576
 30
0.0
 11
4.76145680745445
 21
12.3412501017253
 31
0.0
  0
LINE
  8
0
  6
CONTINUOUS
 62
0
 10
4.76145680745445
 20
12.3412501017253
 30
0.0
 11
4.80510457356772
 21
12.4177080790202
 31
0.0
  0
LINE
  8
0
  6
CONTINUOUS
 62
0
 10
4.80510457356772
 20
12.4177080790202
 30
0.0
 11
4.8546880086263
 21
12.488333384196
 31
0.0
  0
LINE
  8
0
  6
CONTINUOUS
 62
0
 10
4.8546880086263
 20
12.488333384196
 30
0.0
 11
4.90989430745445
 21
12.5517705281576
 31
0.0
  0
LINE
  8
0
  6
CONTINUOUS
 62
0
 10
4.90989430745445
 20
12.5517705281576
 30
0.0
 11
4.96999867757162
 21
12.6067708333333
 31
0.0
  0
LINE
  8
0
  6
CONTINUOUS
 62
0
 10
4.96999867757162
 20
12.6067708333333
 30
0.0
 11
5.03447977701823
 21
12.6518745422363
 31
0.0
  0
LINE
  8
0
  6
CONTINUOUS
 62
0
 10
5.03447977701823
 20
12.6518745422363
 30
0.0
 11
5.10301971435547
 21
12.6858329772949
 31
0.0
  0
LINE
  8
0
  6
CONTINUOUS
 62
0
 10
5.10301971435547
 20
12.6858329772949
 30
0.0
 11
5.17479197184244
 21
12.7072919209798
 31
0.0
  0
LINE
  8
0
  6
CONTINUOUS
 62
0
 10
5.17479197184244
 20
12.7072919209798
 30
0.0
 11
5.24937438964843
 21
12.7150001525879
 31
0.0
  0
LINE
  8
0
  6
CONTINUOUS
 62
0
 10
5.24937438964843
 20
12.7150001525879
 30
0.0
 11
5.32635370890299
 21
12.7076047261556
 31
0.0
  0
LINE
  8
0
  6
CONTINUOUS
 62
0
 10
5.32635370890299
 20
12.7076047261556
 30
0.0
 11
5.40500005086264
 21
12.6837501525879
 31
0.0
  0
LINE
  8
0
  6
CONTINUOUS
 62
0
 10
5.40500005086264
 20
12.6837501525879
 30
0.0
 11
5.4848950703939
 21
12.6421877543131
 31
0.0
  0
LINE
  8
0
  6
CONTINUOUS
 62
0
 10
5.4848950703939
 20
12.6421877543131
 30
0.0
 11
5.56551996866862
 21
12.5815620422363
 31
0.0
  0
LINE
  8
0
  6
CONTINUOUS
 62
0
 10
5.56551996866862
 20
12.5815620422363
 30
0.0
 11
5.61552047729492
 21
12.5329170227051
 31
0.0
  0
LINE
  8
0
  6
CONTINUOUS
 62
0
 10
5.61552047729492
 20
12.5329170227051
 30
0.0
 11
5.65322875976563
 21
12.4856249491374
 31
0.0
  0
LINE
  8
0
  6
CONTINUOUS
 62
0
 10
5.65322875976563
 20
12.4856249491374
 30
0.0
 11
5.68031183878583
 21
12.4388542175293
 31
0.0
  0
LINE
  8
0
  6
CONTINUOUS
 62
0
 10
5.68031183878583
 20
12.4388542175293
 30
0.0
 11
5.69822947184244
 21
12.3917706807454
 31
0.0
  0
LINE
  8
0
  6
CONTINUOUS
 62
0
 10
5.69822947184244
 20
12.3917706807454
 30
0.0
 11
5.70885340372721
 21
12.3435414632161
 31
0.0
  0
LINE
  8
0
  6
CONTINUOUS
 62
0
 10
5.70885340372721
 20
12.3435414632161
 30
0.0
 11
5.71354166666665
 21
12.2934379577637
 31
0.0
  0
LINE
  8
0
  6
CONTINUOUS
 62
0
 10
5.71354166666665
 20
12.2934379577637
 30
0.0
 11
5.71395746866862
 21
12.2406247456869
 31
0.0
  0
LINE
  8
0
  6
CONTINUOUS
 62
0
 10
5.71395746866862
 20
12.2406247456869
 30
0.0
 11
5.71177037556965
 21
12.1841672261556
 31
0.0
  0
LINE
  8
0
  6
CONTINUOUS
 62
0
 10
5.71177037556965
 20
12.1841672261556
 30
0.0
 11
5.70864613850914
 21
12.1233329772949
 31
0.0
  0
LINE
  8
0
  6
CONTINUOUS
 62
0
 10
5.70864613850914
 20
12.1233329772949
 30
0.0
 11
5.70604197184244
 21
12.0572916666667
 31
0.0
  0
LINE
  8
0
  6
CONTINUOUS
 62
0
 10
5.70604197184244
 20
12.0572916666667
 30
0.0
 11
5.70343780517579
 21
11.9798952738444
 31
0.0
  0
LINE
  8
0
  6
CONTINUOUS
 62
0
 10
5.70343780517579
 20
11.9798952738444
 30
0.0
 11
5.69968668619791
 21
11.9014587402344
 31
0.0
  0
LINE
  8
0
  6
CONTINUOUS
 62
0
 10
5.69968668619791
 20
11.9014587402344
 30
0.0
 11
5.6945826212565
 21
11.8221880594889
 31
0.0
  0
LINE
  8
0
  6
CONTINUOUS
 62
0
 10
5.6945826212565
 20
11.8221880594889
 30
0.0
 11
5.6880200703939
 21
11.7423960367839
 31
0.0
  0
LINE
  8
0
  6
CONTINUOUS
 62
0
 10
5.6880200703939
 20
11.7423960367839
 30
0.0
 11
5.67989603678386
 21
11.6621875762939
 31
0.0
  0
LINE
  8
0
  6
CONTINUOUS
 62
0
 10
5.67989603678386
 20
11.6621875762939
 30
0.0
 11
5.67020797729492
 21
11.5818748474121
 31
0.0
  0
LINE
  8
0
  6
CONTINUOUS
 62
0
 10
5.67020797729492
 20
11.5818748474121
 30
0.0
 11
5.65874989827477
 21
11.5014584859212
 31
0.0
  0
LINE
  8
0
  6
CONTINUOUS
 62
0
 10
5.65874989827477
 20
11.5014584859212
 30
0.0
 11
5.64552052815756
 21
11.4212500254313
 31
0.0
  0
LINE
  8
0
  6
CONTINUOUS
 62
0
 10
5.64552052815756
 20
11.4212500254313
 30
0.0
 11
5.63041687011721
 21
11.3414586385091
 31
0.0
  0
LINE
  8
0
  6
CONTINUOUS
 62
0
 10
5.63041687011721
 20
11.3414586385091
 30
0.0
 11
5.61322911580405
 21
11.2621873219808
 31
0.0
  0
LINE
  8
0
  6
CONTINUOUS
 62
0
 10
5.61322911580405
 20
11.2621873219808
 30
0.0
 11
5.59395853678386
 21
11.1837501525879
 31
0.0
  0
LINE
  8
0
  6
CONTINUOUS
 62
0
 10
5.59395853678386
 20
11.1837501525879
 30
0.0
 11
5.57249959309897
 21
11.1063543955485
 31
0.0
  0
LINE
  8
0
  6
CONTINUOUS
 62
0
 10
5.57249959309897
 20
11.1063543955485
 30
0.0
 11
5.54874928792319
 21
11.0301043192546
 31
0.0
  0
LINE
  8
0
  6
CONTINUOUS
 62
0
 10
5.54874928792319
 20
11.0301043192546
 30
0.0
 11
5.52260335286457
 21
10.9552084604899
 31
0.0
  0
LINE
  8
0
  6
CONTINUOUS
 62
0
 10
5.52260335286457
 20
10.9552084604899
 30
0.0
 11
5.49395751953126
 21
10.8818747202556
 31
0.0
  0
LINE
  8
0
  6
CONTINUOUS
 62
0
 10
5.49395751953126
 20
10.8818747202556
 30
0.0
 11
5.46281178792319
 21
10.8102086385091
 31
0.0
  0
LINE
  8
0
  6
CONTINUOUS
 62
0
 10
5.46281178792319
 20
10.8102086385091
 30
0.0
 11
5.42593765258788
 21
10.7331250508626
 31
0.0
  0
LINE
  8
0
  6
CONTINUOUS
 62
0
 10
5.42593765258788
 20
10.7331250508626
 30
0.0
 11
5.38760375976563
 21
10.6578127543132
 31
0.0
  0
LINE
  8
0
  6
CONTINUOUS
 62
0
 10
5.38760375976563
 20
10.6578127543132
 30
0.0
 11
5.34770838419599
 21
10.5842711130778
 31
0.0
  0
LINE
  8
0
  6
CONTINUOUS
 62
0
 10
5.34770838419599
 20
10.5842711130778
 30
0.0
 11
5.30645751953126
 21
10.5120830535889
 31
0.0
  0
LINE
  8
0
  6
CONTINUOUS
 62
0
 10
5.30645751953126
 20
10.5120830535889
 30
0.0
 11
5.2640609741211
 21
10.4411455790202
 31
0.0
  0
LINE
  8
0
  6
CONTINUOUS
 62
0
 10
5.2640609741211
 20
10.4411455790202
 30
0.0
 11
5.22041575113933
 21
10.3713544209798
 31
0.0
  0
LINE
  8
0
  6
CONTINUOUS
 62
0
 10
5.22041575113933
 20
10.3713544209798
 30
0.0
 11
5.17572784423827
 21
10.3022918701172
 31
0.0
  0
LINE
  8
0
  6
CONTINUOUS
 62
0
 10
5.17572784423827
 20
10.3022918701172
 30
0.0
 11
5.13020833333335
 21
10.2338542938232
 31
0.0
  0
LINE
  8
0
  6
CONTINUOUS
 62
0
 10
5.13020833333335
 20
10.2338542938232
 30
0.0
 11
5.08375040690107
 21
10.1659374237061
 31
0.0
  0
LINE
  8
0
  6
CONTINUOUS
 62
0
 10
5.08375040690107
 20
10.1659374237061
 30
0.0
 11
5.0366668701172
 21
10.0981248219808
 31
0.0
  0
LINE
  8
0
  6
CONTINUOUS
 62
0
 10
5.0366668701172
 20
10.0981248219808
 30
0.0
 11
5.05177052815756
 21
10.0918750762939
 31
0.0
  0
LINE
  8
0
  6
CONTINUOUS
 62
0
 10
5.05177052815756
 20
10.0918750762939
 30
0.0
 11
5.06656138102213
 21
10.0851039886475
 31
0.0
  0
LINE
  8
0
  6
CONTINUOUS
 62
0
 10
5.06656138102213
 20
10.0851039886475
 30
0.0
 11
5.08114624023437
 21
10.0776042938232
 31
0.0
  0
LINE
  8
0
  6
CONTINUOUS
 62
0
 10
5.08114624023437
 20
10.0776042938232
 30
0.0
 11
5.0953114827474
 21
10.0695832570394
 31
0.0
  0
LINE
  8
0
  6
CONTINUOUS
 62
0
 10
5.0953114827474
 20
10.0695832570394
 30
0.0
 11
5.10927073160807
 21
10.0609372456868
 31
0.0
  0
LINE
  8
0
  6
CONTINUOUS
 62
0
 10
5.10927073160807
 20
10.0609372456868
 30
0.0
 11
5.12270863850914
 21
10.0516668955485
 31
0.0
  0
LINE
  8
0
  6
CONTINUOUS
 62
0
 10
5.12270863850914
 20
10.0516668955485
 30
0.0
 11
5.13583374023437
 21
10.0419794718424
 31
0.0
  0
LINE
  8
0
  6
CONTINUOUS
 62
0
 10
5.13583374023437
 20
10.0419794718424
 30
0.0
 11
5.14854176839193
 21
10.0316664377848
 31
0.0
  0
LINE
  8
0
  6
CONTINUOUS
 62
0
 10
5.14854176839193
 20
10.0316664377848
 30
0.0
 11
5.16083272298177
 21
10.0208333333333
 31
0.0
  0
LINE
  8
0
  6
CONTINUOUS
 62
0
 10
5.16083272298177
 20
10.0208333333333
 30
0.0
 11
5.17260487874351
 21
10.0094788869222
 31
0.0
  0
LINE
  8
0
  6
CONTINUOUS
 62
0
 10
5.17260487874351
 20
10.0094788869222
 30
0.0
 11
5.17541758219402
 21
10.0066668192546
 31
0.0
  0
LINE
  8
0
  6
CONTINUOUS
 62
0
 10
5.17541758219402
 20
10.0066668192546
 30
0.0
 11
5.17822774251303
 21
10.003958384196
 31
0.0
  0
LINE
  8
0
  6
CONTINUOUS
 62
0
 10
5.17822774251303
 20
10.003958384196
 30
0.0
 11
5.18093617757162
 21
10.0011456807454
 31
0.0
  0
LINE
  8
0
  6
CONTINUOUS
 62
0
 10
5.18093617757162
 20
10.0011456807454
 30
0.0
 11
5.18374888102213
 21
9.9983336130778
 31
0.0
  0
LINE
  8
0
  6
CONTINUOUS
 62
0
 10
5.18374888102213
 20
9.9983336130778
 30
0.0
 11
5.18656158447268
 21
9.99562517801921
 31
0.0
  0
LINE
  8
0
  6
CONTINUOUS
 62
0
 10
5.18656158447268
 20
9.99562517801921
 30
0.0
 11
5.18927001953126
 21
9.9928124745687
 31
0.0
  0
LINE
  8
0
  6
CONTINUOUS
 62
0
 10
5.18927001953126
 20
9.9928124745687
 30
0.0
 11
5.19208272298177
 21
9.98999977111815
 31
0.0
  0
LINE
  8
0
  6
CONTINUOUS
 62
0
 10
5.19208272298177
 20
9.98999977111815
 30
0.0
 11
5.19489542643228
 21
9.98718770345051
 31
0.0
  0
LINE
  8
0
  6
CONTINUOUS
 62
0
 10
5.19489542643228
 20
9.98718770345051
 30
0.0
 11
5.19770812988283
 21
9.98447926839193
 31
0.0
  0
ARC
  8
0
  6
CONTINUOUS
 62
0
 10
13.0526191743218
 20
12.0117833376181
 30
0.0
 40
0.288402233371694
 50
76.3062958367877
 51
84.2819723163465
  0
ARC
  8
0
  6
CONTINUOUS
 62
0
 10
13.0605519240748
 20
12.0448568473462
 30
0.0
 40
0.254390927152794
 50
67.5989990124328
 51
76.2778730560051
  0
ARC
  8
0
  6
CONTINUOUS
 62
0
 10
13.0646966151792
 20
12.0554856546143
 30
0.0
 40
0.242984788190299
 50
58.634242501017
 51
67.5465649414253
  0
ARC
  8
0
  6
CONTINUOUS
 62
0
 10
13.0567549758939
 20
12.0429795208086
 30
0.0
 40
0.257797067435915
 50
50.1376412815983
 51
58.5730339115882
  0
ARC
  8
0
  6
CONTINUOUS
 62
0
 10
13.0238088047605
 20
12.0039406570717
 30
0.0
 40
0.308879593128583
 50
42.8792907446557
 51
50.0873571774092
  0
ARC
  8
0
  6
CONTINUOUS
 62
0
 10
12.938918887863
 20
11.9253422009855
 30
0.0
 40
0.424568821777038
 50
37.4366567804331
 51
42.85611565039
  0
ARC
  8
0
  6
CONTINUOUS
 62
0
 10
12.7337814066572
 20
11.7681506070248
 30
0.0
 40
0.683007560096947
 50
33.9732328608958
 51
37.4459115296628
  0
ARC
  8
0
  6
CONTINUOUS
 62
0
 10
12.1239865450892
 20
11.3566228903106
 30
0.0
 40
1.41867373335087
 50
32.289855096376
 51
33.9941724440163
  0
ARC
  8
0
  6
CONTINUOUS
 62
0
 10
5.74139920371326
 20
7.31843579808806
 30
0.0
 40
8.97144631084666
 50
32.0453259097166
 51
32.3160903632418
  0
ARC
  8
0
  6
CONTINUOUS
 62
0
 10
16.3699780727654
 20
13.9742530778326
 30
0.0
 40
3.56915195955928
 50
212.081413398469
 51
212.75607877797
  0
ARC
  8
0
  6
CONTINUOUS
 62
0
 10
15.5434273287113
 20
13.4451526408696
 30
0.0
 40
2.58776192285637
 50
212.806051881912
 51
213.720322606088
  0
ARC
  8
0
  6
CONTINUOUS
 62
0
 10
18.1019225343981
 20
15.1576973048974
 30
0.0
 40
5.66651155458173
 50
213.761817874556
 51
214.170825659834
  0
ARC
  8
0
  6
CONTINUOUS
 62
0
 10
10.4487946572818
 20
9.96026309956526
 30
0.0
 40
3.58463394870784
 50
33.5636803516475
 51
34.1981173623078
  0
ARC
  8
0
  6
CONTINUOUS
 62
0
 10
12.4759192519488
 20
11.3050451193906
 30
0.0
 40
1.15200722696282
 50
31.6239112780646
 51
33.5711475436148
  0
ARC
  8
0
  6
CONTINUOUS
 62
0
 10
12.862068961293
 20
11.5430628326775
 30
0.0
 40
0.698395090936725
 50
28.4128355485211
 51
31.6072011788261
  0
ARC
  8
0
  6
CONTINUOUS
 62
0
 10
12.9884495851934
 20
11.6118210243338
 30
0.0
 40
0.554521516370891
 50
24.3345386066428
 51
28.3771857895385
  0
ARC
  8
0
  6
CONTINUOUS
 62
0
 10
13.0222400326301
 20
11.6274004546378
 30
0.0
 40
0.517313532752255
 50
19.9038264518378
 51
24.3040366820978
  0
ARC
  8
0
  6
CONTINUOUS
 62
0
 10
13.0098005344407
 20
11.6230950288015
 30
0.0
 40
0.530475745857213
 50
15.4864946909336
 51
19.8832286796873
  0
ARC
  8
0
  6
CONTINUOUS
 62
0
 10
12.9662420492262
 20
11.6111302531654
 30
0.0
 40
0.575647511965472
 50
11.2960969794328
 51
15.4761074349212
  0
ARC
  8
0
  6
CONTINUOUS
 62
0
 10
12.900498390382
 20
11.5980218869615
 30
0.0
 40
0.642685246343748
 50
7.41302946607589
 51
11.2936304624284
  0
ENDSEC
  0
EOF
